,Mean0,Mean1,Mean2,Mean3
*,-1.2027915897174268,,,
A,0.07677036358548572,,-0.013069232776723005,0.24900833806443412
C,0.4619321058053012,,,0.05455504162707925
D,0.13950289904993562,,,-0.21958188844744342
E,0.36632827233156395,,,
F,0.6516619058587583,,,
G,0.07805688595580518,,,-0.036150656848631835
H,0.411385005813536,,,
I,-0.5081326479402046,,,
K,0.166978197727647,,,
L,0.0996634914761075,,,
M,-0.01577451240435135,,,
N,0.2600581936287709,,,
P,-0.5430777938486681,0.16965872635812485,0.5293379662630224,
Q,-0.12427683903926812,,,
R,0.27135176624263924,,,0.3286823234335152
S,0.36578127503767455,,0.14068044881372974,-0.48246556400254903
T,0.028774118650770286,,0.014965159740540024,
V,-0.10876053711865565,,,-0.3505565617643249
W,0.8207102575932206,,,
Y,0.7523362048205919,,-0.03549156729585601,
