Translation,mean
Q*A,"[-3.3742514657509934, -5.464154536282217]"
QCA,"[-1.1258271116601444, -1.8525673918961036, -0.7843915801762034, 0.0, -0.860950311031389]"
QDA,"[-0.8759632644848914, -4.342322898320072, -3.9506045371767358]"
QEA,"[-3.4102996921360784, -3.5938776859596735]"
QFA,"[-3.2037200950774007, -2.640618522826495, -2.209202305005972]"
QGA,"[-6.297062425892328, -6.786188551550985, -6.502564629351868, -5.852676202306105, -6.255078450934833, -6.362698346563104, -5.340129582732331]"
QHA,[-2.982446965559012]
QIA,[-0.06910969508808407]
QKA,"[-4.326480123184669, -6.013655584801738, -5.392086572121416]"
QLA,[-2.0557931151290614]
QMA,"[-1.411250091234777, -2.075143430772223]"
QPA,[-0.6326314460651457]
QQA,[-3.1209788484129213]
QRA,"[-6.772024194643466, -6.109321614193496, -4.771328704925022, -5.144224834980394, -5.94196566404769, -4.535712315681334, -5.616759491297325, -5.623213579664222]"
QSA,"[0.24688682805112983, -2.353025330322768, -2.0153902826702685]"
QTA,[-0.8686123477027081]
QVA,[-2.805123970525413]
QWA,"[-5.344864539197188, -4.748048891583888, -5.8044099116648455, -5.76666827475737]"
QYA,[-2.4683000491774694]
