Translation,mean
I*G,[0.1495316350351814]
IEG,[0.08723413787362233]
IKG,"[-0.047315604120502286, 0.0]"
IMG,[0.08358775007446173]
ING,[-0.4127635893095283]
IRG,"[-1.5871211683128523, -0.6337980788972466]"
ISG,[-1.299991102441938]
