Translation,mean
YDG,[-0.23074502562415056]
YIG,[-0.577221198338747]
YNG,"[0.0, -1.142521907771508]"
YSG,[0.1303642680755086]
YYG,[-0.5493700098045871]
