Translation,mean
A*T,"[-2.4674783024579536, -3.9702839812925124, -2.751941305311213]"
AAT,"[-3.814415528866096, -2.0581566396144577, -3.3880719086603683, -3.2042399175258747, -2.4893452360520802, -2.858856775253715, -0.40942849918147495]"
ACT,"[-2.6432782620379864, -3.2588647508737054, -2.875298867816353]"
ADT,"[-1.8042066058583792, -2.2900458233340935, -1.378519421286927, -1.9282102068499025]"
AET,"[-3.790659054319013, -2.0664831069018064, -2.391903230291618]"
AFT,"[-3.12877467577405, -2.9089279386348874]"
AGT,"[0.0, -0.8731130400547809, 0.39797144856452515, -1.1329426914691654, -1.1143853452256245, -1.8325821560188427, 0.4811455611425153, -0.9298004061202052, 2.002575600369216]"
AHT,"[-3.9254029520999225, -4.371077629895218, -3.5325769710499095]"
AIT,"[-3.089263703198869, -3.2082299066986835, -2.9530150053241897]"
AKT,[-2.786135589718514]
ALT,"[-1.5234006872115575, -2.3144938422312524, -1.2924378977367237, -1.248418996814383, -2.857376378541101, 0.054830996625362616, -2.980490154189569, -1.4401451021536396, -3.0246698734028676, -1.3838730739498555]"
AMT,"[-2.9961862624511024, -3.3369038060323692]"
ANT,"[-0.9691213401103713, -0.5538185890304455, -1.6621590569043008]"
APT,"[-1.5275215539206624, -0.5800434004179582, -0.8822924668291776]"
AQT,"[-2.199969573393945, -2.740897648494542, -3.8506033902581116]"
ART,"[-3.0544933440619344, -1.5601121539417546, -3.5503450842088746, -1.6731472756639896, -1.022098567315477, -2.1577196662294114, -1.1020179074961867, 0.05737426803816348, -1.5306029891058763, -2.7358241870947513]"
AST,"[-4.701674163778716, -2.612317106416988, -3.956839248256542, -2.788218322697272, -1.6879209487297526, -4.2015077304433746, -1.4118417866658577, -1.1779470205713416]"
ATT,"[-1.2486710935333702, -1.8944050711720912, -0.8862017670804558, -2.154815384595672, -1.251716013438438]"
AVT,"[-3.020703710323863, -3.839421655102756, -3.1425848676886226, -2.550916561752844, -2.076985373420433, -2.9214393639485525, -1.367913459904905]"
AWT,"[-2.729500275206184, -1.827625904483714, -1.9432006810421791, -1.5694840983532945]"
AYT,"[-1.513146164265029, -1.434689697633324]"
