Translation,mean
T*S,"[-2.554990329991316, -4.123741609966364, -4.530545869113759, -4.038953620185774]"
TAS,"[-1.3243063512049993, 0.9499871904517327, -0.9339170510863468, -0.8315935304966828, -1.3177542180595871, -0.40718080972109494, -2.191311103861308, -1.2293340568504947]"
TCS,"[1.1645347175149574, 0.819985753822527, -1.2340523293377172]"
TDS,"[-2.612950717307747, -1.8045004872742183, -2.802639158271542, -2.179697088020464]"
TES,"[-1.6280734173893938, -2.061592857107555, -2.9090111808825423, -2.3234459271222194]"
TFS,"[-0.5218202145883444, -0.004931905447556062, -0.30027502558551333, -2.144354023504457, 0.0, -0.43830978980497726, -1.8011297962937967, -1.1667827272270044]"
TGS,"[-1.471432659660815, -2.5727660947067337, -2.2905825297524585, -3.0230142155680415, -1.8465992355761793, -1.344684293132369, -2.1802772353598776, -3.380926170088999]"
THS,"[-1.6813007077617659, -0.5927911477049008, -1.188230183413264, -1.6711098234344082]"
TIS,"[-1.1657300201712264, -0.2574929988551915, -0.7111550489683767]"
TKS,"[-0.3747805852407762, -1.0808302194546506, -0.2893389707765479]"
TLS,"[0.8207017315250074, -0.6527240722868406, 1.0124608209183918, -0.061883860833937376, -0.6738699919801263, 0.2614863880260767, 0.7079974707181993, 1.002547920782841]"
TNS,"[-3.187931528406568, -3.5346068843077316, -2.687736914572163]"
TPS,"[-1.9374686144365683, -1.157126040325421, -0.9377563492698879, -1.5780455602001835, -1.5058853746664198, -3.031385162019756]"
TQS,"[-1.2022634781347996, -0.21661295142976122, -0.9869357488725434, -0.2475775299901084]"
TRS,"[-0.6433261694086969, -2.801931640317359, -3.4578478581536105, -2.516053298257849, -1.6104121771612574, -2.359582026946228, -3.189193776439949, -3.1305581287203967, -1.6837345397488663, -3.0244533333192347, -2.492260356389415]"
TSS,"[-4.424818064656891, -3.7839195445305975, -4.567188672231704, -3.771601550576267, -2.8531819061694055, -3.349293749676047, -3.2993037335266253, -2.9393072302325347, -3.2437176202105267, -3.7908284743852008, -3.2696089575991323]"
TTS,"[-0.9403511876819461, -1.2981131850795986, -0.3254787048447847, -0.14321602696279356, -1.094291565365908, -0.8002706185393453]"
TVS,"[0.3514245136196852, 0.46267940468272784, 1.0739612038588255, -0.8997855564797117, -0.6596119282720636, 0.6896120527126826, 0.7165412653027872, -0.5375527851383817]"
TWS,"[-4.579421093742555, -4.421020229099353, -4.109894414560859, -4.146649568501418]"
TYS,"[-1.50317073324846, -1.9843304843343965, -2.675667600458147, -1.9872095077387497]"
