Translation,mean
D*W,"[-5.401073485515576, -5.756931923013935]"
DAW,"[1.2046129895810989, -0.7641543992259034, -0.8173094426163185]"
DCW,"[0.44429080285384437, 0.7097661810157376]"
DDW,"[-1.3090131054043255, -1.1325981572809072]"
DEW,"[-0.35465950481085784, -0.017876992061504282]"
DFW,"[-0.4572466251636751, 0.5585996434640439]"
DGW,"[-0.7578839138408604, 0.48450573791756923, -0.5756360378465111, -0.4170115997449342]"
DIW,"[0.0907040646429671, 0.12440912401128301]"
DKW,"[-1.4599333917723474, -0.5092101135198721]"
DLW,"[0.9083844823612601, -1.6514010757496287, 0.14339114141975173, -0.5029529590604174, -2.010096191907884]"
DMW,"[-0.9717645423208401, -0.3858192200549322]"
DNW,[-0.17636585442598296]
DPW,"[0.7745733271231305, 0.16683890009179514]"
DQW,"[-1.0464565318315504, -0.1255656190153669]"
DRW,"[0.0, -0.4954079820374693, -1.282366521162018, 1.0431576071925601, -1.0326303769645335]"
DSW,"[-1.3291339132257676, 0.7380399460712859, -0.8131826590451219, 0.2519074720095542, 0.7577462099175598, 0.2161879940621132]"
DTW,"[-0.7444061774690471, -0.6770594382495361]"
DVW,"[-1.2420327720749782, 0.24650665792406024, -0.8181347107656123]"
DWW,"[-0.3639603782849461, -1.289145988749337]"
DYW,"[0.6309890676316208, -0.5381222049368848]"
