Translation,mean
G*A,"[-0.14055426932808146, 1.3668880213656536, -0.033092688637912815, -1.0436177868251235]"
GAA,"[0.8386871705051213, 0.35789100965978804, 2.590778073700534, 1.5504946621456135, 0.8774654982616159, -0.3767292150959314]"
GCA,"[1.8934529739360126, 0.6645302225207956, 0.06393635131324338]"
GDA,"[-0.7218222864914949, 0.22645631866429028, -0.0734625315372579]"
GEA,"[-0.29139959444128394, -1.5363738530627842, 0.09359851271664432, -0.06265577658067478]"
GFA,"[0.14377023584017135, -0.11393477822580866, 0.22632810607440845]"
GGA,"[-0.26862511191200067, 0.8542278402211725, -0.15677623938154372, -0.19291214510615795, 0.0507199026805214, 0.3117158908613442, 0.4161987515479195, -0.27527488449715687]"
GIA,"[0.05960220233612201, 0.39745197525237597]"
GKA,"[1.5267431641903801, -0.6659019137520144, 0.38815099000489006]"
GLA,"[0.435054434498527, 0.9930611684129182, 1.1797240883401887, 0.2696662136529877, 0.5647889974651221, 0.6494828722393162, -0.34260698310074567]"
GMA,"[-0.7678084917656758, -1.1111013835411114, -0.41653202467066563]"
GNA,"[1.2157378366305718, 0.37897776591809684]"
GPA,[-0.3047918506333911]
GRA,"[0.23354336283485644, -0.6295923500507019, -0.9534714081590439, 0.4069869497276555, 0.2618535367401753, 0.5704910595555486, 0.9804611316332839, 1.2445829997844235, -1.2369358831014647]"
GSA,"[0.10024659347822507, 0.19709648616499997, -0.07317919373572579, 0.09804950588491401, 0.10382674548413373, 0.06059624592999313, 0.0, -0.2725568839343717, -0.2912955688255545, 0.5669705215715268, -0.0947913190431926, -0.18409834591724294]"
GTA,"[0.8707483797374209, 0.9383970720667403, -0.5415849106130466, 0.23710995593306805, 0.5730894917893465, -0.019840403541996565, 0.26334447245458037]"
GVA,"[1.309860013995122, 0.5117410008511349, -0.28684371157873834, -0.30802740421347785, 0.30946065347394835, -0.2714138428297943]"
GWA,"[-0.11359893957137857, 0.7077710823144319, 0.5933350422318799, -0.7979837030325259]"
GYA,"[1.1797240883401887, -0.47306921432131155]"
