Translation,mean
C*T,"[-2.924929103446492, -2.2497889575831547, -2.250070684127466, -2.548583480386915]"
CAT,"[1.115062203535512, 0.03682079698458729, 1.6655727829904396, -1.0338011710649928, -0.08990385270531398, 1.0906317101514382, 2.0703343265694816]"
CCT,"[-0.6813402287447321, 0.378015070526855, -0.6682122382054221, 0.09321483794296359]"
CDT,"[-0.715870906992004, -1.2577501388497412, 0.7515949750301809, 1.2291931134707204]"
CET,"[-0.42860091475209217, -0.4486488312749328, 0.8830609857069813]"
CFT,"[-0.3824975069792389, -0.9816031272041643, 0.21162023645849715, -0.055143493437713076]"
CGT,"[-0.23831211472658076, -0.249165735375124, 0.9686223353660965, 0.7858384850090756, -0.8512445142634988, 0.0, -1.636569890068475, -0.04979838024163019, -1.5110640052975906]"
CHT,"[-0.11218463820394753, -1.5018360658087175]"
CIT,"[-0.15762412358469913, -1.2014911794379746, -0.5289386100718136]"
CKT,"[0.14184674722017387, 1.2447237913969573]"
CLT,"[2.3517624615558432, 1.9238004328973943, 0.5445229971164185, -0.24973582209729805, -0.9374053709825798, 1.0922537426428072, -2.3467289847957282, -0.01597175682930896, -1.8977571378034686]"
CMT,[-0.008120115834612918]
CNT,"[0.6564612598719197, -0.4906045049834926]"
CPT,"[0.6215860330522762, -0.2988723294294502, 0.4612345635359638]"
CQT,[-0.8002406318892064]
CRT,"[-0.4055166412193394, -2.1535859633857655, -0.5264017841727471, -0.3885309397928651, 1.6255232739826955, -0.7127777906388673, 0.930942609682992, -0.7928169054213976, -0.8708213113348204, -0.08256420882281112, -4.061269994948036]"
CST,"[-0.7823367146873537, -1.3249470201953164, -0.923202154360931, -1.8994804789106157, 2.1066499637193115, -0.25160987654996525, 1.0731788715456503]"
CTT,"[1.232180845803171, -0.5127702279310906, 0.7674475855845362]"
CVT,"[1.0489062907018383, -0.8394112291698832, 0.6912642692743267, -0.7967198691114321, -0.08513784917236755, -2.943693421970327, 0.8664151299175291, 0.9467571256786718]"
CWT,"[0.8024911209469145, -0.7147225607031498, 0.6076840562672459, 0.026786207981763788]"
CYT,"[-0.7285391665350183, 1.1059578576657945, -1.6166564678105768]"
