Translation,mean
F*N,"[-4.000895234947331, -5.941872387609449, -3.003296314820348, -5.195061264775694]"
FAN,"[0.5379391423290514, -0.8898821588182866, -0.7917694687112764, -0.4213008444135191, -0.16005092748638194, 0.8663837930333536, -0.32643768966272724]"
FCN,"[-0.5816223329122412, 0.3750168425342366]"
FDN,"[0.0464976621561588, -0.7621753215130491]"
FEN,[0.29109101784645297]
FFN,"[0.03125432351636448, -0.9114868109046173, -0.7998109980615897]"
FGN,"[-0.540723473265782, -0.06403539795185065, -0.41383473557344264, -1.0296757972683448, -1.2428877050708707]"
FHN,[1.6824045771321696]
FIN,"[0.17295548635060243, -0.09919799390352324, 0.26434562368517955]"
FKN,"[0.03365562129776123, -1.88135905885391, -0.27206627084656887]"
FLN,"[0.0, -1.9937184909575896, 0.4352219308374483, -0.6067284043731478, -0.42913192480595086, -0.539418682699548, 0.02842465337850264]"
FMN,"[-1.882437440646406, -1.4229905684220654]"
FNN,"[-0.4704597411166205, -0.10177653800529995, -0.941551322239647]"
FPN,"[-1.0499318460983051, -0.0012385377416173071, -0.6226521868322301, -2.529689145588881, -0.7129576901916117]"
FQN,"[0.27931362935020765, 0.5398411795734255]"
FRN,"[0.5175468751114778, -1.117392294436863, 0.5928699208528956, 0.15679328623305366, -0.9275776984460542, 0.7110165822933219, 0.11913951871030903]"
FSN,"[-2.0969481041457536, 0.1631206118456845, -0.39225920890933175, 0.03564454838334363, 0.3427087106387159, 0.22927294685061206, -0.9837207764835867]"
FTN,"[-1.0038986584212175, 0.06297245896445425]"
FVN,"[0.4667024181447612, -0.6737653232623018, -0.24675518231738103, 2.115819710609115, -2.0899964950110768]"
FWN,"[-0.6951907165226716, -1.3218330410334769, 0.09795247685508901]"
FYN,"[0.15960645304734644, -0.6421638748472933, -1.735205281353358]"
