Translation,mean
VAM,"[0.10721142087489888, 0.0, -0.22437377561952943]"
VDM,[-1.1321893829920837]
VSM,[-0.9602873479465845]
