Translation,mean
V*A,"[-3.3507611142961107, -4.296490272771672, -3.109604763158071]"
VAA,"[0.1318458419229911, 0.5676345261131344, -1.3764227742858814, 0.21967377548828804, 1.3096680538542689, -1.4428940662995497]"
VCA,"[-1.3513058947752281, -0.49251139198035254]"
VDA,"[-2.824745385413326, -1.712621589128286, -3.8816130697358346, -2.5917922939402835]"
VEA,"[-3.752329313208528, -2.382247266549804, -3.3542364394853017, -3.4164219560292155]"
VFA,"[0.791251998869285, -0.5514069095905851]"
VGA,"[-3.5966831062762603, -3.0428655858589173, -3.1740052322876773, -2.9562696819316527, -2.7064149340015256, -3.0964501218325378, -2.7525816212419936, -3.7381998047464786]"
VHA,"[-2.5854290382642926, -3.2169877523916126, -2.3323815725072565]"
VIA,[0.42258626838933644]
VKA,"[-3.7049232448408276, -3.630769015093187, -2.5921398761867254, -4.175055476209414]"
VLA,"[0.48980137773519594, -0.21202114886080548, -0.33122322815961613, -0.5690889255213154, -0.30243047277131296, 0.7080320890742415, 0.0, -1.5706940022790716, -0.43859639085663193]"
VMA,"[-0.3923818377781423, 0.7974766194099132, 0.18395596646633017]"
VNA,"[-2.2952791328129987, -1.6928014031339966, -2.881078641212384, -3.8419259693387797]"
VPA,"[-3.0120583344349328, -2.3945268752329865, -2.9590563324624473, -3.840513300056875]"
VQA,"[-2.599374539165728, -2.480191120344484, -1.7798720947925517, -0.8829585588974211]"
VRA,"[-2.589348668573999, -4.131658613556471, -2.9638778309674962, -4.016587438294307, -3.70151704141539, -3.0961074967268214, -3.672515162292985, -2.9967035945163865, -1.7321817748094013, -3.770174852376794, -2.883237725476816]"
VSA,"[-1.9965318620270995, -3.2479795938681573, -2.6751462140690183, -1.9719477357665145, -2.9571478660845196, -4.194835783017054, -2.9022272175416006, -2.9480525520355787, -2.471435646948205, -1.5765646562576414, -3.0562322141391984]"
VTA,"[0.8082399608870858, -0.34779123834111036, 0.8055049931658473, -0.7724375622117678, -1.2197424516387958]"
VVA,"[-1.4533262663964734, -0.40035254888672256, -0.7679177668120003, 0.8259313811408635, 1.8373713558797427, -0.2115685201930937]"
VWA,"[-4.257619976018869, -2.7818189613876374, -4.182336435265461, -2.8759039836187115]"
VYA,"[-2.841515803552557, -2.376920791845583, -2.7478468551582065]"
