Translation,mean
G*N,"[-2.019090756842415, 1.0438016004097346, 0.13654652052793637, 0.7781226215633623]"
GAN,"[-0.07900763662501564, 1.101005776254329, 0.1917550804974244, 0.1941050104723523, 0.04145078509263733, 0.30051749312607257, 0.6734505274821858]"
GCN,"[0.7751238254848607, -0.1742518852023771, -0.15091198617565027, -0.8809016546159052]"
GDN,"[-2.199447958381649, 0.29696785566224015, 0.31176541896991505, -0.015075369256813964]"
GEN,"[-0.030550883623998715, 0.06234406066142917, -0.13698656041587398, -0.14119676271816228]"
GFN,"[0.02167164984550851, -0.049478783306128093, 0.7693887800727452, 0.03450200035718609]"
GGN,"[0.3147202111012417, 0.38537110934681884, 0.06010024509407064, 0.15449961918820687, -0.8946523312796604, 0.0938281741812812, -0.3691075689284249, -0.03153107288881696]"
GHN,"[1.497178706648242, 0.09502692376490707, 1.1814433681409486]"
GIN,"[0.2966332612532572, -0.05845370593581212, 0.056857424159583836]"
GKN,"[-0.18120458892110047, 0.3039361157377325, 0.4107885501191646, -0.260624571945276]"
GLN,"[0.7367824147380864, 0.8008180162298508, 0.28775937158111553, -0.2876326784949619, 0.569628977043557, 1.1534114726136444, 0.6894483755867187, 0.45950657188873034, 0.3141985288102802, -0.38669145910493974, 0.12134398367303767]"
GMN,"[0.11066467904548638, 0.18769190214384768, 0.1884681030036912, 0.019032647432353222, 0.0]"
GNN,[-0.44715711823675797]
GPN,"[-0.44058026218502633, 0.9096293656968593, 1.0790014998388315]"
GQN,"[0.7656237083153972, 0.37718644800021117, 0.20994297775605197]"
GRN,"[-0.19665633281995554, -0.7381931274307449, 0.09220858069659243, 0.20910379505106658, -0.5518972850491846, -0.5189824355987485, 0.028181070547227627, -0.2725777956279014, 0.9188701926933058, -0.46560326326618195, 1.3534235186901764]"
GSN,"[0.6853015230099526, 0.28540641574794634, -0.001045686953217384, -0.32340044046130423, 1.1790802530589781, 0.3695244573653085, 1.7411993256030662, 0.6016479732042725, 1.1749859018232591, 0.40194336727746105]"
GTN,[-0.05253245718352417]
GVN,"[-0.03364131150698135, 0.3273635222786142, -0.5008387539640928, 0.060102865666359584, 0.8888372151813391, -0.10229672279200219, -0.7912699638256298]"
GWN,"[0.5085590095975201, -1.372126030136199, -0.28594121972107445, 0.009879351486647536]"
GYN,"[0.36658213881582036, -0.039077091828135124, 0.15492134763077825, 1.1586516105807227]"
