Translation,mean
Q*S,"[-0.07868805076227581, 0.42016019791468473, -0.3941859258248117]"
QAS,"[-0.24503093323245206, -0.903831994830707, -0.3198624968954533, -0.4629742347559205, 0.4874504361018408, -0.4207916537761296, 0.056162469468965526]"
QCS,"[0.0, 0.0632876572793819, -0.45157670346589374, -0.22299969586643087, 0.5028877426650586]"
QDS,"[-0.2990692679489797, -0.4429029587442024, -0.707706280220437]"
QES,"[-0.13697281917151827, 1.1950587197277134, -0.06440938441782684, -0.6809537191696977]"
QFS,"[0.22883252898424367, 1.5972814402433198, -0.6748230480053774, -0.30240072784847705]"
QGS,"[-0.3475486626096176, -0.4292460394868085, -0.08599867391206217, -0.11233878215100113, 0.3175201306619355, 0.6869213400042931, -0.3690434648977128, -0.20262782036118931]"
QHS,"[2.2637008332740827, 0.6892526669118979]"
QIS,"[-0.24969947562072292, 0.2164622388870061, 0.17735937609634256]"
QKS,"[0.9032527849096805, 0.7821806824141069]"
QLS,"[1.5010359805188944, 1.3273148159850319, 0.6791990022479748, 0.19896290770667235, 0.2329209865337205, -0.6369914963632404, 0.878730465775611]"
QMS,"[-0.3213006833669745, 0.3497960159151692, 0.3144630481164272, -0.3250248735810679]"
QNS,"[0.18606824279398815, 0.5746236744627566, 0.43357060489397803]"
QPS,"[0.331632912464384, -0.2986466861967827, 0.3288093570788755, 0.646373778257777]"
QQS,"[1.4150751644337873, 1.6781086671103829]"
QRS,"[-0.02398248224285915, -0.3869588318798325, 0.10814702186610337, -0.06368376641905282, -0.034421887963404174, 0.7229595586431596, 0.3361043839582605, 1.165085945844023, 0.1765357898145421, -0.13287630330067834, -0.33284545990457826]"
QSS,"[0.1677223891072117, -0.016932874409652854, -0.6416215305665105, -1.058533778876427, -0.8612895609155373, 1.826891534255994, -0.1916875035828447, -0.9820637152434539, 0.066751517192559]"
QTS,"[-0.7630573818720539, 1.3155175484449106, -0.10005304831469353]"
QVS,"[-0.12835309763844194, 1.3005989414160464, 0.5023921696265177, 0.26492101637544696, -0.1437576045233957, 1.5047138597397947, 0.560972477327315]"
QWS,"[-0.2416322806088731, 0.19086693038879243, -0.4318266419056531, 0.1659411713981518]"
QYS,"[-0.4721919407717179, 0.431534639493675, -0.6817000413115837, 0.014114840808375106]"
