Translation,mean
L*D,"[-3.2590667225567413, -2.0499836893981955, -2.5269446941882867, -1.6072882830893036]"
LAD,"[1.2096146135859662, 0.3977125251873401, -0.128370907195694, -0.18410301794752382, -0.19011748875601064, -0.9184724876555617, 0.4708879336728913, -0.659605043836609]"
LCD,"[1.7059978551284498, 1.1097183894851979]"
LDD,"[-1.1378787724146067, -0.9523728695786868, -0.8934999706110016, 0.0, -0.71279721726465, -0.03410140343323498]"
LED,"[-1.2036386284096299, -1.0820084949154545, 0.4220320633445631, -0.8791757555817616]"
LFD,"[0.5120285513354847, 1.1272879327498746]"
LGD,"[0.28744722064126194, -0.024367584061196546, -0.1291025309395435, 0.3687313484560697, 1.610023182194995, -0.3801363526803261, -0.7043155649439834]"
LHD,"[0.035302625278005095, -0.2312088395288745, -0.6862617188365219]"
LID,"[-0.73473811043318, 2.0549027892540384]"
LKD,[-0.7213480055393777]
LLD,"[-0.8797773681438592, -1.4722607175375089, -0.9062808447116337, -0.21877634463575824, -0.6242638109825585, -0.5347656601434565]"
LMD,"[1.259031156619427, -0.12312410557207087]"
LND,"[1.6041624726403008, -0.7060513641012349]"
LPD,"[-2.3029294594630594, -1.2059524676576014, -0.5403038436848853, -0.2165358370605439, 1.2360359583247327, 0.3426754709016304]"
LQD,"[0.28645896361466505, -1.490696263449939, -1.6944223261319422]"
LRD,"[-0.8197890697503087, 0.18561704982714566, 1.583506575989043, 1.24687279605579, -0.4402874560141523, 0.8393414933418981, 1.9880751286699034, -0.28457060416014546, 0.7480994410464152]"
LSD,"[2.1350857381642143, 1.545360129644397, 0.17969663709550066, -1.4081280282809914, -1.4866815181549988, 0.6963835394998554, 0.20845645161339021, -0.38655971377168896, 0.4090782502786183]"
LTD,"[0.4440002406011434, 0.9732047778620565, 0.07774978163034607, 0.4588107024515171, 1.267512050216638]"
LVD,"[1.704791542455089, -0.12912685886686148, -1.7294151157337403, 0.7559524784489753, -1.3379181428660418, 0.30917970819816]"
LWD,"[0.8338981771539267, 1.0754656806614982]"
LYD,"[-1.162587427829079, 0.5601779654594061, -0.5138902699074821]"
