Translation,mean
R*V,"[-1.9863243569802203, -2.995332971944829]"
RAV,"[-3.6860999378043573, -2.960885804832281, -2.417074846409375, -3.5784143989540436]"
RCV,"[-2.444433310688885, -2.2350024987583197]"
RDV,"[-2.2774213439653948, -2.6276508326981585]"
REV,"[-2.592020690487148, -1.9639395866883342]"
RFV,"[-2.7304586929473995, -2.06665027594135]"
RGV,"[-3.066552538773945, -3.2495924657218644, -2.5568626717012766, -2.177860656514962]"
RHV,"[-1.6495979545401847, -1.805438005380398, 0.0, -0.5601939713223181, -0.47687974485467066, -0.8554731795728499, 0.025814447513143435, 0.4205718981638249]"
RIV,"[-2.8897135831351974, -3.048582105680264]"
RKV,"[-3.086194655874491, -2.879552485477645]"
RLV,"[-3.320318656744987, -2.7412340161900186, -1.7931972170320662, -2.6843258493400874, -2.295191831359035, -2.284895500473276]"
RMV,"[-2.4626332473997943, -2.539319716707486]"
RNV,"[-2.4663703706157825, -2.615705758572048]"
RPV,"[-2.8445119782615738, -2.08688558736422, -2.2054877386922547, -2.105074603654219]"
RQV,"[-2.6069594838534043, -1.9143196216588132]"
RRV,"[-2.7748866862612056, -2.4106653729906804, -2.465139092765312, -1.9278022655573945, -2.9905873110028494, -2.3782378945767118]"
RSV,"[-2.3040985737246698, -2.4197719785097975, -2.481852681133689, -2.3993752747157977, -4.013111169528225, -2.929476281010974]"
RTV,"[-2.537033940034507, -2.5659480250409974, -2.567736905698345, -2.4691994142760025]"
RVV,"[-2.3809128210554285, -2.3496190584907692, -2.893844239318668, -3.1197094151025953]"
RWV,"[-2.0309909542882356, -2.4400629559917286]"
RYV,"[-1.8277201097047766, -2.326369841776266]"
