Translation,mean
T*E,"[-5.3056803707840015, -8.269795822695551, -4.221142270468459, -6.8921335001223225]"
TAE,"[0.24838302876112195, 0.4535752411759475, -0.8389010366810767, 0.7384140173280898, -0.9308469039790275, -1.6150011980894803, -3.2066338020051806]"
TCE,"[-5.278583643884195, -2.705586239534721, -2.9202854424271916]"
TDE,"[-2.194215879391721, -1.8260785205766377, -2.2484202313084287, -2.7999755925738397]"
TEE,"[-1.5398512407520792, -1.436470272812734, -1.3659666647765842, -0.11319414277923912]"
TFE,"[-1.8467431420943425, -1.5755925396782553, -1.2582137328749194]"
TGE,"[-2.9563522679359053, -0.7735023804810481, -1.6647679805954558, -1.1096775759897257, 0.27842154068081904, -0.9986048651378612, -2.046291245601042, -0.3164531117564229]"
TIE,"[-3.655459614740307, -3.6447549143970637, -2.829470542864877, 0.0779899780348785]"
TKE,"[-3.8899614325693133, 0.21796427816166286]"
TLE,"[0.986341530771675, -3.4994155512330245, -1.3920143650797145]"
TME,"[-2.7311847860305143, 0.07350657141389938, -4.342288901362746]"
TNE,"[-0.21166075734022805, -1.7264012438366922, -0.701333073935551]"
TPE,"[-3.4629735552649663, -0.5141165552535067, -3.7024025733968795]"
TQE,"[-2.8034056050159695, -2.3849710432636932, -1.3320030046556175]"
TRE,"[-1.4386783412581234, -1.6051017268049605, -1.8268877189165833, -1.1692354281009347, 0.6842888034671226, -1.99364007867098, -0.33517838897054375, -0.389690808419596]"
TSE,"[-3.2591012218993143, -1.1990625774936428, -0.8189274411074017, -1.4577353794998853, -1.5927622281264568, -0.5068900098868685, -0.35392615481861966, -1.4691474331082484, 0.0, -0.6393456636073376, -2.5294706949670873, -1.327819155615873]"
TTE,"[-0.7795078043319217, -0.6241560620566187, -1.6301006893936751]"
TVE,"[-1.5118532540651692, 0.7552223050146445, -1.7182166480047192, 0.37243733650013233, -2.6964561942124217, -0.1178033960318281, -0.9298461651471026, -5.7990328915681175]"
TWE,"[-4.654585923756759, -2.0657712661653314, -2.834570033111935, -3.9664301045522716]"
TYE,"[-3.7472021833678824, -1.4796608212376494]"
