Translation,mean
N*N,"[-4.919840668917186, -2.407947512343542]"
NAN,"[-1.6413516773191397, -1.4971820550644086, -0.32211706092280235, -3.1165486727728613, -2.3746017945740636, -0.8465484833930663, -1.7389533030102173]"
NCN,"[-3.1305098594815393, -2.6748218214012107, -6.32463101140363, -1.843906526936557]"
NDN,"[-1.0508753663830976, -2.548671007501559, -2.6440272470448134, -2.16897434924644]"
NEN,"[-1.1542279218588254, -0.6775953210180781, 0.06719578325651376, -1.1708700880602079]"
NFN,"[-4.033797205142964, -3.693386267430876, -2.608201035235557]"
NGN,"[-2.1037217705474722, -0.815035095328053, -1.5373445143891455, -1.409506556383472, -3.382234578554079, -1.9385536212483805, -2.98837641184363, -1.2750980149592248]"
NHN,"[-2.2431596780302936, -1.201031787753605, -2.998949924948528, -1.884705707117817]"
NIN,"[-3.657548337612619, -3.9050974959489952, -0.5996615001358698]"
NKN,"[-1.7809460772548995, -1.6978028958355882, 0.5950124584055434, -5.0177311257486]"
NLN,"[-1.223703240212319, -1.3909586344436011, -1.5310352505015787, -5.457666271385529, -1.1574564429552812, -0.719821171351855, -2.0726526158018386]"
NMN,"[0.21646131413273473, -0.401763640720171, -3.740548697135944, -0.7410779841746855]"
NNN,"[-1.9124981439815363, -3.9734045234202764, -1.94008932759672]"
NPN,"[0.5062405751990564, -1.1630090418750534, -1.4273160722238014, 0.0, -1.2991310467127466]"
NQN,"[-3.919351849924709, -0.8756268914550436, -2.5157374479189496, -0.8446905371724842]"
NRN,"[-4.6603517694480825, -2.680932059756345, -0.9996651971488255, -2.0740385845773615, -2.9297547831023536, -2.3730392414354675, -1.3779954747872196, -1.0448160051144235, -2.0198600127958413, -8.097404732250421, -3.3497765597743108]"
NSN,"[-4.532493610096332, -2.632221520753994, -2.8604876743509386, -2.016276793307558, -1.2242316346267685, -1.0783641586161412, -1.7195438971317634, -1.5102843804751087, -4.009096569355007, -2.4302885666928216]"
NTN,"[-3.955095035009215, -2.4713085662202285, -1.398390881965407, -2.829673403409103]"
NVN,"[-2.155739690419731, -2.2158093851209886, 0.15345151660693368, -2.17079193954595, -4.1774218807886925, -2.3767581312250945, -2.062059555810621]"
NWN,"[-0.509823386577624, -0.4647234344319493, -2.103107993683781, -1.9164045158492247]"
NYN,"[-2.1684376285491744, -2.1677440402631447]"
