Translation,mean
V*G,"[-5.15649535583902, -4.303849837191235, -4.191464716097971]"
VAG,"[-0.19352475302573247, -0.9481190342131338, 0.5966982363236131, 0.29960488722506184, -3.2043296257466647]"
VDG,"[0.6865909280315492, -0.2125346704452884]"
VEG,[-0.3770118327696643]
VFG,"[0.7290486433293903, -1.8969221619108385, -1.4115746680423182]"
VGG,"[0.26961702469209214, 0.17844402436122664]"
VHG,"[-1.5362375840651934, -1.0776758679509175, -0.7517566261004749]"
VIG,"[-1.8091347569556575, -1.3008582830100393, -2.4376821332497363, 0.0, -1.600572379032787, -1.0679300092398432, -1.127031408036249]"
VKG,[0.6369880903406226]
VLG,"[-0.4383108645798046, 0.48757472255620726, -1.271124947389124, -0.5345034536363125, -0.6964049091457838]"
VMG,"[-0.13004524869983491, -2.0977237325554547, -0.47799581367362265, 1.0917752023157528]"
VNG,"[0.7700144870653185, -1.7974971711664445, -1.1091288295900519]"
VPG,"[-3.289971264328102, -2.838771905860109, -2.2194261853977126, -2.3051138784657006, -3.6011978974437637, -3.913907004854216, -2.9984310884462113, -1.8746987437052383]"
VQG,"[-0.8944565226862231, -2.946874795204671, 0.049710710239022404]"
VRG,"[0.9134732144668174, -0.6446782135546965, 0.652885810837665, 0.08302099142250086, -1.0000651975314128]"
VSG,"[-0.5199002757776725, 0.12528229694543924, -1.4245839737389954, 0.1099738690449108, -0.022433905410000676, 0.23519880265845927, 0.9033367862268573, -1.011296194572287, 0.503180312034722, -1.814409274936951]"
VTG,"[0.15681181895969054, 0.15678000673245318, -1.6932691165608729, 0.612506795936377, -0.3519710221958663, -1.63210812894265]"
VVG,"[-0.30606049713462014, -1.1120572939532458]"
VWG,[1.5419037437640828]
VYG,"[-1.2527453900275916, 0.9184255491683757]"
