Translation,mean
N*V,[-4.847119902694911]
NAV,"[-2.7161919824258565, -2.0010495935543604]"
NCV,"[-0.45717626909447073, 0.0]"
NDV,[-3.7153154109542905]
NEV,[-3.991306759957999]
NFV,[-2.1230392419864748]
NGV,"[-2.0048902107932074, -3.185139067476044]"
NHV,[-2.4846852284570375]
NIV,[-4.074366201834632]
NKV,[-2.0713054295558164]
NLV,"[-3.691782766392287, -5.233139800012518, -3.4093116317360623]"
NMV,[-2.793970950356424]
NNV,[-2.4797195374181187]
NPV,"[-2.777647530829441, -2.201620641369788]"
NQV,[-3.044492415375224]
NRV,"[-3.0429232708946676, -2.852737624389393, -3.0732415157508077]"
NSV,"[-1.430313757365608, -2.0037040103945953, -2.077837468412748]"
NTV,"[-2.242402413257065, -1.8462113766938897]"
NVV,"[-4.504555201822647, -2.988490452825584]"
NWV,[-4.115609571967553]
NYV,[-3.042877838788429]
