Translation,mean
A*P,"[-3.8374558863060533, -4.401813984634402, -4.4244551366431, -3.944265455278371]"
AAP,"[-1.4159481512948444, -2.1613807545393247, -4.057384657064048, -3.0209210914726636, -3.659707930060703]"
ACP,"[-2.6997429126463928, 0.4310675439790739, -0.02846620713816428]"
ADP,"[-5.053710739279834, -2.3687644036260003, -1.3424076207964077]"
AEP,"[-1.953388713034549, -1.4885031694673572, -1.644129271778656]"
AFP,"[-3.9530789290388366, -6.233559435451092, -4.188468715309377, -2.17848482792534]"
AGP,"[-3.3526385969631516, -2.8534155638989738, -2.826009406558322]"
AHP,"[-2.3312086786834643, -2.4741657337666716, -2.385896873665043]"
AIP,"[-4.915535641097886, -2.4331451722930106, -2.2401696208962445, -3.599113760293898]"
AKP,"[-2.176793322531826, -0.5409611199606701]"
ALP,"[-5.48107133362446, -4.142507223865614, -3.200749973144843, -4.0824428285492615, -4.78897914253466, -4.215955924874335, -3.3625357446393043, -5.002552286765141]"
AMP,"[-3.8953414276666773, -2.875705905035625]"
ANP,"[-0.906987818191797, -2.134962791859339, -1.3045298423956169, 0.02293775954216226, 0.0, -1.7639609251481057, -1.706648320608748]"
APP,"[-1.9120846915012528, -5.303487480613072, -5.891675020452762, -3.4417264457939876, -4.515191335618774, -4.846243852238571, -2.9421354636747754]"
AQP,"[-0.39872831152472976, -0.892351901387018]"
ARP,"[-3.068865930454484, -1.673854262140015, -4.666531192551124, -3.6004185352670515, -2.1644051942627662, -2.394006920271126, -2.8105083130181345, -2.4020466774999925, -4.3116074843969425]"
ASP,"[-1.5604108242844603, -0.5923084946826958, -0.13371286172584362, 0.036156744552146236, -2.483172321907979, -2.3745216779020435, -2.2226761538111877, -2.270490683729646]"
ATP,"[-2.722561337278467, -2.7255103306070723, -4.4542797499012226, -3.8101028136634487, -3.5521374530154617]"
AVP,"[-2.6373478425344246, -2.7861614731952997, -2.283955497306456, -2.7337125592375404, -2.5491724051540547]"
AWP,"[-1.8043368124209458, -4.176057565688357, -1.6740063131132707]"
AYP,"[-3.431268215066204, -3.9609207320688506, -4.15563819871962, -4.933093534430402]"
