,site_1,site_2,count_x_x,site_3,proportion_x_x,count_y_x,proportion_y_x,ratio_x,count_x_y,proportion_x_y,count_y_y,proportion_y_y,ratio_y,mean,std
TATGGGCCT,TAT,GGG,310.0,CCT,0.0005813637292795,210.0,0.0004559260618192,0.3506411864910319,179.0,0.000443333770888,175.0,0.0004690305807938,-0.0812887257415937,0.1346762303747191,0.30542056993699984
TATGGTCCT,TAT,GGT,172.0,CCT,0.0003225631014067,138.0,0.0002996085549097,0.1065025968068464,,,,,,0.1065025968068464,
TATGGACCT,TAT,GGA,533229.0,CCT,1.0,460601.0,1.0,0.0,403759.0,1.0,373110.0,1.0,0.0,0.0,0.0
TTATGGCCT,TTA,TGG,,CCT,,,,,673.0,0.00166683590954,1674.0,0.0044866125271367,-1.4285145091135485,-1.4285145091135485,
