,site_1,site_2,count_x_x,site_3,proportion_x_x,count_y_x,proportion_y_x,ratio_x,count_x_y,proportion_x_y,count_y_y,proportion_y_y,ratio_y,mean,std
ATTAAGTAC,ATT,AAG,455.0,TAC,0.0012063141931481,363.0,0.0039113428943937,-1.6970583014707312,384.0,0.0012297483819521,327.0,0.0038213434300939,-1.6357167639464478,-1.6663875327085895,0.043375017151829856
ACGAAGTAC,ACG,AAG,132.0,TAC,0.0003499636780122,106.0,0.0011421552253601,-1.7064816337657849,111.0,0.000355474141658,96.0,0.0011218622914037,-1.65807907354057,-1.6822803536531774,0.03422577856203975
AAGAAGTAC,AAG,AAG,342.0,TAC,0.0009067240748498,292.0,0.0031463143943883,-1.7949273425551588,306.0,0.0009799557418681,233.0,0.0027228532697611,-1.4743307411311477,-1.6346290418431533,0.22669603089227902
TTGAAGTAC,TTG,AAG,154.0,TAC,0.0004082909576809,101.0,0.0010882799788809,-1.414380240617934,103.0,0.0003298543837007,83.0,0.0009699434394428,-1.5560713433332278,-1.485225791975581,0.10019073956378391
GTGAAGTAC,GTG,AAG,121.0,TAC,0.0003208000381778,87.0,0.0009374292887389,-1.5470355571351746,,,,,,-1.5470355571351746,
ATGAATTAC,ATG,AAT,164.0,TAC,0.0004348033575303,111.0,0.0011960304718394,-1.459819160293062,156.0,0.000499585280168,102.0,0.0011919786846164,-1.2545555622787674,-1.3571873612859147,0.1451432820866572
ATGAGGTAC,ATG,AGG,292.0,TAC,0.0007741620756027,198.0,0.0021334597605784,-1.4624873597606332,226.0,0.0007237581622947,165.0,0.0019282008133501,-1.4136756910001491,-1.4380815253803911,0.034515061981569825
ATGATGTAC,ATG,ATG,192.0,TAC,0.0005090380771086,137.0,0.0014761817535315,-1.5360248808004098,156.0,0.000499585280168,108.0,0.0012620950778291,-1.3370177224707405,-1.4365213016355751,0.1407193111595741
ATGGAGTAC,ATG,GAG,206.0,TAC,0.0005461554368978,127.0,0.001368431260573,-1.3251394581499871,149.0,0.0004771679919553,103.0,0.0012036647501519,-1.3348644458905774,-1.3300019520202824,0.006876604778327424
ATGAAGTAC,ATG,AAG,377182.0,TAC,1.0,92807.0,1.0,0.0,312259.0,1.0,85572.0,1.0,0.0,0.0,0.0
ACCATGTAC,ACC,ATG,,TAC,,,,,162.0,0.000518800098636,11655.0,0.1362010938157341,-8.036343820301123,-8.036343820301123,
