,site_1,site_2,site_3,count_x_x,proportion_x_x,count_y_x,proportion_y_x,ratio_x,count_x_y,proportion_x_y,count_y_y,proportion_y_y,ratio_y,mean,std
TGTTATAAT,TGT,TAT,AAT,159,0.0003092970009862,183,0.0006920964850575,-1.161980332964676,109,0.0002050541135924,46,0.0001659607322476,0.3051627581162197,-0.42840878742422817,1.037426828674294
TGTTACAAT,TGT,TAC,AAT,514069,1.0,264414,1.0,0.0,531567,1.0,277174,1.0,0.0,0.0,0.0
