,site_1,site_2,count_x,site_3,proportion_x,count_y,proportion_y,ratio
0,AGG,CAG,318,ACA,0.0005030865467063651,118,0.0005729351272352967,-0.1875651832857006
1,AGG,CAT,363,ACA,0.000574278039164813,95,0.00046126133124875583,0.316165040456589
2,CTT,TTG,238,ACA,0.0003765238934469022,198,0.000961365721971091,-1.3523439459798805
3,CAT,TTG,2,ACA,3.1640663314865733e-06,2,9.710764868394859e-06,-1.6178050892082112
4,AGG,CAA,632098,ACA,1.0,205957,1.0,0.0
