,Mean0,Mean1,Mean2,Mean3
*,-3.678264796658957,,,0.09998471568258793
A,-0.5380759038797334,0.12724157277944492,,
C,-1.0685355754440358,,,
D,-0.07676549999011062,,,
E,-0.05267358514578424,,,0.3142400875806981
F,-1.4334200521833698,,-0.26673431097157163,
G,-1.1749561501345125,,,
H,-0.9828026259898563,,,
I,-2.6282782926835826,0.004384824993909575,-0.6125582714886146,
K,-2.143471515868918,,,-0.18452406730610527
L,-0.16651392022555575,,,
M,-0.38315369215335027,,,0.27036651487804164
N,-0.7227583697502036,0.12981551644326927,0.09789671091705543,-0.5487604682178961
P,-2.3985144014561866,0.5487053412177207,,
Q,-0.4108057171680577,,,
R,0.11001921992478254,,,-0.7766913146459142
S,-0.5345485776827185,-0.22701493655894378,-0.006056921727736864,-2.0057157649750597
T,-0.7854018473881814,-0.8837103650207446,0.1770242111332596,
V,-1.6768746377564216,,0.3642807700802937,
W,-0.04905093513694917,,,
Y,-0.9290481473293379,,,
