,Mean0,Mean1,Mean2,Mean3
*,-3.822152133009811,,,
A,-1.3167935895568432,,-0.10539198222823032,0.1541629785206471
C,-0.9611388958861693,,,-0.17968351759875567
D,-1.1777569341385168,,,-0.38096295178200457
E,-0.7881968665506589,,,
F,-1.4971304158973728,,-0.5395794626851362,
G,-0.8528461039218207,,,-0.6380973704267813
H,-1.5401945042838576,,,
I,-1.258052515160165,,,
K,-1.1682176151949664,,,
L,-1.0720877418117247,,,
M,-0.9887383014298594,,,
N,-1.4171898096804876,,,
P,-3.6700633342108144,-0.12464141941904276,0.4782253481941776,
Q,-1.7209412083679836,,,
R,-1.446915541641313,,,-0.7612222373220021
S,-0.5708988941869622,,-0.06468675580365511,-0.5515089500563004
T,-1.3293397223419072,,-0.022814668981888886,
V,-1.4016093627062973,,,-2.396488199091565
W,-1.194089838831336,,,1.7327666033516653
Y,-1.361882102171079,,-0.09055927561772137,
