,Mean0,Mean1,Mean2,Mean3
*,-4.345736348368644,,,
A,-1.0212147583249849,,-0.1532344829003076,-0.07142640189873717
C,-1.6754771074545802,,,-0.7393944712483211
D,-0.4869276437884884,,,-1.3922339568921842
E,-0.44004598384301374,,,
F,-1.410383682510158,,-0.3524089467871825,
G,-0.21684609183057368,,,-0.9817185513186057
H,-1.172743349810439,,,
I,-1.5589436575155986,,,
K,-1.5765198583212952,,,
L,-1.4147260396206294,,,
M,-1.6887269125015187,,,
N,-0.6440133772945288,,,
P,-3.491047367711195,0.027167663086623033,0.3696063059130523,
Q,-1.0480428010598097,,,
R,-1.539530030206623,,,0.037030966826181455
S,-1.078983863342524,,0.0986884122572749,-0.7467178120541789
T,-0.7765768109566187,,0.13743286378401898,
V,-1.777253656301305,,,-2.710424399038202
W,-1.7479641511261654,,,
Y,-1.4756963351108436,,0.09319287027805778,
