,Mean0,Mean1,Mean2,Mean3
*,-8.722138885795355,,,-1.428908684660299
A,-0.8685127630725268,-0.2342987900488584,,
C,0.39242071555292907,,,
D,-0.14304514052023057,-0.18926525655390591,,
E,0.18555110629254612,,,-1.3300019520202824
F,1.4620447462654091,,,
G,0.293910493869941,,,
H,-5.151658501344499,,,
K,-0.5984438311982457,,-0.12434700720636371,0.0
L,0.2966156198929308,,-0.1947447111833034,
M,0.3087929942305686,,-0.15000919713253252,-1.4365213016355751
P,-0.43882603871042997,,,
Q,-2.0620567414849535,,,
R,0.3642979096125505,,0.15295473753647215,-1.4380815253803911
S,0.6968564937436782,-0.5018174476792936,,
T,-0.03907430786147881,-0.6809960943342155,-0.4166772532707146,
V,-0.13505565750403142,0.03787307402451745,0.6330083739747154,
W,-0.18155484971217595,,,
Y,0.7004581677089922,,,
I,,,-0.38451855003533897,
N,,,,-1.3571873612859147
