Translation,mean
T*L,"[0.5192020553338317, -1.927752380764012]"
TAL,"[1.086717063840311, 1.5111969872521624, 0.0749133671818125, 0.9546537308823186, -0.0230443190416398, 1.5772450628746295, 2.040439978177039]"
TCL,"[1.9927052505975844, 1.842179001623906]"
TDL,"[0.0, 0.4982070763498729, 0.0108345836786529, -0.2386942775068199, 1.6704517724721644, 0.1357428510326457]"
TEL,"[-0.6944041863408117, 0.2927640795818469, 0.0425230857871996, -1.109264814254476]"
TFL,"[1.0516323672528554, -0.3540116545122114, 1.101134809405088]"
TGL,"[-1.9327999184790308, 1.511613698186841, -0.1737066138248897, -0.0241379013540097, -0.6962856048433537, 1.1041941950939478, -0.5878088391209086, 1.0474979096014128]"
THL,"[1.6588717882608464, 2.427141502345062]"
TIL,"[-0.0231106895178392, 0.0289475132296317]"
TKL,"[0.3385483182815658, -1.300509415544603]"
TLL,"[0.6668607414113747, 2.51812290531133, 3.077948405355114, 1.7494969991140543, 0.5909943136678564, 1.1522654019862308, -1.0144568232049167, 0.3915175926143419, 3.7777582050158767]"
TML,"[2.277998063039252, 1.9647216654181827]"
TPL,"[0.3193971943265855, 3.080751350015788]"
TQL,"[5.310327837362314, 0.463061076600006, 2.3961146067244385]"
TRL,"[2.551992989530145, 0.3359634816587444, 1.8203835324130528, 2.1267241169364457, -0.4998710283045442, 0.7758365067952102]"
TSL,"[2.4350902554605547, 0.7717896737325081, 0.9903930054558412, 1.8758415116679863, 0.6950890519665389, 0.6581470539862178]"
TTL,"[2.093912538086641, -0.1120173087629687, 1.2896379785951293]"
TVL,"[1.4208825118733817, 0.0058173533870018, 0.8944327338829101, 0.3566499745860074, -0.0584757554436841, 0.981307487108488, -0.1391872266718774]"
TWL,"[1.0400117695892934, -0.5186381066570505, -0.3934344468275279, -0.6104191294023948]"
TYL,"[1.1731522361142748, 0.4138142223851887, 0.6071458948168331]"
