Translation,mean
C*S,"[-2.4251895240152592, 0.6510974991085803, -0.2050998885482311]"
CAS,"[-0.2195027571014379, -0.1578212964906349, 0.6935483671983, 0.3459803285175251, 0.0609586131143506, -0.0115634594815095, 0.1768937785219613, 0.0, 0.3460378327572088, 0.1795751526571347, 0.0332879979176965]"
CCS,"[0.3432103712563332, 1.5219603893916285, 0.8471947590842267, 0.3883161345269039]"
CDS,"[0.1573169555097404, 0.1749229366457552, 0.1182814067945141, -0.0536291823788719]"
CES,"[-1.0026526447632946, 0.1518605540454132, 0.1073504762491968]"
CFS,"[-0.2419168052670741, -0.0861444457548916, 0.7751704698231254]"
CGS,"[0.3596743084251912, 0.4776384963319841, -0.3429609110356528, 0.36931315624612, 0.2144180305623689, -0.4392386792959656, -0.2011089326387284, 0.0122631403887893]"
CHS,"[0.2203414342165874, 1.1867574178047224, 0.3125160159400177]"
CIS,"[0.4523951838172326, -0.5227726429235862, 0.6783848905400625]"
CKS,"[1.2283292734531042, -0.9006198721044782, 0.2654674431355879]"
CLS,"[1.6271052478249215, 0.9702759589578864, -0.3319097202492838, 0.6033055067587343, 0.4942948573846291, 1.076372434452388, 0.3338400545958411, 2.046943733367586, -0.0181442517486853, -1.8043578913784604]"
CMS,"[0.4334120804496599, 0.1663265417969839, -1.2533131364224062]"
CNS,"[0.3350083763886644, 0.0392304610218073, 0.0282470958237226]"
CPS,"[0.6266433920466996, -0.3578346645452352, 0.6343564816105403, -1.1586860667651775, -0.0856797185732096, -0.5078906625266075, 0.5484607533718986, -0.3403380995138754]"
CQS,"[-0.3367730490174043, 1.1602054617052762]"
CRS,"[-0.3109776337168632, 0.8992123169430233, -0.2249019818466493, 0.8561242905971298, 3.833775259127624, -0.9183554320156267, -0.5006040376487597, -0.9246354402443552, -0.2285057050684553, 1.804493659689884, -0.1330833463245673, -0.2019595869552652]"
CSS,"[-1.3070980314360998, 0.6754253135348218, 0.0614108601860694, 0.2675113278506265, -0.0926291596698121, 0.3137918904789689, 0.1947217729678962, 0.0683569730893864, -1.6224575797727816]"
CTS,"[2.2777835076957125, 0.3094550796326958, -0.3559429673752472, 2.4530944463113595]"
CVS,"[-0.9751525346503432, 0.1700893950583299, 0.2538999535195696, -0.194052407827498, 0.0239170296015967, 1.686852049180315, -0.34124490303875, -0.3470782494866524]"
CWS,"[-0.2137162413711406, -1.057407325966475, 0.1830052829436148, -0.3324162845244647]"
CYS,"[-0.0336925648638741, 0.4992646277442851]"
