Translation,mean
I*G,[-0.000322920989948]
IEG,[0.2615298689998777]
IKG,"[-0.0918316115966062, 0.0]"
IMG,[-0.1446604791549086]
ING,[-0.1288245339604712]
IRG,"[0.8661831645461584, -0.3732819267409857]"
ISG,[1.8477628412318268]
