Translation,mean
G*N,"[-2.5749243839210187, 0.9945077876545696, -0.586853245343117, -0.6474422548847567]"
GAN,"[0.1317184578867198, 1.1465711498406057, 0.2125102131255411, -1.6637355418727875, 1.1203326939322888, 0.6483555401259862, 0.635074907782859]"
GCN,"[-0.6247106844951107, 0.4597819326065924, 0.1337416129285449, -1.160884436091223]"
GDN,"[-1.1028504618941604, -0.3377485742398871, 0.0550538575713081, -0.4027556261651179]"
GEN,"[-0.1836087631691025, 0.21728502659185, 0.0130045171478511, 1.1057562654305002]"
GFN,"[0.5879403285774627, -0.9082759846974736, 1.0309093873440034, -0.2204933385152854]"
GGN,"[-0.0414020313830416, 0.2312912271251388, 0.020318263429977, 0.1246890196303036, -0.4735207283434147, -0.053689174662006, -0.3787695217902147, -0.4226043838745505]"
GHN,"[-0.3314253969845815, -0.5382575506440883, 1.515798368965681]"
GIN,"[0.6058568722305342, 0.4527861332086447, 0.1709028628698713]"
GKN,"[-0.1696522661941948, 0.0244020198234355, 0.4490303352186178, -0.1324640309792748]"
GLN,"[-0.0209493840180243, 1.4989366322641633, -0.3076026196841255, 0.6748467702365462, 1.0793024564766045, 0.1745522140086279, 0.5492969623496338, 0.6097416209847903, -0.9710778929234962, -0.1772508141187163, -0.0832991330884738]"
GMN,"[0.1754022906856045, -0.1813644229182607, 0.2302061236775649, -0.1944578997428916, 0.0]"
GNN,"[-0.4820778852324761, 1.3044891515022543]"
GPN,"[0.416840387820935, 1.1362074131065594, 0.9742425672544835, 1.2703581379368956]"
GQN,"[0.3899397536895677, -0.5102906490814458, 0.4179015831912451]"
GRN,"[0.0402434928179786, -0.4367605845738795, -0.0286720078575708, 0.0893163121590792, -0.9474487919872452, 0.2288619984543798, -0.5081065009442973, -0.1137451029974538, 1.7760128770923993, 0.2521453346788664, -0.0099770237359031]"
GSN,"[-0.2653608437644106, -0.8253718261279248, 0.2431932316600073, -0.2192197725547515, -0.402025246814782, 2.1582577665582257, 1.599168753438704, 1.4058461445989288, -0.6963552357713744, -0.59727624903101]"
GTN,[-0.46569118905819]
GVN,"[-0.3693419905591319, 0.1668323220019844, -0.5011752136653591, -0.0658147687371215, 0.9002226925564265, -0.4689274696138188, -0.8549784536120066]"
GWN,"[0.6747803263991248, -1.1944394392805897, -0.072667930970721, -0.0533927016758992]"
GYN,"[-0.2557469000496901, 0.5979993685740332, -0.1464561938264159, 0.0933096880511259]"
