Translation,mean
V*M,"[-1.4083383922092203, -1.8770968811600763]"
VAM,"[-1.723903886378249, -0.3309795095029795, -0.1488478100171635, 1.8292412715233544, 0.3060003681239961, 0.1892825756479021, 0.0, 0.2218699732143365]"
VCM,"[-1.2321341886792716, 0.1089728512445376]"
VDM,"[-0.6813792697316927, 0.3847156237505107, 0.3125239683765075, -1.1367142211139427]"
VEM,"[-0.1416906583654196, -1.0998119026370643, -0.3940957306638264]"
VFM,"[1.0686271246976649, 0.890058876202203, -1.258320040759358]"
VGM,"[0.4929204531375859, -1.6284843212995668, -0.7413119951844793, 0.441175319061621, 1.1416083377689965, -0.7695525232426128, 0.21383341850016, 0.5512731469114102]"
VHM,"[0.1624991193806142, 0.4593000755773104, 1.168354544981419]"
VIM,[0.8712632122120603]
VKM,"[2.376124931953022, -0.7218271693924958, 0.7175194586093383, 2.312889130660661]"
VLM,"[2.470025070834506, 1.7143381104278743, 0.6200505148391127, 0.7484667879665459, -0.7271790184111104, 1.1422726037211604, 1.3575410410086208, 1.661483884458269]"
VMM,"[2.743270707655132, 1.3676633532048277]"
VNM,"[2.148802622838632, 0.6807384415382138]"
VPM,"[0.6283601484150285, -1.080128898149934, -1.3260613905671264, 0.1765390447817463, 0.6549453052852972, 0.4567801399728513, -1.2383931791509557]"
VQM,"[0.5117249141022144, 0.1290233602857755, -0.7221434285138137]"
VRM,"[2.921450716913194, 0.6653704117861556, -1.915224861781692, -0.0520105561947374, -0.5762086344166644, 2.2147587439976046, -0.3944018128892335, 0.7842951669799803, 0.4501255133967987, 0.3946304008050951, 1.1349683764868723]"
VSM,"[-0.908244577458623, -0.3317822027003778, 1.5267080498494927, -0.4980355550835824, -0.4199942040562909, 1.3304552827341831, 0.8178036282440068, 0.7294363634858954]"
VTM,"[-0.4524086771675826, 0.3650894095410013, 2.528128025398072, -0.2368729343564508]"
VVM,"[-0.7754341870183321, -2.6770950370912754, 1.0350880141179548, 0.6530655720670744, -0.4134376505476194, 0.3065409831628098, -1.1348369873243556]"
VWM,"[0.8109014188891681, 0.246657466159867, 0.1216170378484573, -0.0685859054855146]"
VYM,"[-0.5714767410884107, 1.3621778141210967, -0.150990782086283, 0.5184190172605003]"
