Translation,mean
H*E,"[-1.957303076662409, -2.4174442672691354, -1.436326812972327]"
HAE,"[-0.5178644658350056, -1.6121717277408525, 0.0115813995602849]"
HCE,"[-1.019437514220172, 0.8362174433851894, 0.8088147942530846]"
HDE,"[0.6762139601888624, 0.5359809263629459, 1.8149986938749123, -0.6704432648356917]"
HEE,"[-1.0216019164093515, 0.4430738538505724, 0.485478335343215, -0.7681348780862844]"
HFE,"[0.2129736629412679, -0.5406780919057876, -1.230740815915837]"
HGE,"[-1.5452187523498466, -0.745776653854306, -2.076011493721552, -0.7701599380285558, -1.4387394963189983, 0.1665461419626854, 0.3992985592504574, -0.7467776783657296]"
HHE,"[-0.2948737503551726, 0.1593691775046046, -0.8573009459700529, -1.4407589498878828]"
HIE,"[0.6926265414067228, -0.0862511152475375, 1.114241278587155]"
HKE,"[-1.3716002894078336, -0.3009731295562048, -0.4966126245750093]"
HLE,"[2.354781746876793, 7.032003560503922, 1.3390615668113526, -0.1177435590007593, 0.1105174393176273, 1.1065789170007214, -0.1134546979788293, 2.1035070855072977]"
HME,"[-0.3915981068303846, 0.0, -0.1367708552219841]"
HNE,"[1.6751427743733576, -0.9325768365560804, -1.7319230864806858, -1.069343042716259]"
HPE,"[-0.3516442675157698, 0.6994905844553969, 0.7929914519963752, 4.526954232053749, 2.08231300534762]"
HQE,"[-0.3903140096815107, -1.1096990487579212, -0.8947865925422995]"
HRE,"[-0.105668997869337, -0.6782114978011666, -2.080973166845886, -0.7938574536120769, 0.9577623778232524, -0.0558598020888307, 0.2753177538730398, -1.0061285293354914, 0.749069597232424, -1.3846483910528828, 1.2084506739074872, -0.1900813620986916]"
HSE,"[-0.8228699307497651, 0.5545057074632478, 0.2622973901752896, -1.6127617338823708, -0.8988164695784526, -0.6257103799206725, 1.7637013736511695, 0.6186729599767489, 0.0814526785965865]"
HTE,"[-0.8680196829795133, -0.5112019063061428, -0.5438670197411177, -0.2272761773418414, -1.3672743640050449, -0.9076375109921404, 0.926482246379546]"
HVE,"[-1.41338028364774, -0.4731269326091745, 0.8096530981024586, -0.3408368840300895, 1.6760757111340023, 1.6459761042683212]"
HWE,"[-0.056811140601618, 0.2981882819590566, -1.3401616907410905]"
HYE,"[0.2827225185188791, -0.2399765246995153, 1.3605805566730789]"
