Translation,mean
TAN,"[-0.0015037083825699, 1.4985218405342442, 0.3314395274061628, -0.6011696068637296, 1.482790260432731, 1.000432600876885]"
TCN,"[0.4980716089279342, -0.6458834674030651, -0.9668286280453966, -0.7736676641843321]"
TDN,"[1.6445549486315072, 0.2052171624925911, 0.2793063293167641]"
TFN,"[0.2718883323403185, 0.6473457626250223, -0.3377389783627373, 0.139071549284802]"
TGN,"[0.4767214244828093, 1.0784743487580473, -0.2744992685714801, -0.8019392165003829, -0.419785066199747, 0.4626669239271379, 0.6197642960968519, 0.2834671778693769]"
THN,"[0.3413940226449909, 0.0122042846592718, -0.6719930439285289, -0.1737932223397002]"
TIN,"[-1.253645542028453, 0.3040156217660463, 0.5280440467393595, -0.21683103752021]"
TLN,"[0.9262561680380924, -0.1951925622964685, -0.2824990337414829, -0.3718879970030126, -0.7423198740036661, 0.0, 1.236751064880929, 0.1446713293721613]"
TMN,"[-0.8063917999268906, 0.1043424365440177, 0.7461389960127676]"
TNN,"[-0.3300943727926189, -0.2006384985156853, -0.2460378192202688, -0.5837777590229027]"
TPN,"[0.4210928390921147, -0.181762977216902, 3.590378206278377, -0.2146954265644672]"
TRN,"[0.5001803973067993, 0.6551058093000375, -0.1440604598587906, 0.2870627541290487, 0.5300641395579913, 1.3974658047647417, 0.2143965544961874, 0.2585443684178532, 3.037090800705067, 1.0572369014580725, -0.2295218677404493]"
TSN,"[-0.0508106153137521, 0.914517298883932, -0.3232719605815655, -0.3180104330357282, 0.0559975697527335, -0.6516158729652357, 0.6923631498974769, 0.7176445316787783, 0.9278071811022716, -0.7414369565795571, 1.0217175178863211, 0.6358695904371192]"
TTN,"[0.482790260432731, 1.7148601253030762, 0.3913507374302032, 1.8567716242020875, -0.6384404842175027, -0.1145522921262456]"
TVN,"[-0.4545462009436853, -0.5208708878363275, 0.4368862651965512, 0.9192014105041402, 0.093420908963587, 0.7180598211420097, -0.6215346263953805, 0.1280938449304355]"
TWN,"[1.1100695935643312, 2.0249558919528656, 0.2240559920325608, -0.7312056932021544]"
TYN,"[-1.0328523110043903, -0.8373445526315813, 0.7711357909555412, -0.3005757236969976]"
