Translation,mean
YGP,"[0.0, 0.2274061249861789, 0.1535176948686238]"
