Translation,mean
C*M,"[-0.0598052551757533, -0.9099857420366916]"
CAM,"[1.2648827230975854, -0.0149949167703081, 0.9752002310138916, 0.282330531770758]"
CCM,"[0.0234539291304392, 0.1541616553253968]"
CDM,"[0.7372687680088177, 0.0545407352788816]"
CEM,"[0.7982346973180352, 0.267286830801801]"
CFM,"[0.0256390259034517, -0.3967863489043672]"
CGM,"[-0.056475718113675, 0.3811574309973178, 0.2203925417753014, 0.5540453778409731]"
CHM,"[0.4281362198818144, 0.1346826034967376]"
CIM,"[-0.4111972306437463, -0.6117541672439213]"
CKM,"[0.149161495369368, 0.0240627131419834]"
CLM,"[-1.1109468313690112, -0.7185035300341962, -1.0902781772382264, -0.1925105782389708, -0.3856488330623442, -0.3891916318702115]"
CMM,"[-0.5870803178142978, 0.1566318247905993]"
CNM,"[1.521326781702557, -0.5146675227847703]"
CPM,"[0.5623489718342629, -0.3076035135234703, 0.0294194919380679, -0.2844174045078578]"
CQM,"[0.734221202268377, 0.0299328396195841]"
CRM,"[0.6844225362925993, -0.2865155378253465, -0.0927112437103181, -0.1614730407240943, -0.0525902311597654, 0.6308962354252223]"
CSM,"[-0.1050373810937363, -0.5107698219794807, -0.2538463232559395, 0.2298750998100773, -0.924441535217852, 0.2656871832070928]"
CTM,"[-0.0097894277568926, 0.0680262770945861, 0.2919194291401484, 0.5765340471935881]"
CVM,"[-0.3306305664194688, -0.0927244804288465, 0.0016058533171667, -0.5896620379411024]"
CWM,"[-0.6597194369940471, -0.5399642093512016]"
CYM,"[0.0, -0.3811029678308486, 0.0214464957115304]"
