Translation,mean
Q*S,"[-0.4792443188135165, 0.6851042157036176, -0.1138716117487526, -0.3633550735443576]"
QAS,"[-0.2498462731891173, 0.1010243672222213, -1.0083591261936933, -0.5293198817198173, 0.5562508519864231, 1.5956060648645138, -0.6779035934405373, -0.5893713960175786]"
QCS,"[0.0, 0.1109405160152778, -0.1483931537131706, -0.1321775827874258, 0.45707818334993]"
QDS,"[-0.7239927170566496, -0.1230975699719012, -0.5985583133940633]"
QES,"[-0.6472795585294646, 0.2306746930296412, -0.584097041387877, -0.2907569887678187]"
QFS,"[-0.2169612249765711, 0.1798559476206325, 0.0021097522164082, -0.0907257757322961]"
QGS,"[-0.7377285797772934, -0.5890414937035553, -0.3346768170962217, -0.2964318292065391, -0.1874724572552821, -0.0673793023439177, -0.3597449814707127, -0.3501104856427552]"
QHS,"[1.2390582428740622, -0.0092249679281462, 1.1996773885333756]"
QIS,"[0.163404570212819, -0.0726237202628077, 1.48671171413981]"
QKS,"[-0.7270937310526886, -0.0748721984413443]"
QLS,"[0.1536733670980599, 1.910842117467494, 1.3371809122833105, 0.1603829610622638, 0.3327642927298484, -0.2138824763515021, 1.5440048683773018]"
QMS,"[0.3253297322966979, 1.19788297298214, -0.0006468689044032, -0.1061961067792101]"
QNS,"[-0.2969006801993545, 0.6198466649669898, 0.5942939274017238]"
QPS,"[-0.478458301697092, 0.0319704267255911, 0.2214739413471757, -0.1692700140795846]"
QQS,"[1.385625589025496, 2.759104797147396]"
QRS,"[0.0837957174527703, -1.017869971312915, -0.0739243266577008, -0.5672957057765711, -0.6448612767232342, 1.5725087638778028, -0.2203464317832519, 0.1532635667503221, -0.4572795101838958, 2.247391278456876, -0.6700741709782339, -0.8682856585643526]"
QSS,"[-0.3630309885654057, -0.6219853702081117, -0.3222541843328166, 0.3024663934017759, -0.2640632269152823, 0.4348327617917338, 0.0572992246852548, -1.1901070929384296, -0.7875295849146635]"
QTS,"[0.3070098797499865, 1.4178785368301483, 0.7696740388575805]"
QVS,"[-0.2118617357106237, 1.0440345344289046, 0.1183174106635576, 0.6464646493769779, 0.0713650727881781, 3.3871360197604368, 0.4544159945896391]"
QWS,"[-0.4450763612078479, -0.1413013192115162, -0.4220810064817994, -0.3134300860732039]"
QYS,"[-0.4388677294602924, 0.1698472097311185, -0.4353048131371082, 0.2069599133610822]"
