Translation,mean
M*Q,"[-0.5416783117791395, -0.148033648773711]"
MAQ,"[0.5316597865725656, 1.288832115575512, -0.2090354597397707, 0.2082584995603485]"
MCQ,"[-1.2832997229522525, -1.5318145419715838]"
MDQ,"[0.4743511058700269, 0.171496519957297]"
MEQ,"[0.7214383475519623, 0.1351727659445635]"
MFQ,"[0.4361244106808613, 1.208022061913459]"
MGQ,"[-0.5483560171055428, -0.6825383627571665, 0.4969779080116527, -0.4007002644042261]"
MHQ,"[-0.4345674899641105, 0.977241553972231]"
MIQ,"[-0.2271814660674742, 0.1636976251253905]"
MKQ,"[0.4682286914987285, 0.7085083219224266]"
MLQ,"[0.2172340157130783, 1.0020490059291056, 1.1358711738215277, 0.6301531695279491, -0.1111905671945132, 0.2415076520102968]"
MMQ,"[-1.1041264624121956, -0.8396746321991042]"
MNQ,"[-0.4291782576804986, -0.2634540554969646]"
MPQ,"[0.247852532231958, -0.4450626244278695, -0.2117734417992442, 1.0034379008641174]"
MQQ,"[1.1077766211875213, 0.5023399513659088]"
MRQ,"[0.2806219427669835, 0.4106973648295601, 0.7119013089723829, 1.5334730790100397, 0.088989835778789, 0.915841867186808]"
MSQ,"[0.3080046314708351, -0.2980348532368007, 1.0385147251393851, 1.3082627212044606, -0.8198374611542656, 0.4296795135793205]"
MTQ,"[1.6568490083868816, 0.1702913387444367, -0.1902652951726482, 0.7338905618832667]"
MVQ,"[0.0, 0.7397143245467834, 1.484937540156749, -0.1126431218817964, 0.0837427311482094]"
MWQ,"[0.5331519156549387, 1.0696809080800316]"
MYQ,"[-0.5051574951874338, 0.3765560144203652]"
