Translation,mean
V*Q,"[0.3638345286456701, -0.5573451236430689, -0.1698795516332101, 0.4235176455962471]"
VAQ,"[-0.2285075024410847, 0.3931840564815498, -0.9291736632776012, -0.5339671469851028, 0.1375689954785928, -0.486272658472858, -0.3325231484765112]"
VCQ,"[0.8301280305536594, 0.0775161970853331, 0.5089784395872794]"
VDQ,"[0.847327106396289, 0.5000664614098973, -1.0488096863073846, -0.7263830734912391]"
VEQ,"[-0.4447624899508984, 0.1210085150547986, 0.3292809032266168, 0.5047085278243078]"
VFQ,"[1.2409777808601363, -0.3209011067479785, -0.9612564950028252, -0.6765406259111488]"
VGQ,"[-0.0677379493556279, -0.6904901781507284, 0.0300013215117376, 0.1251452838615465, -0.1439636668681219, -1.4829390740085566, -0.7456195350240904, -0.2923884453107748]"
VHQ,"[0.4659109197927016, -0.4023287060918257]"
VIQ,"[0.7072030073032156, -0.5121921163621073, 0.0969724233573305]"
VKQ,"[-0.3815290887211571, 3.836995470090287, -1.3196077897264598, -1.0571342202485925]"
VLQ,"[0.0834365038736546, -0.8775506080338253, -0.1451661850099999, 0.4584714027837453, 0.3388945098196814, 0.7111700943352179, 0.2648819704672878, -0.615948437346983, 0.2267649160459788, -0.449786689470149]"
VMQ,"[0.4819128958333945, -0.8786692350043204, -1.2130671268836988, -0.8044538419465708]"
VNQ,"[0.0851806435156011, 0.1028856273699689, 0.577059589065926, 0.4007762271569825]"
VPQ,"[0.7808523920527524, 2.047326990056595, -0.1702877613915632]"
VQQ,"[0.8930851255945162, -0.173340275952869, 1.0491736793571107]"
VRQ,"[0.0, -0.0876337572219041, -0.5794038214937096, 1.293585957345961, -0.0585653199641136, 0.5043869056062045, 2.5718175986482983, 2.2481732822643377, 0.1227493739009002]"
VSQ,"[1.273768140351578, -1.084476729348225, -0.3170251876011711, -0.2670152435459094, -0.2513654445861562, 1.5459520302486922, 0.2170397262033816, 1.181659952845019, 1.4519509779478614]"
VTQ,"[4.879051618040856, -0.1120728315230081, 0.2709864475841019, 0.0175215848455945, 0.7866511504672342, 0.3723065074821061]"
VVQ,"[0.0380469014898716, 0.5850620042380603, 0.8207799803624267, 0.2982580959315877, 0.1788103475434646, 0.7883152092813752, -0.3365048748052527, -0.0449092326631897]"
VWQ,"[-0.5303393180968463, 0.1193947976512417, 0.0822792586138447, 0.9359630689091194]"
VYQ,"[0.7823133491810328, 0.2438177326450965, -0.1269459290641261]"
