Translation,mean
D*V,"[0.7065016484757569, 0.3925618901749334, 0.9801490819918371, -1.6714584324862685]"
DAV,"[1.3765390368970305, 1.3204718117548149, 0.020501070083866, 1.041468617357462, 0.1486079380362959, 1.8117965897362147, 2.2197241110987447]"
DCV,"[0.0545128807491197, 0.7901470775438755, 0.6276919707863298]"
DDV,"[0.9399352016239924, 0.7527205717136614, 0.8393910078848199, 1.2628666308583163]"
DEV,"[0.6043766072388569, 3.5260421074023363, 1.657491559407311, 0.6154232450272588]"
DFV,"[0.8608853589846461, 0.1945927825214628, -0.6123424588079915, 1.55100643591258]"
DGV,"[0.2178064447095584, 0.9102020765212115, 0.0055648955196759, 0.7540632274152967, -0.3897018780674646, 0.9294159994915194, -0.6863237826084507, -0.0919472952785263]"
DHV,"[0.9749824640434276, 0.3471819712607349, 0.5977029821841864]"
DIV,"[-0.4550956280011142, 0.7639886244558997, 0.8071325530231039]"
DKV,"[7.721298398801268, 1.0881190433905932, 1.1037634871825048]"
DLV,"[-0.3054431092068653, 2.5980898962659875, 4.309674717211461, 1.69825405819142, -0.4126235937759546, 2.503896709396427, 0.3597657603075763, 3.819509726115903, -0.1842789750630817]"
DMV,"[1.032566492291135, 3.2434563632878675, 2.755162922577969, 1.5158569243352886]"
DNV,"[5.038263229343305, -0.816889145229343, 1.198146388566628]"
DPV,"[-0.7963078369538188, 1.20464608904338, 2.0830887971150247, 1.459151707255831, 2.8733370602088426, 4.575255074267595, 1.787621728371776]"
DQV,"[1.1361618106522435, 1.2284538622913406, -0.4743603741293256]"
DRV,"[2.8189761116633143, 0.0161420730176971, 0.221230048696694, 0.5527471981674852, 1.448217792906231, -0.3636051406119395, 0.2900489642988155, 2.5332531646128, 1.088429764163937, 0.8451744562273413, 3.1056963434976854]"
DSV,"[2.7131830606979275, 0.7936700829552183, 2.22002515333201, 1.3663188582327397, 1.7541417187685813, -0.0066214465798175, 1.244032032283405, -0.9245883262008244, 1.3410647443768475, -0.2814800933430188, -1.452007913548707]"
DTV,"[1.991242809076191, 0.538085695678971, -0.240743160498372, 0.4859342661695542, 2.036690061843604, 0.6623558559477729, -0.0558254445805879]"
DVV,"[0.0, 1.7539636463013402, 1.3566155203556214, 1.1520125533660537, 0.5581593466679848, 0.4843315645737628, -0.1817189151225031, 1.1686195811595208, 1.4486919782268446, 0.5348390175627493, 0.4023222947863516]"
DWV,"[0.8469104428800822, 0.1460974469498204, 0.1421397060566658, 0.7610381277738519]"
DYV,"[2.1260093769118305, 2.747488232536643, 0.1335030654746037, 1.8352702925952815]"
