Translation,mean
N*N,"[-1.2950840436805693, 0.4996647448621285]"
NAN,"[0.6129332897076765, -1.9821406818167908, -1.5555692070086868, -1.4678873456513362, -2.1353766526873708, 0.0276128445507701, -1.939422538918793]"
NCN,"[-0.6435094139862283, -2.229489814519506, -3.594617887448944, -1.5108585883313073]"
NDN,"[-0.8187503329186647, -1.933807457711869, -0.9543627027670034, -2.23975491153663]"
NEN,"[-0.8766546357804641, -0.9113538593160956, 1.196595062073964, -1.4840538713585996]"
NFN,"[-2.395220464315594, -1.581684287482596, -1.8062683111923936]"
NGN,"[-2.6952515447311987, -1.6673404197526225, -2.228528576150921, -1.9393921080820613, -2.320032716319944, -2.5795131548599617, -2.035756904170104, -1.536117428694662]"
NHN,"[-0.6234865257750215, -0.3388916588301969, -0.632134192381617, -1.179473424080946]"
NIN,"[-2.898766586299013, -2.0499312082110475, 0.8070162050699352]"
NKN,"[-1.2144859749561023, -1.7958491699909531, 1.331073659968773, -3.593181655333426]"
NLN,"[-3.166297556886983, -1.7670733880813545, -2.043435842431963, -1.134634439671898, -2.4197735276581387, -0.105011410965325, -0.5249602529795236, -1.756305984514969]"
NMN,"[-0.5738377789589535, -0.4571745984908801, -3.065496916099491, -1.2557495185257004]"
NNN,"[-1.1970278305560234, -0.8240130731760882, -0.3798829014022216]"
NPN,"[1.0655725057845782, -0.912555821737552, 0.0101169038781048, -0.6312082447307406, 0.0, -0.6723650548729846]"
NQN,"[-2.847782657580209, -1.3571379963563688, -1.9966841501027872, -1.336334319372236]"
NRN,"[-4.044342785525988, -2.0142594115213885, -1.351346890227262, -1.9354041667265305, -1.907385892411868, -2.1570945490841966, -0.3950859689415029, -0.9502202779585316, -1.291972010309922, -4.286184149924564, -1.42961289457676]"
NSN,"[-1.482828711112143, -1.5102025996829491, -0.948524313694719, -1.5373272246706178, -1.0797283097079111, -1.3412823025774507, -1.4124724313945167, -0.4291200315355237, -1.141330244837425, -1.4716010945063944]"
NTN,"[-3.0445438439948376, -1.316765417263234, -0.3425699450028547, -1.6592867059114047]"
NVN,"[-1.1588884227204188, -2.2348457079545545, -0.1696885958228478, -1.5895152420634862, -1.499316775774684, -2.4573297735216286, -1.480920277386063]"
NWN,"[-0.804503934241291, -0.9033407642816657, -1.5609820488751192, -1.7382362025773943]"
NYN,"[-0.794354881481512, -1.1294633358935409]"
