Translation,mean
K*K,"[-0.3478847792672574, -2.1423671633484336, -2.715454909483661]"
KAK,"[-1.089006704810581, 0.4542660149916946, 0.068918480502786, 0.5308736332760038, 0.2952069607261531, 0.7977447781771262, 0.7700767408172524]"
KCK,"[0.3837158765623619, 0.0520356285688912]"
KDK,"[0.3297310974741023, -0.9799938409723143, 0.1290355666495823]"
KEK,"[-0.4540924970467799, 2.711485754953728, -0.2992341892402965]"
KFK,[-0.0568082059427048]
KGK,"[1.93654999946426, 0.6182581110159874, 1.0628932098583697, 3.9436594675241, -0.1506008065213411, 1.664987758709172]"
KHK,"[-0.2727233890757219, -1.496219640019607, 0.7271133123085187, -0.6780426669552542]"
KIK,"[0.7331367137799969, 0.5500888371363377, 0.1167492569823558]"
KKK,"[0.1617403423381347, -0.2662217421833706, 2.2952817857137955, -0.4245905974915747]"
KLK,"[0.2261197612064016, 0.3866360864327482, -0.2567615505132439, 0.6236981965660817, -0.4191459123620715, -0.2043205826786999, 0.0, 4.57655386374338, 0.9018896153425012, 1.6045252167703694]"
KMK,"[2.390870610136698, 2.67685411810416, 1.1718792344446367]"
KNK,"[-0.2935751523340624, -1.5442947499519484, -0.3523226395828995]"
KPK,"[0.4662953857977365, -0.3002040662020029, 0.5081197337883925, -0.983252486651362, -0.3126083181315886, -0.9588177962382868, -0.2667096536490234, 0.2767793432319445]"
KQK,"[-1.7124049395094554, -0.3958287095091846, 1.4744621378805451, -0.0313613240575509]"
KRK,"[-0.7864160614269053, 0.2429519363861522, 0.2492009035486688, 0.3037542480874594, -0.6851183815861777, -0.3751204768247085, -0.6004970630118365, -1.553627464739959, -1.4293168345874037, -0.8229590604395849, -0.6955521319769424]"
KSK,"[-0.5144099953534216, -0.5560723291101848, -0.1950879682491386, -1.528320799514436, 0.2268471118255366, 0.0449069518514679, -0.712782679556133, -0.589105715772301, 0.1872809637571482]"
KTK,"[-1.2796500860261115, -1.6458839775013416, 0.2127667208649715, 0.1706009167600655, -2.0237614523630896, -1.794673871251245, 0.348803575490054, -1.5762145913866463]"
KVK,"[1.812295198815919, 4.37180883875258, -0.578944562263283, -0.4942836416125562, 0.4039327626796787]"
KWK,"[0.6246802421416309, -0.585078154203373, 0.7639817676959808, 1.1505687281992234]"
KYK,"[-2.3016385636701617, -2.892180919260113, -1.545295701022793, -1.0100425221034597]"
