Translation,mean
V*T,"[-1.0988572218486032, -3.082233476215153, -0.9938626507672604, -1.9249878903393496]"
VAT,"[1.7612317392517305, 0.6369806663950346, -0.8214772102297747, 0.0610210921667596, 3.472025277064775, 0.519814589919708, 0.9633357471710956]"
VCT,"[0.9448325225540029, 0.0232561476853181]"
VDT,"[-0.1720299091481898, 0.0857511895559204, -0.3745145108481677, 0.0, 0.0300344387208068, 0.0406909404284174, 0.0176091972421889]"
VET,"[0.639595240776087, -0.976981321521288, 4.805079430748672, 0.4307079390397739]"
VFT,"[-0.4267401999784983, 0.3888151007365099]"
VGT,"[5.044656098203292, 1.2300031956936284, 2.3761778622192136, 0.27737483236813]"
VHT,"[0.2799790433715357, 0.4719155599679698, 2.2874746880743766, 0.2495437175490069]"
VIT,"[1.9124060573152617, 2.679121928564717, 0.3614655106978421]"
VKT,"[-0.7525697325481868, 0.7285723706793217]"
VLT,"[2.627775048564496, 0.6422205354096029, 0.6369981292900473, 0.7551672563471445, 1.0397221895735012, -0.4450148882785036, 0.133290736767389, 2.1856670094238666]"
VMT,"[0.7114404206868823, 1.3999281971359403]"
VNT,"[1.0595693012542975, -0.3753973185178409, 1.192532021302915, 0.2685889813697049]"
VPT,"[-0.5865875683947596, 0.1384958958986484, 0.2501291987387839, -0.1498489979710191, 3.001182413084712, -0.0430764849935485]"
VQT,"[2.8434490067574743, 0.6115352411948889, -0.0903455588364252, 1.829110184183668]"
VRT,"[2.902659631394636, 2.6151014024281425, 1.6142103242861268, 3.176347169390331, 0.2166805435283807, 1.1121791954332565, 3.2095244448598423]"
VST,"[-0.8794260120986142, 1.0198739252258855, 4.726598104150373, 0.267608149389444, 2.832918339265305, -0.6215637203981768, 0.3260401021481787, 0.9861570265361834, 2.0955258166211728, 0.502003094537411, 0.0275136310554033, 0.6914459133124229]"
VTT,"[0.4382526097873906, 0.5915951993606337, 1.1445947725077632, 0.5265060413668916, 1.439704257858775, 0.9308265693266282, 0.6632872470372053, 0.2765763415047467]"
VVT,"[2.6409962364278314, 0.0534346157379417]"
VWT,"[2.957923650256827, 1.7678207668768842]"
VYT,"[0.0757617473337912, -0.3812510155460078, 2.2604864202772603, 0.6539687334194336]"
