Translation,mean
F*R,"[0.2345549766043841, -0.3005946148872063]"
FAR,"[-0.5475825028558008, 0.4663625755222398, 0.1291537140289829, 0.5564131269320551, 0.1945981628551916]"
FCR,"[-0.4288678490425202, -0.5379487762922991]"
FDR,"[-0.1724042640584367, 0.9172642535312336, -0.0635704553337292]"
FER,"[0.4925515767620974, 1.2754796861147026]"
FFR,"[-0.2522900362326314, -0.0340237022104643, 0.111483632150227]"
FGR,"[-0.2396922507825394, -0.5792403698092787, -0.0915486469546857, -0.1967717216334855, 0.3394388616629928]"
FHR,"[1.0716679804378817, -0.6498883885113651]"
FIR,"[0.5220386334727696, -0.4377991683426465, -0.1591948203945259]"
FKR,"[0.8716597091372744, 0.3318528371614171]"
FLR,"[2.054697737306141, -0.2079695676540929, 0.1157156635133507, 0.6463255950379896, -0.0952304841569713, -0.1871927308115477, 0.9768183055593164]"
FMR,"[-0.3604505937313167, 0.8919961681044404]"
FNR,"[0.3820371421158093, 0.2195701844753959]"
FPR,"[2.451193472245012, 2.471529976010574, 0.8365343482663707, 0.7548277235935714]"
FQR,"[0.1987577806346579, 0.1291978486485376]"
FRR,"[0.1983718803020906, -0.2418791981722474, 0.420343502055152, 0.7727767834195172, 0.0239428286917479, 0.8911108811211808]"
FSR,"[-0.8393270222449756, -0.0398170361491434, 1.1965665337574514, 0.4487165017038137, -0.4554744881454748, 1.2871665090114457]"
FTR,"[2.191678845703258, 0.1263481481355155, -0.7963707692976545]"
FVR,"[0.9521533130006814, -0.3654070501227737, 0.1852021458598507, 1.770055068909378, 0.159387771188598, 0.7026140846009605, -1.2617282552797118, 0.1522697996490149, -0.0293715907511833, 0.0, -1.5900081187726247, -0.840343138629362]"
FWR,"[0.014674397032083, -0.0153472396591496]"
FYR,"[0.2240648819289497, 0.7176274738428816]"
