Translation,mean
L*C,"[0.4452123278040556, -0.9214027356905998]"
LAC,"[0.2604864857079576, 2.760536859857279, -0.5063931782667828, -0.6031397222335091, -0.6337800551720001, -0.2550628654403173, -0.92860283343175, 0.3353427157738854, 0.8786715470187856, -1.4240048399055318, 0.0, -0.0221211224496498]"
LCC,"[3.5417861495740315, 1.2682510812575227, 2.5012860781194792]"
LDC,"[1.5976296511659456, -0.0906650600245129, 0.5655714294447503, 0.3891657844937946, -0.2364374805830609]"
LEC,[2.565384926304308]
LFC,"[1.154370247686943, 1.3641989583770489, 0.6577160853094837, -0.5836121196736332]"
LGC,"[0.5875198514533704, -0.4503740472581867, -1.4469037205342152, -1.053536280232791, -1.5762998970067574, -1.463241037070496, -2.0531619459416905]"
LHC,"[-1.5090440099242812, 0.1471382522283821]"
LIC,"[2.2800519828515906, -0.2008587519573499]"
LKC,"[1.1479867349914024, -0.4218548529470185, 0.3807276205421486]"
LLC,"[1.91715251207736, 2.1975464796111126, 7.210812691160996]"
LMC,[2.279777209964198]
LNC,"[0.3486390681090032, 1.9559324170756405, 1.5198840640634668, 3.454065532117948]"
LPC,"[-0.2394635898225328, 1.4889539893849977, 0.7535421902541319, 0.507846391361765, -0.3679361808467831]"
LQC,"[2.224643426863933, 1.431379359591789]"
LRC,"[-0.5615242870899113, -2.1485967587196804, 0.5932198144224721, -0.6007735367107606, 0.0403820501328935, -0.8488981645411702, -1.183362701784879, -0.8060835266896387, -1.909996873827275, 1.404578308997305, -1.5208543088072428, -0.9655366185870404]"
LSC,"[0.1434879268834938, 1.324391521862326, 0.2573407136107831, 0.5705947723115301, -0.249460441108055, 0.92920205146112, 0.3247358815825159, -0.662061412990286]"
LTC,"[4.603482377411384, -0.1501667888624389, 1.9893176198492384, 0.4709576984101762, -0.2299386545555552]"
LVC,"[2.0798223096812016, -0.6808047097834784, 3.037739172401622, 6.619997464194402, 0.3257317043102912, -0.742358139793196, 1.800899031344045, -0.1706547583190482]"
LWC,"[1.4846457613173794, -1.4488160707155826, -0.7131132799305337]"
LYC,"[-0.2601008158952798, 1.23058330658729, -0.790406620449339, 1.5130174945824608]"
