Translation,mean
C*N,"[-1.5720198721913017, -1.818419194998473]"
CAN,"[0.7818196186698962, -1.0816320074583494, 0.1973954877327646, 0.1865632097448725, 1.0661445063638793, -1.6110297244108196]"
CCN,"[-1.4305638638910034, -2.2142753429817983]"
CDN,"[-1.929865622522272, -2.59160149198906, -0.8932215475115804]"
CEN,"[-2.634208027405812, -0.369943844650793, -1.0015369710354305]"
CFN,"[0.8608740278979141, -0.2256610032682182, -0.562901515527459]"
CGN,"[-1.8030889343080905, -1.3116362057236444, -0.2098955515491596, -0.7120493409241931, -1.5300620415683035, -1.6809302017840049]"
CHN,"[0.0318681593819709, -2.3005563351656315]"
CIN,"[-0.1132994061388696, -0.450754668939922, 0.4614788654812596, -1.4129896389617622]"
CKN,"[-0.65796126557004, -1.824840812499203]"
CLN,"[1.2501671297978802, -0.6912895047816248, -1.134989723237091, 1.391966499773103, -1.5048344530954, -1.1247626624028078, -1.007476783560855]"
CMN,"[-0.76253689698102, 1.9818567374373792, -1.037716175849695]"
CNN,"[-1.8995743437806496, -1.50412631436184]"
CPN,"[-2.273798138030818, -1.2958221744794187, -0.7694034064630237, -0.675737546742452, -3.0351740224345924]"
CQN,"[0.0775673432097896, -0.2433332025343553, -0.0039479583473926, -0.5014351359757239]"
CRN,"[-0.2461044534047385, -1.5642654724668337, -1.0226167391419274, 0.6826791905009664, -0.5256307034941363, -0.8974741480524617, -1.5061863947881342, -1.5629810354033058]"
CSN,"[0.6837425517440963, -0.7534960842927063, -1.0838210857536446, -1.4519334495226488, -1.4323331711315674, -1.609439482457894, 1.640957082830047, 0.9558235505811644, -1.9189276695902189]"
CTN,"[0.2891627979520965, -2.664798197988368, 0.0113836954085986, 1.9393037887812223, 0.0266036480128244]"
CVN,"[-0.2986774514377801, -2.937299169723145, -0.3949696620320218, -1.0571681051163022, -0.5833839915269161, -3.3669111605032924]"
CWN,"[-1.7453694918372236, -1.6782186420356684]"
CYN,"[0.0, 0.1172110064601836, -0.192102715532096]"
