Translation,mean
SPS,"[0.0, 0.5313114899485321, -0.0223353108741575]"
