Translation,mean
Y*G,"[-2.85271098073482, -1.5466985705191971]"
YAG,"[-0.6674805972542739, 0.8415972545278603]"
YCG,"[-0.1623228511683763, 0.753873295758213]"
YDG,"[-0.7899312447494626, -1.2284272903146114]"
YEG,"[1.568084205395115, 0.2140408276132621, -0.0152243722031695]"
YFG,"[2.824324347184432, 0.7388985734393873]"
YGG,"[3.788732052969865, 0.7636765673878472, -0.0737032317930737, 1.6567613634713343, 1.5149974545311211]"
YHG,[-1.093575833979454]
YIG,"[-0.3236349924655233, 0.9829810526274724, -1.1188664120659082]"
YKG,"[-0.9330849308423764, -0.9644676616381568, 0.3318894955006426]"
YLG,"[-0.9070550433382064, 2.697161373008077, 6.204959964915558]"
YMG,"[3.689394767098322, 0.016463602434638]"
YNG,"[-0.3859910737024172, -0.5585642118116052, -0.4182655993911925, 0.0, -0.1905012283783245]"
YPG,"[-1.7035571430164254, 0.3902010067746904]"
YQG,"[0.6148350193306245, 1.950501453261575]"
YRG,"[-0.4795059033502848, 0.9642892605930912, 0.3325496980406655, 2.2732316654509805, 0.7864173304083248, 3.75343181208846]"
YSG,"[2.0668680996936235, 1.5750356898843432, 0.5302744491296112, 0.1709693570582473, 2.617926114174706]"
YTG,"[-0.1634670223429868, 1.9383085715076869, 0.9912347116778104]"
YVG,"[-1.4541057824355654, -1.0154076609690217, 0.3706983502283396]"
YWG,"[1.1579935678129551, 2.3517127976734056, 1.7855029298410248]"
YYG,"[1.5030677332281464, 1.1046904721603923, -0.3169481498502478]"
