,Translation,mean,std,len
0,M*Y,0.04540887200282917,,1
1,MEY,0.3354431891399265,,1
2,MKY,0.0,,1
3,MMY,-0.12589259528021124,,1
4,MNY,0.11249498040773263,,1
5,MRY,0.3342702913734508,,1
