,Translation,mean,std,len
0,D*T,-2.2481325357595567,0.6129883915382591,4
1,DAT,0.8028673519701853,0.8267543259843408,8
2,DCT,0.6852677969852327,1.4396280863158115,3
3,DDT,-0.9561992513268648,0.2166937029767562,2
4,DET,0.018299800841979685,0.6771590309354796,4
5,DFT,1.5546101662802694,0.3263641941258992,2
6,DGT,0.4687943889377682,1.3807542093402494,8
7,DHT,1.083531997593581,2.1430157197571607,4
8,DIT,-0.3910636855274428,0.6473488175302795,2
9,DKT,0.7862060635605563,0.9576967796930572,2
10,DLT,0.5907623058116136,1.3203617855037357,6
11,DMT,1.778333965753509,1.8311505891490558,4
12,DNT,0.6092188654918379,0.8296058372926931,3
13,DPT,-0.6526981676961467,0.5235790635075257,4
14,DQT,-0.1691160825374427,2.02212585375913,4
15,DRT,0.4521840766816304,0.8488173797088353,7
16,DST,1.1690127397047805,1.3371421079570252,9
17,DTT,-0.3104326983797071,0.445335186946544,9
18,DVT,0.2908360368423267,0.7484463584371559,8
19,DWT,1.4053080575862116,0.6333590816947634,2
20,DYT,1.5600056978736494,1.0324526005191903,2
