Translation,mean,std_err_of_mean,len
R*T,-1.9936413977690048,0.023401237725952973,2
RAT,0.027469520965579086,0.2851854347777784,4
RCT,0.2328632349274876,0.09912294185138018,3
RDT,0.13383458639925871,0.3239120510221711,2
RET,0.04230607730205893,0.5175201274385488,2
RFT,-0.19373444775633622,0.22148427888658354,10
RGT,-0.29017059503450726,0.5843611425226323,4
RHT,-0.5316736574678189,0.37645652505934346,2
RIT,-0.06638370961698103,0.6220352974245263,4
RKT,0.626314533623666,0.19624006118351214,2
RLT,-0.04763294456112388,0.8910818733331198,8
RMT,-0.27574368698585294,0.08641030004039255,2
RNT,-0.38277155340269253,0.3239353607720162,3
RPT,-0.01269374768847098,0.6786780086279914,4
RQT,-0.7606615998404433,0.5121349681597398,2
RRT,-0.4076088648704019,0.6288853393144144,6
RST,0.06485095969889418,0.4147654092793157,7
RTT,-0.04656837359553889,0.8799854272034977,4
RVT,-0.24798483770576127,0.20753442610184605,6
RWT,-0.17374109562609044,0.15328365917529638,3
RYT,0.2745100361624606,0.4713203186267693,4
