Translation,mean,std_err_of_mean,len
F*N,-1.095200597560858,0.7859192119511973,4
FAN,0.25658100210939017,0.7518932081402834,8
FCN,-1.120802622777922,1.1759889755920045,3
FDN,-0.004827112374128362,0.9942186719177072,3
FEN,-0.3418106464669502,2.123375149320167,3
FFN,0.09188287936948702,1.6390626778273805,4
FGN,-0.27213531072149993,1.2262377307444436,7
FHN,1.5780177994752975,0.5385771562019582,2
FIN,1.1799912408701285,0.41842501932459925,3
FKN,-0.34946772183568225,0.8196072353313117,3
FLN,0.29889739368304213,1.3013411712184906,11
FMN,-0.19093660644248947,0.9223323859093522,3
FNN,-0.7639462684092354,0.4026502592127203,3
FPN,-1.0222878264836932,1.2966194367413644,7
FQN,0.5168109146184096,0.983892722244159,3
FRN,-0.07571809686252819,1.1779097774915113,11
FSN,-0.024661862958216527,0.7972202491271805,11
FTN,0.6625189876281239,1.1666065469107305,5
FVN,0.878815446547848,1.4374283051450607,8
FWN,0.08907415901570781,0.9614331739328832,4
FYN,0.5389141107468165,1.3457689055600632,4
