Translation,mean,std_err_of_mean,len
V*A,-1.8075956085275973,1.143534131038333,4
VAA,-0.7916468025440017,0.7711582499127869,9
VCA,-0.7518956201648349,0.7682678183896254,3
VDA,-0.9204390131723248,0.8912239915790371,4
VEA,-1.5477087662795315,1.1486558780362466,4
VFA,-0.19805009651069594,1.0084966381787963,4
VGA,-0.6580276000433627,0.7499470878557516,8
VHA,-0.16954115717514573,0.23356487409199125,8
VIA,-0.5818890369054395,0.7950507410268369,4
VKA,0.4852542615914588,0.36577937034545327,4
VLA,-0.6961811466927457,0.5775354230919542,12
VMA,-1.130683002579676,0.8588683480269268,4
VNA,-1.23423360843906,1.0194665465541943,5
VPA,-0.6538090636438276,1.4257701392291027,7
VQA,-1.220803418220831,0.6500246470765295,4
VRA,-0.8559592184933441,0.9249360812394161,12
VSA,-1.015230082299851,0.9469268774571513,12
VTA,-1.375794394743453,0.7670413694456775,8
VVA,-1.16106364471846,0.866251184691131,9
VWA,-1.1980635499974894,1.1992220066931516,4
VYA,0.37636646315207756,0.4452091827691787,4
