,Translation,mean,std,len
0,N*L,-0.7224153816837724,0.5722743624621324,4
1,NAL,0.10949266222673483,1.2616596269308282,8
2,NCL,0.11711163539779144,0.3287781859039248,4
3,NDL,-0.14402442244803454,0.4715814970785313,5
4,NEL,-0.1265224751443741,0.5628004458375845,4
5,NFL,-0.7273378323852476,0.6688113075275101,5
6,NGL,-0.5680540848284393,0.6854446666985969,9
7,NHL,0.19004646368616246,1.7547934049084652,5
8,NIL,1.2599754741703788,2.3638150667979994,5
9,NKL,-0.7539824564663546,1.37507948026748,4
10,NLL,-0.2661614567828815,0.6755578961771079,11
11,NML,-0.9590524681468257,0.8332753043968852,4
12,NNL,0.030849750587219168,0.3692551853387582,4
13,NPL,-0.7081101520245301,0.6917397367301028,8
14,NQL,-1.1717394152622878,1.2589347245594913,4
15,NRL,-0.7443611824900374,0.7236138962061549,12
16,NSL,-0.19980309788164485,1.200590262631923,11
17,NTL,0.2914994951633993,1.2676241539419766,6
18,NVL,0.09928830260428392,0.27084716584849633,13
19,NWL,-0.8115031926060023,0.8350579069999862,4
20,NYL,-0.3634372320322881,0.4602049699444215,3
