,Translation,mean,std,len
0,V*M,-0.4086462928449779,0.5905155374640286,4
1,VAM,0.16393929843206212,0.9791166660031452,8
2,VCM,-0.12245985358848532,0.7779931998474313,4
3,VDM,-0.387376834833876,0.64698156686774,4
4,VEM,-0.531408517488331,0.5941346246768943,4
5,VFM,0.3737930439088612,1.0526366440720982,3
6,VGM,0.08226682572147326,0.7200640171070605,8
7,VHM,0.6242602532188535,0.5626787747880864,3
8,VIM,0.4164515096204768,,1
9,VKM,0.6249122470947885,1.5913387322313275,4
10,VLM,1.0248528872016789,0.9701588707886404,10
11,VMM,1.36005930527342,0.0107537477135315,2
12,VNM,-0.2352981293507348,2.345093286642138,4
13,VPM,-0.3222225412209629,0.8525467996689894,8
14,VQM,-0.022182112869076683,0.5157797137288755,4
15,VRM,0.6093577578818361,1.1361920016688185,12
16,VSM,0.1855812869171867,1.0686538247412198,9
17,VTM,0.7812972682584651,1.205396743034869,4
18,VVM,-0.3635299329759921,0.9474598227361148,7
19,VWM,0.27174038625706065,0.11722291865579013,4
20,VYM,0.2895323270517258,0.8442658907771453,4
