Translation,mean,std_err_of_mean,len
TFK,0.06737366645424192,,1
TIK,-0.10470750071791794,0.2255586435129335,5
TNK,0.04072441013459116,,1
TTK,-0.025236494204782467,,1
TVK,0.3182167870389172,,1
