Translation,mean,std_err_of_mean,len
P*F,-1.4912332856665291,0.42281086605603385,4
PAF,-0.9947890615827393,0.9479765887282414,8
PCF,-0.738779912989326,0.3851919328857552,4
PDF,-1.6831506576715791,0.29828901180365136,4
PEF,-1.6832204423303379,0.5351412429100236,4
PFF,-0.8454379497543685,1.6129606726090049,4
PGF,-1.1168378707530526,0.6059728244680737,8
PHF,-1.0665932533956592,0.9100351981877274,4
PIF,-0.5691798987010583,1.2398823723908134,4
PKF,-0.848428411307991,0.13591785843893026,4
PLF,-0.6683768099989397,0.8749167994983345,12
PMF,-0.8408027314196544,1.3773753789407372,4
PNF,-0.19264220551118036,0.2226087911224385,5
PPF,-0.5954233324366859,0.7160984305596154,7
PQF,-1.1833723603527704,0.6568009548001332,3
PRF,-0.705119951413346,0.8772015641508947,11
PSF,-1.1008720673915484,0.7601281677930541,12
PTF,-0.8239588993752145,0.7719302841289332,8
PVF,-0.5235140361224997,0.4874868871643731,8
PWF,-1.912456430753005,0.5351205182290244,4
PYF,-0.876605493977946,0.7572526731357688,4
