,Translation,mean,std,len
0,R*I,-0.9134533330271424,0.10633072485203576,2
1,RAI,-0.23186509473755645,0.36499053205099147,4
2,RCI,-0.4504926750583858,0.17742304061116682,2
3,RDI,-0.4012533449558235,0.14595036051608648,2
4,REI,-0.07418823990050871,0.04887429676068096,2
5,RFI,-0.5270517254198253,0.10097395366180516,2
6,RGI,-0.310953861758306,0.20726902668499453,4
7,RHI,-0.1937855287556065,0.19247209306769075,2
8,RII,-0.496414051451548,0.5065808764239729,2
9,RKI,0.0683998024946404,0.5362795241019365,2
10,RLI,-0.27402617024145554,0.5587342204681772,6
11,RMI,-0.08139258263285765,0.09696198140597093,2
12,RNI,0.07333844047577331,1.1569610786502158,2
13,RPI,0.2249383376785985,0.5000966687633238,4
14,RQI,-0.040029005593705584,0.3966504263508139,2
15,RRI,-0.2413022195478649,0.2283327195402628,6
16,RSI,-0.17087309215089905,0.5546212451045368,6
17,RTI,-0.2368254119515649,0.37706475469617823,9
18,RVI,-0.291078830000122,0.4185051550232785,5
19,RWI,-0.4104023174588409,0.2675696047129685,2
20,RYI,-0.06713377712222313,0.9747984815145916,2
