Translation,mean,std_err_of_mean,len
TDT,-0.024053296254998635,0.03401649778359704,2
TET,-0.5903975539692876,,1
