,Translation,mean,std,len
0,I*V,0.016228572556908242,0.3612887568771333,4
1,IAV,0.1944205824242801,0.35663914230701604,9
2,ICV,0.038957176480842286,0.5167480877223095,4
3,IDV,0.4087141973262223,0.34986685397027634,4
4,IEV,0.2638165985716847,0.28255353196193633,4
5,IFV,0.0881924187239107,1.005295959334678,4
6,IGV,0.04580276243279624,0.1663667815690157,8
7,IHV,0.5573752113938371,0.8619500123454624,4
8,IIV,-0.19501832947577905,0.3342984161426255,4
9,IKV,-0.6101742190826516,0.2138960343074162,4
10,ILV,0.2092243589915351,0.3904332562390493,12
11,IMV,0.010211505838326529,0.1760050582315327,4
12,INV,0.2592718540351384,0.5762835072107841,4
13,IPV,0.3694973852256861,0.5553405752894776,8
14,IQV,-0.19577650423928936,0.5012462119635949,4
15,IRV,-0.1021933927778289,0.2331027281051655,12
16,ISV,-0.19624472672683546,0.4954462719188894,12
17,ITV,0.15632245869900352,0.5148387738199348,8
18,IVV,-0.00869268766491249,0.3163407031465008,8
19,IWV,0.19755902255416255,0.4304859884346344,4
20,IYV,0.3165615587137296,0.7257161393980367,4
