,Translation,mean,std,len
0,N*D,-0.9807513549919862,0.4861101601560652,4
1,NAD,-0.7765862479421812,0.6867656611375604,8
2,NCD,-0.2458640047934848,0.5261797977622328,4
3,NDD,-0.9389263496513852,0.6034954656437121,4
4,NED,-0.6320011942913011,0.4434009312714249,4
5,NFD,0.0937454610900792,0.35634195543458835,4
6,NGD,-0.7033130549389126,0.34252353207591685,8
7,NHD,-0.6811152517394035,0.8591574181785548,4
8,NID,0.12117611978794933,0.22771102140294386,5
9,NKD,-0.2226865465801242,0.2335999223692252,4
10,NLD,0.24896703333602266,0.6726315989416495,12
11,NMD,0.6140742421805634,0.26298677833397377,4
12,NND,0.03541388769121978,0.4457647230056485,4
13,NPD,-0.6508922373103452,0.4882527756169556,8
14,NQD,0.11465828956298818,0.8561617828415271,4
15,NRD,0.10509870209985063,0.6135033197723971,12
16,NSD,-0.5888686272172982,0.7003622147345601,12
17,NTD,-0.3410345289686445,0.2917980127586525,8
18,NVD,-0.4010029330903556,0.4928013323959172,8
19,NWD,-0.5040433563291495,0.28790874842845626,4
20,NYD,0.22063770757556744,0.6592115929650814,4
