Translation,mean,std_err_of_mean,len
FFN,-0.07182463129296401,,1
FHN,-0.10314189055346823,,1
FIN,0.08553429209268959,,1
FLN,-0.11926455790880326,0.2346116428175686,3
FPN,0.06770226553360903,,1
FRN,-0.14964574699104638,,1
FVN,-0.025121720322296426,,1
