,Translation,mean,std,len
0,A*T,-0.7501414893387239,1.4804580325289949,4
1,AAT,0.733891344777427,1.5412798875278164,7
2,ACT,-0.6577182576210454,0.6400142982184066,3
3,ADT,0.4844357879934336,0.514879591474012,4
4,AET,-0.06089264255088415,1.1245495041971991,3
5,AFT,-0.7186994850256259,0.955264290262174,4
6,AGT,0.4969508584154048,1.3037805744016238,11
7,AHT,-1.0438121229791912,0.4793612889284979,4
8,AIT,-0.3879389375883984,0.3453832955102125,3
9,AKT,-1.7275625123239158,0.30582872136253664,3
10,ALT,0.5420870269773134,1.3301974799206626,11
11,AMT,-1.211735864114581,0.5012696455531593,4
12,ANT,0.08776630554240805,0.5770659018214878,4
13,APT,0.6326128742228324,1.2571341433424734,7
14,AQT,-0.33391953278241315,0.3568572381986818,4
15,ART,-0.05468967099211608,1.2868994617693024,12
16,AST,-0.5381945380594899,0.9870710197207097,11
17,ATT,0.5080201178539234,1.3958375495598094,7
18,AVT,-0.0008044186926283407,1.0105478170204236,7
19,AWT,0.06944326982492942,1.1428501390620078,4
20,AYT,0.7028992277959167,0.264313395138297,2
