,Translation,mean,std,len
0,G*D,-1.0871416253638009,0.23687571014688216,4
1,GAD,1.0721763464815328,1.32207388221232,4
2,GCD,0.9698511338833266,0.7481361317301765,3
3,GDD,0.6961204752336169,0.4706077532348119,3
4,GED,0.2491318988645329,1.3204284242644628,3
5,GFD,-1.0257526655481095,,1
6,GGD,-0.018851970515863514,0.8114373818335505,8
7,GHD,0.9679830321714727,,1
8,GID,1.635657576890432,0.3806665865547432,2
9,GKD,2.0087259890177487,3.2926109768248653,4
10,GLD,0.4668882595360703,1.2382364922304374,7
11,GMD,0.14190884832058834,0.7815672650722357,4
12,GPD,1.3925451652724024,2.002722292051587,4
13,GQD,0.5747582580569123,0.3527606567576939,3
14,GRD,0.2463527298984771,1.251536971988029,10
15,GSD,0.479861048172059,0.7691579451033944,9
16,GTD,0.1471620852434078,0.4255589704198989,8
17,GVD,-0.11026609749178144,1.3737647164788565,5
18,GWD,0.8805019946188151,1.348071316491124,4
19,GYD,1.6393858972679096,1.5011279241769735,4
