,Translation,mean,std,len
0,D*L,-0.4410196686442507,0.4081808352484976,4
1,DAL,-0.08432599306334998,0.6503507255165283,8
2,DCL,-0.08800005525952193,0.6123661242662586,4
3,DDL,-0.11146846088300476,0.802169404879173,4
4,DEL,0.044392509003439606,0.3023581161489593,4
5,DFL,-0.27826212536968753,0.7509580553776075,4
6,DGL,0.05016389532600407,0.32327678754990324,8
7,DHL,-0.2885370083628533,0.4944070557250006,4
8,DIL,0.09592318141766434,1.0816694630684676,5
9,DKL,-0.64975844727584,1.1425819803664905,4
10,DLL,0.03334809812237638,0.7464071292832148,12
11,DML,-0.3608790296484292,0.6544919168198283,4
12,DNL,-0.2748757282129921,0.5719093104663603,4
13,DPL,-0.4689728169978253,0.3829420770791313,7
14,DQL,-0.2313925049866661,0.8960303242688452,4
15,DRL,-0.2872495230314125,0.7145665973556788,12
16,DSL,-0.041473472786925626,0.7155838876250156,12
17,DTL,0.037783441427044366,0.6036113757118508,8
18,DVL,-0.22433069339961464,0.71115073339589,8
19,DWL,-0.09807290101479936,0.3903712614127455,4
20,DYL,-0.054897750604969035,0.6716720611572959,4
