,Translation,mean,std,len
0,V*A,-1.8075956085275973,1.1435341310383331,4
1,VAA,-0.7916468025440017,0.7711582499127869,9
2,VCA,-0.7518956201648349,0.7682678183896254,3
3,VDA,-0.9204390131723248,0.8912239915790371,4
4,VEA,-1.5477087662795317,1.1486558780362466,4
5,VFA,-0.19805009651069594,1.0084966381787963,4
6,VGA,-0.6580276000433627,0.7499470878557516,8
7,VHA,-0.16954115717514573,0.23356487409199125,8
8,VIA,-0.5818890369054395,0.7950507410268369,4
9,VKA,0.4852542615914588,0.3657793703454533,4
10,VLA,-0.6961811466927457,0.5775354230919542,12
11,VMA,-1.1306830025796761,0.8588683480269268,4
12,VNA,-1.23423360843906,1.0194665465541943,5
13,VPA,-0.6538090636438276,1.425770139229103,7
14,VQA,-1.220803418220831,0.6500246470765295,4
15,VRA,-0.8559592184933441,0.924936081239416,12
16,VSA,-1.0152300822998508,0.9469268774571512,12
17,VTA,-1.375794394743453,0.7670413694456775,8
18,VVA,-1.16106364471846,0.8662511846911309,9
19,VWA,-1.1980635499974894,1.1992220066931516,4
20,VYA,0.3763664631520776,0.4452091827691787,4
