,Translation,mean,std,len
0,L*A,-3.39357139703049,0.3716999845637281,4
1,LAA,-0.09677431152271344,0.43527375736046425,8
2,LCA,0.4525343869462524,0.9471141430060191,4
3,LDA,0.7587956626322319,1.5648418897020555,4
4,LEA,-0.3073216768069442,0.7291554032339687,4
5,LFA,0.04622625093912869,1.1154936595149074,4
6,LGA,0.4099466308705608,0.4197014598567425,8
7,LHA,-0.5956664902487656,,1
8,LIA,0.5395808097106372,0.26771390388125765,2
9,LKA,0.5369152650211118,0.4636405531949949,4
10,LLA,0.10237136552590198,1.5734023985984864,8
11,LMA,0.16359857262013588,0.5720253576958846,4
12,LNA,1.6337865181785816,,1
13,LPA,0.26655844360744185,1.494594769459178,7
14,LQA,-0.4704523615416183,0.5698696841311633,4
15,LRA,-0.2020799147591887,0.8884472665398786,12
16,LSA,0.8602202678004991,1.1513242715664418,9
17,LTA,1.126689567166758,1.6686722215356862,5
18,LVA,0.4333773547891841,1.5823564035688458,10
19,LWA,-0.1437679942170773,0.39643017176553663,4
20,LYA,2.9444188860979126,5.221291261494948,2
