,Translation,mean,std,len
0,G*V,-0.7334277750280622,0.5032062384442783,4
1,GAV,-0.470688907742757,0.3994900465063248,8
2,GCV,-0.5704353125080577,0.4152008434387623,4
3,GDV,-0.1241794013889228,0.6954295853373781,4
4,GEV,-0.5908658409184291,0.5384090933589228,4
5,GFV,-0.1931462281925651,0.8870139606584589,4
6,GGV,-0.17396109832519036,0.22322800385413266,8
7,GHV,-1.282926206343231,1.44502139884899,4
8,GIV,0.014623114010869909,0.3981444037764293,4
9,GKV,-0.016926296201501857,0.4490693041389559,5
10,GLV,-0.38874574134757417,0.35648147805491703,12
11,GMV,-0.3028966423879265,0.3168473658351243,4
12,GNV,-0.6528139451363641,0.2220492936044211,4
13,GPV,-0.6401522766923339,0.8154492719892779,8
14,GQV,-0.34540471915329296,0.6932153140272181,4
15,GRV,-0.3763848499478663,0.6635236500130437,12
16,GSV,-0.5662177662465426,0.4923457963222287,12
17,GTV,-0.7659459220276529,0.4236883453680234,8
18,GVV,-0.6381420622465824,0.6428370077676292,8
19,GWV,-0.2269671142520837,0.48642121125058396,4
20,GYV,-0.5779145308531628,0.6658547262223592,4
