Translation,mean,std_err_of_mean,len
F*L,-0.3636986403295139,1.255140634076965,3
FAL,0.9903355726923444,1.1373551371586774,5
FCL,-0.48632948633737055,0.7162069691421432,3
FDL,0.6534148998241549,2.251910922063834,4
FEL,1.0653377263993988,0.5594554695675517,3
FFL,-0.4381872949469156,1.0419324491063202,3
FGL,-0.10151833122481246,0.5311626936651866,8
FHL,0.02821795904987508,0.9033981990258315,3
FIL,0.30059250307956137,1.3502134015917158,3
FKL,0.21349597975935963,0.6436396877691779,4
FLL,-0.07150535728430532,1.0292830156303427,11
FML,0.20634393806847973,0.3295839201356528,2
FNL,0.05976321823652212,0.09044824472640434,3
FPL,-0.2285235539049817,0.8558596246818956,8
FQL,1.7420147819027783,,1
FRL,-0.05984545845751929,1.2321019776803936,11
FSL,0.6334018574606918,1.331305617063706,9
FTL,1.549673504479216,1.3771459800417998,4
FVL,-0.08629486879186177,0.8180565463453761,8
FWL,-0.6170376982728321,0.17158697715908336,4
FYL,-1.1348878863773646,1.4396041631212784,4
