Translation,mean,std_err_of_mean,len
I*G,-0.7856408822550434,0.8431352274309437,4
IAG,-0.1408490498328645,0.9557706733436171,8
ICG,-0.5456583103880726,0.29299947681328564,4
IDG,-1.0818221242296717,0.7279456694799951,4
IEG,-0.156322937257388,0.6998215581127406,4
IFG,-0.4139335512406912,0.9978964056643955,4
IGG,-0.29883839734698325,0.5966868459437109,8
IHG,0.7241953629340312,0.48006361714248585,4
IIG,-0.16845404470518055,0.34597705647351684,4
IKG,-0.32944747401469043,0.4728063699011735,4
ILG,-0.0732583802608077,0.2950873375310754,13
IMG,-0.15047388161952102,0.12040443198942512,4
ING,0.22766130206883894,1.2766335778645304,4
IPG,0.08489932677708578,1.0476411527360354,8
IQG,-0.6315402202731544,0.3738331775415475,4
IRG,-0.40935845406983784,0.4416414804546308,12
ISG,-0.15005349209101837,0.8349002084589521,12
ITG,-0.08785986746762964,1.1966714350278473,8
IVG,-0.0170580957901163,0.45086851911824993,8
IWG,-0.5164130001234062,1.0056561044733878,4
IYG,0.26345360779057714,0.26945750259896917,4
