,Translation,mean,std,len
0,M*P,-1.8083139964987485,0.2704580771497568,4
1,MAP,-1.4179380920230502,1.0124046236364102,7
2,MCP,-1.5259534584124033,1.42939656372723,4
3,MDP,-1.0131490752024406,0.4772661832986898,4
4,MEP,-1.5977134268696622,0.4938824836139749,4
5,MFP,-1.5297266310590771,1.1092822667641746,4
6,MGP,-1.3793648107227297,0.4718051835921977,8
7,MHP,0.9121497059715958,4.6596033145610365,3
8,MIP,0.4387007247321473,1.7349382983636714,3
9,MKP,-1.875872800399844,0.4104380292569864,4
10,MLP,-0.7572876686565738,1.939945571914696,12
11,MMP,-2.6799566810674267,1.2953915344520623,4
12,MNP,-0.9377989737495946,1.7542478278544489,2
13,MPP,-0.5772453822537298,0.7909639829219185,5
14,MQP,-2.649518544585257,0.4769901007434171,4
15,MRP,0.2314884294789466,1.3349876370986482,11
16,MSP,-1.8673828434001207,0.8531660671841814,10
17,MTP,-0.9048390766340704,0.9582233875847193,5
18,MVP,-1.3599256938611517,0.8733992134322607,7
19,MWP,-2.0445693076242812,0.7209182600825198,4
20,MYP,-0.7622597045675205,0.5463512954848536,3
