,Translation,mean,std,len
0,E*L,-0.5465338660979007,0.6776269947188285,4
1,EAL,-0.17379156063772438,0.3659001922082506,8
2,ECL,0.3550627248746385,1.371593225550967,4
3,EDL,-0.028569870231724307,0.8238657292895493,4
4,EEL,0.3107835591793171,0.7107289371450494,4
5,EFL,0.312153600390632,1.4888447737479218,4
6,EGL,0.09110163102959157,0.2818647558042743,8
7,EHL,0.03661103833303669,0.6920463404041952,4
8,EIL,-0.5992242680307114,1.0744756994809592,4
9,EKL,0.21855024110187204,1.0347488968485503,4
10,ELL,0.2953221031939545,0.4932741043252264,12
11,EML,0.35070672108748696,0.7738982906668732,4
12,ENL,-0.03573874876292926,1.4380172448549735,4
13,EPL,-0.08303917559518705,0.47338841554213396,13
14,EQL,-0.5458930736471499,1.2808674103304605,4
15,ERL,0.19342307427927,0.3284556897414343,12
16,ESL,-0.09985571136456964,0.6520865991260316,11
17,ETL,-0.27045524518051034,0.9367605078189412,8
18,EVL,0.19987978626259814,0.5875634832888941,8
19,EWL,-0.06741193819630475,0.8299321428658997,4
20,EYL,-0.06848703264348033,1.3330345306058529,4
