Translation,mean,std_err_of_mean,len
I*G,-1.5934414253682223,0.1430275387191401,4
IAG,-0.6468757576237464,0.7711753509174607,7
ICG,0.3236381787054623,0.24716671638903506,4
IDG,-0.36483265901153805,0.7299556584420065,4
IEG,-0.2102387308017486,0.3310552928714274,4
IFG,-0.6846112966182871,0.18856718574787626,4
IGG,-0.21932249114797941,0.5179509744294579,8
IHG,-0.37030315332607744,0.4499392012755423,4
IIG,-0.1530289282136399,0.5880394388759455,4
IKG,0.45577477421661494,0.4643062986705778,4
ILG,-0.17005738902236284,0.5136014857596187,11
IMG,-0.5105966085693165,0.3929323882690195,4
ING,-0.26202812210948545,0.378798110852996,5
IPG,-1.7814862169699537,0.9642553146565843,8
IQG,0.6633096007552415,0.6233746208150571,4
IRG,-0.4028350729350178,0.8130660778427351,12
ISG,-0.23755752187742862,0.7078837894663343,12
ITG,0.37866464323687743,1.3970367120810212,8
IVG,-0.9210450281146599,1.2011830729033601,8
IWG,-0.2940554843943526,0.3908326753111376,4
IYG,-0.15501101405466788,0.48178958931864563,4
