,Translation,mean,std,len
0,P*G,-0.8475417287153373,0.38344691464476777,4
1,PAG,-0.8126326033386939,0.6050332889613577,8
2,PCG,-0.22224305263551725,0.15888281724859538,4
3,PDG,-0.08618022827059146,0.5076125785897743,4
4,PEG,0.02696616432044885,0.3269945683310823,4
5,PFG,-0.8800637378757366,0.27849447577762565,4
6,PGG,-0.6097685034139074,0.5001971785531636,8
7,PHG,-0.7557197943498166,1.1797909577336678,4
8,PIG,-0.8377348148368895,0.7967923880731648,4
9,PKG,-0.3995247909429884,0.3686107592977069,4
10,PLG,-0.6368163582218153,0.483468673411709,12
11,PMG,-0.3924987760001155,0.1796386020175544,4
12,PNG,-0.6098415178336565,0.6720626709542624,4
13,PPG,-0.21830657815285134,0.7423732285226797,8
14,PQG,0.16994109152966974,0.10758591427818676,4
15,PRG,-0.3705704241081204,0.5148430868583677,12
16,PSG,-0.21406062095194414,0.2750859457721456,16
17,PTG,-0.2937981741567549,1.0225203834795404,8
18,PVG,-0.2813304049345051,0.4561574910164772,8
19,PWG,-0.8019822371433329,0.3642603842843155,4
20,PYG,-0.4380175736993472,0.5494656110761541,4
