Translation,mean,std_err_of_mean,len
D*Q,-1.1427330086968848,0.9188428049568821,3
DAQ,0.12803083881809396,0.5648414457077797,3
DCQ,-0.20066706224571332,0.4307030254639093,3
DDQ,0.07657634915834621,0.5055337623293223,4
DEQ,0.6666754721282964,0.714159789473154,4
DFQ,0.4622083063698781,0.6902757454589297,4
DGQ,-0.6468307162876503,0.49979538069259183,8
DHQ,-1.2076938683086489,,1
DIQ,-1.0707327471464412,0.893958535270468,2
DKQ,1.2390642485631358,2.223572482633491,4
DLQ,0.33489049123719167,1.1563997065842193,10
DMQ,0.27493103978535305,0.9005820223805284,4
DNQ,1.214643347444068,1.7535643563306607,3
DPQ,0.13393388602260473,1.3239518539888262,7
DQQ,0.4837317801515151,0.43808479624525537,2
DRQ,-0.07558626458871277,0.7147286113634093,11
DSQ,0.7904699506156228,1.1025451805591544,11
DTQ,0.4603390878455424,2.2839874630584656,6
DVQ,0.5104838116920496,1.2744725678104791,7
DWQ,-0.23388331161837028,0.7408560583242216,4
DYQ,1.2574064853500238,0.6427949595539667,2
