,Translation,mean,std,len
0,F*S,-0.3405102083316456,0.5317101528259526,4
1,FAS,-0.6513020267758887,0.4374206009337708,8
2,FCS,-0.10046386058994684,0.6845538034437861,4
3,FDS,-0.6392515049775034,1.0091205799682574,4
4,FES,0.04892234814125351,0.5621436912478501,4
5,FFS,-0.9238513604802484,0.7260019492970692,4
6,FGS,-0.7056512705449853,0.6680517908090143,8
7,FHS,-0.2409761945855089,0.386451853701749,4
8,FIS,-0.5618913786846125,0.8177264293363282,4
9,FKS,-0.16736633041254967,0.3733786192041871,4
10,FLS,-0.6297353665654063,0.4582594277731345,12
11,FMS,0.05505295339154959,0.6820775274827097,4
12,FNS,-0.4660431305840376,0.7436857907126415,4
13,FPS,-0.5090057539019663,0.652892238383699,11
14,FQS,-0.2031411251997444,0.5376245239791531,4
15,FRS,-0.24784603698395724,0.7125220247851854,12
16,FSS,-0.48375568800174396,0.910478976266618,12
17,FTS,-0.3300220926676092,0.7944395937917405,8
18,FVS,-0.6983669244243292,0.6639242641813311,8
19,FWS,-0.17576514397767018,0.17622109885137682,4
20,FYS,-0.9131552533712628,0.9212683056352308,4
