Translation,mean,std_err_of_mean,len
L*A,-0.3047745746169528,0.8988327199187337,4
LAA,0.31364107785751505,0.4440968162385923,5
LCA,0.23643096164725597,0.6421747632526441,4
LDA,-0.9047195432076833,2.734699330830344,2
LEA,-0.10435522288703614,0.5677652836234554,4
LFA,0.10418260304542448,1.1216345271485837,4
LGA,0.3108225117799437,0.6844412751375941,8
LHA,1.1763265105529417,1.8275945090746473,2
LIA,0.9197155801793109,1.763803825149615,2
LKA,1.4228708824318683,2.0827124709472438,4
LLA,0.4961875572368836,1.1946221064781277,9
LMA,0.2730018856509693,0.438244126948175,3
LNA,0.4101011093629445,2.019149858697643,2
LPA,0.8869431575171082,1.2636221059411745,7
LQA,2.5771056176418368,2.4420229006032583,3
LRA,0.7244197649794897,1.6476794991371333,11
LSA,0.4822715412921397,1.281402776803383,6
LTA,0.5256472658035826,1.5760329096770067,3
LVA,0.5579189422410575,1.7829294674421374,12
LWA,-0.3453958079444819,0.5418368743382748,4
LYA,0.8639040851724604,0.5236413354744583,2
