,Translation,mean,std,len
0,I*Y,-1.3158222835550089,0.9643314613900212,6
1,IAY,-0.12432790707891912,0.6683356845090269,11
2,ICY,0.04270031294030193,0.602934078851562,6
3,IDY,0.262494072945502,0.3226960298445942,5
4,IEY,0.04011441827383422,1.649992787966145,6
5,IFY,0.3451044777876051,0.5956158015222236,6
6,IGY,-0.09202154592317192,0.7690773682981858,12
7,IHY,0.28086572048183545,0.657082851093422,5
8,IIY,0.008357245653857426,0.6269982581687943,6
9,IKY,-0.08789507785099415,1.2375665298904714,4
10,ILY,0.4077847803217533,1.278549014803117,18
11,IMY,0.35015885283849035,0.9334074271988828,5
12,INY,0.7279179973681997,0.8354627504514673,6
13,IPY,-0.11398417902659636,0.8618033786335937,10
14,IQY,-0.4665364568048743,0.6794296467091059,6
15,IRY,0.5931602416597942,0.9819746565113496,18
16,ISY,-0.20203895045947867,0.7094240136605632,16
17,ITY,0.19911574421958156,1.0233326170702266,12
18,IVY,0.022750598420306842,0.663287031954705,12
19,IWY,0.5862882092064401,0.3372000072324178,5
20,IYY,-0.1470434149078724,0.6706355822579826,6
