Translation,mean,std_err_of_mean,len
G*F,-0.7843383655280729,1.3554797613219443,4
GAF,0.5225561412972699,0.8471336526668262,7
GCF,0.32993885522325045,0.7208741332248028,3
GDF,0.7350429014220778,1.3241296830047766,4
GEF,0.4055794813768057,1.796557032599385,3
GFF,0.16338235893778696,0.9536039410373748,4
GGF,-0.18112685101813686,0.734660986032271,8
GHF,0.7663871183597941,1.1320799511494917,4
GIF,-0.8080877449208715,0.8603642183594172,3
GKF,1.3789382659111193,1.6186817698516798,4
GLF,0.412682201904949,1.2525174247787731,9
GMF,1.7800810933236297,1.1067085520630395,4
GNF,0.04457212405173805,1.7084750813513936,4
GPF,0.021798696012640492,0.18518575948466612,9
GQF,0.5833426113642671,1.3652741220164522,3
GRF,-0.34321211607456986,0.9884699318806477,12
GSF,2.0071210898552017,2.357414975811925,9
GTF,0.540669036797121,1.6670317129260097,8
GVF,-0.3140852766183479,2.143107858450818,7
GWF,0.5071397249418212,0.7632637065799858,4
GYF,0.19296192869399378,0.5444686879977579,3
