,Translation,mean,std,len
0,H*M,-0.7968130100200397,0.18558448297841426,2
1,HAM,-0.5191518198471483,0.6525515647234745,4
2,HCM,1.7063736719204408,0.32063127944427844,2
3,HDM,-0.3866686149914784,0.3959891810715597,2
4,HEM,-0.6613709989436645,0.13006567320769305,2
5,HFM,-0.6441386425393798,0.08959917562387319,2
6,HGM,-0.5159618462159372,0.3907721499558916,4
7,HHM,-0.09892730333868104,0.1399043340705599,2
8,HIM,-0.8271537524322574,0.7171582924130521,2
9,HKM,-0.2905412653449204,0.05756398405364459,2
10,HLM,-0.543610283781829,0.3610669512112816,6
11,HMM,-0.27429553203697266,0.17182624099839247,2
12,HNM,-0.10394398100397373,0.0786640874640209,2
13,HPM,-0.0629560081546412,0.05567900929678212,4
14,HQM,-0.02242577103849541,0.3220203529893061,2
15,HRM,-0.2574729278374425,0.2621142707157681,6
16,HSM,-0.6920345998082825,0.31755917591556165,6
17,HTM,0.2346040986325684,0.8581416061120183,4
18,HVM,-0.1509831837568354,0.13412247571251493,4
19,HWM,-0.441429870390512,0.023493530722657908,2
20,HYM,-0.7211183007519284,0.4265401051940213,2
