,Translation,mean,std,len
0,L*M,-0.2799494293183491,0.21740065855529728,4
1,LAM,0.15229414904391586,0.2472690755605963,9
2,LCM,0.027494775092106183,0.4067427934982677,4
3,LDM,0.14571554105727755,0.20819695714001704,6
4,LEM,-0.04420467360116138,0.25824247363981706,5
5,LFM,-0.3548415249822998,0.1662844361666775,4
6,LGM,0.14053285410499744,0.3853745630285157,10
7,LHM,0.03879599911009564,0.3301552337493392,5
8,LIM,0.0617741186887677,0.454906671392509,4
9,LKM,0.06784786077017824,0.1704964389270592,4
10,LLM,-0.3260236544047045,0.4679699430864969,12
11,LMM,0.21691677546987045,0.7108114324012105,4
12,LNM,-0.21605062289595747,0.19645067101538624,5
13,LPM,-0.2503595998228456,0.3991235987219379,8
14,LQM,0.17864553461383936,0.3153725843210054,4
15,LRM,-0.09977958896768853,0.3166150741712055,12
16,LSM,0.1001866478613304,0.327511776520998,12
17,LTM,0.2386681801959545,0.432369096952891,8
18,LVM,0.04008006305853594,0.335412526868977,9
19,LWM,-0.0528790658417706,0.2903709970371333,4
20,LYM,-0.07999998067518206,0.34796955335542434,5
