,Translation,mean,std,len
0,W*L,-1.8077595437788172,0.7842040349361943,4
1,WAL,-1.4368617394240035,0.7051587971838487,8
2,WCL,-1.2108086091183483,0.7010825627075422,4
3,WDL,-1.0254786863053682,0.5520343380607218,4
4,WEL,-0.5732632583581954,0.5144307922445246,4
5,WFL,0.07040652100444725,0.8885571838651352,5
6,WGL,-1.257012040194752,0.5025221160206736,8
7,WHL,-0.20888524646848491,1.6941520781250008,4
8,WIL,0.20409072960942365,0.9852116170469608,4
9,WKL,-0.9399285794174216,0.5746396537780597,4
10,WLL,-0.8261691243037274,0.6549786255055832,11
11,WML,-0.16568385983460732,0.8552031310369178,4
12,WNL,-1.293194931583726,1.3968342811447012,4
13,WPL,-0.2695382378529651,1.2672899451528172,7
14,WQL,-1.4271262118654475,0.6853069107062718,4
15,WRL,-1.3738988362687958,0.7504441324717905,12
16,WSL,-0.8494292344826478,0.384484222480781,12
17,WTL,-0.03915271552502274,1.14203990828597,7
18,WVL,-0.6971592059442178,0.9637101920538766,8
19,WWL,0.825664749737689,1.2741686078308048,4
20,WYL,-0.3844844355014174,0.573134120268509,4
