,Translation,mean,std,len
0,V*N,-2.038729291425353,0.26593699890266986,4
1,VAN,-0.08446761180438522,0.9410523438299312,8
2,VCN,-0.06931677905653366,0.692797486184425,4
3,VDN,-0.6667599107838389,0.9456545352525016,4
4,VEN,0.3021917492074249,1.054102963552338,4
5,VFN,0.5769583326883603,0.8733351446975396,4
6,VGN,-0.7820679708427679,0.4633777380657354,8
7,VHN,0.5483321947310875,1.7529397116757286,4
8,VIN,0.7083040032978468,1.0729411509076645,5
9,VKN,-0.9012774139552902,0.8159716399548065,4
10,VLN,0.4066811471500938,1.3153401064650234,11
11,VMN,-0.2522811060627783,0.5557139513736871,4
12,VNN,0.07059899115915469,0.3089939993198016,4
13,VPN,-0.9280053163031678,0.8332723612994779,8
14,VQN,-0.30233837897964505,0.9731945342614754,4
15,VRN,-0.7725645032900201,0.6370772316927206,12
16,VSN,-0.2791229834315125,0.527513884120165,11
17,VTN,0.3792763012797386,1.1136712729257074,7
18,VVN,-0.08737209229397414,0.8087489179780891,8
19,VWN,0.2741157324955501,0.9985746116820216,4
20,VYN,-0.4005136657339923,0.9842892045498473,4
