Translation,mean,std_err_of_mean,len
A*L,-0.5988965796048911,0.22676884082099097,4
AAL,-0.2572092634924137,0.43068981173638105,8
ACL,-0.38231788244170684,0.5804273376086493,4
ADL,-0.22560780553890125,0.15190783897053475,4
AEL,-0.2627154418483295,0.3146692145014227,4
AFL,-0.18027117172431018,0.5493741876582545,4
AGL,-0.05514186017164413,0.2769271258082609,8
AHL,0.1053775673950208,0.3793772506972868,4
AIL,-0.5402199316851313,0.6796127871851823,4
AKL,-0.19210262493831065,0.22111997944742523,4
ALL,0.11298112728021899,0.33385783090530746,19
AML,-0.10898798338048121,0.21159410184158498,4
ANL,-0.12599041677724632,0.5671449076678284,4
APL,0.38411714998783286,0.9435642342044533,8
AQL,-0.45833398589411645,0.5609685411403551,4
ARL,-0.014728094809758488,0.40064100578143724,12
ASL,0.03694994852662655,0.4182658967385327,12
ATL,-0.23757512412161397,0.6700157136005231,8
AVL,-0.2137705165512348,0.3179328084883679,8
AWL,-0.10850231577475178,0.19111858752159808,4
AYL,0.0006735517688418735,0.4793451361733585,4
