,Translation,mean,std,len
0,A*G,-1.1485718794313984,0.914555522447134,4
1,AAG,0.21014018479587224,0.5934411462145455,15
2,ACG,0.5873655337958978,0.402024145322099,4
3,ADG,-0.5005263378924271,0.39074245534647584,5
4,AEG,-1.0557503309546177,0.6719340830093592,4
5,AFG,-0.03457450011575292,0.1238808693212309,4
6,AGG,-0.6166516566661903,0.7530724041661216,8
7,AHG,-0.6483500650956202,0.9591473283032892,4
8,AIG,0.6260765110144981,0.4588192385586666,4
9,AKG,-1.3940994237900057,1.2112691293765054,2
10,ALG,0.0698339190382428,1.2645688548760172,12
11,AMG,-0.8164501683304419,0.8589060010967032,4
12,ANG,0.13595230762461474,0.6011096033590319,4
13,APG,0.17752053654951686,1.2464631005760671,8
14,AQG,-0.16163995066707434,1.0372468012258236,3
15,ARG,-0.6084361617250693,0.7334467614298444,12
16,ASG,-0.09282348401695056,1.1643695481933412,12
17,ATG,0.24330607672755694,0.8600764464681296,7
18,AVG,0.2874355561366426,0.6993510257992922,8
19,AWG,0.6113130287977404,0.7641167436082894,4
20,AYG,-0.3051749281971263,0.9178115075628872,4
