Translation,mean,std_err_of_mean,len
TFK,-0.2054758060587023,,1
TIK,0.00395710706027117,0.2854675857860728,5
TNK,-0.15041258189165507,,1
TSK,-0.09196452329332061,,1
TTK,0.19417528526948313,,1
TVK,0.19621464420422452,,1
