Translation,mean,std_err_of_mean,len
K*S,-2.073462402947719,0.618500456915365,4
KAS,-0.5877257268635647,0.5448512277824076,8
KCS,-0.5367468023619086,0.28397715889969893,4
KDS,-0.7451250029163778,0.3173694350712509,4
KES,-0.9909194170128857,0.42194092012635986,4
KFS,-0.4002957861802383,0.21931959585643987,4
KGS,-0.07056869590091791,0.19510032922649467,9
KHS,-0.8559713054092862,0.31456092392484025,3
KIS,-0.8007652721582703,0.6916328536997092,4
KKS,-1.849639065869678,0.6289469382662041,4
KLS,-0.521046650132364,0.5832587202421967,12
KMS,-0.8338376759283472,0.5435894154492394,4
KNS,-0.6188363976048676,0.8320454241925119,4
KPS,-1.5146212487760458,0.9055254877898338,8
KQS,-0.42020325082279797,0.8343771990692173,4
KRS,-1.1822122029727586,0.46212984668112667,12
KSS,-0.8489586337025515,0.7969547655222629,12
KTS,-0.25707627611192396,0.6559879072722987,8
KVS,-0.24053957110279933,0.25233171979126096,8
KWS,-1.2031479808749141,0.1965316947663674,4
KYS,-0.766520793747995,0.5103588487378877,4
