Translation,mean,std_err_of_mean,len
W*Y,-0.45730028996872907,0.34332220448065515,2
WAY,-0.769907213448926,0.7380353128754155,4
WCY,1.0597652966056272,0.6906727916972232,2
WDY,-1.0490956416746213,1.4189079006406944,2
WEY,-0.08914904989970074,0.009292601961599882,2
WFY,0.35515056525121036,0.7839940486770134,2
WGY,0.03961854388089581,0.5742593263607911,4
WHY,1.0322029644545103,1.5999390601061099,2
WIY,-0.8048750398961948,0.12096005637090308,2
WKY,-0.7518590845485855,0.052553752839859934,2
WLY,0.08992708703935293,0.9386879182263995,6
WMY,0.7492857716184051,0.9951796635842991,2
WNY,-0.3821377660759233,0.6283608440539248,2
WPY,-0.9710464421835028,0.663742875937878,4
WQY,-0.7263188325723622,0.5594597547956656,2
WRY,-0.26502961289994553,0.2995767456611321,5
WSY,-0.3121093740254186,0.710303471764124,6
WTY,-0.5212330239953171,0.7139302089975093,4
WVY,-0.44368835227588443,0.5287835523965378,4
WWY,-0.4396527028941275,0.3094909490887908,2
WYY,-0.42998588118037695,0.1951105330003773,2
