,Translation,mean,std,len
0,P*F,-1.4912332856665291,0.42281086605603385,4
1,PAF,-0.9947890615827392,0.9479765887282414,8
2,PCF,-0.738779912989326,0.3851919328857552,4
3,PDF,-1.6831506576715791,0.29828901180365136,4
4,PEF,-1.683220442330338,0.5351412429100236,4
5,PFF,-0.8454379497543685,1.6129606726090049,4
6,PGF,-1.1168378707530526,0.6059728244680737,8
7,PHF,-1.0665932533956592,0.9100351981877274,4
8,PIF,-0.5691798987010583,1.2398823723908134,4
9,PKF,-0.848428411307991,0.13591785843893026,4
10,PLF,-0.6683768099989397,0.8749167994983345,12
11,PMF,-0.8408027314196544,1.3773753789407372,4
12,PNF,-0.1926422055111804,0.2226087911224385,5
13,PPF,-0.5954233324366859,0.7160984305596154,7
14,PQF,-1.1833723603527704,0.6568009548001332,3
15,PRF,-0.7051199514133459,0.8772015641508947,11
16,PSF,-1.1008720673915484,0.7601281677930541,12
17,PTF,-0.8239588993752145,0.7719302841289332,8
18,PVF,-0.5235140361224997,0.4874868871643731,8
19,PWF,-1.9124564307530048,0.5351205182290244,4
20,PYF,-0.8766054939779458,0.7572526731357688,4
