,Translation,mean,std,len
0,N*M,-0.8394721401254963,0.6976082720901029,2
1,NAM,0.12300364858110502,0.25846813063543184,4
2,NCM,-0.06316900304667072,0.2759469038390484,2
3,NDM,0.011741294787956493,0.2945840729745318,2
4,NEM,-0.32230725390004045,0.2335128668681998,2
5,NFM,-0.7509399016237182,0.366717436685755,2
6,NGM,0.09949808296011288,0.2250668915093571,4
7,NHM,-1.0089572416167658,1.7858304660165336,2
8,NIM,0.07850531005882866,0.19306983000396627,2
9,NKM,0.18629788939482286,0.0052016151590709115,2
10,NLM,-0.4848425291928812,0.6664991579240137,6
11,NMM,-0.0957310244620655,0.20539178798314367,2
12,NNM,0.08705525299161643,1.3721199588823636,2
13,NPM,-0.2260381582884019,1.2389696315416932,4
14,NQM,-0.6621118381111821,0.6277563518593823,2
15,NRM,-0.27477207196023395,0.6952127179512902,6
16,NSM,0.020154592073890882,0.5145397972114701,6
17,NTM,-0.4071859178901032,0.5249530684520028,4
18,NVM,-0.0374458348399962,0.3273716932204789,4
19,NWM,-0.5630537989775708,0.07038259096851722,2
20,NYM,-0.28214502552277043,0.6151015157330513,2
