Translation,mean,std_err_of_mean,len
V*R,-1.3477008193914624,1.3517648749183973,4
VAR,-0.6491525105018151,1.5569793123828914,7
VCR,-0.35181505076166464,1.573641064359932,4
VDR,-0.2514394419876649,0.5392724404877226,4
VER,-0.7453668195019825,0.4177208488449093,4
VFR,-0.9862771687206693,0.7153353022215441,4
VGR,-0.9639268223330443,0.27454650322728097,8
VHR,0.11990640767140692,1.4538794010428593,4
VIR,1.1038129458984363,1.7615214291842947,3
VKR,1.785985602094502,4.555020960458794,4
VLR,0.16190524738627507,2.886194035824203,10
VMR,-0.6010135702117474,0.5187740234007167,4
VNR,0.10807253584750653,0.7861571432454934,4
VPR,-0.8132213412690691,1.0586115714834317,8
VQR,-0.3164427575538073,0.09144819947491678,3
VRR,-0.464664014084988,0.8743066435348927,12
VSR,-0.3238813341811521,1.2609528984072609,12
VTR,-0.4670419420902295,0.37183873658122435,7
VVR,-0.6934004853125355,0.586946815978441,7
VWR,-0.5297651479984367,0.621666335829908,4
VYR,-1.626841704116202,1.1346163052147304,2
