,Translation,mean,std,len
0,L*G,-2.026299426013403,0.776138810343889,4
1,LAG,0.0616058825985325,0.8515175637143969,8
2,LCG,-0.015970163472142973,2.023122158294657,4
3,LDG,1.4542723504379642,2.032706785254919,6
4,LEG,-0.12751983342062032,1.279092624336596,9
5,LFG,-0.6183740909664754,1.0013479231813958,3
6,LGG,-0.5028181526409033,1.2890806402269497,8
7,LHG,0.8330767945166535,,1
8,LIG,-0.3925362213207024,1.2461005003380643,4
9,LKG,-0.4414287199187814,1.3033509242989405,4
10,LLG,0.022156287960827796,1.3257214919641522,11
11,LMG,0.6871425640915101,2.058384120713192,4
12,LNG,0.7137452399783498,0.8727303986381703,3
13,LPG,0.4886664601673335,1.288175810367824,9
14,LQG,0.8471233535617217,1.6203661775234923,4
15,LRG,-0.08669726754552583,1.2519256917332673,12
16,LSG,0.4078986119794498,1.265445439703626,11
17,LTG,-0.12746420306988573,1.1185550649780085,6
18,LVG,0.13995189151019835,1.2111499435957869,9
19,LWG,-0.6797292029339637,0.8515592749449937,4
20,LYG,-0.35199635128364226,0.222789392004884,5
