Translation,mean,std_err_of_mean,len
S*K,0.19494309952187283,1.2780795272325916,4
SAK,0.511052901734998,0.6359150509194205,8
SCK,-0.3408631455621085,0.7611861757210118,4
SDK,-0.31629694529490426,0.40689343869565797,4
SEK,0.04908582934430217,0.07035032720441103,4
SFK,-0.16947371116193777,0.19220657177937295,4
SGK,-0.008907417337121859,0.34581087181113834,8
SHK,-0.24099832853155112,0.5113400265403666,4
SIK,-0.141138883010254,0.7446513528590135,4
SKK,-0.033025608733498135,0.8898339753722708,4
SLK,-0.181285593001508,0.7219829345362345,15
SMK,-0.3939056652274706,0.8397190303281962,4
SNK,-0.23837931056475292,0.16581773148143988,4
SPK,-0.14798857835412882,0.4791292678593245,8
SQK,-0.4025031175617526,0.7048869900418824,4
SRK,-0.1726212529274417,0.6464412265382593,12
SSK,-0.01892842134967247,0.2655102997252075,12
STK,0.49406160628943097,0.5046737475246559,8
SVK,-0.44363207299897434,0.5785565636987856,8
SWK,-0.40878797856761784,0.07581066444605047,4
SYK,-0.62464484960046,0.38212496531400575,4
