,Translation,mean,std,len
0,N*T,-1.0905616063577468,1.2660913972808705,2
1,NAT,0.5354622409099171,0.4817063877758099,3
2,NCT,0.2421193124367749,0.8518152122252166,3
3,NDT,0.9268819808268752,2.0899840004383963,4
4,NET,-0.3183184064290394,0.21416220180272505,2
5,NFT,0.00881389762770084,0.5394660862780373,5
6,NGT,-0.6058349011354487,0.9064867297666158,4
7,NHT,-0.13680196355280572,,1
8,NIT,-0.10893192600314863,0.6446263593037441,3
9,NKT,-0.6738990309121311,,1
10,NLT,0.7819167694736127,0.90130011429552,4
11,NMT,-0.21718762719642104,,1
12,NNT,1.3986496484696884,1.4211432116548446,2
13,NPT,0.2847197079023571,1.2535256322867585,3
14,NQT,0.0751520836577857,,1
15,NRT,0.7696566816817567,0.620288948457401,4
16,NST,-0.6536031008549786,1.6133567567473424,3
17,NTT,2.0601238816066845,1.848235553112984,2
18,NVT,0.10721952305582773,1.7549199559013324,5
19,NWT,-0.04030994783908426,1.0502654780447176,4
20,NYT,-0.8111217338043364,,1
