,Translation,mean,std,len
0,E*P,-0.8564293603548538,1.5332516727929049,4
1,EAP,2.087476684721023,0.8946014182393826,6
2,ECP,-0.6767896478489451,1.0046699828745962,3
3,EDP,1.708947089974139,0.9305291967087216,4
4,EEP,0.14846232183567976,1.3601623545640136,4
5,EFP,-0.926019465429858,0.9711224478083058,4
6,EGP,-0.31859532930136825,0.9409446593868,8
7,EHP,-0.16500011729020492,1.3261157743477388,4
8,EIP,0.19781195195343004,1.3595510499018688,4
9,EKP,-1.0156755831093474,1.883884643050593,4
10,ELP,-0.053039082617608965,1.1629113761970644,12
11,EMP,-0.21223482255230608,0.7180271060304299,4
12,ENP,-0.3605132879786228,0.6668159344438018,2
13,EPP,-0.41782835054574297,1.0293666001628667,6
14,EQP,-1.0897164157237065,1.2016460455682496,4
15,ERP,-0.915673041600246,0.7755791525976389,11
16,ESP,0.6619422406661705,0.9898393084199476,11
17,ETP,1.6971422928030917,0.81906742543218,6
18,EVP,-1.6001917287097993,0.8205018654047033,8
19,EWP,-0.164256107992236,0.921435571878872,4
20,EYP,-2.104188023035548,0.9476179658198836,4
