,Translation,mean,std,len
0,T*I,0.059117733162193035,0.7079096697941513,4
1,TAI,0.8404840688762484,1.3257750861642557,8
2,TCI,0.7593398554927266,1.3228936309932626,2
3,TDI,-0.377723098109982,1.0313068193736743,4
4,TEI,0.2669263108533926,1.2476028439158875,4
5,TFI,-0.00553913666796091,0.8220891735234201,4
6,TGI,0.6348234699173364,0.8710780350690295,8
7,THI,0.36113403159931945,0.5276357162174526,3
8,TII,0.2808607914405368,0.7408137710351015,4
9,TKI,-0.03627829732313407,0.5257968508738402,3
10,TLI,0.980458523803428,1.130736166830368,9
11,TMI,0.6715417786037143,0.8256536872270577,4
12,TNI,0.8007327409323589,1.4207186306412352,3
13,TPI,0.5875283808188276,0.6031758692173965,8
14,TQI,4.202533616436024,4.474635940711186,2
15,TRI,0.33824694332470434,1.234380643138793,12
16,TSI,0.9254397110217616,0.9880856016438879,10
17,TTI,-0.10424077147208692,0.32755152373038304,10
18,TVI,0.5830075271568866,1.2007888549371597,8
19,TWI,-0.09338071028305528,0.9884313191200212,4
20,TYI,1.9890740028716711,2.336013441972065,4
