,Translation,mean,std,len
0,T*Q,-0.8962363521809099,1.3239101674081861,4
1,TAQ,0.1281126212539892,0.5630531652779828,11
2,TCQ,-0.3215774453767095,0.7899559186817211,4
3,TDQ,-1.8991059111176016,2.0091933629410983,4
4,TEQ,0.24183766453631586,0.3967995475116796,4
5,TFQ,0.9437588329613948,2.3021010293720643,3
6,TGQ,-1.060881175038214,0.4704369245479981,8
7,THQ,1.0258614089112694,1.567454721814979,3
8,TIQ,1.6127180258501383,3.760470958168214,3
9,TKQ,0.3654392139753719,1.2512181574521353,4
10,TLQ,0.0685402833471839,0.7514743963967664,10
11,TMQ,0.2610336793865177,0.5346373070650231,3
12,TNQ,0.7645236224792468,0.5314052010511935,3
13,TPQ,1.0238142542792164,0.7988513563362998,6
14,TQQ,0.1273191139983408,2.7599619232190955,3
15,TRQ,0.4649502972492191,0.8599815447179933,11
16,TSQ,1.5013294655604288,1.7595777623861315,12
17,TTQ,0.5408850040811262,1.056349430410988,8
18,TVQ,0.4510257276918242,0.7851562226834182,6
19,TWQ,0.9475132195693851,1.5660662739508384,4
20,TYQ,1.4861378060037571,,1
