,Translation,mean,std,len
0,Q*G,-0.5950772499371189,,1
1,QAG,-0.11661628197411965,0.06393595546479533,2
2,QCG,-0.1455582365440531,,1
3,QDG,-0.12977069701361546,,1
4,QEG,-0.034041694171914834,,1
5,QFG,-0.4272849500741263,,1
6,QGG,-0.1827826538667248,0.02420583060446071,2
7,QHG,0.1028318221288682,,1
8,QIG,-0.2562228780573994,,1
9,QKG,-0.29195503718687205,,1
10,QLG,-0.2673427682798459,0.11513646009835656,3
11,QMG,-0.22315349551760025,,1
12,QNG,0.04111110062926837,,1
13,QPG,-0.045428759480020016,0.2799051668866369,2
14,QQG,-0.3825849184915313,,1
15,QRG,-0.17788245077429968,0.2212155132165117,3
16,QSG,0.003731807846629742,0.2683079681342522,3
17,QTG,-0.023459404058159567,0.06989303983476018,3
18,QVG,0.30054351040623484,0.033885222950969976,2
19,QWG,-0.30865142499313336,,1
20,QYG,-0.22173077517106954,,1
