Translation,mean,std_err_of_mean,len
V*Q,-0.17673895207331758,0.4307059297542301,4
VAQ,-0.35440106581020736,0.6984011990376867,8
VCQ,-0.518532290572765,0.9024122028522573,4
VDQ,-0.10694979799810933,0.9219383170690528,4
VEQ,0.02055444499197856,0.5055801830885974,4
VFQ,-0.4156358708583814,0.4979023784672822,4
VGQ,-0.408499030418077,0.5377503673387813,8
VHQ,-0.21779450689622482,0.4678122088343712,4
VIQ,0.27039229663233066,0.6063218017434252,4
VKQ,-0.14901423738500852,1.315219170101933,4
VLQ,-0.7361668517181196,0.6953370936344465,12
VMQ,-0.6997345359686489,0.8141267432027732,4
VNQ,0.29147552177711966,0.23918516450314395,4
VPQ,0.6585527886646071,0.9006646751980013,5
VQQ,0.2389174136600658,0.46708751560265344,4
VRQ,0.15251970945038948,0.5837109528091982,12
VSQ,-0.1397059770457092,1.0195155873764608,12
VTQ,0.5595506779992244,0.9443095559774908,8
VVQ,0.1597535786297557,0.3996120492080669,8
VWQ,-0.09360585830372137,0.29962775229545235,4
VYQ,-0.33728021385291673,0.5744117983243389,4
