,Translation,mean,std,len
0,E*C,-1.660713414032248,0.9230130893657564,4
1,EAC,-0.27632368595514056,0.3702807865048681,8
2,ECC,-0.3424446603508222,0.41371355943615135,4
3,EDC,-0.3485923005257374,1.1258996290040548,4
4,EEC,-0.6154364520937867,1.0858709705316811,4
5,EFC,-0.4231702918307927,0.4799095541240413,4
6,EGC,-0.17662918018494667,0.69846634697084,8
7,EHC,0.026170051480211454,0.8792949514682186,4
8,EIC,0.12094862226665072,0.6836327048928187,4
9,EKC,-1.0708129177155277,1.0157749583651798,4
10,ELC,-0.010471572042732559,0.8965562104338001,12
11,EMC,-0.25454250703950604,1.101934632272242,4
12,ENC,0.11939356255673195,1.9008672254786505,4
13,EPC,0.09009244108285797,0.7108877760989042,8
14,EQC,0.9777305730672652,2.052561424505541,4
15,ERC,0.27812554839865195,1.1575441753756543,12
16,ESC,0.05056786537351518,1.003714770288041,11
17,ETC,-0.3188316341358649,1.4229682581401144,8
18,EVC,-0.16571811177920934,0.5940892529237402,8
19,EWC,-1.6070553435437676,0.5654949877307239,3
20,EYC,-0.7606706889870662,0.8806078260549108,4
