,Translation,mean,std,len
0,F*P,0.3879615445211229,0.4212442832191621,4
1,FAP,-0.12389081793947075,0.7141856597317016,8
2,FCP,0.07354452255525401,0.542167208103391,4
3,FDP,-0.5121392383706709,0.3778653003955973,4
4,FEP,-0.5747341786329505,0.13896572690250442,4
5,FFP,-0.15758983497237344,0.18557572090474425,4
6,FGP,-0.0665228310048529,0.1739320041657723,8
7,FHP,0.16048497051599964,0.37004826427130894,4
8,FIP,-0.478457704532397,0.8830656467452337,4
9,FKP,-0.517886312873171,0.7711395553937177,4
10,FLP,-0.1044878161111021,0.4752172650460871,12
11,FMP,-0.03844420799626014,0.23684887804575164,4
12,FNP,-0.2187477331077892,0.6323244680060004,4
13,FPP,-0.16688468395006528,0.8888045209871086,8
14,FQP,-0.09827873750103366,0.5893226891844326,4
15,FRP,-0.15528058024172178,0.4041824751894893,12
16,FSP,0.03692663385922216,0.5016568615150611,12
17,FTP,-0.03331240631002736,0.4308904977739324,9
18,FVP,-0.2324978124345329,0.2480310624771433,8
19,FWP,-0.4299484621130221,0.2166439489509817,4
20,FYP,-0.5486666885400238,0.5022291940632517,4
