,Translation,mean,std,len
0,S*V,-0.44755654060811656,0.5113496504393957,4
1,SAV,-0.04628058312117633,0.4050943570960998,8
2,SCV,0.17639837599550087,0.16296194037734174,5
3,SDV,-0.6558199228606532,0.3354908178555924,4
4,SEV,-0.25222044601115656,0.3095680575355767,4
5,SFV,-0.14255997120594044,0.369760488834232,4
6,SGV,-0.03216803423829414,0.15362243416211738,14
7,SHV,0.2263326682537654,0.8326981675429945,4
8,SIV,-0.6626005146988359,0.3878210204168808,4
9,SKV,-0.1051549004547776,0.5526244373045779,4
10,SLV,-0.4010640163736201,0.8134144264545264,12
11,SMV,-0.11847508700647302,0.4056027818457187,4
12,SNV,0.4943967289075952,0.3716704255816272,4
13,SPV,0.33732970375353905,0.8678504810001693,8
14,SQV,-0.3970531841416825,0.2847506519033852,4
15,SRV,-0.08410572614056762,0.4757333681822959,12
16,SSV,-0.2848021351868401,0.6811515183652055,12
17,STV,0.18522706437236724,0.8191178141230224,8
18,SVV,-0.11116705076152772,0.24607897872530166,9
19,SWV,-0.20179176698473844,0.3342411257029828,4
20,SYV,-0.3111877327073156,0.7255782586421679,4
