,Translation,mean,std,len
0,P*D,-0.12838034899597095,0.2194864873780894,4
1,PAD,0.01918859456602906,0.4718935877890679,8
2,PCD,-0.18849894669246006,0.3266073379108021,4
3,PDD,-0.2970912770906884,0.33364985186499924,4
4,PED,-0.23482482435149746,0.4905907336558805,4
5,PFD,-0.009777782853153916,0.04862562605273886,5
6,PGD,-0.12414044442756722,0.3456684113841585,8
7,PHD,0.08858392981509944,0.5373376346343359,4
8,PID,-0.0019729613875449914,0.3311671413237515,4
9,PKD,0.0655827999116203,0.24511259496936535,4
10,PLD,-0.002717529706300533,0.5063127067763473,12
11,PMD,-0.11969635535705915,0.4171050014336461,4
12,PND,-0.16337907543893282,0.3185563694362403,4
13,PPD,-0.17543931014127856,0.5932564152250841,8
14,PQD,-0.2376921649473456,0.6899574301373952,4
15,PRD,0.10099206415349983,0.3931284880848123,12
16,PSD,0.15797734951567155,0.9399910930662326,12
17,PTD,-0.0963510693787054,0.4361544295237116,8
18,PVD,-0.09676736490428596,0.431527867796067,8
19,PWD,-0.0035759249618596564,0.3217024436111448,4
20,PYD,-0.1362528883409264,0.2652245796847941,4
