,Translation,mean,std,len
0,F*V,-0.16901175237461574,0.575809786945019,4
1,FAV,0.2067339701118035,0.3664950481111793,8
2,FCV,-0.3465141783292789,0.5098527088977879,4
3,FDV,-0.12685810484509458,0.14572939775512453,5
4,FEV,-0.3737492845308916,0.6607113181947861,4
5,FFV,0.10419607341691027,0.8038938449060332,4
6,FGV,-0.14940958669051535,0.24643023689047866,8
7,FHV,-0.2167630551991695,0.5821996877740356,4
8,FIV,0.5334078021833049,0.6068220411685025,4
9,FKV,-0.16664321515916306,0.35863282724127793,4
10,FLV,-0.10417302385626688,0.4536765911702714,12
11,FMV,0.29001701960672643,0.6003355339863125,4
12,FNV,0.6422550623058993,0.7020613748328947,4
13,FPV,0.6987210211614877,1.10135711491685,8
14,FQV,-0.02821370856612182,1.777402464594983,4
15,FRV,-0.02081685084800385,0.7459208369340616,12
16,FSV,-0.13931053682163874,0.5297314892555619,12
17,FTV,-0.18397395347388604,0.9945041212859824,8
18,FVV,0.15221011786815894,0.4495173628690574,8
19,FWV,-0.0975252810535443,0.22171194573794584,4
20,FYV,0.4133240988818889,0.15869933876515965,4
