,Translation,mean,std,len
0,T*N,-1.3480992265874523,0.7774297049980882,4
1,TAN,0.9030579020012934,0.3872838327049639,8
2,TCN,0.7176479917324021,0.16205318576135053,4
3,TDN,-0.7611677518413501,0.6075692823411215,4
4,TEN,1.4273803307083448,0.4420269459370557,4
5,TFN,-1.1754560467488948,0.3046365593067433,4
6,TGN,0.1554938904144263,0.3562924280343968,8
7,THN,-0.3392582185050006,1.0214240010834286,4
8,TIN,-0.2168027154800096,1.0986236565830334,4
9,TKN,-0.6994060742779042,0.8757197921642575,4
10,TLN,0.3812636064541924,0.586846700750902,12
11,TMN,-0.9118350696077664,0.9542309321532833,4
12,TNN,-0.3370255962390409,0.9594239790768726,4
13,TPN,-0.12002574516131348,0.7421196117442133,8
14,TQN,-0.18629341486561435,0.4649553274358885,4
15,TRN,-0.7421518668633231,0.5122589632962038,12
16,TSN,0.4452276263623236,0.6299309286341155,12
17,TTN,0.4914342116761439,1.037427779954711,8
18,TVN,0.5294139345189219,0.6651755744231419,8
19,TWN,-1.0785833670828604,0.6420051388009149,4
20,TYN,-0.5903899077938228,0.6476487161784857,4
