,Translation,mean,std,len
0,T*L,-0.6921337478443712,0.2551073239801051,4
1,TAL,0.366522195324014,0.6477731158379052,8
2,TCL,-0.2257727952055621,0.8364322467639572,4
3,TDL,0.1698727236611317,0.5511404164975579,4
4,TEL,0.796963354997279,0.8657649410352811,4
5,TFL,0.07983758652919049,0.957005429420284,4
6,TGL,1.1230813610274049,0.547722073897827,7
7,THL,0.3159268469507728,1.095559505963375,4
8,TIL,0.2781497126875521,0.8826062072606214,4
9,TKL,0.7720397781721801,1.0492089443885528,4
10,TLL,0.6418131517770053,1.0361718144678085,12
11,TML,0.3411778870815343,0.6960128333786993,4
12,TNL,1.5800560323511323,2.2710455871850197,4
13,TPL,-0.3544724006843224,0.9267422239784794,7
14,TQL,0.3187597468796606,0.522582653002011,4
15,TRL,1.0721962825004017,1.0240146804060009,12
16,TSL,-0.12239741415396188,1.1493155181847905,12
17,TTL,0.06124341918096506,0.7272136268812794,12
18,TVL,0.07000331915427949,1.1370310062311848,8
19,TWL,0.8245198131656992,1.0022622661448333,4
20,TYL,1.035375135467689,1.0455699444549351,4
