,Translation,mean,std,len
0,C*R,-0.4711292775801135,0.3094337672306553,2
1,CAR,-0.591667889347548,0.4748671475291901,4
2,CCR,-0.2658762354157269,0.5120026687593096,2
3,CDR,-0.14356261367615053,0.06163221054781098,2
4,CER,-0.0651070297440528,0.5092963426227769,2
5,CFR,0.07074432491984561,0.03928226095595578,2
6,CGR,-0.5693797130736671,0.3885025430751605,4
7,CHR,0.1949182054843699,0.13807884869316506,2
8,CIR,-0.49818236438103897,1.0599471193026146,2
9,CKR,0.4152805233678678,0.7092110618765463,2
10,CLR,-0.08675002794386504,0.6488572143630792,6
11,CMR,0.21626152813372726,0.30735198036493033,2
12,CNR,-0.770104859542803,0.02536298034721312,2
13,CPR,-0.2237857349533588,0.6769914095753784,9
14,CQR,-0.6159776765183516,0.008098265852312927,2
15,CRR,-0.024465276826100595,0.6037385759703715,6
16,CSR,-0.4652903663095607,0.30574017105349593,6
17,CTR,-0.14837264915771664,0.5086846296094306,4
18,CVR,-0.3841907464166954,0.5560817758332283,4
19,CWR,0.31649247226300403,0.1946423645867834,2
20,CYR,0.09132655478065743,0.15388772711058926,2
