,Translation,mean,std,len
0,W*D,-0.8273924201664093,0.5706166283509778,2
1,WAD,0.4201728635543618,0.8369162536088951,4
2,WCD,0.7293583354950575,0.8661968881981521,2
3,WDD,1.4039627645688402,0.4434053275824825,2
4,WED,1.5932921805461842,0.444266407033785,2
5,WFD,-0.4048256573399276,0.2297564516549754,2
6,WGD,0.6677312651812486,0.500328317117056,4
7,WHD,0.964563376528178,1.1396288899387912,2
8,WID,0.5597877201627806,0.9211606811734121,2
9,WKD,0.6658906606191373,0.7601641837285553,2
10,WLD,0.10174234064240063,0.5307175267141638,5
11,WMD,0.06887560791866454,0.04128396180889676,2
12,WND,2.7981972874483603,1.0662547979798296,2
13,WPD,1.2106907756737646,0.6976515230622911,4
14,WQD,-0.904426262027184,,1
15,WRD,1.0912809773949053,0.7453762470691971,6
16,WSD,1.5490666828498434,1.0820111170338549,6
17,WTD,0.4603163698250129,0.3241752980997687,3
18,WVD,1.1424507573143279,0.7537275681148868,4
19,WWD,2.9413585102790285,2.8124181946347218,2
20,WYD,2.132085937225609,0.4622618748384423,2
