,Translation,mean,std,len
0,D*L,-1.2158593597364191,1.3651222152115834,4
1,DAL,-1.6435522528288051,0.4541097919729822,8
2,DCL,-1.1822553766362267,0.7570039360824098,4
3,DDL,-0.8761489316092512,1.0874191372572268,4
4,DEL,-1.4262022478216831,1.6362905774142118,4
5,DFL,-0.13099525179231208,0.8883151532041893,4
6,DGL,-1.7994954018874652,0.5806924659694885,8
7,DHL,-0.8602850366942539,1.067955409409168,4
8,DIL,-0.8813905561958492,0.3757612541816189,4
9,DKL,-0.6510779090503985,0.2616818081288025,4
10,DLL,0.4862450193626245,1.232433542741438,9
11,DML,0.12744035771291146,1.155966004536677,6
12,DNL,-1.0912550523517095,0.6250948602120917,4
13,DPL,0.5286560879536726,1.4531403632434454,7
14,DQL,-1.3800239619700567,1.2147777070322134,3
15,DRL,-1.4598483784503768,0.7099521126968209,11
16,DSL,-1.6154616020241237,1.0716866907533036,11
17,DTL,-0.9333723787815156,0.7288268551720841,6
18,DVL,-0.6982521764946069,0.8126274227367573,8
19,DWL,-1.2817158592400917,0.6184874671387193,4
20,DYL,-0.6073282163068989,0.6646961721042773,3
