,Translation,mean,std,len
0,E*M,-0.6926191271417235,1.0834684565808832,2
1,EAM,-0.7239950369907466,0.35054390866802504,4
2,ECM,-0.7919402719526794,0.15174969300497745,2
3,EDM,-0.5123038233336947,0.6151304923023192,3
4,EEM,-0.9084279786561876,0.1511546559190181,2
5,EFM,-0.028334183064744774,0.2398178174080203,2
6,EGM,-2.3379261716334607,0.3591438070996725,4
7,EHM,-1.329469255409519,0.5830988640380902,2
8,EIM,-2.0430222692787567,0.509969594596125,2
9,EKM,-1.28705761963721,0.4564997311239916,2
10,ELM,-1.1850162812144267,0.7137904466507149,6
11,EMM,-0.21491067705867284,1.3307355328429509,2
12,ENM,-1.5501206918422126,0.3074197753443667,2
13,EPM,-1.4715015664412334,0.21053359196780627,4
14,EQM,-2.0226560990438838,0.05513558910786102,2
15,ERM,-1.8216075884912435,0.8683756115867352,6
16,ESM,-1.2340400903016195,0.3179856140313783,6
17,ETM,-0.9116584534881886,1.4054368758715017,4
18,EVM,-1.3902251751286552,0.7988922074372893,4
19,EWM,-1.3030988483136845,0.5841583700831137,2
20,EYM,-1.6496037531340866,0.7173417442852213,2
