,Translation,mean,std,len
0,M*N,-1.015501223587504,0.4491987279277849,2
1,MAN,-0.11556381700338705,1.3746510650314587,4
2,MCN,-0.1484971669616355,0.9210786158499488,2
3,MDN,0.5283827932226899,0.6935486335875779,2
4,MEN,1.43997028482086,0.8741637286582562,2
5,MFN,0.4064930382720564,0.024322955016583457,2
6,MGN,-0.5544485824755454,0.9166756496321063,4
7,MHN,0.4402056961852479,0.9614578946468344,2
8,MIN,-0.897741441121207,0.7885682061980798,2
9,MKN,0.053050268976493335,1.2754007572775474,2
10,MLN,-0.13957259053779522,1.3099112098858452,6
11,MMN,1.3115622345399194,2.3933465458885363,2
12,MNN,-0.09759918021355628,1.3047160350376086,2
13,MPN,0.4697316009096789,1.2845053940346407,4
14,MQN,1.807050425299944,2.339055693474307,2
15,MRN,-0.46059164653445,0.8097171404107844,6
16,MSN,0.27158626184354195,0.7636800697869147,5
17,MTN,1.2999454297549886,0.7191625102403729,4
18,MVN,-0.5525312774777726,0.9244531830940194,4
19,MWN,1.0063605079897782,0.2345537650786837,2
20,MYN,1.592437503121524,0.5070731928171297,2
