Translation,mean,std_err_of_mean,len
E*M,-0.6926191271417235,1.0834684565808832,2
EAM,-0.7239950369907466,0.35054390866802504,4
ECM,-0.7919402719526794,0.15174969300497743,2
EDM,-0.5123038233336947,0.6151304923023192,3
EEM,-0.9084279786561877,0.1511546559190181,2
EFM,-0.028334183064744778,0.2398178174080203,2
EGM,-2.3379261716334607,0.35914380709967253,4
EHM,-1.3294692554095193,0.5830988640380902,2
EIM,-2.0430222692787567,0.509969594596125,2
EKM,-1.2870576196372099,0.45649973112399156,2
ELM,-1.1850162812144267,0.7137904466507149,6
EMM,-0.21491067705867284,1.3307355328429509,2
ENM,-1.5501206918422126,0.3074197753443667,2
EPM,-1.4715015664412334,0.21053359196780627,4
EQM,-2.0226560990438833,0.05513558910786102,2
ERM,-1.8216075884912435,0.8683756115867352,6
ESM,-1.2340400903016195,0.3179856140313783,6
ETM,-0.9116584534881886,1.4054368758715017,4
EVM,-1.3902251751286552,0.7988922074372893,4
EWM,-1.3030988483136845,0.5841583700831137,2
EYM,-1.6496037531340866,0.7173417442852213,2
