Translation,mean,std_err_of_mean,len
L*I,-0.6953765718368077,0.4395563734493366,4
LAI,-0.16787823136845126,0.554297236991132,8
LCI,-0.5286990919907169,0.812603861484374,4
LDI,-0.18992928880941617,0.8481642741758963,4
LEI,-0.5660153894592965,0.6072654193543189,4
LFI,-0.5736147188934764,0.8132698344408007,4
LGI,-0.4047896289723254,0.31578528263755035,8
LHI,-0.27550065700378656,0.6160933422598102,4
LII,-0.18831061108511915,0.430129946336873,4
LKI,-0.5149911856852942,0.7611834652492181,4
LLI,-0.3065354233840369,0.5361764024543614,15
LMI,-0.6520443749027256,0.8237814811292011,4
LNI,-1.1092715768355224,0.423697136044123,4
LPI,-0.1218236947232334,0.35818845016619105,8
LQI,-0.6178824606753368,0.9182876882334694,4
LRI,-0.20524225682704192,0.5377827528017416,12
LSI,-0.5977415958530544,0.8244647644848283,12
LTI,-0.499585472934436,0.5594543088860616,8
LVI,-0.17783352670166364,0.5260686049643967,8
LWI,-0.8985737866469774,0.8438181147135168,4
LYI,-0.6099327263206606,0.6682785123570463,4
