Translation,mean,std_err_of_mean,len
I*K,-0.21324121486287742,0.33325561258540115,6
IAK,0.15471806604857186,0.8764722586529857,12
ICK,0.12583641177910673,1.0507069916572143,6
IDK,0.15740494454984155,0.796825448566727,6
IEK,0.15582076737333983,0.8308116364690301,6
IFK,-0.250615858079221,0.6328497222131332,6
IGK,0.09427565773610724,0.6412012046144294,12
IHK,0.3882923096420552,0.8487854992592865,4
IIK,-0.3126713149056706,0.8474636660063417,6
IKK,0.1152085041011633,1.3170031366316646,6
ILK,0.01093465124820403,0.60144861206738,18
IMK,0.3427143351160626,0.5522972824100838,6
INK,-0.18692579992844305,1.1353606450453029,6
IPK,0.4962171664345455,0.8778110882536405,11
IQK,0.3016858459869156,1.0513625109953884,6
IRK,0.028370554564842197,0.7624601797040469,17
ISK,0.297361910365646,0.9344156354533961,17
ITK,0.08964530810007705,0.8967091922905154,12
IVK,0.33091217408256357,0.8032694403221955,12
IWK,-0.5350443652639102,0.5579288268926705,6
IYK,-0.059542553707741065,0.4894281281422369,5
