,Translation,mean,std,len
0,V*G,-1.7812305456209374,1.5509384114698337,4
1,VAG,0.6718341779776154,1.0409117019191447,7
2,VCG,-1.3318080247773876,0.8948903416316812,3
3,VDG,1.2769536201460268,2.4639307733215707,4
4,VEG,2.431203378679732,1.175333477950263,3
5,VFG,-0.3529236944401049,0.38579632109573225,5
6,VGG,1.5417258925500914,2.064656372789368,7
7,VHG,-0.5727048021973875,1.00116567358395,4
8,VIG,-0.3678300159162356,0.5452963245624111,7
9,VKG,1.6652523908791497,0.37817302965984334,2
10,VLG,0.998780570413083,0.9947324766467258,10
11,VMG,0.3790294709280131,1.6236522200775478,4
12,VNG,0.4609556556774526,1.3600322398059554,4
13,VPG,-0.08150897308275684,0.8082209681356145,8
14,VQG,-0.002486343439781713,1.1601980094590707,3
15,VRG,0.2628270860881569,1.2087742912291588,10
16,VSG,0.7067205418299113,1.0636026016047022,12
17,VTG,0.6491941822577488,0.92774640730565,8
18,VVG,1.1619577852741183,2.09370863544489,6
19,VWG,0.930768174288204,,1
20,VYG,0.8416088965333373,2.018456759734357,4
