Translation,mean,std_err_of_mean,len
M*N,1.244978174682648,3.275349544306184,2
MAN,-0.32680932224074954,1.3134912363374982,2
MCN,-0.01283325545110614,0.790716182938309,2
MDN,2.7984696030442255,2.86370040718643,2
MFN,0.5936592684681079,1.1136156627685145,2
MGN,0.4060068850518086,1.048600973351983,4
MHN,-0.9531954306919563,0.7084312152315215,2
MIN,2.872806271656419,,1
MKN,0.7815581631195467,,1
MLN,2.339999143004394,1.5146979615780691,5
MMN,0.07831796826502657,0.8614128695992047,2
MNN,2.862430008674103,,1
MPN,-0.35765362903071285,,1
MQN,-0.5754070434597462,0.7584643912610579,3
MRN,0.3980235780817865,1.5507951643787727,3
MSN,2.049112475368667,1.5738136355197552,5
MTN,2.0945307162179088,,1
MVN,0.9671450724270608,1.2323182463177365,3
MYN,-0.49359776173465697,,1
