,Translation,mean,std,len
0,A*N,-2.199048862385349,0.7729929975462039,4
1,AAN,-0.1468262448103108,1.201928248949652,8
2,ACN,-0.3591900158151895,0.5991177393524654,4
3,ADN,0.5723384364764501,0.776564735782819,4
4,AEN,0.32895696298077826,0.34247938977950365,4
5,AFN,-0.11516765842944032,1.7179328569553045,2
6,AGN,-0.2896065319383446,1.0131798032996508,9
7,AHN,-0.4899005823139273,1.4618891001840668,4
8,AIN,0.6738748694371329,0.9646561959411032,4
9,AKN,0.5855665458796184,0.4865469306777381,4
10,ALN,-0.3347001959880257,0.9348112216062,11
11,AMN,-0.1366189662513846,1.6579634422566216,4
12,ANN,1.042941333358664,0.9385835526328786,4
13,APN,-0.2029413565893392,0.657988180036812,8
14,AQN,-0.4734961033508589,0.9669024635022176,4
15,ARN,0.31684078317316305,1.7338541933152392,12
16,ASN,0.05547254356964881,0.6861019917502351,10
17,ATN,-0.3206470283198661,1.268536232954827,8
18,AVN,0.4730338627429818,1.10810751626905,8
19,AWN,0.29128122186391714,0.9649416946837841,4
20,AYN,-0.4648332288620178,1.7371288446260194,4
