Translation,mean,std_err_of_mean,len
R*I,-1.6088783552145065,0.26727114061882024,2
RAI,-0.8371033520896551,0.3363971266157179,4
RCI,-0.6188630728195634,0.28299069452139924,2
RDI,-0.8182011231173187,0.6492212777851084,2
REI,-0.2736764592731902,0.251801792832852,2
RFI,-0.2931620884485362,0.7636781526312376,2
RGI,-0.16082263843464628,0.3085371595916847,4
RHI,0.09955069480573275,0.7143208893188414,2
RII,0.12142169822886162,1.0212920012406852,2
RKI,0.33120845335213955,0.23269816661341755,2
RLI,-0.006939041200278921,0.9070790139985007,6
RMI,1.1392290517912556,0.5029232331177226,2
RNI,-0.826513013079778,0.37198970826844535,2
RPI,-0.8884811122265635,0.8743324939016689,4
RQI,-0.09497288804171466,0.40470784713057606,2
RRI,-0.6534805507147934,0.5951724453878624,6
RSI,-0.18272478232373945,1.191891494650511,6
RTI,-0.41446624065996795,1.4764966627547578,4
RVI,-0.004550480645491128,0.6601662660602523,8
RWI,-0.5232252941160804,0.0515894803184457,2
RYI,0.1896580042470548,0.3035704281308445,2
