Translation,mean,std_err_of_mean,len
V*G,-1.861443104112831,1.6500772773259702,4
VAG,0.7619432700015092,1.6644447605164947,8
VCG,-0.07463951451396111,0.7191940258500681,4
VDG,0.7654040849210575,0.630265844797419,4
VEG,-0.061826497287840176,0.30953809615678957,3
VFG,0.8753577041109724,1.5911869593773578,4
VGG,0.6737589509278983,1.4905115638454902,7
VHG,3.697721883452856,1.6098538600561447,3
VIG,0.019016075147397338,0.4028473076566709,7
VKG,2.3646743006558637,2.8489011681858614,4
VLG,1.4110569084147133,0.9431801814263564,6
VMG,-0.13063677264284812,3.6201883793889698,4
VNG,-0.7292490539174507,1.7675962359445032,3
VPG,0.40998573431515073,1.0350488547426675,4
VQG,0.950601548970984,0.3933935186887026,2
VRG,0.9785817056487744,1.3971269350495823,10
VSG,-0.5653693076686,1.1610434271086378,6
VTG,1.4560630708320232,1.801445701327621,6
VVG,0.5216848829891992,1.6744349371278011,7
VWG,3.056388859428593,3.9598792944336108,3
VYG,1.336488092385191,1.3961756259389777,3
