Translation,mean,std_err_of_mean,len
G*V,-2.4340174584260383,1.605780854030363,4
GAV,0.3516233566961086,0.7024857195010619,7
GCV,0.16984004035270348,0.9829608019018369,3
GDV,-0.31144924048100364,0.5963975658705334,3
GEV,0.6736469500787962,1.3091761051470672,3
GFV,1.9280869579405966,1.021020646450067,4
GGV,0.40496529145731197,1.0321520839743703,8
GHV,2.458453086588938,2.6531079924437853,4
GIV,0.07179954833677993,1.4186680799726032,3
GKV,-1.0615756732783135,2.8033876996548597,4
GLV,1.0876979249128294,1.1420014474979474,10
GMV,2.1617361072375334,3.092177655485132,3
GNV,0.3826490562820701,0.32217741852450227,7
GPV,1.7547334566805488,1.1558318581578928,4
GQV,0.9447580556623988,1.8034024542500078,3
GRV,0.8397688913059634,1.1725533587773684,11
GSV,0.933163334309943,1.296830022336961,11
GTV,-0.3902803824316518,1.2386445049209331,7
GVV,1.0383119996086356,0.8128943122248633,8
GWV,0.27400708268372864,1.143552215324213,4
GYV,0.3640824730121235,1.025985520264768,3
