Translation,mean,std_err_of_mean,len
H*M,-1.9317010197710376,1.02387974043083,2
HAM,1.251920048585696,2.3478734745948504,4
HCM,0.2712999929107802,0.5386914844666079,2
HDM,-0.42256118142809385,,1
HEM,1.38080254257172,1.0755233555042483,2
HFM,0.5806562461044491,2.706765880085397,2
HGM,0.8153453905654211,0.05302445494447626,2
HHM,1.4170264386591707,0.38569174295642833,2
HIM,1.0605943871776464,,1
HKM,1.1456287055005472,,1
HLM,1.2509900399725449,1.2000608026525221,5
HMM,2.404236121894436,0.04318650113991628,2
HNM,0.6457067605815174,0.590270181884509,2
HPM,0.44970086919304886,0.7607545760511153,4
HQM,-0.05403425104972559,0.3704693446222117,2
HRM,1.230280422796942,0.6033097271424913,5
HSM,0.11568352344085871,1.0030696676019712,6
HTM,0.9198754695573573,1.5827695323622495,3
HVM,2.7411263547783675,1.5819161001612434,3
HWM,2.2957180353535085,2.086962244189668,2
HYM,0.801187449545838,1.1630430275073573,2
