Translation,mean,std_err_of_mean,len
G*V,-2.100793759359559,1.3178711917266703,3
GAV,0.1263474029065108,1.6137066113287422,5
GCV,-1.115073736028286,3.4372709900565668,2
GDV,-0.11829745471696351,0.5137554941704723,4
GEV,0.10102745942054803,1.5399314718731059,2
GFV,-0.8421455297742053,1.5758945261905015,2
GGV,1.0510257354873842,1.6104088572104795,7
GHV,-1.1964233509892765,0.7016987959594359,4
GIV,0.37922872219518045,0.5213067655532133,3
GKV,1.1190590546664856,1.3400150365540688,4
GLV,0.5750642917333325,2.4208114461903802,9
GMV,-0.025672502320480906,0.9679147043150101,4
GNV,-0.39805757419966853,0.6801980574913453,7
GPV,-0.8362154424169473,0.9393990334111566,8
GQV,0.03451476079403126,1.4084429983794176,4
GRV,-0.03465597592612035,1.0944511739651916,8
GSV,-0.7028416827589071,0.6693549896300499,10
GTV,-0.278372866616615,1.4372306247225293,8
GVV,2.0452957509649465,0.2547432173722153,2
GWV,0.6239429438566568,0.9639719514749658,2
GYV,1.6630242051437858,1.9836685987451683,3
