Translation,mean,std_err_of_mean,len
P*T,-3.2048522898946703,0.6248922620417928,4
PAT,-0.33225877129282855,0.9626797483753368,8
PCT,0.19482546721580687,1.059147365120878,3
PDT,0.8629459674672582,1.3712386382589086,4
PET,-2.5036568686825054,1.573077323795701,3
PFT,0.22688329297350696,0.9825706042837499,4
PGT,-0.12593489806087943,1.099879302313941,6
PHT,-0.800370984458862,1.0762583630188525,4
PIT,0.6315858785533557,0.44993419222774533,4
PKT,-0.3920102267431365,0.5461076754705637,7
PLT,0.03614425444156553,0.9034707266795537,11
PMT,0.21949916743601636,1.000548238494466,3
PNT,-0.3873738580848367,0.9829097038200032,4
PPT,-1.57374271061626,1.24074821526517,8
PQT,-0.5828301438287731,0.8225350083462488,4
PRT,0.12910276564220258,0.7599698915692075,10
PST,0.16979436572010062,1.6327047185704597,11
PTT,-0.5827412300763563,1.2286789779624785,7
PVT,0.7278056695191345,1.4273133972041459,6
PWT,0.3011628080590792,0.6629293899991773,3
PYT,-0.6554598635365358,1.9988310397588662,4
