Translation,mean,std_err_of_mean,len
N*K,-2.755547946592765,1.5889640521265438,4
NAK,-0.47814607931418285,0.8424458428769843,5
NCK,-0.08824090817416981,0.764086263815661,3
NDK,-0.174737710804721,0.3552306156017714,4
NEK,2.6268044578017964,,1
NFK,-0.5828756513015696,0.8644150045202951,3
NGK,0.989991017462447,2.009435043377619,5
NHK,-0.6484610096153336,0.5719954040538662,4
NIK,0.8909306424686575,0.302349070295312,3
NKK,-0.4229749848247173,1.7149734777387833,4
NLK,-0.4796720572479852,1.3978078118966708,10
NMK,-0.8189154893781225,0.1118304031888587,2
NNK,0.4665507087822811,1.307660031732903,4
NPK,-0.38437542905164757,1.3152265231650475,8
NQK,-1.0264333823911727,0.8032711538257636,3
NRK,-0.7214791142203921,1.1504546409111203,7
NSK,-0.2122111881698716,1.7327129989753238,8
NTK,-0.7340737825930939,0.5964106303424019,6
NVK,1.017528332724998,1.7080932536809408,6
NWK,2.7835053555967924,1.3346414088635703,3
NYK,-0.9113015994078149,1.0828868350660983,3
