Translation,mean,std_err_of_mean,len
L*L,-2.992783029974871,0.5110870586809833,4
LAL,-1.1065726280944228,0.3917823537685561,8
LCL,-1.0547260724962462,0.6811430635727607,4
LDL,-2.5235098056533047,2.9762856957057306,3
LEL,0.5363748741144463,1.0936993585653045,4
LFL,-0.8319605573000861,0.25915837546555387,2
LGL,1.8522545995933881,0.7132403689626546,4
LHL,-1.113821625164464,0.9570933856375873,4
LIL,-0.846394772839641,0.9801984105852085,4
LKL,0.23034954652393877,1.370965316077411,9
LLL,-0.7544502872642633,1.720116826400694,10
LML,-0.9621846102569709,2.5359146555761183,4
LNL,-2.2918155827959654,0.8553462572745119,3
LPL,-1.8653444223119147,1.0239815026847623,8
LQL,-1.2585481574841468,1.0468409836959685,4
LRL,-0.3719765379667926,1.5106983781329755,9
LSL,-0.04240536300129092,1.3510523644084527,10
LTL,-0.8844520652290617,1.2259393220558765,7
LVL,-1.2442467826648078,0.6152854520244957,4
LWL,-0.3235681488233002,1.3192170497294957,2
LYL,-0.16117556325171067,0.5476480258518492,4
