,Translation,mean,std,len
0,N*K,-2.755547946592765,1.5889640521265438,4
1,NAK,-0.4781460793141829,0.8424458428769843,5
2,NCK,-0.08824090817416981,0.7640862638156609,3
3,NDK,-0.174737710804721,0.3552306156017714,4
4,NEK,2.6268044578017964,,1
5,NFK,-0.5828756513015696,0.8644150045202951,3
6,NGK,0.989991017462447,2.009435043377619,5
7,NHK,-0.6484610096153336,0.5719954040538662,4
8,NIK,0.8909306424686575,0.302349070295312,3
9,NKK,-0.4229749848247173,1.7149734777387833,4
10,NLK,-0.4796720572479852,1.3978078118966708,10
11,NMK,-0.8189154893781225,0.1118304031888587,2
12,NNK,0.4665507087822811,1.307660031732903,4
13,NPK,-0.3843754290516476,1.3152265231650475,8
14,NQK,-1.0264333823911729,0.8032711538257636,3
15,NRK,-0.7214791142203921,1.1504546409111205,7
16,NSK,-0.2122111881698716,1.7327129989753238,8
17,NTK,-0.7340737825930939,0.5964106303424019,6
18,NVK,1.017528332724998,1.7080932536809408,6
19,NWK,2.7835053555967924,1.3346414088635703,3
20,NYK,-0.9113015994078149,1.0828868350660985,3
