,Translation,mean,std,len
0,K*D,-2.5308075116810307,1.648042454000895,4
1,KAD,0.1051765758451042,1.2281744537176582,8
2,KCD,0.2157560122086958,1.5909682530643072,3
3,KDD,-0.8756959430443911,1.890267851237452,4
4,KED,-0.9522791690826652,1.9437508843184024,4
5,KFD,-2.2478128229001766,1.1507630529203758,4
6,KGD,-0.07866678229654911,0.698575535912821,8
7,KHD,-1.0040497897675302,1.7083736770051952,4
8,KID,-0.7523809827311156,0.7735021164946908,3
9,KKD,-1.480460861186626,1.6308377938555445,4
10,KLD,-0.351657981033459,1.352558417030732,12
11,KMD,0.6297311307001316,0.8259451606534758,2
12,KND,-1.0755272232591848,1.4792183038317177,4
13,KPD,-1.8627393980810167,1.1120415400429755,8
14,KQD,-2.499218987585439,0.5241732536498611,4
15,KRD,-1.189782817208135,1.233217913879313,12
16,KSD,-0.2739666269300722,1.4473925583605018,11
17,KTD,0.6271207714720612,0.98714412474193,8
18,KVD,0.13418657986862806,1.1959087196398417,8
19,KWD,-0.15641513190303455,1.4113050498005424,3
20,KYD,-1.1704108362124623,0.6721181641980241,4
