,Translation,mean,std,len
0,V*K,-2.366387880747841,2.8242581603605483,4
1,VAK,-0.9049014897422364,0.8353218467072768,8
2,VCK,-0.3656983709283368,0.9229190989941092,4
3,VDK,-1.2024375903187106,1.1247392344481395,4
4,VEK,-1.4828475724002943,0.8869362902004155,4
5,VFK,-0.08878356474660842,1.0768366820219455,4
6,VGK,-0.7758708863592779,2.033239213650264,7
7,VHK,-2.7523066096229853,0.859454159852718,4
8,VIK,0.5826236356102301,1.2007744958985294,3
9,VKK,-2.0532384758001294,1.4741229183398201,4
10,VLK,-0.08169385619002395,1.6996477695235446,13
11,VMK,-0.9654525717560064,2.3123656739375957,4
12,VNK,-2.7273735868055566,0.6885608476349582,4
13,VPK,-2.168125361916132,1.4779104367476803,8
14,VQK,-1.0086844750392965,1.6883113249702086,4
15,VRK,-2.112215332826949,1.5995478292179737,11
16,VSK,-1.5395457293734136,1.3472368116921978,12
17,VTK,-0.5881671737006083,0.910300162418175,7
18,VVK,1.7765352034974171,1.9748682799601618,7
19,VWK,-2.1395990464812757,1.030468153328245,3
20,VYK,-0.981529250288358,1.3464635308306108,4
