,Translation,mean,std,len
0,C*L,-2.175960619443554,1.9548986066585148,4
1,CAL,-0.2087488438433175,1.6243094686233843,8
2,CCL,-0.007476959396607973,0.555546474933557,4
3,CDL,-0.08451671663913096,2.4524978134776854,4
4,CEL,1.055227804349441,0.8079204312755092,4
5,CFL,-0.07058348679196769,0.7755930047993346,3
6,CGL,0.9415675561251444,3.62874320915178,4
7,CHL,-0.5807250350001238,1.1310008394080848,4
8,CIL,0.24942809538128266,1.8866284668850144,4
9,CKL,-0.7962456369580897,2.054207401605193,3
10,CLL,0.4386469802336738,1.6741617015022978,9
11,CML,0.5264614783428976,0.7755319336507946,2
12,CNL,-1.6531732871095457,0.8562118514055003,4
13,CPL,-2.3184438421480924,0.7483752626168076,8
14,CQL,-1.1074715691425892,0.8223537152077481,4
15,CRL,0.7511969600311121,0.945835643981182,9
16,CSL,-0.2367220137488913,1.6748042704461463,10
17,CTL,-0.13690683402324705,1.298179366358302,7
18,CVL,-0.3209317024317633,1.427976288739225,11
19,CWL,-0.2647463682944853,1.865741309510353,3
20,CYL,-0.6821561714815674,0.8980706953004254,4
