,Translation,mean,std,len
0,V*T,-3.3304304124300375,0.4332145987310594,4
1,VAT,0.5126117332981419,2.0050365739698868,8
2,VCT,0.48143491447743697,0.0006620606449097603,2
3,VDT,-0.3679771057798306,0.2679881559637396,7
4,VET,-0.4485016057546392,0.7167399519561153,4
5,VFT,-0.2530971107514901,0.57509963508804,3
6,VGT,0.7623042386231879,2.178697360487301,6
7,VHT,0.4003799040803917,0.6799049843164844,4
8,VIT,1.1880916724924824,1.39602331860059,4
9,VKT,-0.01199868093443257,1.0473256250930767,2
10,VLT,0.5427707151941998,1.345662146018984,10
11,VMT,0.3378325937991725,0.9009091365193646,3
12,VNT,-0.19887888595028524,0.33044838509817737,4
13,VPT,-0.5076161220977566,1.5993955945978222,7
14,VQT,1.1134592271451191,0.8327811069188,4
15,VRT,0.9177222207131775,2.115763899156974,10
16,VST,0.6311010106929469,1.4680651642618747,12
17,VTT,0.6295417795475347,0.4447572726502893,8
18,VVT,0.4966149511940466,1.9037064846386056,5
19,VWT,1.3654022598023186,0.3597314872099224,3
20,VYT,-0.054481788263430975,1.6387962087560484,4
