,Translation,mean,std,len
0,F*V,-0.5481374180821825,0.7550506600350854,4
1,FAV,-0.8032233852158517,1.0836715638365937,8
2,FCV,0.23969054912045265,0.3331423079517023,4
3,FDV,-0.003114235745469207,0.9674356889786504,4
4,FEV,-0.2750476196570683,1.1053149361904993,3
5,FFV,0.0068503280190070895,0.8990934515563272,4
6,FGV,-0.92036039880995,0.8310164983198274,8
7,FHV,0.4948080306558902,0.9589144992887656,3
8,FIV,-0.3310985122555259,1.878640569224017,4
9,FKV,-0.12272810100457998,1.6955932783762888,4
10,FLV,0.05819286471694333,0.8874748403609942,12
11,FMV,-1.4647416107847238,1.4294176756357324,4
12,FNV,0.06544713564966154,1.11696485241617,4
13,FPV,0.8845163382431966,0.9377980326010232,7
14,FQV,-1.0555950969013612,0.7782359020019287,3
15,FRV,-0.4017761587316284,0.7132168015790731,12
16,FSV,0.5746133413684908,1.0725239465171266,11
17,FTV,1.216203958190173,1.898115583191936,4
18,FVV,-0.9079620186988028,1.158812221709444,8
19,FWV,-0.3335454761971701,0.4912349199142945,4
20,FYV,-0.4318219164136776,0.7098473956503809,4
