,Translation,mean,std,len
0,P*Q,-0.031669135794568204,0.6742198362925711,4
1,PAQ,-0.8122818327030905,0.7197339313947848,8
2,PCQ,-0.8319321367336368,0.3701282932426984,4
3,PDQ,-0.9399068258457056,1.0096461550485638,4
4,PEQ,-0.5695338128757628,0.4764629622697165,4
5,PFQ,-1.3143358480935459,0.4538016325690084,4
6,PGQ,0.05094010394585771,0.3641781011834046,9
7,PHQ,-0.04799491415633162,0.8128461866212412,4
8,PIQ,0.17794493432310565,0.8568586794839661,4
9,PKQ,-0.0055606234964695744,0.5153949179312075,4
10,PLQ,-0.15941320472794762,0.7242094528613989,11
11,PMQ,0.06262877217904682,0.4743352668769805,4
12,PNQ,-0.3623507880006105,0.42206980812374456,4
13,PPQ,-0.380947923368698,1.030526786647177,7
14,PQQ,-0.024545554548454532,1.160198839300815,4
15,PRQ,-0.1694718234188778,0.7603220551420969,12
16,PSQ,-0.43808877103009947,0.7263993853881225,11
17,PTQ,-0.14083384026670814,0.9546554267746462,7
18,PVQ,0.14664779828101304,0.5923607002235691,8
19,PWQ,-0.1890621742818128,0.8516736689335158,4
20,PYQ,-0.3811494469389196,0.9160298493875872,4
