,Translation,mean,std,len
0,SPS,0.08696109958821198,0.17033048528200073,3
