,Translation,mean,std,len
0,G*P,-1.2027915897174268,0.5848601252869455,4
1,GAP,0.025878686920111305,0.5459838428802003,8
2,GCP,0.3064757958743143,0.617308795666435,4
3,GDP,0.13950289904993562,0.7539225004419388,4
4,GEP,0.366328272331564,0.7637578994440577,4
5,GFP,0.10316512683113667,0.6486779743755154,4
6,GGP,-0.04459542010460371,0.6364734077813092,8
7,GHP,0.41138500581353604,0.3179705560999162,4
8,GIP,-0.5081326479402046,0.5129235445638362,4
9,GKP,0.01723152847192,0.6839520683798848,4
10,GLP,0.006519260505458331,0.5459746213624893,12
11,GMP,-0.0953975613767879,0.6005351180848094,4
12,GNP,0.2600581936287709,0.5163166241630122,4
13,GPP,-0.4265624739190834,0.4153007569105684,9
14,GQP,-0.12427683903926813,0.4634130586440115,4
15,GRP,-0.14742501225288382,0.6177045340424353,12
16,GSP,0.2553605312806436,0.463475395439225,13
17,GTP,0.028774118650770286,0.455159486880333,8
18,GVP,-0.5700061346466094,0.6105515611948465,8
19,GWP,-0.01014594653011236,0.6949666134161617,4
20,GYP,0.7523362048205919,0.37042383919018607,4
