,Translation,mean,std,len
0,V*Q,-2.222227273849407,0.9871542998172465,4
1,VAQ,-1.4348964878692216,0.4410532734076015,6
2,VCQ,-1.5163105962266838,0.9945397527953164,4
3,VDQ,-1.0937911868924246,0.4171032097971704,2
4,VEQ,-0.7737942657731426,0.4564027117933841,4
5,VFQ,1.6340131471543753,0.7449974253030297,2
6,VGQ,-0.6967345660986688,0.7771800264803144,7
7,VHQ,-1.6569122780179806,0.8364298473544871,3
8,VIQ,-0.3997000826873301,0.2732885161334129,2
9,VKQ,-1.0970922180583205,0.21715857501712074,4
10,VLQ,0.2343753936380333,1.0564666630245736,8
11,VMQ,1.7935504600916972,0.4351155747768925,3
12,VNQ,-1.6231942286590701,0.3539533947207799,3
13,VPQ,-1.5766875418924489,0.5788035239291472,6
14,VQQ,-0.6660523151258044,0.9464625136090518,4
15,VRQ,-1.37883022968633,1.0380914013076332,11
16,VSQ,-0.5317126817660649,2.807891053769527,10
17,VTQ,-0.17712099191001746,1.1498985872264156,5
18,VVQ,-1.3591660963717649,0.4625250359094267,6
19,VWQ,0.31663119010740703,0.8099544404512624,4
20,VYQ,0.9027294735729058,1.1842488558357842,6
