,Translation,mean,std,len
0,A*R,-2.6242508158908,1.5441829819978157,4
1,AAR,-0.27919296555518064,1.1739680836480102,5
2,ACR,0.6266112263797009,1.3928154587035195,3
3,ADR,-0.12942684527575565,1.8128796059286445,2
4,AER,0.3699926262013755,1.1020728697536477,4
5,AFR,-0.05533557432001205,2.229229606944616,3
6,AGR,-0.8334234677050709,0.9373537096740872,6
7,AHR,3.6106717594361952,6.002248670683442,2
8,AIR,0.6032889986458261,1.1283112640652282,3
9,AKR,-1.0256351987562948,0.7171985955121819,4
10,ALR,0.7165489053487367,1.6059130938419748,6
11,AMR,-0.10668661868341077,0.08632385111742934,4
12,ANR,1.1538303112068249,0.9983202227361786,2
13,APR,-0.3689914709443407,,1
14,AQR,-0.4643425546452979,0.6861579512121968,4
15,ARR,-1.5139530416181326,0.8913231664323841,7
16,ASR,0.02121026766712664,0.7556027894105954,7
17,ATR,-0.18562408974803926,0.8676251688220437,3
18,AVR,-0.4726960988579805,1.043025324898924,5
19,AWR,-0.7842732917086728,0.7218112353051097,4
20,AYR,0.736413860997982,0.8293007960888329,2
