Translation,mean,std_err_of_mean,len
S*L,1.082463985393133,2.205484243967976,5
SAL,-0.034722067005900636,0.6132230281648547,8
SCL,-0.20172130233273844,0.7855969679885099,5
SDL,-0.28682593642874066,0.804218229073074,4
SEL,0.14264627003340724,0.4154576841887903,4
SFL,0.7134815318825989,1.494221276904607,9
SGL,0.105342413827897,0.39397619750845436,8
SHL,-0.4709505959295408,0.561257680468486,4
SIL,-0.5617356187261136,0.39092959670896565,4
SKL,0.11358618924984021,0.6052371067499638,4
SLL,0.4447844148273565,1.809149348025269,13
SML,0.3142598023361016,1.0537691730139949,4
SNL,-0.3516672533023799,1.36881154732312,4
SPL,0.3954275730719897,1.3540084754004973,8
SQL,0.03844425650054384,0.9610042060312725,4
SRL,-0.3256287964025863,0.5869087598638771,12
SSL,0.040150118716744045,0.4691983207891377,12
STL,-0.15858547868967443,0.8091998987702334,8
SVL,0.10659054003154778,0.23678668976420086,8
SWL,-0.05730440093034428,0.2961043313826885,4
SYL,-0.1980350659376704,0.522243688409308,4
