Translation,mean,std_err_of_mean,len
F*N,-0.2252335063238886,0.5723366312365679,4
FAN,-0.11498639439030844,0.4347677288953256,8
FCN,-0.3994251225495362,0.19503190891333183,4
FDN,-0.0777334947181132,0.5671635083077651,4
FEN,-0.07122322260302028,0.6513929963926426,4
FFN,0.1096449430652986,0.15174252525175666,4
FGN,-0.019858354081129237,0.3764999183957028,8
FHN,0.21493831791922702,0.5147842257410769,4
FIN,-0.021156125990928087,0.8528791581411569,4
FKN,0.2609510948875515,0.5405249571956579,4
FLN,0.09868066843324064,0.39925295467246114,12
FMN,0.020851063572165485,0.3459403410875517,4
FNN,0.05534410083134644,0.40906322935143014,4
FPN,0.09405422039176248,0.6826170248167158,8
FQN,-0.5872796012832693,1.0286410182101189,4
FRN,0.41148469514239955,0.4878780779724559,12
FSN,-0.03748747826482927,0.5281114275920448,12
FTN,0.20870602421973883,0.2807104890503249,8
FVN,0.0532634746722509,0.31945250088502164,8
FWN,-0.09619760173516245,0.597533795122084,4
FYN,0.2290899738458183,0.46208371055182257,4
