,Translation,mean,std,len
0,G*V,0.03707950535080395,0.33507868490116155,4
1,GAV,-0.326727493324933,0.5557050281231726,8
2,GCV,-0.04882245050027168,0.3194221809401943,4
3,GDV,-0.219256646426194,0.3093071375501069,4
4,GEV,-0.3786973286401516,0.3393321691036658,4
5,GFV,0.1183721040512784,0.2342468332581692,4
6,GGV,0.05444702341190333,0.2410234914423381,8
7,GHV,-0.2249938748821747,0.6479567653825505,4
8,GIV,-0.3423004263106082,0.5200094846897948,4
9,GKV,-0.06962890259703647,0.2699117275371232,4
10,GLV,0.14940241746365535,0.2270908741018728,12
11,GMV,0.014275307907225088,0.3824712051396662,4
12,GNV,-0.4235219416642631,0.6168733585895966,4
13,GPV,0.0740775571987784,0.7763791004793876,8
14,GQV,-0.05810410672632349,0.707366907294499,4
15,GRV,-0.06630522020820727,0.5283076630133228,12
16,GSV,0.3516500802267072,1.4288452063390782,17
17,GTV,-0.13161255424196106,0.5363240287640113,8
18,GVV,-0.13879353329923094,0.4413132142436119,8
19,GWV,-0.0340005285710312,0.3151770169901464,4
20,GYV,0.1868068726185408,0.3762715446592685,4
