,Translation,mean,std,len
0,G*C,0.033634820564700574,0.051703005744808316,4
1,GAC,-0.12411181512535766,0.5793725473086291,8
2,GCC,0.026834106431835147,0.4281918504745349,4
3,GDC,0.0023428754923031647,0.5358853395486086,4
4,GEC,0.190592262508706,0.4795936164238529,4
5,GFC,0.11284762727139075,0.2200968816352296,4
6,GGC,-0.05167481593515877,0.3345004335272697,8
7,GHC,0.01354355062139434,0.7194627574340432,4
8,GIC,-0.02459343588083951,0.4794683590251992,4
9,GKC,-0.16765295867029886,0.3889545888739565,4
10,GLC,0.04625818634169813,0.5302823120596438,12
11,GMC,-0.10224793247768016,0.3996587170633092,4
12,GNC,-0.15174522670248014,0.27044663216953724,4
13,GPC,0.17378559616730227,0.6337412426387489,8
14,GQC,0.02729783077186787,0.8193948370566677,4
15,GRC,-0.27042066685895466,0.4805205915100451,12
16,GSC,-0.21226607795603056,0.5668830888369251,13
17,GTC,-0.24091851699677724,1.173561417186936,8
18,GVC,0.01251095575929273,0.5109147009326886,8
19,GWC,-0.11413220311846327,0.36568718467828815,4
20,GYC,-0.08342066859753916,0.3981097057966485,4
