,Translation,mean,std,len
0,F*N,-0.2252335063238886,0.5723366312365679,4
1,FAN,-0.11498639439030844,0.4347677288953256,8
2,FCN,-0.3994251225495362,0.19503190891333186,4
3,FDN,-0.0777334947181132,0.5671635083077651,4
4,FEN,-0.07122322260302028,0.6513929963926426,4
5,FFN,0.1096449430652986,0.15174252525175666,4
6,FGN,-0.01985835408112924,0.3764999183957028,8
7,FHN,0.21493831791922705,0.5147842257410769,4
8,FIN,-0.021156125990928087,0.8528791581411569,4
9,FKN,0.2609510948875515,0.5405249571956579,4
10,FLN,0.09868066843324064,0.3992529546724611,12
11,FMN,0.020851063572165485,0.3459403410875517,4
12,FNN,0.055344100831346436,0.4090632293514301,4
13,FPN,0.09405422039176248,0.6826170248167158,8
14,FQN,-0.5872796012832693,1.0286410182101189,4
15,FRN,0.4114846951423996,0.4878780779724559,12
16,FSN,-0.03748747826482927,0.5281114275920448,12
17,FTN,0.20870602421973886,0.2807104890503249,8
18,FVN,0.0532634746722509,0.31945250088502164,8
19,FWN,-0.09619760173516244,0.597533795122084,4
20,FYN,0.2290899738458183,0.4620837105518226,4
