,site_1,site_2,site_3,count_x,proportion_x,count_y,proportion_y,ratio
0,TCA,TTG,CTT,96,0.00014163637222038618,33,0.00013879484019666807,0.02923786145373164
1,TAA,TTG,CTT,2,2.950757754591379e-06,2,8.411808496767763e-06,-1.5113305199089737
2,TCA,TTT,CTT,122,0.00017999622303007412,37,0.0001556184571902036,0.20995345202496374
3,TCA,TTC,CTT,677792,1.0,237761,1.0,0.0
