,site_1,site_2,site_3,count_x,proportion_x,count_y,proportion_y,ratio
0,GCT,AAG,AAG,264,0.0006999273560244126,91,0.0007510791604420637,-0.10175977389946489
1,GAT,AAG,AAG,5,1.3256199924704785e-05,4,3.301446859085994e-05,-1.3164311581718593
2,GCT,ACG,AAG,105,0.0002783801984188005,30,0.0002476085144314496,0.1689956689983827
3,GCT,AGG,AAG,48,0.00012725951927716593,18,0.00014856510865886974,-0.2233217537803771
4,GCT,ATG,AAT,143,0.00037912731784655684,42,0.0003466519202040294,0.1291946609404082
5,ACT,ATG,AAG,86,0.00022800663870492228,49,0.00040442724023803434,-0.8268043424723324
6,GCT,ATG,AGG,237,0.0006283438764310068,53,0.00043744170882889424,0.5224635412758385
7,GCT,ATG,ATG,159,0.00042154715760561214,44,0.0003631591544994594,0.21509208358783738
8,GCT,ATG,TAG,75,0.00019884299887057178,24,0.00019808681154515967,0.005496936715502443
9,GCT,ATG,GAG,179,0.0004745719573044313,31,0.0002558621315791646,0.8912602138181587
10,GTT,ATG,AAG,86,0.00022800663870492228,13,0.00010729702292029483,1.0874657835017825
11,GCT,ATG,AAA,58,0.0001537719191265755,19,0.00015681872580658473,-0.028305771375235267
12,GCA,ATG,AAG,153,0.0004056397176959664,50,0.0004126808573857493,-0.024827600141295036
13,GCC,ATG,AAG,123,0.0003261025181477377,30,0.0002476085144314496,0.397264656671501
14,GCT,ATG,AAC,15,3.9768599774114355e-05,7,5.77753200340049e-05,-0.538823579508307
15,GAT,ATG,AAG,256,0.000678717436144885,283,0.002335773652803341,-1.7830174958911034
16,GCG,ATG,AAG,36,9.544463945787445e-05,7,5.77753200340049e-05,0.7242108263254874
17,GGT,ATG,AAG,30,7.953719954822871e-05,8,6.602893718171988e-05,0.2685313425492968
18,CCT,ATG,AAG,23,6.097851965364201e-05,15,0.0001238042572157248,-1.0216878926107267
19,TCT,ATG,AAG,110,0.0002916363983435053,67,0.0005529923488969041,-0.9230887299923349
20,GCT,ATG,CAG,8,2.1209919879527656e-05,4,3.301446859085994e-05,-0.638359253059221
21,GCT,ATT,AAG,365,0.0009677025945034493,130,0.0010729702292029482,-0.14897441232029607
22,GAT,ATT,AAG,7,1.8558679894586697e-05,3,2.476085144314496e-05,-0.4159668317227734
23,GCT,GTG,AAG,107,0.0002836826783886824,21,0.0001733259601020147,0.7107903105631657
24,GGC,TAT,GAA,176,0.0004666182373496084,979,0.008080291187612972,-4.11409268402562
25,GCT,TTG,AAG,128,0.0003393587180724425,46,0.00037966638879488937,-0.1619212091162332
26,GCT,ATG,AAG,377182,1.0,121159,1.0,0.0
