,site_1,site_2,count_x_x,site_3,proportion_x_x,count_y_x,proportion_y_x,ratio_x,count_x_y,proportion_x_y,count_y_y,proportion_y_y,ratio_y,mean,std
TTCATTAAT,TTC,ATT,445,AAT,0.0006565436003965,206,0.000866416275167,-0.4001695212384302,318.0,0.0005870884842039,199.0,0.0007526987465107,-0.3584946105476874,-0.3793320658930588,0.029468611954767982
TTCCATAAT,TTC,CAT,258,AAT,0.0003806477503422,163,0.0006855623924865,-0.8488314187167951,230.0,0.0004246237464368,165.0,0.0006240969506244,-0.5555851085898365,-0.7022082636533158,0.20735645444870582
TTCCCTAAT,TTC,CCT,154,AAT,0.0002272083471035,89,0.0003743254781061,-0.7202774101804685,114.0,0.0002104656830165,46.0,0.0001739906650225,0.2745751128193348,-0.22285114868056688,0.7034669652937067
TTACTTAAT,TTA,CTT,1687,AAT,0.0024889641659978,907,0.0038147551532841,-0.6160450021499297,1205.0,0.0022246591932887,774.0,0.0029275820592929,-0.3961252703154816,-0.5060851362327057,0.15550673369686532
TCCCTTAAT,TCC,CTT,159,AAT,0.00023458524149,47,0.000197677499674,0.2469635836977453,101.0,0.0001864652103918,88.0,0.0003328517069997,-0.835973081173897,-0.29450474873807586,0.765751859326282
ATCCTTAAT,ATC,CTT,386,AAT,0.0005694962466361,177,0.0007444450519639,-0.3864790327238889,224.0,0.0004135466052254,183.0,0.0006921802543289,-0.7430978615148334,-0.5647884471193612,0.2521675921368812
CTCCTTAAT,CTC,CTT,148,AAT,0.0002183560738397,62,0.0002607660633998,-0.2560734646668976,118.0,0.0002178504438241,55.0,0.0002080323168748,0.0665303905487864,-0.09477153705905561,0.22811537365993334
GTCCTTAAT,GTC,CTT,340,AAT,0.0005016288182805,145,0.0006098561160156,-0.2818486737862056,227.0,0.0004190851758311,145.0,0.0005484488353972,-0.3881135480124147,-0.33498111089931015,0.07514061316728804
TTGCTTAAT,TTG,CTT,103,AAT,0.0001519640243614,50,0.0002102952124191,-0.4686861825004769,,,,,,-0.4686861825004769,
TTTCTTAAT,TTT,CTT,127,AAT,0.0001873731174165,58,0.0002439424464062,-0.3806268282643774,,,,,,-0.3806268282643774,
TACCTTAAT,TAC,CTT,332,AAT,0.0004898257872621,195,0.0008201513284348,-0.7436214023116587,255.0,0.0004707785014843,156.0,0.0005900552987722,-0.3258017272917843,-0.5347115648017216,0.29544312551971275
TTCTTTAAT,TTC,TTT,118,AAT,0.0001740947075208,92,0.0003869431908513,-1.1522494266041434,173.0,0.0003193909049285,85.0,0.0003215044897156,-0.0095156537893714,-0.5808825401967574,0.8080347998482129
TTCCTTAAT,TTC,CTT,677792,AAT,1.0,237761,1.0,0.0,541656.0,1.0,264382.0,1.0,0.0,0.0,0.0
