,site_1,site_2,site_3,count_x_x,proportion_x_x,count_y_x,proportion_y_x,ratio_x,count_x_y,proportion_x_y,count_y_y,proportion_y_y,ratio_y,mean,std
TCACCTTCT,TCA,CCT,TCT,171.0,0.0003056360357397,124.0,0.0003095998422039,-0.0185900831201628,171,0.0002913102658759,127,0.0003349120789865,-0.2012258659732158,-0.1099079745466893,0.12914300054270755
TCACCATCT,TCA,CCA,TCT,559489.0,1.0,400517.0,1.0,0.0,587003,1.0,379204,1.0,0.0,0.0,0.0
TCACCGTCT,TCA,CCG,TCT,,,,,,145,0.0002470174769123,77,0.0002030569297792,0.2827288552330849,0.2827288552330849,
