,Mean0,Mean1,Mean2,Mean3
*,-1.650789782616624,,,-0.22201703404887674
A,-0.19849450694481008,0.0890045517728435,,
C,-1.1069331073157689,,,
D,-0.45108964079469294,,,
E,-0.6010709825903091,,,0.06917848232025392
F,-0.9866434385807554,,-0.25645590218822,
G,-0.5301718619840945,,,
H,-1.2479876493992803,,,
I,-0.419540733119975,0.16940492198806645,-0.20018269777447556,
K,-1.4015303375067463,,,-0.06315131722478877
L,-0.11085765293384527,,,
M,-0.5017605475156981,,,-0.012025368458401076
N,-0.8709042165486438,0.14255166865047464,-0.15428493367290486,-0.3066366661227864
P,-0.26089630641382144,0.08751030509251301,,
Q,-0.45955000871623364,,,
R,0.25966216773681444,,,0.36544937433223446
S,-0.657129686702944,-0.13653379306026991,-0.32006588070566977,-2.128846650406029
T,-0.3228394078557444,-0.5822856865692861,0.17951967508766487,
V,-0.08337213168734081,,0.06675174492571401,
W,0.1920245679600144,,,
Y,-0.3840206306076519,,,
