,Mean0,Mean1,Mean2,Mean3
*,-1.270139439568875,,,
A,0.17748600555790617,,-0.08635517584533048,0.28561360154162685
C,0.3806957140076732,,,0.18620684172105229
D,0.775626675075809,,,-0.20953191809616278
E,-0.17339341576996622,,,
F,0.013390766971331569,,-0.1799292911575261,
G,0.3355576294579521,,,-0.037983656068469075
H,0.45336131839225624,,,
I,-0.7165648330393286,,,
K,-0.11182122781325088,,,
L,-0.21188088236022332,,,
M,-0.45090270062417953,,,
N,0.5737423573073093,,,
P,-0.5233317784597092,0.13377646056764844,0.4672021875149426,
Q,-0.12883439542437713,,,
R,0.07914195112226494,,,0.3286823234335152
S,0.34106630411512767,,0.16617504614887096,-0.46444316231995053
T,0.09420732362789885,,0.10769261979715594,
V,-0.8606347789114347,,,-0.5516784041928964
W,0.2343900950965585,,,
Y,0.5364834862013099,,0.02297458100448324,
