Translation,ratio_x,ratio_y
Y*F,"[-0.7277037058453697, 0.2908116443448563]","[0.019714698707053557, -1.1950943985736906]"
YAF,"[1.0600044007555205, 0.808942636587803, nan]","[nan, 1.5399126185667793, 0.5166023848574]"
YCF,"[nan, 1.3511721523204265, nan]","[2.210961294654769, 1.7547597959406946, 0.9090209819439181]"
YDF,[nan],[1.3909588230342802]
YEF,"[1.2688596725810335, 3.87137491717667, 0.4050416950332636]","[nan, nan, -0.6456896726837584]"
YFF,"[nan, 0.7379140110247082]","[-0.3723852979552156, -0.5512410710080164]"
YGF,"[0.9714293063662609, nan, 0.4101645513080694, nan, nan, nan, 0.13304748868803173]","[nan, 0.8423167008603762, 0.7108086375711817, 0.5721237427488273, -0.44139207179649453, 0.5327171171625746, 0.08459254652737158]"
YHF,"[nan, nan]","[1.9674591127522003, 0.7677923600930434]"
YIF,"[2.6964386559016695, nan, -0.45613394178662325]","[0.488740235335678, 0.6527056830076141, 0.8997407157293331]"
YKF,"[0.14425294339591233, 0.8146155661520247, 0.0]","[0.2933868715211112, 0.062417310688834604, 0.0]"
YLF,"[0.6590218553265608, 4.72653312085353, -0.26290526245334433, 2.3532940751046105, -0.1409147380747342, nan, nan, 0.18336907366229838]","[-0.07776726694263125, 2.014250028228325, -0.10241928027743263, 1.455848353778304, -0.1597457655965151, 3.213875563472339, 0.31768591472077823, 0.8038537334347815]"
YMF,[-0.7781468138175907],[-0.3239930757174463]
YNF,"[nan, 0.9190095512954848]","[-0.19089034452954223, -0.00840028115676894]"
YPF,"[3.6463743751794144, nan, 2.93156192325176, nan, nan, 0.34919653401664164]","[nan, 0.9314273949921983, 3.1588666160211716, 0.8164380690347723, 1.3018147251058831, nan]"
YQF,[-0.10997819905154138],[-0.3748705613448102]
YRF,"[nan, nan, 0.09804451397346092, 0.701113989171219, nan, 1.3131025105425156, nan, nan, nan]","[1.8593902142193173, 0.3374536529760732, nan, 0.43757495472292796, 2.1995086005185183, -0.7077071227882819, -0.3515065682792997, 1.517248898442448, 0.5819728153977479]"
YSF,"[nan, nan, nan, nan, nan, 0.8370443244674686]","[0.164178079983623, -0.35267711198723894, 0.4317742187994451, 0.3411062676053014, 0.6171292608113657, 1.8944726733747626]"
YTF,"[0.7412173805705145, 1.8866803245709143]","[nan, nan]"
YVF,"[1.9392019854538898, 0.3098520194354357, nan, 0.8347003839991718]","[nan, -0.1413300966524922, 0.016736719520601184, 1.4469152290082956]"
YWF,"[nan, nan]","[1.4069387532973572, -1.5885457655801503]"
YYF,"[nan, 2.163834075314867, nan]","[1.4819290072483984, 1.0466131405659933, 0.9348489117891123]"
