Translation,ratio_x,ratio_y
Y*G,"[nan, -1.5466985705191973]","[-2.8527109807348197, nan]"
YAG,"[-0.6674805972542739, 0.8415972545278603]","[nan, nan]"
YCG,"[-0.1623228511683763, nan]","[nan, 0.753873295758213]"
YDG,"[nan, -0.9859956881588197]","[-0.7899312447494626, -1.4708588924704031]"
YEG,"[1.568084205395115, nan, 0.8508166941662232]","[nan, 0.21404082761326215, -0.8812654385725622]"
YFG,"[nan, 0.1820998815060726]","[2.8243243471844313, 1.2956972653727021]"
YGG,"[nan, 0.7636765673878472, -0.0737032317930737, 1.6567613634713343, 1.5149974545311213]","[3.7887320529698645, nan, nan, nan, nan]"
YHG,[nan],[-1.093575833979454]
YIG,"[-0.3236349924655233, 0.9613847253436969, -0.13209606373651717]","[nan, 1.0045773799112485, -2.1056367603952992]"
YKG,"[-1.0018581789751302, -0.6765144091193349, 0.4200420584632436]","[-0.8643116827096229, -1.2524209141569784, 0.24373693253804163]"
YLG,"[-1.1538612724201798, 2.6971613730080772]","[-0.6602488142562333, nan]"
YMG,"[nan, -1.147056094515067]","[3.6893947670983227, 1.179983299384343]"
YNG,"[-0.4177011281907177, -0.8068897122568064, -0.3324228796094477, 0.0, 0.1569797743121608]","[-0.3542810192141168, -0.310238711366404, -0.5041083191729374, 0.0, -0.5379822310688098]"
YPG,"[-1.7035571430164254, nan]","[nan, 0.3902010067746904]"
YQG,"[0.5729456399728861, nan]","[0.6567243986883629, 1.950501453261575]"
YRG,"[-0.47950590335028487, nan, nan, 2.2732316654509805, nan, nan]","[nan, 0.9642892605930911, 0.3325496980406655, nan, 0.7864173304083248, 3.7534318120884596]"
YSG,"[2.0668680996936235, nan, 0.7175974754562588, 1.2738712997070287, nan]","[nan, 1.5750356898843432, 0.34295142280296353, -0.931932585590534, 2.617926114174706]"
YTG,"[0.4072138942944612, 1.9383085715076867, 0.9912347116778104]","[-0.7341479389804348, nan, nan]"
YVG,"[-1.4541057824355654, nan, nan]","[nan, -1.0154076609690215, 0.37069835022833963]"
YWG,"[1.1579935678129551, nan, 1.7855029298410248]","[nan, 2.3517127976734056, nan]"
YYG,"[1.5030677332281464, 1.5833447508843008, -0.7108619436396584]","[nan, 0.6260361934364838, 0.07696564393916283]"
