Translation,ratio_x,ratio_y
Q*A,"[-0.29113631724153777, -2.3965257966154248]","[nan, -1.0936396460431084]"
QAA,"[nan, 1.0928001636794136]","[2.473342242074935, 1.226525885321374]"
QCA,"[0.2476955172905182, 0.4614945827581245, -0.2718297245059311, 0.0, 0.15279701697878778]","[-0.6149803803500369, -0.6746773374516177, 0.11948109032050347, 0.0, 0.9934931636478055]"
QDA,"[nan, nan, nan, 1.0436105736105805]","[2.4982583966750855, 2.462872549415973, -0.5020236496281125, 0.7959878689726647]"
QEA,"[nan, nan, -0.6313579072433733]","[-2.612023658339824, 0.15842239503308875, 1.0674931765349793]"
QFA,"[-1.9373564861681025, nan, -0.30623626182336317]","[-0.6475443746910887, -1.0399424489154008, -0.6924884325201432]"
QGA,"[-2.1372487576402985, -3.5864564087586395, -1.7046889835934742, nan, nan, -1.771951072704585, -0.5350855429204735]","[-1.2024315306683615, -0.4376195423109124, -2.2159768676228726, -1.5331190188996047, -1.8754087009576708, -2.377378976179358, -1.1056566255582139]"
QHA,[-1.404404734070777],[0.010466242251517599]
QIA,"[nan, nan]","[0.40127316427363446, 1.0427890433096216]"
QKA,"[0.958692549792989, -2.0941650705755617, -2.9543474631248987]","[nan, nan, -1.5319023567258583]"
QLA,"[nan, -1.6964488214195352, nan]","[1.2969338359616067, nan, 0.3920383669834102]"
QMA,"[-0.5306287547713069, 0.6143426607187799]","[nan, 2.179656860862554]"
QNA,[nan],[-1.3098059893952865]
QPA,"[nan, nan, nan, 0.43549990849899345]","[2.0373789039415424, -0.6909044471248613, 2.4038013088218584, nan]"
QQA,[0.16387171907247122],[nan]
QRA,"[nan, -1.2809924819458818, nan, -0.7244586786586922, -1.9635184651862048, nan, -1.5886607455089248, 0.3736157336402144]","[-2.909982049069166, -1.925598399056394, -0.4296767074936714, -2.32251704114484, nan, -0.17138963515665395, -1.4031969959948043, -2.240773891703304]"
QSA,"[nan, nan, -0.7198923135618127, 0.25277905270148615, 0.6106754143797204, nan, nan, 0.28204462548895926]","[1.3417888909425386, 2.2034370478443925, -0.48849108723064916, nan, nan, -0.4015053372916668, 0.11120187920007929, -0.5605758482261667]"
QTA,"[nan, -0.8830743253123483]","[-0.24574880069073757, nan]"
QVA,"[-1.0663984311698425, nan, 1.011317519098263]","[nan, -0.9900965724398336, -1.1142751081514248]"
QWA,"[-0.044523931547077567, -0.044244139625787327, -1.3758625604911483, -1.0571206175818304]","[-2.47581345161141, nan, -1.6510873250605904, -1.5825990838634363]"
QYA,"[0.604978821368789, -0.6232783899229588]","[-0.5459344678820521, -0.3769648251672155]"
