Translation,ratio_x,ratio_y
F*V,[-1.4274426159454308],[-1.8542269761733197]
FAV,"[-1.2541117611681578, -2.312849634504179, -1.7574827324120168]","[nan, -1.0363710013126388, -1.6475899559372653]"
FCV,"[-0.6255906828419189, -1.3431923920133668]","[nan, -2.184392667460365]"
FDV,"[-1.945798797062949, -1.6239381666962034, -2.4785612862874054]","[nan, -2.4813234285543713, nan]"
FEV,"[-1.029293112577708, -1.294120800234552, -2.073638733366291, -0.2504633252330519]","[nan, nan, -1.9724331750195203, -1.1207362161112524]"
FFV,"[-2.1635653385535285, -1.8768837549064132]","[nan, -1.5792222198931771]"
FGV,"[-1.5231077252406688, -2.0592410567147112, -2.574131728265135, -3.3689367951129077, -1.9705667022118902, -1.8472069191696585, -1.3366412222273967]","[nan, -1.966050017470601, nan, nan, nan, -2.510649108327062, nan]"
FHV,[-4.105968703316536],[-1.1200578475993188]
FIV,"[-1.1187553217674404, -1.4773040356275438]","[-1.8873860373262996, nan]"
FKV,[-1.5717815719763584],[-2.3199955242635566]
FLV,"[-1.7565026406345874, -1.0059720383430886, -2.1480643335738288]","[-2.5143667335585125, -1.3497028822072696, -2.142449443720845]"
FMV,[-1.5022992629607623],[-1.5722937406409194]
FNV,[-3.4402080532816157],[-1.8876723328997]
FPV,"[-1.3977099883777884, 0.2943401179546745]","[-1.6722227980363158, nan]"
FQV,[-1.6197837446523415],[-1.409479469329268]
FRV,"[-1.904133987254494, -1.5627810329187515, -3.5653834169231535, -1.850469706178659, -1.5521562577511672]","[-1.3795448036326539, nan, -2.837812371612806, nan, -1.850824984085211]"
FSV,"[-0.549309490440999, 0.0, -0.4276505659927645, -0.04555374184171512, -0.502643622680953, 0.8602209143108368]","[-0.8155111690573831, 0.0, -0.38784228634833706, 0.8390122020139508, -0.4165118798703098, nan]"
FTV,"[0.5208699718199341, -0.8860505458859151]","[-1.1236511554544961, nan]"
FVV,"[-0.7095208494715504, -1.6484910849519991, -1.8308916378077598, -1.5309655607932386]","[nan, -1.8576878121982014, nan, -1.2729780259425283]"
FWV,"[0.01279395702960251, -1.4018315124283118, -1.2429998060479335]","[nan, -2.084820330309606, nan]"
FYV,"[-1.4549297910549432, -1.63002292915718]","[-1.692400411369647, nan]"
