Translation,ratio_x,ratio_y
I*G,"[nan, -1.8679710269518583]","[-2.9568067438018577, -1.348364931883804]"
IAG,"[-1.4221493503522158, -2.8683935267865497, 0.13279605421332796, 0.09871152729830612]","[-1.7246024865979237, nan, 0.533878432949038, 1.7109784866840538]"
ICG,[-1.1333910189835965],[0.5648581037364888]
IDG,"[2.7213663180914143, -0.15611109548368063, -0.5307459881060304]","[nan, 0.9464622571516017, 0.6997741019584147]"
IEG,"[-2.4313496343704593, -1.4214966873962975]","[-1.8886326640585676, -0.5754376432311101]"
IFG,[1.2183512363598208],[0.3347159140676883]
IGG,"[0.10451248019195347, nan, -1.6260519048060615, -1.4443753105244745, -0.24364483258115044, -0.6303147838490499, -0.29435824223744333]","[-0.2378431152658198, -0.42669142222242407, -1.3198431747387591, -1.1622688243019308, nan, -1.3484028731947237, -1.2550452053407604]"
IIG,"[nan, -0.15942927183921718]","[-0.06615938823421708, -1.1835731673041803]"
IKG,"[0.92969497148564, 0.09281175792770391, -0.014116111707679124, 0.43741971969628324, 0.2577636116109945, 0.0]","[0.0032419646960359927, 0.08940247710770244, -0.06832698902650769, 0.2903134152746052, 0.18336956979913133, 0.0]"
ILG,"[nan, -0.27616693065582965, 0.6689559356586514, -0.23333660730950534, -0.8357993911134347]","[2.2783207708524547, 0.6277133566119755, 0.11411451239450798, 1.3376637358065882, -1.6596189507045267]"
IMG,"[nan, -0.272186971718849]","[-0.9614944776294863, 0.3776604974537747]"
ING,"[0.7275391296991156, -0.3996107186776925]","[0.45391197714471865, -0.14645371174347943]"
IPG,[nan],[-2.1934872455869883]
IQG,"[-0.16180566353654768, 1.2442582147584442, -0.9833007177609545]","[nan, 1.820477249870164, -0.545869840701263]"
IRG,"[-0.821993591588404, 0.32065247154113585, 0.7315025531100794, -0.9270792031617443, 0.41711264066467457]","[0.06463703351973393, -0.7638778179107852, -0.23742638329466104, nan, -1.9306671597477774]"
ISG,"[nan, nan, nan, nan, 0.7914155966597942]","[1.9302798883741463, 0.16244290082443769, -0.1713952912624972, -0.8948656058155198, nan]"
ITG,"[nan, -0.1032343691360822, 2.8935320956121355]","[-0.7062758925698098, -0.36783787417850533, -1.9402760655054667]"
IVG,"[nan, 0.777473732145717, nan, -1.0686962591450673, 0.4378861820106046]","[0.00614884267679372, -1.0720250616669293, -0.8396325092463268, -0.6051672556093024, 0.3236607255586925]"
IWG,"[0.15964052594063816, -0.989317098908062, 0.00985365447346176]","[nan, 1.337210392397587, 1.10695909826417]"
IYG,"[-1.1913118607595106, 0.620891992766742]","[nan, nan]"
