Translation,ratio_x,ratio_y
E*M,"[-3.275885897003974, nan]","[0.358391857020397, 0.07350876570834153]"
EAM,"[nan, nan, -1.6984536984334841, nan]","[-1.1293565017876297, -0.42692022480114744, -0.11073611244858839, -0.4351085159331731]"
ECM,"[-1.4200425115390143, -1.6840808575172943]","[0.050768441567248246, -0.11440616032165707]"
EDM,"[0.0, -0.9195676352406164, -3.0112300949513173]","[0.0, 0.234816049318459, 0.6221587408713063]"
EEM,"[-1.4084729449734645, nan]","[-0.1946180479223969, -1.0153104608644448]"
EFM,"[nan, nan]","[-0.1979109880033132, 0.14124262187382364]"
EGM,"[-4.141051824848184, -4.865624772704418, -3.1277015567869686, -3.9441440833359795]","[-0.7425794853766643, -0.7371962503124863, -1.008545172777147, -0.13656622692583653]"
EHM,[-1.1279907674074447],[nan]
EIM,"[-3.101107473256498, -3.7981357567484526]","[-0.26373114822526667, -1.0091146988848099]"
EKM,"[-1.3631575503755222, -2.3921910599507292]","[-0.5653695779236774, -0.8275122902989107]"
ELM,"[nan, nan, -2.3772806447989385, nan, nan]","[-0.04931113209977234, -0.8470092019017965, -0.07451931587865701, -1.5247178117466813, -1.2685046717689001]"
EMM,"[nan, nan]","[0.7260614421804714, -1.155882796297817]"
ENM,"[-3.3249953029060393, -3.0084244181881843]","[0.6595111348553075, -0.5265741811299343]"
EPM,[-3.0644732094892557],[-0.3880312114075526]
EQM,"[nan, -2.8273131277741683]","[0.04408058825045913, nan]"
ERM,"[nan, -2.1090065965230753, -2.7215273333328103, -4.677620195016319, -3.4029978149073123, -3.2500989157576754]","[-0.24074826533311544, -1.1350973955427293, -0.6940685263495254, -0.3364824438150773, -1.258834751437723, -1.7920605585464475]"
ESM,"[-2.5864934557559014, -2.7737460380413594, nan, nan]","[-0.6686469468957021, -0.5319330070698332, -0.9693558275183758, -1.0887686004392787]"
ETM,"[nan, -2.6800051632937123, -3.2936504187189524, nan]","[0.8284152628230732, -1.0151445289485803, -1.1769884293094677, -0.3921548066404714]"
EVM,"[nan, -2.385822671099181, -3.6864517619800417, -3.6836262807558455]","[-0.3177904668910223, -0.12237775227360714, -0.4799382374161425, -0.1280037637223792]"
EWM,"[-2.842282860432835, -0.6757205114243341]","[-0.5900395257398348, -1.104352495657734]"
EYM,"[-1.4894893405342877, -2.8137093887833675]","[-0.7952437421093528, -1.4999725411093383]"
