Translation,mean,std_err_of_mean,len
G*F,-4.7607016673348035,1.1049934291069037,2
GAF,0.261370228171446,2.4275175684822163,7
GCF,-1.9702260648970578,2.419581277784912,2
GDF,-4.253693178035878,0.50557390397809,3
GEF,-3.916882797483145,0.2861589975801445,4
GFF,-0.07555682538643715,4.058682759659878,2
GGF,-0.8488455383355589,1.6934629963544268,7
GHF,-3.47852002584513,0.2935574590421969,2
GIF,-0.7737950457788667,,1
GKF,-0.6077207981586116,2.0036764294892886,4
GLF,-1.3316550301382142,1.4731314312197514,6
GMF,1.5661436818377488,0.1253072105284438,2
GNF,-0.8341001605635605,2.459111010622507,2
GPF,-1.0955906333980883,0.557252877982732,2
GQF,0.2073236191137151,3.250314067620528,2
GRF,-2.5533312959324084,1.304965240263817,7
GSF,-0.16237264000029394,1.3319008093186928,9
GTF,-0.4836517363219784,3.9803500674411816,5
GVF,1.4874801816831873,2.5918546360849306,6
GWF,2.4033143919930735,2.9003281892612396,3
GYF,-1.3092030833945314,,1
