Translation,mean,std_err_of_mean,len
R*N,-5.647862805206615,0.5049179500696317,2
RAN,-1.4263599736178527,0.5586163896311787,4
RCN,-2.1034914035541843,0.9267154934930091,2
RDN,-5.3968196748210016,1.0191691484927736,2
REN,-5.780343522637378,0.26341418926530574,2
RFN,-0.8164203052880898,,1
RGN,-1.7378951840554056,0.46672085407535646,4
RHN,-0.6869130864011597,,1
RIN,-2.2256964012955764,,1
RKN,-1.7857005389667244,0.10426551187805155,2
RLN,0.7264044836202634,2.729948102646384,5
RMN,0.5721997748007421,,1
RNN,2.0905373531182905,,1
RPN,0.2824887288056895,1.1871090099057178,9
RQN,-2.6762621636923165,1.1906221424062642,2
RRN,-3.502084379134426,0.6682296917410515,5
RSN,0.4349000396810212,2.856457201753338,4
RTN,-0.6797337958465267,1.0019636546094435,3
RVN,-1.5431750778627058,1.279443118425998,4
RWN,-3.219640934544592,0.6749206526791648,2
RYN,1.075129167248479,1.1982372219523578,2
