Translation,mean,std_err_of_mean,len
C*M,-2.3989803772413176,0.47169087733435017,2
CAM,-1.836240706025646,0.4029143444463748,4
CCM,-2.4653645205736483,0.07295009909132809,2
CDM,-1.2571390831640472,0.09200630338522987,2
CEM,-1.146228458196339,0.6542025745239836,2
CFM,-1.9832127470194303,0.16009872930753521,2
CGM,-1.2565858207175182,0.3439352958482484,4
CHM,-1.3567531740754686,0.16073888086084473,2
CIM,-1.7815985917836055,0.33847847762010264,2
CKM,-1.64658398322254,0.30285834842485754,2
CLM,-1.4547110008926,0.39127579192123496,6
CMM,-1.602324981365038,0.5515750848917554,2
CNM,-1.9272703326078036,0.46077505738617486,2
CPM,-1.4193049891983243,0.1954134014780299,4
CQM,-0.8012406739785138,0.22538041865602454,2
CRM,-1.6103239060246743,0.22541635277016217,6
CSM,-1.6818015472037162,0.4717767010701547,6
CTM,-1.7312053474304874,0.3193877440615739,4
CVM,-1.5943116282348258,0.28200788780760233,4
CWM,-2.481599151180295,0.3430888527512302,2
CYM,-0.08515738975315212,0.17567713319789804,3
