Translation,mean,std_err_of_mean,len
T*T,-3.4235242927858405,0.5265368990155849,4
TAT,-3.7775586986546266,0.7571248544563451,8
TCT,-3.3081118791646875,0.481420614472021,4
TDT,-0.6348656733698137,0.5500951284962028,3
TET,-1.6133753143062877,0.7761246604081599,4
TFT,-3.0921566670316976,1.256333510080162,4
TGT,-3.5121116194089064,0.4976968267708767,8
THT,-2.862968238077497,0.3041849466909679,2
TIT,-4.6319004520920215,0.6289361291254575,4
TKT,-3.3583009131639368,0.7034898731987798,4
TLT,-3.550148171006904,0.7012370116214758,10
TMT,-3.4037828973293154,1.1401605263642127,4
TNT,-1.2801137688575377,1.3757550914942036,4
TPT,-2.830964599641413,0.955535075202277,5
TQT,-2.9543183004871683,1.4144241735061964,4
TRT,-3.7030859909356106,0.8846711314039781,12
TST,-3.145155093062805,0.9734193919545805,11
TTT,-2.8188243424798975,1.3374526783947969,6
TVT,-3.5929681385411554,0.8006153953791662,8
TWT,-3.8650162032419484,0.7329368379976856,4
TYT,-4.202410318039171,0.3854653401570973,4
