Translation,mean,std_err_of_mean,len
C*S,-0.365312858137812,0.8076953413015248,4
CAS,0.13124166013862376,0.40906083296386214,11
CCS,0.7235141273476196,0.5714876049536709,4
CDS,0.6077999529085663,0.644296663813012,4
CES,-0.22286225991452158,0.7175503726530318,4
CFS,0.10935164604195813,0.17437616436661685,4
CGS,-0.04423972437343626,0.306571019684506,8
CHS,0.5509715906751684,0.6816581478370914,4
CIS,-0.23027321800237432,0.7036879699358203,4
CKS,0.6940035316686972,1.271533144750874,4
CLS,0.38561941077567213,0.9659076478763425,11
CMS,0.3780691033385528,1.0415422044550298,4
CNS,-0.10492030833096844,0.5795385061473366,4
CPS,0.10172336290322789,0.5981317894492726,7
CQS,0.662158817983985,1.2541812715701697,4
CRS,0.3568327639270017,0.6177610667735611,12
CSS,0.09684101535245433,0.7688294241726791,11
CTS,0.38708842511818153,1.666924566122343,5
CVS,-0.06518906350776554,0.39098281009540486,8
CWS,-0.19920730379324136,0.23425429579003013,4
CYS,0.7387813088859501,1.392915894594832,4
