Translation,mean,std_err_of_mean,len
Y*H,-2.7232732173235257,0.31721774147717186,4
YAH,-0.20407170523119877,0.30584887890828183,8
YCH,-0.007166472266764146,0.24841977834070064,4
YDH,-2.6251904489706064,0.2853905871583845,4
YEH,-1.095753880738906,0.22746046163935313,4
YFH,-0.17864604746923463,0.39955224018160307,4
YGH,-1.6375890731123892,0.160149347932843,8
YHH,-1.1748380655097892,0.31434248120430497,4
YIH,-0.2492071192662677,0.30103554654116976,4
YKH,-0.9663844702766253,0.3193273269041808,4
YLH,-0.06375998081873724,0.4396275340720926,12
YMH,-0.1688126241782706,0.3179765174449038,4
YNH,-1.5889140520558165,0.41760730336476537,4
YPH,-1.8901073644573034,0.3717805520356426,8
YQH,-0.18878506960379982,0.20922336144080153,4
YRH,-1.7150468183679413,0.3056535565154066,12
YSH,0.013880416425209688,0.4336709686893417,12
YTH,-0.06752369550989346,0.42298967087307293,8
YVH,-0.38806753742598743,0.4204163358273373,8
YWH,-1.7331614112446525,0.1960724381113979,4
YYH,-2.373788309546361,0.2129902304262957,4
