Translation,mean,std_err_of_mean,len
TAN,-0.017107312791058,2.081250992086536,6
TCN,-1.1462422863570356,1.0889954692967512,4
TDN,-0.3670925534718587,1.327379164661797,3
TFN,-0.3331243442616325,2.003616373234376,4
TGN,-0.715746372378611,0.8394526480352881,8
THN,-0.9979967108536355,0.4548364518971324,4
TIN,-0.7463144696528912,0.9103674630566191,4
TLN,-0.2193647183206117,1.1487239964331357,12
TMN,-0.6597019213823867,1.8335301522979321,4
TNN,-1.2675204846723902,0.569062462466597,4
TPN,-0.7079185615490701,0.9116973710653615,7
TRN,0.4066204267892195,1.0736541010719127,11
TSN,-0.9962131366832296,1.1395356592898178,12
TTN,0.01185857377922834,1.1924144389955242,7
TVN,0.33063543804322426,1.2856066557114323,8
TWN,0.500207785799822,1.4165607392199409,4
TYN,0.8913611819726714,1.367601288029248,4
