Translation,mean,std_err_of_mean,len
N*V,-3.8230972842004287,0.7987626010374386,4
NAV,1.6592281956391466,1.5306388275180725,3
NCV,-1.2140765272513958,0.6093284975489544,2
NDV,-0.16358417970311478,1.1391470166936983,2
NEV,0.9079332941410261,0.5284539644635093,3
NFV,-0.4117893020981957,0.5265589516057286,3
NGV,0.5940545519735823,1.2284713185068445,8
NHV,1.2043004925262717,2.7130502454508694,4
NIV,-0.38067999883834536,1.0553734921453626,4
NKV,1.4032409568413655,0.0742496327413463,2
NLV,-0.16160182161786105,0.9273739141317546,10
NMV,-0.8221598438359017,0.6165421591324618,3
NNV,-0.0015781458783704256,0.4937590195028767,3
NPV,0.23123248420888665,1.0583847418878403,3
NQV,0.49124457635651336,0.5266474588861644,3
NRV,0.17370251181582871,1.0522537797441058,9
NSV,1.2264042873696526,0.8264761052610128,9
NTV,0.3825696060649702,1.0364055701511479,3
NVV,0.7583261980773465,1.307990985056485,8
NWV,-0.4015505788360567,1.4990416335855214,2
NYV,1.775074197379503,,1
