Translation,mean,std_err_of_mean,len
D*D,-2.9966403389160234,0.3134896584737389,4
DAD,-0.19995988338588588,0.2252697946873113,8
DCD,-0.1536667659046378,0.20967192872338422,4
DDD,-0.0734748729096395,0.3997851496249087,4
DED,-0.48032980920813184,0.7295129574077259,4
DFD,-0.2736824996267302,0.7924898702440751,4
DGD,-0.3233486476133378,0.39186858310958184,8
DHD,-0.5575439709504686,1.5903337101158657,4
DID,0.32851835358388914,0.07847283218582005,3
DKD,-0.3037751961384332,0.4880252416134849,4
DLD,-0.3857640775845422,0.9842911107122118,12
DMD,-0.057664294995425136,0.985533886556912,4
DND,0.5342590718949478,0.7832524680028141,4
DPD,-0.6618454324764812,0.36191541222657014,8
DQD,-0.7638617777844412,0.610780883297615,4
DRD,-0.07581724867138588,0.6151379609781483,12
DSD,-0.2778716490036008,0.937725345904484,11
DTD,-0.10464107972281529,0.4515911004859274,6
DVD,0.09950613958838195,0.7867280775636668,8
DWD,-0.015188678190252602,0.427086447789565,4
DYD,0.18421239700725933,0.3124942905128175,4
