Translation,mean,std_err_of_mean,len
D*W,-5.579002704264756,0.2516299142975388,2
DAW,-0.8971114558024289,1.5354368493921695,4
DCW,0.577028491934791,0.18771944013633782,2
DDW,-1.4266374057937448,0.41583429311684783,2
DEW,-0.18626824843618106,0.2381411985501128,2
DFW,0.4339868698533227,0.009183162910460329,2
DGW,-0.3165064533786841,0.5518707636158535,4
DHW,1.2313395388007775,0.9292300394303984,2
DIW,0.4880351235941074,0.5142448202415036,2
DKW,-0.9845717526461097,0.6722628770842302,2
DLW,0.08249299410858058,1.4210249581928038,6
DMW,0.675855376997442,2.330086435535979,2
DNW,-0.12838132516062206,0.06786037207116206,2
DPW,0.4478591274091528,0.32298244881935345,4
DQW,-0.5860110754234586,0.6511682091853931,2
DRW,-0.07418998257711425,0.8666890046659322,6
DSW,0.06563615752249537,0.9972827325459058,6
DTW,-0.12836435046516925,1.009253663022188,3
DVW,-0.4698176937049678,0.6204332032567643,3
DWW,-0.8265531835171416,0.6542050190155865,2
DYW,0.04643343134736799,0.8266865087948244,2
