Translation,mean,std_err_of_mean,len
T*Q,-0.10182716514013146,0.24554310843608324,4
TAQ,-0.15387341659882192,0.20990644337630113,8
TCQ,-0.0010676702925258574,0.4211520319081764,4
TDQ,-0.4080991217718646,1.2142776834685225,4
TEQ,-0.34858126468225037,0.19096060049888958,4
TFQ,-0.11959964966484209,0.2923697161621143,6
TGQ,-0.05751811986793687,0.24923969116747285,8
THQ,0.034494621654122426,0.38836271748690177,4
TIQ,0.008806884433317785,0.7912578940654836,4
TKQ,0.10968226117439572,0.2601756805796871,4
TLQ,-0.1365464608294443,0.4027895437376138,12
TMQ,0.035972766307733606,0.26077068260848807,4
TNQ,-0.6061944880646211,0.6756768637379174,4
TPQ,-0.08389357335942194,0.37537865557176536,8
TQQ,0.07391826831018289,0.4923230825772022,4
TRQ,-0.14827120627223347,0.26143597108099703,12
TSQ,-0.08142634899427777,0.5341835526389533,12
TTQ,-0.12366246271923875,0.2535265069315288,8
TVQ,-0.05679081198131719,0.2474757563640545,8
TWQ,-0.18377074683715588,0.20559200394717528,4
TYQ,0.061991963560407815,0.2364391674561563,4
