Translation,mean,std_err_of_mean,len
E*E,0.0413029717111264,0.04084097717792555,4
EAE,0.0009311602533900176,0.31009095861805147,8
ECE,-0.13703506134880206,0.241239522834815,4
EDE,-0.03926505481916842,0.07316562527567357,4
EEE,0.014985418315179855,0.12164565749927714,4
EFE,0.006400468251935187,0.09396730704765764,4
EGE,-0.01312264520342743,0.14974085288767233,8
EHE,0.008251390503769995,0.34480753644333123,4
EIE,0.08911969216172788,0.2746413167530603,4
EKE,-0.12427579069358807,0.1411683709669461,4
ELE,0.12597502898470717,0.3781702951339194,12
EME,-0.060103705766122895,0.5235103889794096,4
ENE,0.2127552628880962,0.4410821933230599,4
EPE,-0.4163164442703753,0.41098432496897047,8
EQE,-0.1176061117096796,0.41011023498216226,4
ERE,0.051664411000452416,0.19872488076115666,12
ESE,0.2001542237151058,0.3280039443988623,12
ETE,0.2687928694930707,0.4587708734579699,8
EVE,-0.03755490043342191,0.2498453953959393,8
EWE,-0.09890099373050876,0.28620904273383807,4
EYE,-0.020622956605986564,0.37537484641921337,4
