Translation,mean,std_err_of_mean,len
Y*D,-4.1557231532143115,2.196682212665913,4
YAD,-1.7054135365049183,1.3856522455062898,5
YCD,-1.3264364404803353,1.127608789382948,3
YDD,-2.443090004649304,1.4599782992482986,2
YED,-0.9269581720587821,1.2068040013699186,5
YFD,-2.485916207333453,2.0926252364387317,2
YGD,-1.870164699794516,0.6284060261232493,7
YHD,-0.07765554966073385,0.5500714259262495,2
YID,-1.0787219255220997,,1
YKD,1.3095292802751848,1.3652297836680556,4
YLD,-0.7003166435983523,1.36311280516917,4
YMD,-0.24032139125290186,0.4559907141585013,2
YND,-1.2856498019430165,0.9681193280195436,3
YPD,-1.0278648437716715,0.7750635586709532,5
YQD,-0.577255232536166,0.5389987534883388,4
YRD,-2.303073378701002,1.1155420998012113,11
YSD,-1.1887406744637947,1.3763985020368186,9
YTD,-1.474501806659603,0.5454374966740186,3
YVD,-0.8326371960231407,0.7977513812546969,4
YWD,-1.3131306268471084,1.111632581421354,4
YYD,0.04464413465010697,1.1515696237968835,2
