Translation,mean,std_err_of_mean,len
G*V,-6.465642284312513,1.360695676657612,4
GAV,1.061991527511671,2.5775477567477636,5
GCV,4.3028445662630395,0.5747090803435811,3
GDV,-0.9792473913625086,0.5464182000501626,3
GEV,1.4185301231039305,3.5440574591985254,3
GFV,0.8884272229577221,1.8756954035379716,4
GGV,0.3651037061776585,1.563931054435114,8
GHV,2.564994808324027,3.40770038451459,4
GIV,-0.7703295069771589,2.069415617291808,3
GKV,-2.0927611184962283,2.6671379557230996,4
GLV,1.465662625100744,2.8708386266796926,10
GMV,-0.49033685558626655,2.336382848020462,3
GNV,-0.18238966880695173,0.5162975954695612,7
GPV,6.946976389231699,,1
GQV,-0.5674050579186224,0.6578335366203716,3
GRV,0.46447700772488376,1.5456729152288673,10
GSV,-0.16708993369337555,1.2478482343983242,8
GTV,-0.041160445939692814,2.8986984630726336,7
GVV,0.14197861824235364,0.7360933753881711,7
GWV,1.7469705105637958,2.571885274690838,4
GYV,-0.1009141192521102,1.915147530203206,3
