Translation,mean,std_err_of_mean,len
S*Q,-4.300030778118264,1.2801727492432244,4
SAQ,-0.4648568758777471,0.1588646073228767,3
SCQ,-1.419590310185304,1.236947101224592,4
SDQ,-0.5033377766942966,1.7234417974907057,4
SEQ,-1.7952003293246739,1.499399531088144,3
SFQ,-1.7663740265663341,1.4869387635469027,3
SGQ,-1.9560689807288634,1.5127474442100906,7
SHQ,-2.203017472827689,0.26971022072203304,2
SIQ,1.288923244776811,4.110865902642903,3
SKQ,-2.1120844585250254,1.8697426145517988,4
SLQ,-0.024318958867970863,1.6509199464088862,8
SMQ,-0.5159942594403911,0.5758118439808485,6
SNQ,-2.198113632083828,2.2613012616855275,2
SPQ,-0.3621574855113714,1.2097048176942704,4
SQQ,-0.8576483342572535,1.9149361937885432,3
SRQ,-1.619886821513958,2.233537541920931,10
SSQ,-1.0563273995647788,1.0720272516247122,8
STQ,-0.7905070119552242,2.9875909282683972,5
SVQ,-1.974803453883062,0.7302341704870406,7
SWQ,-3.493829049008813,0.7916714083759439,4
SYQ,-2.837917149977423,1.5208782052746355,3
