Translation,mean,std_err_of_mean,len
K*K,-4.5196704533887315,0.6944115261874131,3
KAK,-0.7146379084401275,1.5638803260347292,8
KCK,-1.8279700280690567,0.7446510095326992,4
KDK,-1.9554127702353092,0.9490546093636336,3
KEK,-2.8019815407697877,1.4501420707195658,3
KFK,0.16862037998276413,2.089475825399896,3
KGK,-3.172964420287885,0.6181200660940426,8
KHK,-3.44548211802614,,1
KIK,1.1100405169536918,4.0833960444721304,3
KKK,-3.1551493828716075,1.0143348943456294,3
KLK,-0.4252482866222884,1.3597932654123372,11
KMK,6.067286478279957,,1
KNK,-4.2526273696292565,1.7239814794797537,3
KPK,-3.0846812789668148,1.4923073743938755,4
KQK,-3.619074473004806,0.15263714651313745,3
KRK,-2.5532708958497765,2.5562077754242716,11
KSK,-3.4886755591392307,1.0918621630016285,10
KTK,-2.175108569014056,1.2789647032920661,5
KVK,1.546752834943447,2.895436409649659,7
KWK,-3.9988223329555437,0.840090207065606,4
KYK,-3.1610600569375635,0.4153178192438331,3
