Translation,mean,std_err_of_mean,len
P*Y,-3.7259176181924234,0.4058797388296551,4
PAY,-0.20106685446909559,1.1945757803121457,7
PCY,-1.9201268999807442,1.4835400647396302,4
PDY,-1.1583751745203785,0.656612469123598,4
PEY,-0.9874162620795814,0.6908254132723679,4
PFY,-0.04999107364082356,0.7093675815553697,4
PGY,-0.8632375480860485,1.0501466157898272,7
PHY,-0.09461142215320084,1.6400836881768694,2
PIY,-0.6116437504880254,1.7844170824213843,3
PKY,-1.104063837963198,0.9074999170492182,5
PLY,-0.41784107031287443,0.7638037108170719,11
PMY,-1.3924561616107305,0.7234118943386199,4
PNY,0.49903889635851106,1.7672341263132814,4
PPY,-0.6075961556446331,0.8230590568434281,7
PQY,-1.377015791317248,0.3808289668843688,4
PRY,-0.3340699704295444,1.1528451379610594,12
PSY,-1.3887337351678166,1.0498439867768683,12
PTY,0.37816022914322883,2.4682846192790917,6
PVY,-0.7296373261779143,1.1120178830035587,8
PWY,-0.15734863832959434,0.7109462728938397,5
PYY,-1.497575143074753,0.637024251442257,3
