Translation,mean,std_err_of_mean,len
S*V,-6.110430986395681,1.2645397225507462,3
SAV,0.4463538545414978,3.019103273052831,6
SCV,0.047633298753680275,3.1434526953747155,4
SDV,-4.228306565266315,1.441132520828676,4
SEV,-5.494742267642506,1.0856989452098273,4
SFV,1.3334476984555925,0.7045942674677974,3
SGV,-0.5558726692993721,1.4794161688746592,13
SHV,-1.0160271730281218,,1
SIV,-6.402441255133717,1.2696552865082313,2
SKV,-6.385992266877544,0.9456209331288566,4
SLV,-3.6244162455385927,1.493856526422248,10
SMV,-1.7768166553391416,2.41991487204534,3
SNV,0.2721622181735146,2.38292276168344,2
SPV,-4.580973277574202,0.9787321899933121,4
SQV,-3.9575128084781066,0.9244944637729243,3
SRV,-3.4245110914910915,0.7466796269976619,11
SSV,0.5434096633794484,3.1454398982982013,6
STV,0.027124741808406405,1.867678510621071,6
SVV,-4.402974289524394,1.1163268768699735,8
SWV,1.6846822722765948,2.7577731959788707,3
SYV,-0.7093760805456162,2.5329827343285407,3
