Translation,mean,std_err_of_mean,len
S*G,0.012326839477703633,0.3633883456437133,4
SAG,0.11321289846549376,0.46279251023659523,8
SCG,-0.004498063945301056,0.2596988202421658,8
SDG,-0.40536333775353817,0.3690383611529098,4
SEG,-0.012714911983028543,0.3380273783254195,4
SFG,0.08508682509800058,0.3278704395667835,4
SGG,0.18007759661145195,0.43966623868381866,8
SHG,0.11598348312804929,0.4109928337161746,4
SIG,0.13192133294332176,0.5127151632546142,4
SKG,-0.4785077662660031,0.8216665477485947,4
SLG,0.2911032749618255,0.71016708215119,12
SMG,0.02302273303134239,0.4267447110605752,4
SNG,-0.534678273606918,0.7863998845229074,4
SPG,-0.05359906796090841,0.9904815338741421,8
SQG,0.5183034381565219,0.4307362753595656,4
SRG,-0.10872724153414441,0.6005631495206477,12
SSG,0.25395891819146893,0.7279854008315098,13
STG,-0.1888802646806611,0.6509930210878941,8
SVG,0.12709650909463432,0.8141340606871378,8
SWG,-0.1854024147092843,0.34871257502742,4
SYG,0.16275823622281282,0.3659092056934794,4
