Translation,mean,std_err_of_mean,len
V*F,-0.47286890845431656,0.44189311053080166,3
VAF,0.30750205872110725,0.42678472051178673,8
VCF,0.7291952311317482,1.0884311772325725,4
VDF,2.129772450512327,2.130583241996267,4
VEF,0.459691195907995,1.2017190105439135,4
VFF,1.5739767409355858,1.3350329964276346,4
VGF,-0.020132724718062933,0.6754191618165838,8
VHF,-0.20362560278782782,0.42561311238497235,4
VIF,-0.07967448510597534,0.5353168611504125,3
VKF,1.963792859477647,1.112235674976617,4
VLF,0.06801360629041744,0.5351309045899643,10
VMF,0.6089419911359869,0.7567420667163354,3
VNF,-0.02211880817847267,0.7091936114472399,4
VPF,0.4831406159367351,0.4004765400028985,8
VQF,0.35513783416067146,0.5982870981927046,4
VRF,0.9566870553960655,0.8544171487798631,12
VSF,1.0290809392769327,1.5418795058277053,12
VTF,0.12642205431232179,0.714753567943253,8
VVF,0.7738041025450505,0.5484953486146236,7
VWF,0.9977255142868229,,1
VYF,1.1477651688267123,1.405531878099136,4
