,Mean0,Mean1,Mean2,Mean3
*,-8.722138885795355,,,
A,-1.2160723173258257,-0.6366290290527985,,
C,-0.32757776798737037,,,
D,-1.977821971249711,-0.18926525655390591,,
E,0.16969439289320243,,,-1.3300019520202824
F,-0.23617703296391213,,,
G,0.293910493869941,,,
H,-5.151658501344499,,,
K,-0.5984438311982457,,-0.12434700720636371,0.0
L,-0.5667621335680477,,0.02284839105208647,
M,0.549190171342603,,-0.11234698546637967,-1.4365213016355751
P,-1.6387197968662908,,,
Q,-2.51884807735415,,,
R,-0.42199069401671124,,,-1.4380815253803911
S,0.033910479989555854,,,
T,-1.1451886554781234,,-0.6662617855130009,
V,-0.19705727957669317,,,
W,-0.18155484971217595,,,
Y,0.06450754268930048,,,
I,,,-0.38451855003533897,
N,,,,-1.3571873612859147
