,Mean0,Mean1,Mean2,Mean3
*,-0.37721580955900025,,,-0.25511089578321844
A,0.433980577452569,-0.01919875516865588,,
C,0.6005101267205266,,,
D,-0.3872637121363134,,,
E,0.009729047628017184,,,
F,0.05730442694687845,,-0.04005670041135012,
G,1.1135470090812931,,,
H,-0.19063694686054955,,,
I,-0.5238125774419256,,0.08980091736684459,
K,0.0017788700522307632,,,0.05122213149605814
L,-0.37744427301871625,,,
M,0.375506630505376,,,-0.08657715185768211
N,-0.15060297171968773,-0.046432956155042504,-0.15068548204398535,-0.507549893380717
P,-0.3776773343709704,,,
Q,0.6042761387600817,,,
R,-0.1463397055949772,,,-0.7041909208147499
S,0.0003740701851077481,0.05794738748473449,,-0.6857995867023616
T,0.5235915720036238,-0.14529887600794672,,
V,0.4084802994534733,,,
W,0.38220765079515867,,,
Y,0.2535248873427427,,,
