Translation,ratio_x,ratio_y
D*T,"[-6.881101468821377, -6.306910415456954, nan, -7.113758237243633]","[-7.3032463385153115, nan, -8.861905909686893, -7.987217271701048]"
DAT,"[nan, nan, -1.5230115779196005, 2.7256480437891533, -2.9305502122828884]","[0.6222217250442679, -3.9732183726219876, -1.9167658065603614, nan, 0.15120701963204297]"
DCT,[nan],[-0.32136376842248104]
DDT,"[-1.857718915231306, -1.3877582508135067]","[nan, -0.8028606482399709]"
DET,"[nan, nan, 0.1465362548864988, -0.063093283913906]","[-1.2194100425352605, -0.10927011316626611, 0.505447097670368, 1.649007856546012]"
DFT,[nan],[1.7352149016866463]
DGT,"[nan, 1.6988327813644952, -1.9198842417225466, nan, 1.8194727881845285]","[-2.780356373328984, -2.513462857247082, -0.8548046261031299, 0.280452107484507, -1.0494240636825571]"
DIT,[nan],[0.8124116866384448]
DKT,"[nan, -0.919052086741079]","[-0.4144868134499138, 0.23465888155740444]"
DLT,"[nan, 1.1581362515702907]","[0.12379048431093587, 2.7776316373499714]"
DMT,[-3.42296005453695],[-2.5498187783695494]
DNT,[-2.6052016160959033],[0.9614331399655693]
DPT,"[nan, -2.3439946497607735, -2.8772568562788106, -3.173938088676513]","[-2.2806879901123525, -5.46117201641022, nan, -3.061995330464528]"
DQT,[-3.019368228280131],[nan]
DRT,"[nan, 0.7348421275970551, -4.908969540813668, nan, nan]","[1.6572776542424101, -0.4183144772810454, -1.4186561007876861, 1.0853267509239526, -4.792021078303128]"
DST,"[-3.046530298738559, -0.6868345952990627]","[nan, 1.339230145005617]"
DTT,"[0.0, -2.0216557793313576, -1.4989812962134828, 0.8338210923444169, -2.370608326295379, nan, 0.47615477229471637, -3.1268493501009953]","[0.0, nan, nan, 0.9699963353398982, 1.2566661031681177, -0.12234994021025614, 1.3565730440512525, -0.7475557877534929]"
DVT,"[-0.5804666479001082, nan, -3.929640403232911]","[nan, 0.49161135273428513, nan]"
DWT,"[nan, nan]","[-0.7716001089142779, -2.9900130727810534]"
DYT,"[1.778826758791288, -0.2917227560947566]","[0.5936042126997183, 1.359593151244848]"
