Translation,ratio_x,ratio_y
A*R,"[nan, nan, -7.683797130181203, -8.3200405300119]","[-7.326806774425307, -5.5459796531031165, -6.437680037756227, -8.846192621204299]"
AAR,"[nan, -2.3501440158773264, -1.7628931331190074]","[-2.6217329026574365, -1.890405512287197, nan]"
ACR,"[-0.8095432264178282, -0.8758110185906691]","[nan, -4.265689241336499]"
ADR,[nan],[-5.316873435994439]
AER,"[nan, -5.868908299479102, -7.068762229909551, nan]","[-7.059099896161808, nan, -5.8996623471827245, -6.496709994748542]"
AFR,"[nan, nan, nan]","[-5.616083697491079, -7.815310036210349, -5.759322917767846]"
AGR,"[nan, -6.4185810832510795, -6.99664237082045, nan, -5.678222890975447, nan]","[-5.6859198891083995, -7.279300804958651, -5.9155011100713315, -5.247046221152348, -6.84231985060498, -6.315306733683335]"
AHR,"[nan, -4.43989478963591]","[-2.540775715144111, -5.225381844193723]"
AIR,"[nan, nan, -3.2374764043545916]","[-1.2903681708746397, -1.5493614114865704, -3.462810319329506]"
AKR,"[nan, -6.3359876385566265, -7.971080789504192, -4.477988184139036]","[-7.060002540686729, -5.03986290597335, -6.43850960674939, -5.215841440097043]"
ALR,"[-2.845350410441558, 1.240598473524642, -2.547389161617806]","[-0.5218806750644642, -1.5898604956435953, -1.2376848433116052]"
AMR,"[-1.799129815195741, -2.022875375975718, -2.812309600429076, 0.0]","[-2.2801854184466954, -2.910189724045475, -0.8759607589299181, 0.0]"
ANR,"[nan, nan]","[-3.967210680905734, -3.806164929563921]"
APR,"[nan, nan]","[-4.372420416291618, -3.5943565917620557]"
AQR,"[nan, -0.7099452717638748]","[-1.8898055268172822, nan]"
ARR,"[-5.947146686326355, -7.501925625978126, -7.0967776597068735, -3.9792540306003747, -6.348423758223691, nan, -4.7068888514330105]","[-4.576890929630804, -4.8141707565779255, -5.381223829599991, -5.3710011392062835, -7.14444274680314, -7.074285432569566, nan]"
ASR,"[-6.539881598719826, nan, -5.01172990148954, nan, nan, nan, -5.27675400178878]","[-5.346128103308475, -5.4221518311159995, -5.217196464195734, -4.8184848111910865, -5.235593103025537, -2.2549628347434414, -3.761522186126429]"
ATR,"[-6.992532926479196, nan, -5.4877802271438]","[nan, -5.523716132894407, -5.38112103170412]"
AVR,[-2.8520496608899233],[-1.9982404206686581]
AWR,"[-4.956002861202472, nan, -8.098867439389114, -5.96614377216683]","[-5.957341782361951, -5.3457176227521455, -6.501991289241924, -6.143111666779559]"
AYR,"[nan, -3.020441999869071]","[-2.494150498622867, -4.235063277305736]"
