Translation,ratio_x,ratio_y
V*I,"[-3.149921694098957, -4.901874648359774, -5.790807139191519]","[nan, -6.382059080159663, -4.888435917981233]"
VAI,"[-1.0400085528868583, -0.310737350510653, nan, -0.11961812679921735, 1.2071109543519665]","[0.2914576146178103, nan, -1.235027054482229, nan, nan]"
VCI,"[nan, -0.9221720625930008]","[-1.2236381791344861, nan]"
VDI,"[-4.257703459280185, -1.9282722621294202, -0.2612607086385452, 0.34847552735066856]","[-5.0766861903551295, nan, -1.9481384199333807, nan]"
VEI,[-2.613333967146083],[-1.914078993977098]
VFI,"[-1.7801530577205735, 0.5578208785266128, -1.7782626511942876]","[nan, -1.8776132386551048, -0.3619836091932136]"
VGI,"[-0.8591622650671997, -1.7760216953933892, -3.110475593350168, -3.0317965537674993, 0.21168368414178929, -0.912324276636653, -0.21357135968015584, 0.7274236444829363]","[-2.6731384653120482, -1.2751684797745675, -2.9684706777115117, -2.062962888564943, -3.0117767058336984, -1.5342517461241467, -3.292166980451718, -3.1261793742799533]"
VKI,[nan],[-0.5767981309209418]
VLI,"[-1.553928774793098, nan, -1.1154475513126947, -1.8660289845554665, -0.29081665638739373, -1.8494157201576868, 0.2257858187941011, -1.0091076993642822]","[-2.6365327964138796, 0.30362025332638787, nan, -3.1572664923200744, nan, -1.1683332855655824, -3.132950407502097, -0.9355578547307974]"
VMI,"[-1.0943530379756812, nan]","[-2.0335850283026744, -1.8477846601451269]"
VNI,[nan],[-2.4067926196964766]
VPI,"[nan, nan]","[-1.054992799403621, -1.6215759968013757]"
VQI,[nan],[-0.9203257624144712]
VRI,"[nan, -0.08086980861205895, 0.2242715055101474, 0.0, nan, -3.13790075364844, nan, -1.7637426999885175]","[-1.7691485106617417, -0.07045742511186859, -0.5698444883933842, 0.0, -1.1293391539497186, -3.3432636291459055, 0.19562300102727725, -2.277987495761616]"
VSI,"[-2.149977980115814, -2.1016198381538196, -1.9477071547001383, nan, -1.117722871710809, 0.46893959744036273]","[nan, -1.2980368520080283, -1.2742852871905797, -1.1865285367910374, nan, nan]"
VVI,"[-0.39465983405574434, -2.38819349059065, 0.22621977729967035, -0.2431150464547951, -2.1168649691842543, -0.37406328587948323, -0.6109703742986969]","[-2.0044080779263282, nan, nan, 0.12641808618514894, nan, -1.4550439395825663, nan]"
VWI,"[-0.5024782008829352, -2.1788649415529697, -1.29032317424101]","[-2.6964803775836312, -2.4046233713855187, -3.3241409062191636]"
VYI,"[nan, -1.5670771037704387, 0.1762764254950948]","[-1.7176220129624866, -1.4471802913138383, -2.242680627025665]"
