Translation,ratio_x,ratio_y
K*V,"[-2.3890913535700395, -5.144788487507398, -5.0386375965721495]","[-5.208807374208691, -5.52239920738433, -5.962264967443012]"
KAV,"[-2.1790803656299538, nan, nan]","[nan, -1.073324848333245, -0.41329939863806153]"
KCV,[-1.549362798703454],[nan]
KDV,"[-4.454282681048422, nan, -3.8078266532010003, -3.2373109918177247]","[-3.79906197554139, -4.132847939726858, -3.869848508742236, -4.16099497152547]"
KEV,"[nan, 0.11545300970691663]","[0.5775211745875435, nan]"
KFV,"[-2.39043833860506, -2.49821983850641, -1.3860135439156949, -1.1372633800834482, 0.0]","[-2.4033153100654374, -2.6748669054731957, -2.299803581474551, -1.8650351052980056, 0.0]"
KGV,"[-3.1405016959983687, nan, -2.036814628534124, -1.4765854999545507, 0.40342234949213207]","[0.1767972535545308, -1.2860996961935829, nan, -1.3297760430757783, -1.5097157303447961]"
KHV,[nan],[-0.3964747759967011]
KIV,"[nan, -2.52831211849254]","[-1.5016552730589083, -1.8125440112002682]"
KKV,"[-1.6196092925725694, nan]","[nan, -1.9869020371946693]"
KLV,"[nan, -1.9693150459921451, nan, -0.45511760554654224, -3.150990753088882]","[0.6143996688119149, -2.2075561061771616, 0.985249977852213, -2.383346176536433, -1.811762999983932]"
KMV,"[0.4134309691914382, 0.5479068002438048, nan]","[nan, nan, -1.0068288331176785]"
KNV,"[-0.629125087692767, 0.24354419850823028]","[-1.4710757299172617, nan]"
KPV,[nan],[-1.0849354787690242]
KRV,"[nan, nan, -0.5722295915360416, nan, 0.4226031010079758]","[0.14678843344406545, -0.8228824678247957, -1.242253857301833, -0.20207476815691727, nan]"
KSV,"[-0.5507238318618395, nan, -0.13409115269994132, -2.2543684929341907]","[nan, 0.5759542198979428, nan, -3.323779052319903]"
KTV,[-0.9822930550305724],[nan]
KVV,"[-1.1583307624353996, -1.164246849791148, nan, -0.9947292271671095]","[nan, -0.26041040093374157, -2.736216431099317, -2.5082981938734594]"
KWV,"[nan, nan, nan]","[-0.8438498972882282, -1.2877685165542019, 0.2367887448481767]"
KYV,"[-1.288870027600387, -2.4469671319458737]","[nan, -2.041292650096306]"
