Translation,ratio_x,ratio_y
I*G,[0.23817447294495864],[-0.4493329944410327]
IEG,[0.4923332678736383],[nan]
IKG,"[0.19067878938251148, 0.0]","[-0.08042147163928348, 0.0]"
IMG,[-0.028991295216018287],[0.023012491649577527]
ING,[-0.6306164840403596],[-1.210010481340131]
IRG,"[-2.577990909410774, -1.4225400502122287]","[-1.9553220562096225, -1.302749161846572]"
ISG,[-2.8496793955583186],[nan]
