Translation,ratio_x,ratio_y
FAI,[0.14081412439184327],[0.14534803457362955]
FII,[-0.13027760002274213],[-0.030131455825955555]
FNI,[-0.14027275598447453],[0.23746098473585064]
FSI,"[0.2770559995778683, -0.06406454063316147]","[nan, -0.14781447608712917]"
FTI,"[1.8328693368785078, -1.6144364308278867, 0.2550296932478684, 0.0, -0.44027195521090867]","[nan, nan, -0.01798488022261502, 0.0, -0.36975948075356513]"
