Translation,ratio_x,ratio_y
AIK,[-0.3056185111437646],[-0.46341858892691334]
AKK,[-0.4379927978398843],[0.1892987834271569]
ALK,[0.02284839105208647],[nan]
AMK,"[-0.5204549580318556, 0.0]","[0.07106701616633693, 0.0]"
ATK,[-0.6662617855130009],[nan]
