Translation,ratio_x,ratio_y
C*S,"[-6.601289523075602, -7.099814727377957, -6.852263252091761, nan]","[-4.371989061024315, nan, -4.436807465633289, -4.8027359293944]"
CAS,"[-2.533001419129567, -4.077224944191224, -3.501282528112723, nan]","[0.1920560287811437, nan, nan, 0.5339990040318483]"
CCS,"[nan, nan]","[-0.18264660575476022, 0.4833108764484155]"
CDS,[nan],[-0.5643869398843648]
CES,"[-3.9602305780245945, -0.6005441594857999]","[nan, -1.1002733060870327]"
CFS,[-2.319258049095785],[nan]
CGS,"[-2.70048164199096, -3.5721724152091276, -4.155662149273491, -4.792495467258112, -3.930933833121358, -2.0234147491383236]","[-1.3325338539605305, -0.14681852661913553, -0.02586478968646233, 0.4110331120675035, 0.04014440517971529, -0.13572555836726963]"
CIS,"[-4.26151379826163, -4.498795836820445]","[nan, -1.1836481295998347]"
CKS,[nan],[0.3293526234111699]
CLS,[-3.028450339035622],[nan]
CMS,"[-3.7071432255592836, -3.6526326706342527]","[nan, nan]"
CNS,"[-3.4105732158417297, nan]","[nan, 0.14247682829240738]"
CPS,"[-3.051097626776645, -3.4793639895076502, nan, nan]","[-0.5241640215262908, nan, -0.548419117177815, -0.4799305735414663]"
CQS,[nan],[-0.7629326192664436]
CRS,"[nan, -3.4594293821834867, nan, nan]","[-0.2612564404511293, nan, 0.22918846148573735, 0.04800098214331072]"
CSS,"[nan, nan, nan, -2.452919506551325, nan]","[0.20010668182864322, -0.2023136392108391, 0.7995891147693985, nan, -0.49298672636691165]"
CTS,"[0.0, nan, -2.47320312027502, nan, -2.8768404647285166, -4.15473431141214, nan, nan, -1.5090929388043453, -2.6427136137297396]","[0.0, 0.02380427171266497, nan, -0.30934337454811356, -0.2828905109356139, 0.019925312092924585, 0.29057546728154193, 0.9385841388954717, -0.34524111046752815, -0.024018035494671963]"
CVS,"[-1.0505770801208474, nan, -3.024225753173896, nan, -3.126185569271758, nan]","[1.0191600436109027, -0.766214524404166, nan, -0.5292457282276875, -0.15701429372502318, -0.35730312792216345]"
CWS,"[-3.2667740418288727, -4.917310549257383, -2.656433917682083]","[-0.3514010634891367, -1.5746152566133205, nan]"
CYS,[-3.0907284354548565],[nan]
