Translation,mean
T*I,"[0.0441751640168018, 0.2929186076961767, 0.0074249782297786, 0.257684739880057]"
TAI,"[0.4125770259993384, -1.5287923148834084, 4.381466183278229, -0.213977636139437, 3.386189367026555, 1.557741392460013, -0.161116363314715]"
TCI,[0.395793137104365]
TDI,"[-1.085365150615127, 2.4697466415148512]"
TEI,"[0.2196774748798428, -2.585380494333771, 4.412820005045306]"
TFI,[9.480063384733825]
TGI,"[-1.4182047686974109, 7.456699391668314, 0.7960461645762026, 2.5347201462717184, -0.6020122649429909, 7.255438551430757]"
THI,[-0.8173366451051907]
TII,"[0.1639741077521596, 3.915617568912273]"
TKI,"[3.651690956634864, -0.3749927018761116, 1.2743544974738024]"
TLI,"[-1.381046790348767, 5.381645643998468, 1.0564052481667208, -0.9563765912772428]"
TMI,"[4.181669911418089, 4.394530570581885]"
TNI,[-0.5678329842415968]
TPI,"[-0.8850800104706007, -0.6947052421316471, -2.437052426226284, -0.8053102598349056, -1.9920980861067263, -1.1214845764217802]"
TQI,[1.8878552072717325]
TRI,"[-0.5740652772866484, 1.3226415595607597, -2.941417994620412, -2.780062271903269, -1.810034876814928, 0.3135839660729349]"
TSI,"[-1.791566781384235, 0.4422307412054174, 0.055680867796882, -2.062266439277961, 5.2327795005852735, 0.3457048579650132, 4.649344469610711, 1.8119842960412316, 1.3453605440275362]"
TTI,"[1.397344960255697, -1.9560054797399635, -1.3956245779784844, 0.0, -1.4380595641655702, 0.3495913829101833, 0.1815049919178296]"
TVI,"[3.546368280526373, -1.0497644576502254, 1.1411170863794524, -0.8435874365259561]"
TWI,[3.8370152373125297]
TYI,"[-1.3396742903459715, 3.745206925786228, -0.4497128928171836]"
