Translation,mean
E*N,"[0.2797638563081563, 0.5230784002374516]"
EAN,"[0.3725847725784849, 0.0734090607011488, 0.4481714739929905, 0.6601214333262053]"
ECN,"[0.2804985162522055, 0.172819995301308]"
EDN,"[0.4625463568007192, 0.5608689840039469]"
EEN,"[0.2365226835311694, 0.359393778701655]"
EFN,"[0.2746209577359129, 0.1910394218513924]"
EGN,"[0.2042172350098137, 0.1466259131517224, 0.0, -0.0051391822309403]"
EHN,"[0.1441673843754358, 0.2241527061054435]"
EIN,"[0.3439754661371768, 0.7676389522516116]"
EKN,"[0.1344452358561461, -0.1660119877390871]"
ELN,"[0.2757707959386186, 0.5908711108201783, -0.0834830502403689, 0.1230085286466953, 0.2570235594773162, 0.0288243774885095]"
EMN,"[0.3123363527463447, 0.353169749443301]"
ENN,"[0.4681591483603036, 0.7212007998490368]"
EPN,"[-0.4009649352574485, 0.444307660056352, -0.3552243598810243, -0.0190209387980022]"
EQN,"[0.689453296164415, 0.4571596520706084]"
ERN,"[0.4105030058945464, 0.4833320797091631, 0.2245521788939202, 0.2558299405935539, 0.1891190521249602, 0.3034346815619826]"
ESN,"[0.190336550657399, 0.1626000307691035, 0.0036028712614468, 0.4693666592306744, 0.3633640829452624, 0.044526783206185]"
ETN,"[0.6649052726223443, 0.2363658948228737, -0.0966810269505362, -0.0677615922277139]"
EVN,"[0.4150513531533502, 0.3806881358404324, 0.3689765241832377, 0.3591342552898626]"
EWN,"[0.4186219916605762, 0.4131045117823499]"
EYN,"[0.8139428644244715, 0.3517388527577978]"
