Translation,mean
M*Y,"[0.6803605602227143, 0.6383445035144555]"
MAY,"[-0.2080509702594656, 0.7270561543294152, -0.5298868865720436, -1.244678508952961]"
MCY,"[0.3550809954028331, 0.3934744026204023]"
MDY,"[1.1472896507406816, 1.6076872344655042]"
MEY,"[0.4927896201464792, -0.6006474305565535]"
MFY,"[-1.0486453523136936, -1.0033375980069588]"
MGY,"[0.2397272067617502, 0.1816026342040295, 0.3334757061945304, -1.286989697403075]"
MHY,"[3.289915289219568, 1.2826157685614952]"
MIY,"[2.9623990090698307, -1.0154470463588332]"
MKY,"[0.0, 0.5523688593939342]"
MLY,"[2.3152609220903297, -0.7945562695142225, -0.6792645106102704, -0.2376410427718447, 0.7200301186597002, -0.8633066161196039]"
MMY,"[0.1135699305489818, -1.000424975327543]"
MNY,"[0.39606861438949, 0.1325122080319278]"
MPY,"[0.6776146119253391, -0.641928816518254, 2.202595898129889, 4.849924279811418]"
MQY,"[0.0171323099510516, -0.1015431308301]"
MRY,"[0.6467348100872208, -0.25604878782603, 0.0534335187863011, 0.4788158446845294, 0.6218381948082454, 1.5247478771163945]"
MSY,"[0.1645189777081954, 0.8809611351214093, 1.1816367218543429, 1.066383917411879, 0.1031891870441956]"
MTY,"[1.8503277706071255, 2.1334625151358537, 0.9909681612666024]"
MVY,"[0.5162249182761586, 0.3081102375769156, 0.0713863883170056, 1.1930570624788217]"
MWY,"[-1.1469579713215443, 0.4719948488993717]"
MYY,"[-0.3583707908669167, 1.2198047357682196]"
