Translation,mean
L*T,"[0.3889715462598464, -0.1614300554724934, 0.3455656069460682, 0.4141634988281315]"
LAT,"[1.4599170549409948, 1.7741325379081836, 0.1704843586942122, -0.3096787833497156]"
LCT,"[0.4504715982372911, 0.5475810445342049]"
LDT,"[-1.0277663673102315, 2.3893189606174694, 0.0951563941128199, 2.456433156476008]"
LET,"[-1.8181892236329984, 0.2959684842827617, 1.806591812164044]"
LFT,"[1.5413220540625208, 4.0848179374882925, 4.341790590534883]"
LGT,"[-0.5123159095395522, -0.1222703537734659, 0.0116990049436243, 2.0074483252738258, 0.9579796490095251, 0.8516621746746704]"
LHT,[2.958837804441786]
LIT,"[1.3162554984277488, 0.4861804998700609, 1.23766321129561]"
LKT,"[0.3391931509434219, 1.4272868108164918]"
LLT,"[-0.4231368331330003, 2.2467145651746705, 0.4150070178104732, 0.6601900990181298, 0.706481920715321]"
LMT,[2.427286810816492]
LNT,"[2.546722041805112, 0.0882494706277725, 0.2277688557326307]"
LPT,"[0.0, 0.425939127354745, 2.2774630154306887, 0.2891251281466021, 1.1241421635008535, 1.5985403248229968, -0.7180645747561272, 0.0678300408011596, 0.5487637120312527]"
LQT,"[0.4589184198656024, 1.6697804382094483]"
LRT,"[-0.6056278116562446, 2.153813927215316, 0.3377886599773898, 1.604824996368679]"
LST,"[0.2788949709238206, 0.0293228248965888, 0.4194389489938075]"
LTT,"[-0.9407830657155908, 2.481864446224096, 1.0259242484347233]"
LVT,"[0.1542683164100751, 0.835818346235925, -0.4195964754277508, 1.7719349822039376, 0.7068296136703385, 0.3806915598404563]"
LWT,"[1.526822484367406, 1.4366246753958285, 1.798902029804207]"
LYT,"[0.1078699350851781, 3.320371606899979, 0.3407453539633174]"
