Translation,mean
N*F,"[0.8030122551853038, 1.220320613171484, 0.846831494979627, 1.046111714026008]"
NAF,"[-0.2493584273117175, 0.6666411939468251, 1.027422491685698, -0.887293379332057, 1.9224478157364, 0.5279961849240564, 2.763278115498988, 1.1291291456511845]"
NCF,"[-1.273974987882989, -0.3823174805133353, -0.2359272613051501, 0.522133798046335]"
NDF,"[0.0, 0.6332443374731122, 0.5190622366108446]"
NEF,"[-1.383892394703385, 0.7849119329816467]"
NFF,"[0.5257355617404036, 1.5787675602658815, -1.1987888744409665, -0.2677059085096358]"
NGF,"[-0.3111311154695357, 0.3931342918188898, -0.8243582366532731, 0.3169170804328436, -0.349110832710453, 0.1667000294814711, -0.3909639056429163, -0.2319566625055911]"
NHF,"[4.814336248005672, -0.2459947683640715, -1.895215245800488, -1.1254689700755804]"
NIF,"[1.0952085089598036, 1.4797068540766096, 1.3392746669849815, -0.1809953598492955]"
NKF,"[0.8119736088130933, -0.2651937337421941, -0.8662261434041625]"
NLF,"[-0.8357789322407339, 1.3931744995901694, 1.3805569686524377, 1.3960236166939666, 0.416103304853161, 1.5024610928169206, 3.734497969660685, -1.0717743703188285, -0.2076127248279728, 0.0098392040368881]"
NMF,"[0.6758138436636161, 0.9962963009057128]"
NNF,"[0.783367821906249, 0.1224585433680029, 0.5811718740713596]"
NPF,"[-0.2138248444964272, 0.7920370230129761, -0.579532218035407, -0.6384294597486404, -0.5364439013906308, 0.1927182058647352, -0.7589439753879327, 0.0316424949379721]"
NQF,"[1.7246564593209035, 1.0026856175666667, 0.6044903975235014, 0.8203026802066544]"
NRF,"[2.6279927655676776, 1.3650013098332314, 0.4843303814741846, -0.0009435825655419, 1.40807182081687, -0.0260164092489452, 0.425620252409014, 0.1155857870005308, 1.4235610641655123, 0.9802664410324836, 0.9186302998918672]"
NSF,"[-0.1406729374536821, 1.2155549935384409, 1.7043189575645208, 0.293362405354106, 0.3371549660121263, 5.987427803561353, 0.3467761931025972, -0.2233162934737276, 0.0726356507749521, 1.2582360210100267, -0.348893123870849]"
NTF,"[2.765035382224907, -0.3149467689392935, -0.2546588228826313, -0.2154110953883794, 1.0235197322729173]"
NVF,"[1.577526932368574, -0.3149467689392935, 0.3554210764978887, -0.0203311397748882, 0.9814462338409308, 0.3819413858515759, 0.4992341390890216, -0.0819701638861598]"
NWF,"[0.5566844140303386, -0.8870207608279257, 0.1907744146630046, 0.541255559271951]"
NYF,"[1.483512806504958, 2.6850532310607065, 0.2836740090229978, 0.5473338407689239]"
