Translation,mean
K*S,"[0.6182249059898588, 1.5361745916814291, 0.6837818197452514, -2.894407697302471]"
KAS,"[-0.3796463649982581, 5.4054353623324936, -1.2912117715451998, -1.3314627473921927, 0.1951605432092202, 2.0542700462200365, 0.1479440862250669]"
KCS,"[0.4429009460632422, 1.115632468040551, 0.2941919865651292, 1.1219210946341427]"
KDS,"[0.2718883237670502, 1.9307962765173377, 0.8828604784280292, -0.2686951319902881]"
KES,"[0.3436240860709572, -0.0716793302080311, 1.0438782046923896, 0.5667673708874204]"
KFS,"[0.3416236723713948, -0.7535938273554694, 2.1001427912766557]"
KGS,"[-0.0295341678858193, -0.9746005016509328, -0.0928408216651215, 0.2594787282606443, 0.3907606797731384, 0.0, 0.2508829010677305, 0.1421805199612089, -0.0562980124460472]"
KHS,"[2.872986845341964, 4.098029547813478, 1.1611834267900625]"
KIS,"[1.2549800374462057, 0.9816178115303088, 3.105875080473588]"
KKS,"[1.4103755218061127, 0.922826851103395, -0.136248926298709]"
KLS,"[1.9924463298875457, 1.286295505997579, 1.3804606990521495, 4.877923133795239, 1.3155201702102637, 0.6314708198990067, 4.437567800537998, 1.4946682136030645, 6.960117947687075, 0.4810392077618597, 0.4737398651499536]"
KMS,"[2.1619262712332805, 3.865544355524341]"
KNS,"[0.483329821722899, 0.394545325120311]"
KPS,"[0.811505855775212, 2.8983937041115286, -0.6971837056943198, 0.3612135706292179, 5.8648669809697935]"
KQS,"[-0.023904881986096, 0.4640008354478722, 4.9285541530501416]"
KRS,"[0.2876330618353914, 3.418837810881364, 0.7340191169789438, -0.0138113088182656, 0.13744689821951, 0.9710867226323372, -0.2284033045393796, 0.4433045892505634, 0.5785423873111086, 1.0628336991803842, 0.7455071682400214, 1.1269705649020962]"
KSS,"[0.6106160564040533, -0.6906874503217519, 0.6527647958713376, 0.7404138627899699, 2.06764946485686, 4.899491687447679, 0.4180664286346287, 1.34994024974079, 2.0161733277565883]"
KTS,"[3.222571305182683, 1.791543774080564, 0.7505271971047137, 2.679000435658459]"
KVS,"[0.423805889148424, 1.4794422467860784, 0.7335054857164169, 1.5301311773584856, 1.0705140978377718, 1.6162413889467684, 0.6546567740974547, 0.819846320587533]"
KWS,"[6.105875080473586, 0.5800359835092261, -0.1609148006070282, 0.1638089603276542, 0.3779505765699671]"
KYS,"[1.1725309547587877, 2.2110532627353727, 5.935950079031276]"
