Translation,mean
A*T,"[-0.6833686660389748, 0.1869914784999995, 0.2468392837637374, 0.425841767043618]"
AAT,"[2.176869865235023, 1.8815443105758565, 1.666106636910346, -0.9737309765717076, -0.5106884041134307, 1.6711092643720704, 0.8425128529726145, 0.1263761566174314]"
ACT,"[-0.4745119820272414, 0.9077880086287112, -1.487298847759055, 0.1144570917241063]"
ADT,"[1.983960230184941, 1.7420590615173, -0.7226688947231725, 0.1623321026431439]"
AET,[0.7884361802168218]
AFT,"[0.2855908466209965, 0.1314810682684468, -0.3337736593271874, 1.044664694110561]"
AGT,"[-0.3605483926325652, -1.3142567456372438, -0.0186804256825885, 0.1559680560428939, 0.163124970575573, 0.3455177284530623, 0.372448350193351, 0.0]"
AHT,"[-0.3182434914284222, 0.1717517786663372]"
AIT,"[-0.6855134141224841, 2.081395369944068, -0.3720386199133667]"
AKT,[3.577287242015549]
ALT,"[-1.4915623288852338, 0.2623306531687452, 6.513156904595833, -1.184954919208372, -1.5609845581566724, -0.0679512908628074, 0.7487307066519975, 1.8199629546763327, -1.1218570424431284, 1.2015707539299303, 0.4749735133148105]"
AMT,"[0.4329124384457339, 0.8549531104734154, -1.9056327295441164, 1.2630885357928872]"
ANT,"[0.324070968574409, 0.2639639142641172, -0.4081372057552582]"
APT,"[0.909033469295565, -1.158193804148402, -2.699437535735472, 5.039918590837033, -0.6020225602676224]"
AQT,"[3.1661472698103807, 3.895027539939479]"
ART,"[-2.0854948639696325, 0.2961159760205251, 0.4103615754926304, 0.766207616749627, 1.582087299641579, -0.4295969528867811, 1.8827576151199503, -2.448775054570646, -0.2394710903855088, -0.6668923141201848, -0.7408704231182872, 0.1611002066935922]"
AST,"[0.8503169948755236, 0.2552536414246704, 0.0081354493547411, 0.2126649295385378, -1.92027950550852, 0.8706623498796332, 3.6087362318242127, 0.1775432087507057, 0.4663820074781322]"
ATT,"[0.2676040169153815, 0.8856025271502102, 0.6568519656272285, 0.6992945513838453, 0.709264890703512, -0.2408943131486083]"
AVT,"[0.2983913363086365, 0.6928303257936159, 0.8140497083281384, -0.6010919571545283, -0.5965069333801568, 0.9658224951397932, 0.9713454552805852, 0.0590796404400837]"
AWT,"[-0.4571922484801822, 0.3910210389494288, -0.6097545187822115, -1.1314278894865195]"
AYT,"[0.5680994549328098, 0.5763279329109006, -0.7654636028057267, 2.021949842595485]"
