Translation,mean
L*A,"[0.4762361532805634, 1.4650933966238515, 0.822124571164796, 0.6714442635513329]"
LAA,"[1.7650802472871738, -0.5098763942148079, -0.1268868205301832, 0.2666081436102461, -0.3178328849481815, -0.2440530511204582, 2.9946779508915675]"
LCA,"[-0.4136753846464485, 2.7170300093140742]"
LDA,"[-0.3017713801915604, 0.0480032438044446, -0.1431481513257138]"
LEA,"[-0.2621259806566111, 0.6338034222369782, -1.0518412836192326, 0.294827949832896]"
LFA,"[0.6916075436075424, -0.0984131890891513]"
LGA,"[-0.9696147302227854, -1.358866922305526, 0.3904978783013124, 0.0581679963693675, -1.6872798172638994, -0.2020209187262205, -0.5305013867107755, 0.6420079686694526]"
LHA,"[2.1382258592263206, 0.1967902764486844]"
LIA,[0.4220188252269121]
LKA,"[0.750779370102487, 0.2003382095802672, 0.2722717057222308, 2.590830720193529]"
LLA,"[0.6213276334503188, 2.33535110698166, 0.1992791563227642, 0.3488656414091755, 3.5286887044195083, 1.890045004354329, -0.2010424934705206, 0.1284543684764953, 0.5933543735441881]"
LMA,"[1.511252921089481, 0.5855175575097924, 2.545483611652898, 0.0511012704155015]"
LNA,[1.408079634269038]
LPA,"[-0.096990301894933, 1.0474788887601043, -0.1390409726602693, -1.2939418104393718, -0.1892774509913408, -0.1150091984305419]"
LQA,"[1.4366500220050789, -0.4447146439096237, 4.615459026174396, 1.6729718432410534]"
LRA,"[0.6025910708687334, 0.3897209124605503, 0.1090308608638501, 0.813951337394089, 0.2217201747410797, -0.544298048516799, 0.036040618392172, 2.603348589941474, -0.0109405820491943, 0.3177521934130443, 0.4403045013922213, -0.0212337804470319]"
LSA,"[1.1654261055393498, 1.7156628644244891, -0.2439802475851511, 0.5347689223791416, 0.9786575939336224, -0.8036466922790737, 1.891679272563497, 2.608747660507979]"
LTA,"[0.4641843835011023, 0.8168784425681253, 0.765973226444272, 0.0612234336019285]"
LVA,"[0.4037665207316294, 0.4472419918972958, 0.0589480606430426, 0.2427165300666862, 0.6351450975585777, 0.1665855813665073, 0.0, 3.070660514534829, -1.0503389097162712, 0.6976532678403391, 0.036486887090235, 1.1397781445741035]"
LWA,"[0.5782329438091978, 0.3020221316675516, 0.3633397936994402, 0.0039632843676162]"
LYA,"[4.913871921556586, 2.927115735730581]"
