Translation,mean
NCY,[0.0504638113879982]
NFY,"[0.2788825561870211, 0.0, 0.3040958416228471]"
NIY,[0.0310501416528374]
NLY,[0.2224903668427105]
NSY,[-0.1273444262004117]
NVY,[-0.0297177907976387]
NYY,[-0.1190824444437224]
