Translation,mean
T*N,"[0.4303891512018651, 0.7564263748007498, 0.3884688798428052, 0.5171624483336075]"
TAN,"[-1.49491269740067, -0.2085405327346166, 1.3091541321196676, 0.2346837959506622, 2.9767247173284157, 0.009646653358649]"
TCN,"[0.7917616972949535, -0.3211323591109778, -0.0148574951648496, 0.4117288367224905]"
TDN,"[2.330063208792878, 0.2825075304359341, -0.1308745068867063, -1.4707378739805037]"
TEN,[3.949005921865302]
TFN,"[-0.9794755055185168, 3.194023274040928, 0.67765578703807, 0.147701721617607]"
TGN,"[-1.171741099761871, 0.6996994332534454, -2.082649568372576, -0.1983658751991566, -0.865452875334789, -0.8950760543778378, -0.6042218857871999, -1.734952703499096]"
THN,"[-0.0008457195547997, -0.1458140988984482, -0.7361698583898235, 0.1209670157474649]"
TIN,"[0.8651473136744059, -0.241620941840667, 0.9987332693194908, 0.3329274696086193]"
TLN,"[0.7981665692613653, 2.0231456446579106, 0.15578919472068, 0.1188334695121282, -0.2015158990369334, 0.3925670355110426, 0.0, 1.0171901740270517, 1.0140415692374276, -1.2672911616687277, 0.195658638968597]"
TMN,"[2.1446828763171712, 2.39355670138716, -0.9930781614267764]"
TNN,"[-0.5238245055993325, 0.1502918534157578, -0.0753287737319059, -0.2963914378920745]"
TPN,"[-0.6524988697256813, 0.6048913697489624, 0.6118413701108691, 2.342242965445012, -1.0644957244753357, 1.94647935407644, 0.0897825823117184]"
TRN,"[2.170720737218696, 1.8194203787535568, 0.4579370259359683, -0.5800506564725403, -0.5773045491035873, 0.5602231443904024, -0.9216154451685128, 1.7920199761304882, -2.041437661821851, 3.19002121607568, 0.1597401487462395]"
TSN,"[-1.1398771041157136, -0.3976795469531824, -0.5998199958860058, -1.6448161134269146, -0.7723900463025775, 0.1519648876287576, 1.8419062567460944, 0.6137677885237078, 0.053856444675758]"
TTN,"[0.099094942923493, 1.8388062683323876, 2.044407137764773, -0.5079008707167052, 0.20196031371513, -1.024546841429269, -0.6509225717713125]"
TVN,"[0.5951626469011781, 0.349327671856388, 1.8732227795376364, 3.614327388694308, 2.2872564626940584, 0.0041976334027457, 0.4504092986902845, -0.0099643920888441]"
TWN,"[-0.4093595421227132, 2.1110162680158915, 1.0494305110272606, -0.3834982400713524]"
TYN,"[1.1430055686683582, 2.045422769548435, 1.382771214333685]"
