Translation,mean
RHT,[-0.1653090604894371]
RQT,"[0.0, 0.2172266304017451]"
