Translation,mean
M*Q,"[0.6835240650352983, 1.0305822896954449]"
MAQ,"[-0.4464231099649014, 0.7124602377373108, -0.3163210833799805, 0.3178334899637587]"
MCQ,"[-0.8618992136797745, -1.0852259266241386]"
MDQ,"[0.8104383395768826, 1.0677912539434988]"
MEQ,"[0.8152147428474983, 1.0157816174905907]"
MFQ,"[0.8063244495262083, 0.9196394008946543]"
MGQ,"[0.8569262181845598, 0.5614032768998278, 0.7666336749774105, 0.0983876343207308]"
MHQ,"[0.5125619982408232, 0.6558093755146501]"
MIQ,"[-0.8322914216941629, -0.5768653739932086]"
MKQ,"[1.172351000685704, 1.1176598392346089]"
MLQ,"[-0.4919192886429595, 3.642145485718334, -0.2974417608489599, 0.5335848733614634, 0.2357089707358345, 1.2157925252664308]"
MMQ,"[0.5150745580572709, 0.3983028517534812]"
MNQ,"[0.6958670082644183, 1.350899667911991]"
MPQ,"[0.8541701697447613, 1.2071910750040216, 0.4441974194468736, 1.0434677856813377]"
MQQ,"[1.5113920791755393, 1.293726052367714]"
MRQ,"[0.6316114456075845, 0.9002506889755705, 0.5651121180697344, 0.9835488443196532, 0.6512579359290069, 1.1347444432248688]"
MSQ,"[0.9303513474439374, 0.891363277625965, 0.2924029505702821, 0.4339842817608411, -0.973381827070802, -0.0180718794871053]"
MTQ,"[-1.0861730884728384, 0.6821374340448063, -0.0294025713122394]"
MVQ,"[0.0, 0.0162507712236479, 0.126260723270823, 0.1579330022191375, 0.7036261961602176]"
MWQ,"[0.7696987342052193, 0.3383863830636366]"
MYQ,"[0.9969453316664652, 1.4255712314082487]"
