Translation,mean
L*D,"[0.6931952412438509, 1.042838556376349, 0.5904390989318635, 1.1642320953700374]"
LAD,"[0.6629397934798771, 0.0535843226982866, 0.8191551382118405, 0.2666015156468342, 0.9127098198270628, 0.3401458684367587]"
LCD,"[1.1523066066285104, 2.7162411284162564, 0.6111989800160256]"
LDD,"[0.6838582814805498, 0.6419705752496947, 0.5884438707209236, 0.0, 0.9728847789252164, 1.102643880339759]"
LED,"[-0.6419681737495964, 0.7220857343414034, 0.6644009157093604]"
LFD,"[0.9624651620122836, 1.7488302149114627]"
LGD,"[3.911815704807536, -0.0909454439468007, -0.1437067470731748, -1.2413199139733075, 0.558330473656409, 0.9475816541102152, -0.9420709632638422, 0.572046456330396]"
LHD,"[6.53398939085487, 0.5783943143187624, 0.6957042748393922]"
LID,"[0.5145236753884337, 1.5583860451623366, 1.1281881303537595]"
LLD,"[6.250091616933128, 2.019593725874108, -1.7089681504841678, -0.3517069824845258, 1.5093416196692946, -0.2181506432512527, -0.8372109019833074, 1.5317299907947728, 0.3314717287425015]"
LMD,"[0.9741414817741808, 3.772044320128485, 1.665129116211972, 2.102192921820814]"
LND,"[0.4712318347915332, 5.6085455878456045, 0.9198769799690112]"
LPD,"[1.4155281524967236, 1.056313537534581, 1.614814872515827, 5.776298405008479, 4.69749417655215, 1.0222368221561131, 2.461704013045789, 1.4986160000672504]"
LQD,"[-0.7565945738630564, 2.8127031024604747, -1.118451837229367]"
LRD,"[1.680293265099453, 0.4587979625857734, -0.5706436495752678, 4.65084074668593, -1.6244128330112009, 0.651086232407156, 1.526365834180977, -0.4602615294629384, 1.2137169459107948, 1.1887498575171385, 0.4204360878966983]"
LSD,"[0.7450844198215751, -0.9289338344260756, 1.3432010213246102, -1.730453209371733, 1.445315238977301, -1.5077983733918645, -1.080825261181488, 0.7857965412654107, 0.5967627168753928, 1.684513205428228]"
LTD,"[2.0003133078016013, 1.4693641098344, 1.153451041526047, -0.7142770618692325]"
LVD,"[4.5969576135703925, 1.5231796874308454, 0.3528371339893041, 1.6310996400435591, 2.149852627486469, 0.3640643894125563, -0.2093400017041684, 0.7711054920486875]"
LWD,"[-0.3807531768895593, -0.5796311181529301]"
LYD,"[0.108084085884399, 0.3299816821512467, 0.8142256187768231]"
