Translation,mean
E*M,"[0.873635261852634, 0.5939279164150157]"
EAM,"[-0.8286184337076019, -0.2105790685836535, -0.2515385126577865, 0.0585641468327864]"
ECM,"[0.803724307283046, -1.3120874337098425]"
EDM,"[0.0, 0.2042247651048577, -1.1289192259938297]"
EEM,"[0.4293874798515587, 0.901898365995958]"
EFM,"[-0.2323949237222988, -0.589444707801265]"
EGM,"[-0.8696643005741285, -1.1826449402426142, -0.7636940732331814, -0.9822915097510512]"
EHM,"[0.3819804262395614, 1.258930261839236]"
EIM,"[-0.5453953443457351, 0.018508084647995]"
EKM,"[-1.0013588324007712, 1.3574981230422285]"
ELM,"[-0.6565301210247849, -0.5257088925071871, -0.5104568100193472, -0.4357366309707107, -0.263353343665619, -0.3329506743469341]"
EMM,"[0.1897548083242801, -0.1092775401090371]"
ENM,"[-0.9835678623776304, 0.7270209630687035]"
EPM,"[-0.9914646837279396, 0.5271764542412463, 0.401881350428841, -0.7509680514103776]"
EQM,"[0.6077668844363426, 0.3488606326710393]"
ERM,"[-0.5068677547654383, -1.0049042307776186, -0.5584591836083037, -0.5507379255317968, -0.0369212125209328, -0.5159288326146889]"
ESM,"[-0.3091128229850088, 0.2548535448169353, 1.4277979564985053, -0.7621121537226507, -0.0792189960750899]"
ETM,"[-1.021606201851197, 0.5219646676730303, 1.8225264733770103]"
EVM,"[0.3573177679726829, -0.569868332072697, -0.0479919543958988, -0.3950763650667649]"
EWM,"[-0.0441080018753972, -1.2524448040961378]"
EYM,"[-1.2105280420412043, -0.8552302500138246]"
