Translation,mean
P*Y,"[0.5548852572038405, 1.1299204279835071, 0.3278769876481773, 1.0463621043226985]"
PAY,"[3.1289534747241845, 0.7278748181731345, 3.469269794938919]"
PCY,"[0.966127384171254, 0.9672960892654724, 1.5097752586651172]"
PDY,"[0.8659190688903902, 0.1589660437906239, 0.1867813749016891, -0.1823891208812185]"
PEY,"[1.2071621936218593, 0.5611128559932892, 1.2972156756467417]"
PFY,"[1.7757212599188126, 1.7097998669731087, 0.173812646015759, -1.6361123418582828]"
PGY,"[0.8492375777851819, -0.626360986289451, -0.4272270005624401, -0.4282594429917221, -1.215454445288894, 1.3991379945175488, -0.6460798252895756, -0.8138655334237175]"
PHY,"[-0.2267112754481175, 0.2122815021440987, 0.3343958271306952]"
PIY,"[0.250834804967841, 0.5679346850538831, 0.2532450670508961]"
PKY,"[0.548436879034222, 1.242482420354598, 1.3180260092267453]"
PLY,"[-0.184973460850423, 0.3934312974276466, 0.4134068641928845, -0.8081334184640241, -0.1131137681139256, 0.9946523830125944]"
PMY,"[0.509829681211202, -0.7527716142658321, -0.6728755527143191]"
PNY,"[0.2660330453348259, 0.2599380354781822, 0.2586575742869597, 0.1014775013719368, 0.0]"
PPY,"[1.5805168500281432, 0.6085312261977389, 1.0278443547953922, 0.5461333571894738, -0.5513159860926979]"
PQY,"[1.4560432747273246, 0.1110315667269237]"
PRY,"[0.8391133605114742, 0.5051963119689713, 0.5704631853642201, 0.7955297409989921, 1.5154218218062585, -0.1732193250165679, 0.1960676705827211, -0.1954814757737519, 0.3949584469134866]"
PSY,"[1.2696412549414011, 0.6147440611058297, 0.0404203012636, 2.541115282422849, 0.8530855227839327, -0.3487017998267276, -0.9088679907107816, -1.1031869231638254]"
PTY,"[0.9590284732818724, -0.0941290194873625]"
PVY,"[0.5830086911141033, 0.068684089421076, 0.3296604410187535, 0.1524379530739726, -0.169280568893698]"
PWY,"[-0.3503988380363729, -1.4226504290505415, 0.6676318965117405]"
PYY,"[-0.4845781781937432, 2.3964337855891724, -0.4777882823246653, 0.0479061457701837]"
