Translation,mean
L*V,"[1.0203687438550355, 0.5938852046347458, 1.341570755270499, 1.1266037095287258]"
LAV,"[3.111136005811128, 1.7531939465658295, 5.927702970946132, 0.717169417339937, 5.387828359753515]"
LCV,"[0.679868784964972, 2.0110643987860506]"
LDV,"[3.9302451655085857, -0.4099800128854003]"
LFV,"[1.5652293815041285, 3.044746851348512]"
LGV,"[0.4043686505596513, 2.249431965404707, 0.3080180766399945, 2.8288610675653008, 1.5138523866177316]"
LHV,"[-0.6744364937883933, 2.74613918903188]"
LIV,"[2.476108017419187, -0.2209103891668338]"
LKV,"[-0.3804381722111554, 0.5249906745725061, 0.3615771122378319]"
LLV,"[0.7898271788763411, -0.0933961387748727, 3.429155222042448, -0.2976679138174436, -0.4299321767422714]"
LMV,"[2.087647205537165, 0.4964370157890974]"
LNV,"[0.8513480709979895, 3.565132891561424]"
LPV,"[4.086445813234098, 0.6374769221036107, 3.587441443012821, 2.3040600020609165, 0.5289084728112119, 0.4769166540572485, 1.577400570924964, 2.2848818041155177]"
LQV,"[1.1308329460906368, 4.902410235469069]"
LRV,"[0.4137778956810285, -0.1066628563458014, -0.1763313378698408, 0.0602710902436216, 0.0, 0.2828264943946514, 0.2894237295432535, 4.309785747270238, 0.364460286699467, -0.6633348347386914, -0.5168952168019114, -0.6789335726333938]"
LSV,"[0.6610484661910521, 0.612387800143054, 4.746282330665991, -0.7045222199776848, 1.423136857596076, -0.6389178937855142]"
LTV,"[1.6293864557988975, 0.5061273906801818, 1.2309177596012866, 1.146481320969201, 5.202562812176716]"
LVV,"[1.6024037115704317, 1.380195319264086]"
LWV,"[1.2449450460033216, 0.4711964045430505]"
LYV,"[3.8050328780854494, 1.6801691266180496]"
