Translation,mean
K*V,"[1.1266264209553132, 1.6918852560380744, 1.584163403426489, 1.6883681740719223]"
KAV,"[3.141306830087755, 2.463861277739472, -0.0061460512288968, 0.8506474337575537]"
KCV,"[2.8947728563667194, 1.7270690948410865]"
KDV,"[0.2666770177772876, 0.1886661247288712, 0.6415005160249683, 0.3992103036063152]"
KEV,"[-0.2106784986557883, 0.3833657054137909, -2.523202469850899, -0.5381385117004179]"
KFV,"[0.5281578128493658, 1.1531421912200002, 0.8452568960170758, 0.7316504660444814, 0.0]"
KGV,"[0.7052077152810821, 2.464966951034865, -0.224743502030102, -0.6629756739794095, -0.2589938281063926, 0.4964909007233586, -0.651129094821072, -0.2330836671167295]"
KHV,"[3.165343587671162, 1.5563443293665973, 0.2529521859166621]"
KIV,"[1.1377402150675628, 1.387184730784032, 1.1555087998119695]"
KKV,"[1.389265367181448, 1.558775178977701, 1.7661605182559874]"
KLV,"[1.599413051258484, 1.866597251625361, 0.0580934618387729, 2.107359498164417, 1.805841146340896, 1.14559892748263]"
KMV,"[3.2571957294821416, 1.093873654215849, 2.8073059028998184]"
KNV,"[0.9804123016956297, 0.7125805150567377]"
KPV,"[2.057664265954505, 1.0168247994066082, -0.0462328831761027, -0.0236133780796272, 1.4651964413084038]"
KRV,"[1.5198184533414842, 0.6804379613731291, -0.1581681467555418, 4.514134484220696, 1.3593074823070437, -0.0659075486274707, 2.4740570448453614]"
KSV,"[0.6868800047253867, 0.6632595332831102, -1.914262423051204, 2.077881449946121, 1.561349122641527, 1.3756623312015206, 1.4476923408459612, 1.0736725915675065]"
KTV,"[2.3946992532320763, 0.7166273481194398]"
KVV,"[0.9216561505176664, 3.873609953406609, 1.7172355189438502, 0.2416167326897111]"
KWV,"[1.514524153671971, 0.5563443293665973, 1.7007342387017736]"
KYV,"[-0.03408190083689, 4.5198184533414825, 2.1255903329885992, 0.6782582190619646]"
