Translation,mean
K*K,"[0.7203370536422886, 1.5840450399688288, 1.4108185881790307, 1.4063956770907935]"
KAK,"[0.4434502729606642, 1.6606809891813334, 1.5105406397534722, 0.6438071706169364, 1.3607574899902994, -0.6227411947103629]"
KCK,"[1.1180864408977411, 0.8459756261930204]"
KDK,"[1.8517312478107015, 1.4773710230524069, 2.5116520267741294, 1.712477265573733]"
KEK,"[2.485969403455012, 2.5751467738276568, 1.7205100154119752, 2.088375751963057]"
KFK,"[0.0899354984238582, 0.1438794472418241, 0.748867918132051]"
KGK,"[-0.0905609714397064, -0.103151676382085, 0.5178701815519631, -0.5229455090014445, -0.3143345771436285, -0.1517925605325692, -0.5202463243010351, -1.0784655265266734]"
KHK,[0.8846090286943538]
KIK,"[-1.0932087890478153, -0.3117410528562168, 0.6643770506551023, -0.3829096260435767]"
KKK,"[1.5964849850309424, -1.10915303343777, -0.6403125711418429]"
KLK,"[1.755653137590004, 2.473882169174626, 0.7352005851451668, -0.0611141269129227, -0.1248055871964215, -0.2635641708003806, 1.3734514329092251, 0.4271881793970022, 1.3857104700048222, 0.073642133957275]"
KMK,"[0.8500755324233076, -0.6345932503458513]"
KNK,[1.1032393927976027]
KPK,"[0.972727644404193, 1.3851299281179337, 2.1332189745055024, 2.205391658607684, 0.9330620692483852, 1.4661487048051671, 1.4295289239875162, 2.130440416863016]"
KQK,"[1.325018783260143, -0.4362542834933666, 3.5415406415613475, 0.2754780364750974]"
KRK,"[1.1603697519981084, -0.074956042526729, 1.705207715281082, 0.2450532794025735, 2.581697768033329, -0.0162924356600484, 2.6496291845031577, -0.4010676945503153, 0.6278274230810368, 0.6175063016847258, 0.697681602105158]"
KSK,"[1.861966711283479, -0.0786700325897751, 1.062235259096557, -0.2629085493208443, 0.7057390319767034, 0.3774001122220101, 0.308416815923012, 0.4034377888822549]"
KTK,"[-0.6966364118032722, 1.4494291254500862, 2.3560456788807667, -0.1058094337770745, 2.8603628255808893, -0.6988234538899141]"
KVK,"[0.4817973760015448, 0.7119951998267933, 0.8507916878318529, 0.0165302234980675, -0.4398993014586043, -0.0956372266364233, -0.124496328649073, 0.3766383071317012]"
KWK,"[1.2418477651487052, 1.1592530359617037, -0.6135806720757149]"
KYK,"[0.3148522315186345, 0.5675021198950114, 0.5137011519927865, 0.0]"
