Translation,mean
Q*A,"[-0.5643430375142313, 2.411148404079591, 1.198249951603307, 0.8591305052475624]"
QCA,"[0.72826527365415, 0.4766216408047307, 0.9689617910167704, 0.0, 0.4465833195445796]"
QDA,"[0.2344890666792176, 1.3757514022201374, 1.0805816364021643]"
QEA,"[-0.4207980006209713, -0.9116971677367588, -0.155833567841662]"
QFA,"[-1.4430165023721884, 0.7073959518976611, 0.8225155850471841]"
QGA,"[0.3961537913795632, 1.561809584122228, 0.5591862122522082, 0.8215583286866446, 0.7942111035302659, 0.1924369320431043, 1.2139374037685018, 0.9884532621941092]"
QHA,"[6.04573684262034, -0.2961751140429172]"
QKA,"[0.8951107194207824, -2.092637952022095, 0.3521790296103275, 1.533109691252815]"
QLA,"[6.100703301838268, 3.851089411766795, 1.5962755127379695]"
QMA,"[-0.4820489701361881, 0.4603771389427153]"
QNA,[-0.124513933925737]
QPA,"[5.644638534299368, 3.1684182097101594, 6.436051912487951]"
QQA,"[-0.8768558700542801, 1.2113028863011177]"
QRA,"[1.0164022406790458, -0.1159221762792928, 1.6752259135948346, 0.1814282796382409, 1.4243048894220245, 0.0461764493398666, -0.1532617320864316, 0.7008974679842761, -0.1353910803554274, 1.0090642560115013, 0.9838084734334251, 0.2768941427405962]"
QSA,"[1.1940761076356736, 4.773468514644321, 1.9520459100815757, 0.4754192219783273, 3.397371444323891, 3.56868968106607, 0.469105337695169]"
QTA,[3.4093215468734304]
QVA,"[-0.5021200227170688, 5.0030925052118445]"
QWA,"[0.5082200691070793, 1.1448379419750827, 1.0507653320976758, 0.9070388695740292]"
QYA,[0.6289131149488512]
