Translation,mean
C*M,"[0.866508614946209, 0.6296352988050757]"
CAM,"[0.982104691749372, 0.6760815393899309, 0.0]"
CDM,"[0.4659990258456457, 0.7819462730302376]"
CEM,"[1.494232661586098, 0.8206550562976695]"
CFM,"[1.636583815375836, 0.3565561034066326]"
CGM,"[0.3469579856586833, -0.2851524634192284, 1.2534543135659586, -1.2005877142125485]"
CHM,"[0.3589434611931454, 0.6894538011206087]"
CKM,"[0.1381540319025292, 0.7715823142523477]"
CLM,"[-0.6153415959349875, 3.0476284058136827, 0.9466926716468348, -0.9955782608526258, -1.5889099423288515]"
CNM,"[0.0544763903186495, 1.255926455247076]"
CPM,[1.0027321536818894]
CQM,"[0.3186667659951783, 0.9178229304008992]"
CRM,"[0.3564847144860579, -0.3823826298999573, 2.67585226942858, 0.9248791301834314, 0.7002206773260911, 1.1631215007137858]"
CSM,"[-1.0460275790293536, 0.2534062026363685, 0.6016650000184366, 0.1421743523908585, 7.611901747887369, 1.0395830987121577]"
CTM,"[0.8258788489695146, 0.0110332663458372]"
CVM,"[0.8963702910676616, 0.736090620828076, 0.4120173217735368]"
CWM,"[0.2142109660600626, 0.383080739253804]"
CYM,"[1.2297605275259302, 0.4266848300013044]"
