,Mean0,Mean1,Mean2,Mean3
*,-3.0562478696777475,,,0.1495316350351814
A,-0.6781200981736487,0.16227983465139229,,
C,-0.6924484287286967,,,
D,-0.30149468406524527,,,
E,-0.5805696887375476,,,0.20073711272716022
F,-0.6818206571497317,,-0.13098482744340512,
G,-1.0161324363918531,,,
H,-0.6529401007661049,,,
I,-2.5211365951672153,0.05592575588640347,-0.3314743410745303,
K,-1.4847260512186387,,,-0.09737424732906301
L,-0.11505731399585684,,,
M,-0.6540749104196635,,,0.08358775007446173
N,-0.7576103085288532,0.09502707053073056,0.0013475918544969545,-0.4127635893095283
P,-2.5434619268716396,0.23592423715103283,,
Q,0.0011502894632793303,,,
R,-0.24352588842095332,,,-1.1104596236050495
S,-0.31491555308894914,-0.08889583270961898,-0.16870609753950472,-1.6528534337084988
T,-0.25206218010830594,-0.2609648211832128,0.33162767265799875,
V,-1.431679197777651,,0.040362762860112866,
W,0.26716347441787436,,,
Y,-1.2598379239195767,,,
