,Mean0,Mean1,Mean2,Mean3
*,-5.687441990344212,,,
A,0.06597068144213059,,0.06766415627146216,-0.7196580367839793
C,-0.12663214007861767,,0.43875109885594554,-1.0478147779411477
D,0.12385697582796173,,,-2.2952457172144145
E,0.12752728522972256,,,
F,-0.4327309856542336,,-0.4943511641042342,
G,-0.4778167715764702,,,-0.5494694686727459
H,0.48392420782663903,,,
I,0.25832783239952506,,,
K,0.12832066276537768,,,
L,-0.24254455707989428,,,
M,0.14186631939902306,,,
N,0.19519909836647087,,,
P,-5.829658343764407,0.04903434115098726,0.09928177439086117,
Q,-0.37855917783938375,,,
R,0.21228710944023685,,,-0.36304442920784297
S,-0.07829159572651957,,0.08116500450935538,-1.063798181428366
T,-0.14197255600404823,,-0.16800603613905096,
V,0.29754519875436514,,,-0.12372291019651849
W,0.4412495781891943,,,
Y,-0.22071554572212948,,0.009472004560787006,
