,site_1,site_2,count_x_x,site_3,proportion_x_x,count_y_x,proportion_y_x,ratio_x,count_x_y,proportion_x_y,count_y_y,proportion_y_y,ratio_y,mean,std
TATGGGCCT,TAT,GGG,310.0,CCT,0.0005813637292795,216.0,0.0004605916897317,0.3359526845276335,179.0,0.000443333770888,149.0,0.0004082728687608,0.1188595654447244,0.22740612498617896,0.15350801665246372
TATGGTCCT,TAT,GGT,172.0,CCT,0.0003225631014067,136.0,0.0002900021750163,0.1535176948686238,,,,,,0.1535176948686238,
TATGGACCT,TAT,GGA,533229.0,CCT,1.0,468962.0,1.0,0.0,403759.0,1.0,364952.0,1.0,0.0,0.0,0.0
TTATGGCCT,TTA,TGG,,CCT,,,,,673.0,0.00166683590954,245.0,0.0006713211600429,1.3120370642503758,1.3120370642503758,
