,site_1,site_2,count_x_x,site_3,proportion_x_x,count_y_x,proportion_y_x,ratio_x,count_x_y,proportion_x_y,count_y_y,proportion_y_y,ratio_y,mean,std
TTCATTAAT,TTC,ATT,445,AAT,0.0006565436003965,314,0.0006226711800412,0.0764203157248761,318.0,0.0005870884842039,345.0,0.0005498086825149,0.094648268460503,0.08553429209268956,0.01288910898650966
TTCCATAAT,TTC,CAT,258,AAT,0.0003806477503422,221,0.0004382494611118,-0.2032957652054356,230.0,0.0004246237464368,267.0,0.0004255041108159,-0.0029880159015007,-0.10314189055346815,0.14163896785702731
TTCCCTAAT,TTC,CCT,154,AAT,0.0002272083471035,112,0.0002220992744096,0.0328111574000384,114.0,0.0002104656830165,123.0,0.0001960187476792,0.1025933736671795,0.06770226553360895,0.04934347832872168
TTACTTAAT,TTA,CTT,1687,AAT,0.0024889641659978,1222,0.0024232617261476,0.0385952272315783,1205.0,0.0022246591932887,1483.0,0.0023633805106368,-0.0872675864956296,-0.02433617963202565,0.08899844908572799
TCCCTTAAT,TCC,CTT,159,AAT,0.00023458524149,105,0.000208218069759,0.1720169763809753,101.0,0.0001864652103918,133.0,0.0002119552312304,-0.184853087907717,-0.0064180557633708585,0.2523452424610135
ATCCTTAAT,ATC,CTT,386,AAT,0.0005694962466361,266,0.0005274857767228,0.1105541405296328,224.0,0.0004135466052254,308.0,0.0004908436933756,-0.2472137537956182,-0.06832980663299269,0.25298010416821715
CTCCTTAAT,CTC,CTT,148,AAT,0.0002183560738397,87,0.0001725235435146,0.3398894085429642,118.0,0.0002178504438241,149.0,0.0002374536049122,-0.1243076062586414,0.10779090114216139,0.3282368569727675
GTCCTTAAT,GTC,CTT,340,AAT,0.0005016288182805,234,0.0004640288411772,0.1124057553170381,227.0,0.0004190851758311,299.0,0.0004765008581796,-0.1852353220655125,-0.036414783374237196,0.21046402417687146
TTGCTTAAT,TTG,CTT,103,AAT,0.0001519640243614,90,0.000178472631222,-0.2319730303837133,,,,,,-0.2319730303837133,
TTTCTTAAT,TTT,CTT,127,AAT,0.0001873731174165,93,0.0001844217189294,0.0229054144268765,,,,,,0.0229054144268765,
TACCTTAAT,TAC,CTT,332,AAT,0.0004898257872621,278,0.0005512821275524,-0.170522102613841,255.0,0.0004707785014843,333.0,0.0005306849022535,-0.1728070653707263,-0.17166458399228363,0.0016157126601523085
TTCTTTAAT,TTC,TTT,118,AAT,0.0001740947075208,93,0.0001844217189294,-0.0831362229834482,173.0,0.0003193909049285,209.0,0.0003330725062192,-0.0605130396024797,-0.07182463129296394,0.015997006380709625
TTCCTTAAT,TTC,CTT,677792,AAT,1.0,504279,1.0,0.0,541656.0,1.0,627491.0,1.0,0.0,0.0,0.0
