,Mean0,Mean1,Mean2
*,-5.766756255742055,,
A,-4.737348201880351,,
C,-4.351639660705765,,
D,1.4717458192137982,,
E,-5.56166122823703,,
F,-3.5413919736890467,,
G,-5.429115543982673,0.16355462431644696,
H,-4.423665764585486,,0.316165040456589
I,-3.9796974993483096,,
K,-4.28019999506441,-0.63029603339141,
L,-3.6492796001157357,,
M,-4.297619871829077,-0.25740284650621525,
N,-3.5008210782871974,,
P,-4.3669024008099635,,
Q,-4.836719738573144,,-0.0937825916428503
R,-4.718400529032442,-0.3196905815256086,
S,-4.410730557057991,0.5653172146156749,
T,-4.7937443718692245,0.057759960293850554,
V,-4.74728210921726,,
W,-4.780290295475725,0.08955404287267044,
Y,-4.6707392969977395,,
