,site_1,site_2,count_x_x,site_3,proportion_x_x,count_y_x,proportion_y_x,ratio_x,count_x_y,proportion_x_y,count_y_y,proportion_y_y,ratio_y,mean,std
TATGGGCCT,TAT,GGG,210.0,CCT,0.0004559260618192,166.0,0.0004632808095692,-0.0230870435653134,175,0.0004690305807938,248,0.0004814916923268,-0.037828916452776,-0.030457980009044698,0.010424078286114916
TATGGTCCT,TAT,GGT,138.0,CCT,0.0002996085549097,105.0,0.0002930390662938,0.0319858092275353,125,0.0003350218434241,181,0.0003514112754481,-0.0689053203193488,-0.01845975554590675,0.0713408018641722
TTATGGCCT,TTA,TGG,1357.0,CCT,0.0029461507899461,551.0,0.0015377573859798,0.9380033669631852,1674,0.0044866125271367,1006,0.0019531477519385,1.1998255048465856,1.0689144359048854,0.18513620916211165
TATGGACCT,TAT,GGA,460601.0,CCT,1.0,358314.0,1.0,0.0,373110,1.0,515066,1.0,0.0,0.0,0.0
TAATGGCCT,TAA,TGG,,CCT,,,,,291,0.0007799308514915,33,6.406945905961566e-05,3.6056375056516,3.6056375056516,
