,site_1,site_2,count_x,site_3,proportion_x,count_y,proportion_y,ratio
0,AGG,AAG,60,TAC,0.00019214818468002524,75,0.00018261193502910834,0.07343828749945125
1,ACG,AAG,111,TAC,0.00035547414165804667,105,0.00025565670904075167,0.47553673107079675
2,ATT,AAG,384,TAC,0.0012297483819521614,540,0.00131480593220958,-0.09648671394286268
3,TTG,AAG,103,TAC,0.00032985438370070996,140,0.0003408756120543356,-0.047416107374935734
4,AAG,AAG,306,TAC,0.0009799557418681288,408,0.0009934089265583495,-0.01967111689202916
5,GTG,AAG,80,TAC,0.000256197579573367,75,0.00018261193502910834,0.4884757867782952
6,ATC,AAG,27,TAC,8.646668310601135e-05,44,0.00010713233521707689,-0.3091777340870152
7,ATA,AAG,94,TAC,0.0003010321559987062,177,0.0004309641666686957,-0.5176503160185479
8,AAT,AAG,9,TAC,2.8822227702003787e-05,9,2.1913432203493e-05,0.39536638238681476
9,CTG,AAG,4,TAC,1.280987897866835e-05,5,1.2174129001940556e-05,0.07343828749945303
10,ATG,AAT,156,TAC,0.0004995852801680656,165,0.0004017462570640384,0.3144463870032457
11,ATT,AAT,8,TAC,2.56197579573367e-05,12,2.9217909604657334e-05,-0.1895961183343413
12,ATG,ACG,5,TAC,1.6012348723335438e-05,11,2.6783083804269223e-05,-0.7421371413631217
13,ATG,AGG,226,TAC,0.0007237581622947617,234,0.000569749237290818,0.34518062521859605
14,TGA,AGT,2,TAC,6.404939489334175e-06,531,0.001292892500006087,-7.65720166841734
15,ATG,AGT,3,TAC,9.607409234001261e-06,3,7.3044774011643335e-06,0.3953663823868112
16,ATA,AGT,2,TAC,6.404939489334175e-06,4,9.739303201552445e-06,-0.6046336176131852
17,ACC,ATG,162,TAC,0.0005188000986360681,825,0.0020087312853201917,-1.9530339238617387
18,ATG,ATG,156,TAC,0.0004995852801680656,218,0.0005307920244846082,-0.0874157235278652
19,AGG,ATG,2,TAC,6.404939489334175e-06,4,9.739303201552445e-06,-0.6046336176131852
20,ATG,ATT,2,TAC,6.404939489334175e-06,2,4.869651600776223e-06,0.39536638238681476
21,ATG,CAG,12,TAC,3.8429636936005045e-05,15,3.652238700582167e-05,0.07343828749944947
22,ATG,GAG,149,TAC,0.000477167991955396,141,0.00034331043785472366,0.47498355045018137
23,ATG,TAG,85,TAC,0.0002722099282967024,96,0.00023374327683725867,0.21979481780335952
24,ATG,AAG,312259,TAC,1.0,410707,1.0,0.0
