,site_1,site_2,site_3,count_x,proportion_x,count_y,proportion_y,ratio
0,TCA,CAT,TCT,10,1.7873452382441836e-05,5,1.2747200077502976e-05,0.4876379340265604
1,TCA,CCG,TCT,95,0.00016979779763319743,65,0.0001657136010075387,0.03512572932905478
2,TCA,CCT,TCT,171,0.00030563603573975537,113,0.00028808672175156726,0.08531148649727172
3,TCA,CCT,ACT,8,1.4298761905953468e-05,6,1.5296640093003572e-05,-0.09732456669459566
4,TCC,CCT,TCT,3,5.362035714732551e-06,2,5.098880031001191e-06,0.07260043474772004
5,TCA,CCA,TCT,559489,1.0,392243,1.0,0.0
