Translation,mean,std_err_of_mean,len
E*P,-3.771153937279701,1.6583023394810692,4
EAP,-2.468657417024931,0.6896714172555,7
ECP,-2.603451623138946,1.0214480804774821,3
EDP,-2.131963391362228,0.6457492444190369,4
EEP,-3.9731718277603765,0.7765727792240262,4
EFP,-1.0789334626044504,0.5137032656301379,4
EGP,-2.361139606225448,0.6684810958556292,8
EHP,-1.5457001581806238,0.5692688875043601,4
EIP,-0.23524820334966634,1.0708748278911802,3
EKP,-3.4782912067575515,0.38239074671208645,3
ELP,-0.12211055428253263,1.2170355784302764,9
EMP,0.4708584754578764,0.9253568246942743,3
ENP,-3.8110502020395987,0.4870148619075523,2
EPP,-3.0417777724934805,0.25092093348326805,3
EQP,-3.5216518533086187,1.3932031913647234,3
ERP,-4.237184323259548,0.6162308726151237,10
ESP,-3.1579964740162296,0.7597023356285799,10
ETP,-1.8388067781729007,0.7174076952297955,5
EVP,-1.4129234521113403,1.2435974892980923,6
EWP,-2.0305544428657267,0.9473783486787332,4
EYP,-4.309825168471781,1.2316523855828463,4
