Translation,mean,std_err_of_mean,len
T*L,-0.0847286719055449,0.3525040761337015,4
TAL,-0.22537450159830386,0.29108777895199095,8
TCL,-0.14052134813976802,0.1295521405548072,4
TDL,-0.0776452694656915,0.4871357905021794,4
TEL,-0.160567193006123,0.5198573402921614,4
TFL,0.14000484133903113,0.13814255586264657,4
TGL,0.08570883098023141,0.10995712000650334,8
THL,-0.044073646324579,0.6236394858183242,4
TIL,-0.14949857080138163,0.3747640476155472,5
TKL,0.06776101870797979,0.1304545720230371,4
TLL,-0.04009831796581017,0.5116903051521478,12
TML,0.06638868312518076,0.2844360682357446,4
TNL,-0.1751023828942262,0.23659701995121662,4
TPL,0.1579449915011234,0.46102957734784816,8
TQL,-0.03305411694002669,0.36700626043029655,4
TRL,-0.20660777712633824,0.22220894805143107,12
TSL,0.013510670863527233,0.4558877006410013,12
TTL,-0.093777669066749,0.44430042305225653,8
TVL,-0.024478699209357635,0.3728817406820624,8
TWL,-0.06277856935453063,0.1984817232553054,4
TYL,-0.052682341212458184,0.561120145488372,4
