Translation,mean,std_err_of_mean,len
N*E,-3.6153430874820245,0.7480295587360901,3
NAE,0.17847791289345682,0.11866944025983008,2
NCE,-0.5036054817395552,0.6312899387975327,3
NDE,-3.3189098044476486,0.3954379592343555,4
NEE,-2.7141028287148634,0.38653000716756275,4
NFE,-0.5799565171136649,0.07297524828855174,2
NGE,0.4414243816597301,0.8045111605902837,5
NHE,-0.6534578860766684,,1
NIE,0.4343889519735278,,1
NKE,-1.3969348914892799,0.5981159703730832,3
NLE,-0.10377397779253954,0.8253334809726603,5
NME,-1.793074706481498,,1
NNE,-0.045793755525268764,0.5626343693310489,2
NPE,-3.757289689201331,1.0000518547147654,7
NQE,-1.2739325265993848,1.064705797913922,2
NRE,-2.7639140998820637,0.9559583533413218,11
NSE,0.4652711935556839,0.9169911182689191,7
NTE,1.5579665579017528,1.4732049444180042,2
NVE,-0.2910273618573747,1.118106366325019,5
NWE,0.8471356513560314,1.5117572163061554,3
NYE,0.0611432988082079,0.2510924408846571,4
