Translation,mean,std_err_of_mean,len
GSF,-0.2811843700243751,0.22830313723666348,5
