Translation,mean,std_err_of_mean,len
YGP,0.08090221880001873,0.07212827217855658,3
