Translation,mean,std_err_of_mean,len
D*Q,-4.026943522555235,0.4727026944885374,3
DAQ,1.0247272155089553,0.05688566717364889,3
DCQ,0.36667452868086947,2.5767878824430244,2
DDQ,-1.315637406632602,0.5718952105349104,3
DEQ,0.5561533148891332,0.34083445313950145,3
DFQ,0.2909258294672039,1.3959150273203376,3
DGQ,-1.6118433015606146,0.5969227832707923,8
DHQ,0.3995539236000418,,1
DKQ,-0.07764359040033231,0.7984278370083129,3
DLQ,0.31355838333076413,0.45731659372573186,9
DMQ,0.19291128669554403,0.6483796817552091,4
DPQ,-3.0812317443007666,0.9524312744006305,7
DQQ,0.8098094713618966,0.29377457205207697,2
DRQ,-0.41056084337334015,0.8983528672843583,10
DSQ,0.35296743396113633,1.0151507126909658,9
DTQ,0.1482130903563077,1.0189480486210472,4
DVQ,-0.07499894853479179,0.5228862265992271,6
DWQ,-1.1530329834094712,0.43091128834227,4
