Translation,mean,std_err_of_mean,len
G*A,-0.19966500257820852,0.43235725215875787,4
GAA,0.15003609450283373,0.4793515702126861,8
GCA,-0.07926017368181859,0.3308820212303116,4
GDA,2.7851032115444596e-05,0.3636464480367979,4
GEA,0.3159268043982737,0.41949158851313395,4
GFA,0.17597501308682428,0.41015868100709885,3
GGA,0.24074377357712362,0.27564566131446894,8
GHA,0.48146722313380064,1.0807604576626635,4
GIA,0.02342523658753518,0.18843230937957403,7
GKA,0.22263356224904518,0.24479966398992062,4
GLA,0.2277907835028259,0.6192594349249921,10
GMA,0.5802865691420194,0.9187496189898372,4
GNA,-0.1389443297967953,0.18293051754256529,3
GPA,0.5401305911697957,0.5100331623649923,8
GQA,-0.36117056311168794,0.8814624801652944,4
GRA,-0.016308874020393677,0.46772328570963817,12
GSA,0.17737599744243235,0.5190307984568826,12
GTA,0.14156708651941985,0.7578783114670186,8
GVA,0.283792711464648,0.4826587296365406,7
GWA,0.0794534458812366,0.3736417930725326,4
GYA,0.4432450415799887,0.4362525816281262,4
