Translation,mean,std_err_of_mean,len
D*N,-4.587955011376886,0.9242315663447668,4
DAN,-1.6269119073158298,0.9837354425593378,8
DCN,-1.2309620441016405,0.583939654317092,4
DDN,-3.8782006479086975,0.7754901506866712,4
DEN,-3.360449931731602,0.452787402256972,4
DFN,-0.10235180038331793,0.8022080602326195,4
DGN,-3.338979348444627,0.48441271531432545,8
DHN,-2.701328558312129,0.8960722702881507,4
DIN,0.12526838676780994,1.4485872188819562,3
DKN,-3.6501990640472064,1.7261786378817432,4
DLN,0.13481512156823264,0.9483875088531816,7
DMN,-0.4685805705892605,1.2830489667684135,4
DNN,-3.7494081297443542,1.048432140962758,4
DPN,-2.957868136888354,0.4313846652330728,7
DQN,-2.5229985070291776,1.0134954705222217,3
DRN,-3.670468100772105,0.8195837723284982,12
DSN,-3.9025640868553473,0.9557505074412932,12
DTN,-0.03949518278654711,1.0905472356064372,5
DVN,-0.19296494120146143,0.715406811093824,7
DWN,0.19250097894162144,1.39739359600749,4
DYN,-1.2390461398197827,1.0545965790884955,4
