Translation,mean,std_err_of_mean,len
M*H,-2.2129017642689552,0.45417705850281415,2
MAH,-2.4903127767886213,0.290040327615879,4
MCH,-2.3442062224315072,0.40112235039805544,2
MDH,-2.1048193044603796,0.3303103992667893,2
MEH,-2.2513871727831636,0.020147934687363415,2
MFH,-2.7422118122849053,0.8554930122040808,2
MGH,-2.141459832901515,0.24992213736820243,4
MHH,-0.6521375939488946,0.6974830191496838,3
MIH,-2.739262499800753,0.3810913458850181,2
MKH,-2.1524487036536923,0.4918515264482932,2
MLH,-5.034648113384208,0.30383074456944015,6
MMH,-3.368040480778717,0.03299650762973529,2
MNH,-2.6104741244091367,0.16634795460729287,2
MPH,-2.247170247947653,0.12332861350735798,4
MQH,-2.3293078096380877,0.3695963322263366,2
MRH,-2.4350871226071718,0.5763537636029273,6
MSH,-2.1240181653436028,0.5012374663990091,6
MTH,-2.821920008872833,0.5773474649380658,4
MVH,-2.879563520685463,0.13025779980520497,4
MWH,-2.258146774370473,0.4287152357377297,2
MYH,-2.3809505965948374,0.18908607252135665,2
