Translation,mean,std_err_of_mean,len
M*G,0.45047142721476163,0.6816296534216392,4
MAG,0.7272877004980682,0.5602184373511043,4
MCG,0.2158896619373336,0.5263843528493467,4
MDG,0.4426525364399958,0.4690634329226145,4
MEG,-0.3655370397764197,1.012566254211252,4
MFG,0.980501997019033,0.8951082874578382,2
MGG,-0.23048421078419348,0.6853482188672615,6
MHG,-0.009786070215286102,0.26115080307677213,3
MIG,-0.45756375925071113,0.7940511086881534,4
MKG,0.5545699210347812,0.8829509288682293,4
MLG,0.26900444241999455,0.8371353493824136,7
MMG,0.8534266992591601,0.14534812039130027,4
MNG,0.047513098941585286,0.12146022248083806,4
MPG,1.8495754866478578,,1
MQG,0.03968017438459093,0.872417861182352,2
MRG,-0.1456832046179768,0.9580667444390178,9
MSG,0.5480174893366566,0.6639206303938834,9
MTG,0.6582194079271035,0.19533333599834815,4
MVG,0.14324834191349098,0.9103705278344822,7
MWG,0.12877088236274892,0.5206129410975763,4
MYG,0.9019360362612527,0.6634151241419857,3
