Translation,mean,std_err_of_mean,len
F*I,-4.226498053521302,0.5842354784501494,4
FAI,-1.7536039840077415,1.2649169427686107,10
FCI,0.17664474202744973,1.4023055703850436,3
FDI,-4.475262659649664,0.8123298151910653,5
FEI,-5.165661780113362,1.2653474524943495,4
FFI,-3.5156972857012647,0.8127931459163302,5
FGI,-3.1898161965526897,0.6366873694846983,12
FHI,-4.404435159548988,1.187245975507528,3
FII,-1.436309670415076,0.7084434269578884,3
FKI,-4.192820221640768,0.9388498663186989,6
FLI,-3.0583290486522334,1.7037805502975905,12
FMI,-4.455402411309231,0.48760508575363015,5
FNI,-3.6479950845664497,0.5071570499773853,4
FPI,-2.7343758370820397,1.3950675468220184,6
FQI,-3.788932918127247,1.8707117595549425,4
FRI,-5.044143660828088,1.1242831284777266,14
FSI,-1.48082247665734,0.6788230474102851,9
FTI,-0.19481452239112024,0.5450429751671814,7
FVI,-0.6952956346394256,1.2622696686743295,5
FWI,-3.441057313774298,1.612035387545529,6
FYI,-3.386120572042932,0.47743762023151465,4
