Translation,mean,std_err_of_mean,len
F*D,-3.3053126384640823,0.4006454009280919,4
FAD,-0.4066721619130651,0.035528494046431734,2
FCD,0.08803956978732597,0.7394128122243473,3
FDD,-0.6090127182326306,,1
FED,-0.8583516898197425,1.053804016884805,3
FFD,0.6748936442575508,2.208982062742438,2
FGD,-2.265576817133299,0.6131106081873748,8
FHD,0.4611611410709653,0.41504437466401717,2
FID,-0.5327293696185142,,1
FKD,-0.5873259728559859,0.764407690471764,2
FLD,0.4159620437399408,1.4194850676461663,6
FMD,-0.16726902762708917,0.8320077537834555,2
FND,0.7469218848220418,,1
FPD,-2.3723370161559534,0.8935753793646936,6
FQD,0.871745474024527,0.9109267531484828,2
FRD,0.07868728820734106,1.2211732953500576,7
FSD,-0.2512036727860452,0.45228731766304775,3
FTD,0.0433148463377524,0.8835599551997262,5
FVD,0.1105803245517194,0.9951608497684801,6
FWD,0.2394204276256818,0.8438183499298884,3
FYD,0.5349107924539491,1.1376413111825694,2
