Translation,mean,std_err_of_mean,len
P*S,0.003342530023170198,0.15443600730045776,4
PAS,0.04200159849085294,0.5138247529088662,8
PCS,-0.2101882803000612,0.6180540288755756,4
PDS,1.340882993954435,1.1991915784963425,4
PES,0.7031586821874978,0.6317485951128706,4
PFS,0.5040678141372739,0.6746613429299471,4
PGS,0.19316556043923294,0.2646392479034613,8
PHS,-0.07952350104079753,0.3358155733646177,4
PIS,-0.15281597693479299,0.40497812349279483,5
PKS,0.15936575182407298,0.4252580961646285,4
PLS,-0.02681350864518152,0.5493811137536937,17
PMS,-0.5805257231077974,0.8872690228731188,3
PNS,-0.5026643592300948,0.649411157565504,3
PPS,0.3444584468149038,0.8209150177889104,7
PQS,-0.15595656045368567,0.5881516598488838,4
PRS,0.04402493992574693,0.26481371042378926,12
PSS,-0.014793298171797975,0.6291226813897471,12
PTS,-0.34190826913060707,0.9156439097340519,7
PVS,-0.1340526174394102,0.24935329367019538,7
PWS,-0.43552644669808327,0.38181954756433,4
PYS,-0.6831457994055071,0.4556850773485206,3
