Translation,mean,std_err_of_mean,len
V*A,-3.5856187167419513,0.6273299556873089,3
VAA,-0.09841577386779148,1.0974013133809424,6
VCA,-0.9219086433777903,0.607259416571986,2
VDA,-2.7526930845544326,0.8920556124329314,4
VEA,-3.226308743818212,0.5892497901586721,4
VFA,0.11992254463934993,0.9494032189925021,2
VGA,-3.1329337610221306,0.3684595138926917,8
VHA,-2.7115994543877204,0.4555998834514421,3
VIA,0.42258626838933644,,1
VKA,-3.5257219030825384,0.6674222818082413,4
VLA,-0.24735785573770178,0.6538325744169984,9
VMA,0.1963502493660337,0.5950260504565605,3
VNA,-2.67777128662454,0.9152515000125679,4
VPA,-3.05153871054681,0.5956109314502458,4
VQA,-1.9355990783000463,0.7894051159335429,4
VRA,-3.23217365445517,0.711259868445802,11
VSA,-2.7271001219776903,0.7184763926948708,11
VTA,-0.14524525962774817,0.9222254852367359,5
VVA,-0.028310394211280638,1.1798462281635234,6
VWA,-3.5244198390726695,0.8046667149981194,4
VYA,-2.6554278168521157,0.2456991864187138,3
