Translation,mean,std_err_of_mean,len
I*G,-5.486094432934861,0.4449090212153432,2
IAG,-2.3634092640458895,1.6850979499497576,3
ICG,0.3378603334467556,,1
IDG,-2.385344559795834,0.4841737663532711,2
IEG,-2.6363599037426444,0.3497330830766681,2
IGG,-3.6441884678106,0.9037146063468535,7
IIG,-1.2454002136264997,0.8360065203553128,2
IKG,-0.8248471756324767,0.7222061310498351,6
ILG,0.1472262163195297,1.1527227980179506,4
IMG,-1.034303567081994,1.3812753654641226,3
ING,-2.103712014064817,,1
IPG,-5.148254404478077,,1
IQG,0.8404360894781981,0.7343910272102313,2
IRG,-0.7542605408215644,0.46625629142467206,4
ISG,-1.5383404036551322,1.8916204732545026,4
ITG,-0.9117689148469561,0.592031670885848,4
IVG,-0.680587036127864,0.9810555288291046,3
IWG,-1.1260060309330595,0.39547067376086764,2
IYG,-0.4887181527105495,,1
