Translation,mean,std_err_of_mean,len
G*D,-8.347133924079237,0.5539753843927872,3
GAD,-0.7242918146242733,0.9229911233975829,3
GCD,-2.7736858090539442,1.703683694643323,2
GDD,-0.7455199095517013,,1
GED,-1.8531976778984187,1.7464736006960557,3
GGD,-1.6414750150627053,2.063654467382541,6
GKD,-0.5658531426866571,2.7274377996502355,2
GLD,-1.871334535157526,2.6623822550679552,4
GMD,-0.4156153017189843,0.6658650688256396,2
GPD,0.3235612657311515,0.10267529565995837,2
GQD,-4.618782522527098,,1
GRD,-1.3725958106096101,2.363503838604517,8
GSD,-0.5507343764266946,0.9450399675821206,5
GTD,-0.894195458074757,0.56270823981473,6
GVD,-1.7191822249262758,0.8753641184782028,3
GWD,-0.4483619445509118,1.4036645445827807,3
