Translation,mean,std_err_of_mean,len
TAN,-0.4228167416894,0.588436812761621,4
TCN,-1.1462422863570356,1.0889954692967512,4
TDN,-1.1810621815867304,0.13968963848836552,3
TFN,-0.9859293634752735,0.8852845395653227,4
TGN,-0.7715558563773789,0.9410928581523433,8
THN,-0.9979967108536355,0.4548364518971324,4
TIN,-0.8514394443043634,1.1054822634403432,4
TLN,-0.37781115083092015,0.7474973442416004,8
TMN,0.23285001518958057,0.5126943262883871,3
TNN,-0.9895927989956697,0.3395435906669267,4
TPN,-1.1953833421472597,0.9780758445050399,3
TRN,-0.4783470866903957,1.1719321960202969,9
TSN,-0.8906950336033277,1.152610790592168,12
TTN,-0.44480565650045745,1.0595226987506718,4
TVN,-0.22431293601062954,0.6126265292073728,7
TWN,-0.9525052028214281,0.6022638447564266,3
TYN,0.19919025236527865,0.6051689760422256,3
