Translation,mean,std_err_of_mean,len
F*I,-3.012507074032237,0.2562963174443123,6
FAI,-0.5385707243307288,0.9439251072652146,12
FCI,-0.32056393932062094,0.5594000794175968,6
FDI,-0.24938776153853595,0.6477067949055468,6
FEI,-0.13916733038194362,0.37031403706676197,5
FFI,-0.4038371731816858,0.5169050036233356,6
FGI,-0.03008318951057561,0.42581173425638863,12
FHI,-0.23912548541918652,0.3833825582074478,6
FII,0.12753387178608033,0.9811159245610582,6
FKI,-0.3290656959959131,0.42155267180291073,5
FLI,-0.8435157797364832,0.849520184747836,15
FMI,-0.3637002487677646,0.6569027933729905,6
FNI,-0.17828370176450076,1.0681914712616323,7
FPI,-1.6490607874578742,1.0287357356860418,12
FQI,-0.11362683908592822,0.6672417097971748,5
FRI,-0.42477864481959166,0.648978264636178,18
FSI,-0.4390075218974733,0.8512227337658234,17
FTI,-0.3776065234315718,1.0264656561232968,12
FVI,-0.3913658266482436,0.7502039959946565,12
FWI,-0.7993838719810341,1.122404264729069,6
FYI,0.318566644989651,0.5725659312719047,6
