Translation,mean,std_err_of_mean,len
Y*Y,-4.42917789766714,0.7162044279199731,3
YAY,-0.04306581174410621,0.19081680033525247,6
YCY,-0.1917172510252083,0.14476499333046933,2
YDY,-0.05880640281952202,1.0604563337170871,3
YEY,0.114228802001947,1.7459631881164592,3
YFY,-0.6881557239963438,0.4002356584506503,2
YGY,0.2705522261344569,1.284492041693493,7
YHY,1.660176705651521,,1
YIY,-0.40294069488199824,0.42583090857630695,3
YKY,-1.0004628875594008,,1
YLY,0.06799397878798778,1.001116978580724,5
YMY,0.9361014234634419,0.20177245044990264,2
YNY,-0.42067964815088715,0.3670983134781027,3
YPY,-0.020875439252519508,0.8839338696734997,7
YQY,0.5093220200532826,,1
YRY,-0.09952363082067528,1.110261695984679,7
YSY,0.47169563940549797,1.3613415613431545,7
YTY,0.21768198303273056,1.7661097525529394,5
YVY,-0.45333069703046824,1.1828834350088133,7
YWY,0.41317361703971933,0.18989738680420823,2
YYY,-0.5270021187163265,0.17322448414854802,2
