Translation,mean,std_err_of_mean,len
D*D,-2.9966403389160234,0.3134896584737389,4
DAD,-0.09397957475413676,0.19139751168764327,8
DCD,0.06646574959268281,0.4167184111247807,4
DDD,-0.12145358965444686,0.4074898796741208,4
DED,-0.5360127202459373,0.6679317919460245,4
DFD,-0.7009068942357466,0.8306297571705425,2
DGD,-0.20809301465655294,0.3639371297578534,8
DHD,-0.2343165418402844,0.45506598165774825,2
DID,0.024831002158392696,1.2110674510331567,3
DKD,0.44688624972551594,0.37934522201769677,3
DLD,-0.7193470893865807,0.9028776264703537,12
DMD,-0.5429184612815368,1.2912432187331504,4
DND,-0.08059902459327055,0.297269443521419,3
DPD,-0.8471616174930213,0.6461781635236994,7
DQD,-0.9809228241117918,0.37933740727448123,4
DRD,-0.26885796723818384,0.809794504952981,12
DSD,-0.38276388108069725,1.0791626512942298,9
DTD,-0.35558812432673575,0.8255203843256246,5
DVD,-0.08033566142812065,0.9327329234457811,8
DWD,-0.22693906041448364,0.7741003285524125,4
DYD,0.18421239700725933,0.3124942905128175,4
