Translation,mean,std_err_of_mean,len
L*A,0.1655974488759866,0.3127191011837924,4
LAA,0.049791400046815926,0.2689244111011548,8
LCA,-0.26273721553785445,0.4853608980157897,4
LDA,-0.2929816099100533,0.333175099735731,4
LEA,-0.06670937148433387,0.3095510242515604,4
LFA,0.10979556798772672,0.2907661966310604,4
LGA,0.1649693672657805,0.42415806704658776,8
LHA,-0.2160052786268596,0.4311554264457021,4
LIA,-0.15642864394337064,0.6004276173466243,4
LKA,-0.35257431761542235,0.47615769020054877,4
LLA,-0.0971556822727111,0.5316265305913743,12
LMA,-0.001079993095713494,0.5686556997329539,4
LNA,-0.2205151205460425,0.6631847362306007,4
LPA,0.4614256045463825,0.8760895343206642,8
LQA,0.19944505063073237,0.2843191178922183,4
LRA,0.12118829717427572,0.6389225602844433,11
LSA,-0.07066106704484615,0.48915364543844675,18
LTA,-0.2631221375890821,0.4222488873729916,8
LVA,0.09787173788086079,0.3322664357017573,8
LWA,0.11123551947418076,0.5519663201120498,4
LYA,0.019417951272650315,1.1897047836970753,5
