Translation,mean,std_err_of_mean,len
Y*P,-3.5690070039179274,0.49816621265391425,4
YAP,-3.800383338776666,0.7849170587140092,8
YCP,-3.179559455055074,0.23205782492306865,4
YDP,-2.6595861349923204,0.4485421709665961,4
YEP,-3.1748375437893475,0.4367238079158122,4
YFP,-2.9024195223344744,,1
YGP,-0.571722366666352,0.9008235141870795,8
YHP,-3.5949791986263917,0.9681637607409096,3
YIP,-2.870094968629216,1.0836798704423296,4
YKP,-2.552212654647481,0.3845514452267665,4
YLP,-2.8805760902611843,1.002467530890808,12
YMP,-3.71436718783633,0.528837807801185,4
YNP,-2.8483195341294314,0.5706096476733264,4
YPP,-2.776389200576656,1.2553015776565137,6
YQP,-2.17031072408243,0.3891358660987687,2
YRP,-3.3909522622329846,0.5307024415909862,10
YSP,-3.4212756641911337,1.044379791637664,12
YTP,-3.3312988718005543,0.07221817604292138,5
YVP,-3.581269532350694,0.7291491683610104,8
YWP,-4.124929241122789,0.3845054709366336,4
YYP,-3.607397457882149,1.8502922129524337,3
