Translation,mean,std_err_of_mean,len
R*M,-3.2088988124485835,0.3767055456053833,2
RAM,-0.1674049722434625,0.6702767975718724,4
RCM,-0.2051758493078304,0.17401380730887692,2
RDM,-2.9456071521265437,0.3040605434786778,2
REM,-3.1245277333766914,0.18010677144052675,2
RFM,0.9160498313298255,0.40078781164699284,2
RGM,-2.755557150828926,0.7520446014110481,4
RHM,1.308066388688328,1.0892274921754177,2
RIM,-0.6654253457865549,0.26493031792155747,2
RKM,0.12743956728022993,0.4691107241208144,5
RLM,-0.3834642129152133,0.8433599628175562,6
RMM,-0.08986440744921209,0.8937113936326117,2
RNM,-0.6465789776427524,0.288650322101425,2
RPM,-0.3959077193053864,0.9446662210124261,4
RQM,-0.7876649270469476,0.5003125911850019,2
RRM,-0.9992394509948789,0.4429078303426772,6
RSM,0.4159345245863471,0.6039145431612073,6
RTM,-1.2225479409760236,0.5880958300444106,4
RVM,-1.76236961464167,1.1652041714535946,4
RWM,0.5910261222340876,0.10745241397302774,2
RYM,0.06280768841833329,0.8990456826778972,2
