Translation,mean,std_err_of_mean,len
V*R,0.4125796755148403,0.2882525904402804,4
VAR,0.07256268149773715,0.37712518068245965,8
VCR,0.13217379603263657,0.3935894236177455,4
VDR,-0.11295042253404786,0.20973724247013864,4
VER,-0.032776204696322475,0.3654596960468145,4
VFR,0.3243169854726571,0.2724103914268928,4
VGR,-0.06549191648771091,0.3001112805542991,8
VHR,0.3638331782173638,0.654562681340946,3
VIR,0.25770138207244164,0.5438274378418996,4
VKR,-0.3938297353912059,0.5524210282700283,4
VLR,0.16797456966154298,0.4805373649480143,11
VMR,0.21220259638848393,0.5068839781673828,4
VNR,0.08162173533160533,0.3444708035554067,4
VPR,-0.04659625926804911,0.5653932070956568,8
VQR,-0.6662048621697454,0.8851010574344053,4
VRR,-0.0008030835495855074,0.4241903524371043,12
VSR,0.024201327498859,0.6679799614915516,11
VTR,0.23663619145552595,0.9033490711151065,7
VVR,0.21518540954642873,0.5768230706815355,13
VWR,0.30947616684262647,0.24226722439841902,4
VYR,-0.292008168619567,0.6328475830871746,4
