Translation,mean,std_err_of_mean,len
T*G,-2.906168073252837,0.8641524336129699,4
TAG,0.15998190167408602,0.6685126628826658,7
TCG,-0.341028857835632,0.2967919991253531,7
TDG,0.5837787113096149,0.31832655432115564,4
TEG,1.2092156483228749,1.0792402280293147,4
TFG,-0.2630860137080058,0.6678371925202226,4
TGG,-0.9773218495387338,0.7315372307153291,8
THG,0.5084981719116857,1.118405158761412,4
TIG,0.5101449998664762,0.36187815009376084,2
TKG,-0.45494802363346176,0.6533034331122048,4
TLG,0.4802711028523013,1.0731536762789955,9
TMG,-0.05961589247337007,0.826530887780023,4
TNG,-0.2973082099449356,0.6428714191580477,3
TPG,-0.9459508533448441,1.1078911696356224,6
TQG,-0.4364782243414016,1.1276445962282902,3
TRG,-1.5682345459609952,0.40780399779921683,12
TSG,-0.200886178657682,0.5464066853554223,8
TTG,0.18363352790316262,1.0615563748522194,5
TVG,-0.016419494958133773,0.9763978655023934,8
TWG,-0.709111752377541,0.6419689581620769,4
TYG,-0.6768199994127695,0.6008797224933718,3
