Translation,mean,std_err_of_mean,len
V*V,-2.92458879191376,0.3201716831118624,4
VAV,-0.08689973598821932,1.1517660787609996,8
VCV,-0.7665662012331766,0.6599553420311598,4
VDV,-0.5846475204610291,1.1149050481187939,4
VEV,0.8744673455869703,0.6377402530323075,4
VFV,-0.6855314710219844,0.4250050071573309,4
VGV,0.44366726430170833,0.7131050337541165,8
VHV,0.15936780013631036,0.6245757639574611,4
VIV,-0.721478707001606,0.6290680901557061,4
VKV,0.4139132347744742,0.6173836588601076,3
VLV,-0.5396827595938628,1.2482905298150284,11
VMV,-0.17724648540077315,0.7818662624232784,2
VNV,0.2550250548896946,1.65995748982182,4
VPV,-0.5701345351485936,1.2187585830516345,8
VQV,0.14718436974502538,0.9506847486010578,5
VRV,0.2277976071997869,0.6285069008817166,11
VSV,0.021881587978047252,0.6497969303618392,12
VTV,-0.6199713139304839,0.7094795813965095,7
VVV,0.3465227577035912,0.9714592016712407,6
VWV,0.5292760686663596,1.135244260590393,4
VYV,-0.5462304734474899,0.581229631844686,4
