Translation,mean,std_err_of_mean,len
T*Q,-0.10182716514013146,0.24554310843608324,4
TAQ,-0.15387341659882192,0.20990644337630113,8
TCQ,-0.0010676702925258574,0.4211520319081764,4
TDQ,0.11374602178623183,0.34550758087012484,4
TEQ,-0.34858126468225037,0.19096060049888958,4
TFQ,-0.11959964966484209,0.2923697161621143,6
TGQ,-0.05751811986793687,0.24923969116747285,8
THQ,0.05514821130472214,0.3589768575785301,4
TIQ,0.008806884433317785,0.7912578940654836,4
TKQ,0.24372613249630182,0.3361027291134969,4
TLQ,-0.1365464608294443,0.4027895437376138,12
TMQ,0.035972766307733606,0.26077068260848807,4
TNQ,-0.38571729591006293,0.6270148983269174,3
TPQ,0.0063814524190419775,0.29720572273851326,7
TQQ,0.2717029983673409,0.3822419663556154,4
TRQ,-0.14827120627223347,0.26143597108099703,12
TSQ,-0.0874076896157671,0.5306003109987495,12
TTQ,0.014538807742292168,0.231408209267321,7
TVQ,-0.05679081198131719,0.2474757563640545,8
TWQ,-0.18377074683715588,0.20559200394717528,4
TYQ,0.061991963560407815,0.2364391674561563,4
