Translation,mean,std_err_of_mean,len
C*G,0.4914067731806311,0.35554888526622974,4
CAG,-0.06144623569621593,0.41970683756707977,7
CCG,0.15639161105676624,0.3162662985895779,4
CDG,0.2895657684742883,0.46939874386029323,4
CEG,-0.25702332352981605,0.3085433995588485,4
CFG,0.1323553688439829,0.41997109074227496,4
CGG,-0.03709249092894862,0.15329280153224464,8
CHG,-0.05915515321649867,0.5721132677455059,3
CIG,0.34281150104167857,0.48975570006442176,2
CKG,0.7127212580686422,0.4128964345322018,2
CLG,0.2690164405874311,0.45087402457381776,8
CMG,0.2874262813958133,0.01988927483567239,2
CNG,-0.21391269825334236,0.23887018851378736,2
CPG,0.6083012521867726,0.358595013722762,5
CQG,-0.15155911535390398,0.657354032091378,3
CRG,0.11065984827803747,0.5651349184143182,10
CSG,0.12398728815521551,0.3758220091271305,14
CTG,0.5478533838426309,0.5939134373874906,6
CVG,-0.09113627053492068,0.29303151953260537,8
CWG,0.3712709745516256,0.5100958810978168,4
CYG,0.0025338086308961394,0.5097328021449057,4
