Translation,mean,std_err_of_mean,len
F**,0.16504758371613493,0.7729553531973614,2
FA*,0.13742821879820943,0.14164603145247412,4
FC*,0.2776049803345768,0.07762299585108594,2
FD*,0.1906463353989083,0.17583217785028835,2
FE*,0.06962143101828167,0.3809461677479022,2
FF*,0.18953135218567851,0.08704306215102522,2
FG*,-0.12286649099516533,0.1838528008798025,4
FH*,0.2695445879772378,0.4908590891623031,2
FI*,-0.5042548541561316,0.25068177965967214,2
FK*,-0.1993516624129814,0.46873424762537746,2
FL*,0.02292548982225758,0.34975262018719017,6
FM*,-0.12334557987111872,0.049929864292405174,2
FN*,0.1495527568634043,0.5595967092694335,2
FP*,0.30266375016965963,0.7505357970937264,4
FQ*,-0.0020712186391180034,0.4241177978632712,3
FR*,-0.11219190397079142,0.3359840505526782,6
FS*,-0.07656105530516892,0.4327629581785342,6
FT*,0.018509029656084808,0.6102177905826207,4
FV*,-0.04657746210369784,0.22874759952934917,4
FW*,0.18096486124553124,0.04863772319238606,2
FY*,0.19372707094562092,0.25290842665921015,2
