Translation,mean,std_err_of_mean,len
F*V,0.45549271585340784,0.4858178872321346,3
FAV,0.291677545247528,0.34568232425096984,7
FCV,0.17904216086031344,0.8846601025372308,4
FDV,-0.06867599601066487,0.13017012584590196,5
FEV,-0.1948708654728719,0.5085642996736341,4
FFV,0.4293646720273599,0.7702292071039172,3
FGV,-0.21955792291521814,0.3210176614326666,8
FHV,-0.13604649768163068,0.36631978297600326,4
FIV,0.2974392991313615,0.5666871659353339,3
FKV,0.23218982862206494,0.941373702694426,4
FLV,0.07154379678157988,0.3790326074552879,10
FMV,0.2411050696203174,0.4767767121250729,4
FNV,0.8658376234347183,1.1602395458575274,4
FPV,0.06793875912683538,0.46465652593969786,7
FQV,-0.28470344454934104,1.0933947566552216,4
FRV,-0.10341821833542962,0.5334098604396719,11
FSV,-0.051230510305807817,0.5785804266686579,9
FTV,0.6178915732241719,0.4023875852399229,4
FVV,0.0303595223939076,0.3861367532718035,8
FWV,0.047063157883246554,0.5720179244201338,4
FYV,0.600604648928478,0.2845134125025744,4
