Translation,mean,std_err_of_mean,len
D*V,-2.5147308706298332,0.5419184346232845,4
DAV,-0.43708992752785364,0.5493580064194719,6
DCV,0.7767898733804195,,1
DDV,0.1065835975824367,0.9282347662500896,5
DEV,-0.4863154917038084,0.622243244298158,4
DFV,0.4930800268099038,1.2299871557431146,4
DGV,-0.11866125727264125,0.6218650211552199,7
DHV,0.7812841310092156,0.7262415760893587,4
DIV,-1.2320485501888618,0.3969225043961801,4
DKV,0.49599956526636824,0.5280259760280902,3
DLV,-0.13580980390262756,0.965439843574196,10
DMV,0.008936988192218998,0.23912143548701323,3
DNV,0.11701654206319301,0.3560161384470315,3
DPV,-1.3648319849935981,0.9072193913526365,8
DQV,0.9593716512390462,0.7478413415970782,2
DRV,-0.10653396854075374,0.6718320686145061,9
DSV,0.6997613431273032,1.272261735113243,8
DTV,0.09170908897395247,0.7583642250031138,5
DVV,-0.47114433264850586,0.7269777366758543,8
DWV,-0.33454721073336763,0.39459412639485847,3
DYV,-0.22431600337218013,1.1565242444499388,3
