Translation,mean,std_err_of_mean,len
L*P,-4.390150680591264,0.522457173345714,4
LAP,0.5039487636910671,,1
LCP,0.9942294402019893,,1
LDP,-1.7838743403355117,0.9508952677182545,3
LEP,-1.1995141310238762,0.23532789697229428,3
LFP,-1.2732219500992095,0.3259611815938243,2
LGP,-1.3699532466392583,0.8556737125278997,8
LHP,-3.36191202748309,,1
LIP,-1.8148305084437242,1.4356268683685771,4
LKP,-1.9113430593000635,1.0614359630535455,4
LLP,-3.152394301853235,1.615775415243628,7
LMP,-1.190633709899996,1.6398480628420937,4
LNP,-1.7701126272831627,1.2039252850317823,5
LPP,-4.450209957622195,0.5335832639844995,3
LQP,0.6670752356078289,,1
LRP,-0.9258680266263858,1.264341467823857,7
LSP,-0.7495224853928258,1.1079205347190253,3
LTP,0.1506523085155962,1.0197383998520673,3
LVP,-1.1935587258536666,1.1560597116305336,5
LWP,-0.8141526124992586,0.9688164355489977,4
LYP,-0.2035803792363442,,1
