Translation,mean,std_err_of_mean,len
Q*C,-5.607155852663251,0.4959348528857702,4
QAC,-1.455617986903543,0.6753932326097111,8
QCC,-2.46627870580611,0.769743595003722,4
QDC,-1.1773346287197684,1.024772741856215,4
QEC,-1.6852210375659837,0.9199695586092088,4
QFC,-1.7426628331551117,0.9158460017716477,4
QGC,-1.421969041280515,0.681447441811448,7
QHC,-1.3737169670815543,0.46303605525038216,4
QIC,-1.930206584536729,0.18400552063281958,4
QKC,-1.6552021005436692,0.5055227117191454,4
QLC,-1.7256946332201206,0.5508224465953075,12
QMC,-1.7494865001122974,0.4092121749741704,4
QNC,-0.9270554044252215,0.6191248284890931,4
QPC,-3.8759852906786323,0.3171929656031917,8
QQC,-1.6316032515531582,0.7198887148487858,4
QRC,-1.460100717115597,0.9286907873253603,12
QSC,-2.3016302828461535,0.8455820734409658,12
QTC,-1.743814559940185,0.4773709229480472,8
QVC,-1.9337202442660106,0.5935474640197056,8
QWC,-0.9913650646008085,0.3281168129861366,4
QYC,-1.7011374671884265,0.24385181466276132,4
