Translation,mean,std_err_of_mean,len
A*P,-4.151997615715482,0.3048116735021814,4
AAP,-2.863068516886317,1.080794372319792,5
ACP,-0.7657138586018277,1.690604656186761,3
ADP,-2.9216275879007476,1.9164253141489789,3
AEP,-1.6953403847601873,0.23663595610989943,3
AFP,-4.138397976931161,1.6601015347729722,4
AGP,-3.010687855806816,0.29645489774680844,3
AHP,-2.39709042870506,0.07213287499705806,3
AIP,-3.29699104864526,1.2347828363578508,4
AKP,-1.358877221246248,1.1567080433213905,2
ALP,-4.284599307249701,0.7830435781936994,8
AMP,-3.385523666351151,0.7209911923911065,2
ANP,-1.1134502769516348,0.8591491213662116,7
APP,-4.121792041413314,1.4109907116048321,7
AQP,-0.6455401064558739,0.34904458774527114,2
ARP,-3.0102493899846263,1.0049567141305513,9
ASP,-1.4501420341864637,1.061098998155745,8
ATP,-3.452918336893134,0.7420737189468675,5
AVP,-2.5980699554855553,0.19772389250136635,5
AWP,-2.551466897074191,1.4084451143632162,3
AYP,-4.120230170071269,0.6223741238438119,4
