Translation,mean,std_err_of_mean,len
Q*F,-3.922518098666655,0.610309870972213,3
QAF,-3.478192418901866,0.4728036740081307,8
QCF,-3.9783235202187246,0.4907301978078922,4
QDF,-3.5813977699244464,0.2593456627050651,3
QEF,-2.768309894945201,0.5887921252517713,3
QFF,-3.671562350241685,0.8724011292674775,4
QGF,-3.2302828716683147,0.42589386962959935,7
QHF,-2.8728033005777855,1.0036101498418726,3
QIF,-4.060307386739794,1.2088464311284304,2
QKF,-2.81971894858781,1.0256982871354055,4
QLF,-3.652590347621124,0.8044204417840588,11
QMF,-3.6151700025460984,0.4990341340994264,4
QNF,-3.5654296059317416,0.694303796030037,3
QPF,-2.7592333237681452,0.8992417646839711,6
QQF,-3.3382424448537944,0.9116129633417284,3
QRF,-3.579844671261773,0.5437718542725387,11
QSF,0.3098075541837261,0.9950526264901957,5
QTF,-0.520838365476464,0.8357449897158269,6
QVF,-3.8806523753482987,0.6232583351967945,8
QWF,-3.379260403733004,0.14426122174740577,4
QYF,-3.7425397308677684,0.17293599400185852,2
