Translation,mean,std_err_of_mean,len
V*A,-3.99208840181673,0.7735391342975588,3
VAA,-4.226724128833512,0.5426653554721221,5
VCA,-2.7049472156897325,0.39214130355629967,4
VDA,-3.1726957066062615,0.7239013786555508,4
VEA,-3.780388675154588,0.3817456162338781,3
VFA,-3.7866402346562196,0.27137720627370043,4
VGA,-3.2655279931744166,0.7730682215103715,8
VHA,-3.5150582602404494,0.6009967216359674,2
VIA,-3.304507216051116,0.5774821569903753,4
VKA,-2.937932417873352,0.6338828149683371,4
VLA,-0.9057031155247443,1.587180034017791,7
VMA,-2.5229972510794108,0.854035802568676,3
VNA,-3.8646953367248433,0.6246174628058038,4
VPA,-2.987626727404811,0.4784900150831466,7
VQA,-3.5182053469064782,0.44122540292675266,4
VRA,-3.0306181200889184,0.5381931001682104,12
VSA,-3.4674664672239444,0.8536973397892254,11
VTA,-4.3652493195577,0.8398517890647311,6
VVA,-2.81569009748559,0.6076535634765309,8
VWA,-3.7267072734549185,0.16581570427862913,3
VYA,-3.1219425129504237,0.5529843621204281,3
