Translation,mean,std_err_of_mean,len
F*V,-5.72708072205295,,1
FAV,-4.603757390726601,0.41734315869701166,5
FCV,-4.953565798494282,0.8764204777151207,3
FDV,-5.944054508008339,0.19867782848614512,4
FEV,-5.395327747657111,0.8328091354078407,4
FFV,-4.654076925462378,0.934584139750298,2
FGV,-5.779982573530878,0.5838789073548075,7
FHV,-6.1575779806056055,,1
FIV,-4.426650583481058,0.29347028642238676,2
FKV,-5.604124029085888,,1
FLV,-5.541844696512001,0.4517107383406373,5
FMV,-4.753762300765567,0.9460708873972312,3
FNV,-4.980838661396985,2.0677819313364867,2
FPV,-4.054352533130643,0.8762864078867311,2
FQV,-4.926800454206367,0.8476839519223557,2
FRV,-4.936821149393292,1.3445865176278458,7
FSV,-0.415157954572642,1.0232596176122135,6
FTV,-1.8342252545505453,1.0293126246210544,3
FVV,-5.4512108986880765,0.3824845507217069,5
FWV,-4.994620163775408,0.6225479621320552,3
FYV,-5.555211494459255,0.6102611048864992,2
