Translation,mean,std_err_of_mean,len
PAG,-0.12931323256426897,,1
PPG,0.42391582705361497,,1
PSG,0.12903560694208474,0.30070455505276233,6
PTG,0.057309097401065046,,1
PYG,0.0013167973301682068,,1
