Translation,mean,std_err_of_mean,len
L*C,-5.923921120583904,0.003471103858169325,2
LAC,-1.5536906286451537,1.8904847797483801,10
LCC,-0.8426151828467567,,1
LDC,-1.4629251669464136,1.4676038518686076,4
LFC,-2.4697595308924796,1.239188901832008,3
LGC,-2.238636015592976,1.143051134088966,8
LHC,-4.380600438442336,0.636510081454924,2
LIC,-0.5446900462955515,,1
LKC,-3.6594838208393696,1.5895653576692736,3
LNC,-0.7979966444883821,1.6066128010577396,2
LPC,-1.797886722330595,1.7007548482979382,2
LRC,-4.984139361607021,1.0078255905132723,12
LSC,-1.0586144106748123,1.7349285579856812,5
LTC,-1.3544352672549653,1.1659557147518143,3
LVC,-1.607567152414802,1.0891082810019492,4
LWC,-4.733575046241872,1.1420856362230236,3
LYC,-1.9203345800776344,1.398544478955101,4
