Translation,mean,std_err_of_mean,len
G*P,-6.770655350455345,,1
GAP,-0.8844533408132403,0.859939802933437,6
GEP,0.31246618930026315,1.1256796704091083,2
GGP,-2.002293235156718,1.515412924960807,4
GHP,-0.0859761206254408,,1
GKP,0.47149349272882013,,1
GLP,-2.4956389079904078,,1
GPP,-5.572956047251837,0.8154853967056513,5
GQP,-1.2241669982186583,,1
GRP,-0.8666883948919146,,1
GSP,-0.35291770912452947,1.0604506598124417,7
GTP,-1.5207403980350378,1.555813505556619,2
GVP,-0.27198572013058,,1
