Translation,mean,std_err_of_mean,len
G*P,-4.0839442406892275,0.3791661004438941,4
GAP,-1.0769829123162005,0.6864714901681052,8
GCP,-0.8009494134270958,0.2844519314380418,4
GDP,-0.8323422889635026,0.9814743679206624,4
GEP,-0.581880997597731,0.35476401962474396,4
GFP,-0.5925386813038702,0.25798780680321615,4
GGP,-0.5437665982771615,0.8930259214042485,8
GHP,-1.3564689270471482,0.02820604373531976,4
GIP,-1.4084980863378818,0.24880254625296813,4
GKP,-1.2389700181493384,0.6357215131364921,4
GLP,-1.0466619803175659,0.7044980356889766,12
GMP,-1.19061502137759,0.4815612833287894,4
GNP,-1.040146023306951,0.7833608438565708,4
GPP,-3.8601572603681924,0.31446302681395144,8
GQP,-1.3844920047138967,0.5185451782722451,4
GRP,-1.1182914293141784,0.6575333430757627,12
GSP,-0.6517917258988204,0.5034365108217407,12
GTP,-1.052958266649263,0.7012291489890844,8
GVP,-1.1609559964633391,0.4121073473757854,7
GWP,0.2995553069895367,0.2887030642928343,2
GYP,-1.3290060009063662,0.5547677173706701,4
