Translation,mean,std_err_of_mean,len
S*L,-0.22963297281197792,0.5262127350299841,4
SAL,-0.02245323569667801,0.27973650350807205,8
SCL,-0.32534811028073984,0.050240691627003946,4
SDL,-0.23622567721926635,0.42455308054592766,4
SEL,0.2581152638488997,0.4699039788346725,4
SFL,-0.002249461364287101,0.4129316595783625,7
SGL,0.20992027843630195,0.4086265341720567,8
SHL,-0.46933548269945824,0.24323743447392163,4
SIL,-0.08526706834530451,0.2506901443970415,4
SKL,0.10469586138924636,0.28878151660619483,4
SLL,0.25837311326161577,0.841339162507747,12
SML,0.22893343666335841,0.4953548478753056,4
SNL,-0.7685278017258248,0.7158978560291118,4
SPL,0.0072936489052872755,0.8247913558270941,8
SQL,-0.061422955555129555,0.6001022616678695,4
SRL,0.1141631906314801,0.38362304138646125,12
SSL,0.21392333579304426,0.3965985820086948,12
STL,0.19867181961854719,0.5533396424690903,8
SVL,0.17479887107907122,0.35714336248493744,8
SWL,0.1588520809584717,0.2416692975274751,4
SYL,-0.13747613163335126,0.6936177800346187,4
