,Mean0,Mean1,Mean2,Mean3
*,-9.13806798298676,,,-0.2601996569215004
A,0.09968026619332004,-0.2138162010346587,,
C,-0.08865524960050486,,,
D,-0.5246237193477832,,,
E,0.16064071678321135,,,-0.4048393619530639
F,-0.18343195850168437,,0.18884035586919978,
G,-1.539547071875571,,,
H,0.07783685420114317,,,
I,-6.154297733589365,-0.3838797433174168,-0.05791294476921838,
K,-1.3506189709551766,,,-0.0992289649808189
L,-0.3612117498986711,,,
M,1.920122793023932,,,-0.17708043086680192
N,0.526447887962922,-0.3397443337311792,-0.003946044994489029,-0.3069289712977614
P,-8.320001569598425,-1.0714156282278715,,
R,0.4282845959815589,,,-0.38573053900536003
S,0.30565402085195004,-0.12993085583097752,,
T,1.4813407384897737,-2.7285637471837925,0.9079480790778298,
V,-3.983795912525194,,0.5462510375659893,
W,0.1090803670484064,,,
Y,-1.004301432369335,,,
