,Mean0,Mean1,Mean2,Mean3
*,-9.118122260156042,,,-1.5877399173445639
A,-1.0208863832425723,-1.3357508084715488,,
C,-2.2557643358428257,,,
D,-2.6055088906562576,-0.9766616462871038,,
E,-0.934715677933375,,,-1.3251394581499873
F,3.8099347156037027,,,
G,-0.5859103525907323,-0.19288030000335077,,
I,-0.43799279783988254,,-0.33898279200871784,
K,-1.4606348718506457,,-0.6215927361792719,-0.8420309009497007
L,-2.616077442176048,,0.009466179131338848,
M,2.2976111208680985,,-0.14588602849441967,-3.1571762383216733
N,0.24553353736486194,,,-1.5359065543668073
P,1.0257081883498835,,,
Q,-2.5068316741678816,,,
R,-1.4052473456366936,,0.12000265528100407,-1.4428585530116997
S,-2.6488750507111845,-0.7446541360739349,,
T,-1.054422413582361,-1.6509865211740813,-0.6525868486159236,
V,-1.4721019056805997,-0.5177199903106171,0.2725005849651314,
W,-2.423193837371528,,,
Y,-0.6615557628842694,,-4.57926759452545,
