Translation,mean
Y*Y,"[-5.503416614520335, -4.139418303279665, -4.82772845091412]"
YAY,"[3.650557566434648, 2.988016813394996, -0.7278064740824277, -0.9186138137398228, 0.7686436363573428, -0.7065123345729702]"
YCY,"[-0.2452096507021597, -0.5972718411953668]"
YDY,"[-0.7066918832607829, 0.8744921525795029, -0.1572470384882454]"
YEY,"[0.5017985627542645, 0.1685213284651805, -2.173870868981897]"
YFY,"[0.380159772187369, -1.4902513153465389]"
YGY,"[2.835117914245359, 0.9485257623778304, 1.2547130826328603, -0.0621208738738579, 0.1275446285797539, -2.4854570196478, -0.6550854448652235]"
YHY,[1.130098134567156]
YIY,"[-0.987635800974722, -0.2705468883935698, -0.3081719606934872]"
YKY,"[-0.7510280597850434, 0.8261291310181029]"
YLY,"[1.0430297488410645, 3.206950914959034, 0.8364958465763639, -1.2807860728984082, -1.312847282130706, -0.3417480417753502]"
YMY,"[2.2809006248612365, 0.4401206803507911]"
YNY,"[-0.5970356807325929, 0.0, -1.3022904757364977]"
YPY,"[0.99177313513254, 1.8245736645160624, 0.2900762307778937, 0.1953629406838217, 1.8538445092299265, 1.1052017469436688, 0.4219799478819954]"
YQY,[1.0147906950420025]
YRY,"[1.700598248934245, 3.5876803634625816, 1.6448888163479565, 0.3351427785059613, 0.8115120349459204, -0.173870868981897, -1.8685256582901388, 2.244797880743816]"
YSY,"[-1.075307034498307, -0.8012809225555575, -2.0321427593702364, -0.2787574411497324, 2.0839268884857507, 0.903372129950565, -0.3462751544866691, 0.270913973691]"
YTY,"[-0.5780200521180046, 0.3010778705174761, 2.4627537515617526, -1.509738154827133]"
YVY,"[-1.2889473934285878, 1.144897617648967, 0.0317827011618439, -1.7542664201901212, -0.4142298368477934, 2.287987487049941, 1.6988248067430245]"
YWY,"[0.6235487458277156, -0.324362495509348, 1.1730005723256547]"
YYY,"[-0.6798604848229992, 0.3341296499243764]"
