Translation,mean
T*T,"[-3.806340756076223, -3.37110936157622, -3.405604680547436, -2.615493528515209]"
TAT,"[-1.825524494219945, -4.746373516212197, -4.071011961161118, -4.061769108975298, -3.37843345567621, -3.2036501502346706]"
TCT,"[-3.79675147627529, -4.044190578466207, -4.281402688881163]"
TDT,"[0.0, -0.7229192817633905]"
TET,"[-1.3005897300282037, -2.2915854362806414, -2.766384106993355, -2.353925924407489]"
TFT,"[-3.78102609400951, -2.4220756055921946, -3.1784327985897853, -3.8186954023701913]"
TGT,"[-4.649119090666959, -3.801937317671835, -3.76610326264388, -3.4861605187098688, -2.5935112352589496, -3.648845301030749, -3.869259383080498, -3.117117391673879]"
THT,"[-3.17207517639745, -1.5792718475303025]"
TIT,"[-4.021495447511807, -3.902768999321994, -4.616806569041176]"
TKT,"[-3.3135377344469727, -3.8125463431566935, -3.3236022919616346, -4.218882242550997]"
TLT,"[-2.36905884632161, -4.692957905626738, -3.329575080668082, -3.7745075175504494, -3.344720028703013, -3.096841584664011, -3.2993256127805752]"
TMT,"[-3.0938196919242262, -2.56205148501253, -5.505568921007836, -5.824897700958774]"
TNT,"[-0.3000248470812288, -0.6320371096806277, -0.8149853008773533]"
TPT,"[-3.8520761149647935, -4.476180194270952, -1.120942091803327, -2.2864540798983857, -4.2586887514997285]"
TQT,"[-3.790038943747124, -2.978653801808159, -3.899337586237936, -1.6268487763335369]"
TRT,"[-4.743680833118427, -3.358355444095904, -4.095050795720633, -3.502072844627918, -4.068647406456521, -3.2127900174941484, -2.893130655762487, -3.161404453542998, -3.542271294566639, -4.015132707438838, -3.5182036854767107]"
TST,"[-3.644321308990449, -5.279187510000867, -4.953863745653017, -4.117850350992111, -3.9068781056070296, -3.738195494581341, -3.391903504378698, -4.527416677622142, -2.796114347968301]"
TTT,"[-2.7910692106740083, -4.347423882765046, -2.663816980977717, -2.6042934248224103, -3.6772710135851714, -4.117670849689295]"
TVT,"[-3.889412336080083, -4.62263384588638, -4.717116645226631, -3.6141587482841313, -3.3433097095779267, -4.651800527126197, -4.640169734312488, -2.88000615395522]"
TWT,"[-4.304942971994198, -3.8691948710372257, -3.5918745734512005, -3.82242468963602]"
TYT,"[-2.61451793965634, -4.99600102058616, -2.551879206552357]"
