Translation,mean
I*V,"[-3.422475290772073, -1.3086766850403233, -2.202199682270402, -4.365735818314238]"
IAV,"[0.0142334944491375, 1.7442974839040648, -0.2155181730874389, -0.4675970524410954]"
ICV,"[2.677868456957521, -1.137167313659015, 1.772410210294623]"
IDV,"[-4.168746062020007, -2.094637160096568, -3.511211410962896, -2.798859587910392]"
IEV,"[-4.979298736504878, -3.108140259093972, -4.046305245936869, -3.268512325059673]"
IFV,"[-4.331559090643307, -3.44313871571654, -3.3980791375226698, -3.5688032262669798]"
IGV,"[-0.4213024817356148, -0.3804765745344305, 0.9208359494313774, 1.8235714141782644, 3.373135254609973, -0.2858678116010695, 0.8452163732255302, 0.6680269985856357]"
IHV,"[-2.772258867881818, -4.501110213618102, -2.0293353216446466, -4.945392921833458]"
IIV,"[-0.9126576041826135, -1.3828635622412495, -2.4627853342805706, -1.1139453344685482]"
IKV,"[-2.5127287604160644, -3.960501098102753, -3.473596799696449, -4.654001298492508]"
ILV,"[-0.4253667085961901, 1.439201472436921, -1.8159408071898788, 0.2366290067149581, -1.0901633183786652, -1.8116689597186664, -1.223614010597969, 4.820800063298645, -2.115331272667861, -0.1248731913342204]"
IMV,"[-2.1864960677073317, -2.13037847045819, -2.464491506096082]"
INV,"[-2.89630832866324, -2.342579966775901, -3.468912336736638, -3.047360043887026]"
IPV,"[2.586930514698203, 0.7378926119376548, -0.1559586764612746, 0.1663764189117857]"
IQV,"[-2.5967622477618155, -2.708189321154869, -4.0430196849169935, -4.424521580312078]"
IRV,"[-2.988899255758473, -2.6188166957120917, -3.173474503597555, -3.3269732526876457, -3.542206328891562, -2.669754420880558, -4.234775339228506, -3.5592588968871435, -4.450135774529059, -3.4221574780403934, -3.003156742187234, -2.5191731382140485]"
ISV,"[-0.0592419488727049, 4.252516303724118, -0.0314422309024786, 0.8602861714977896, 0.8515070853404012, 4.602278479031639, 1.095908450782754]"
ITV,"[0.0, 1.4494269909482682, -0.0161749974555283, -1.708980514307103, -0.0253222319712014, -0.8624555222563766]"
IVV,"[-1.9153199539902417, -1.7900389437471222, 0.5874814771035588, -0.9180143695010434, -2.093759420161808, 2.294456293943181, 0.4560353966209867]"
IWV,"[-2.8780560991009985, -3.7426714528800735, -2.899120808863888, -3.2880884357420657]"
IYV,"[-3.500051986150022, -3.053733773049025, -2.37228688160383, -3.604067868949742]"
