Translation,mean
T*D,"[-3.094924556843087, -3.5845368462410327, -2.239624934931874, -2.1681385120201995]"
TAD,"[2.144326657952613, -0.4313350675199006, -0.8881179255028026, -0.7110100267245851, -1.0980565282709058, 1.1662585192535513, -0.131125005392489, 1.9676569268769537]"
TCD,"[0.7733090525334756, -0.1450458535216467]"
TDD,"[5.97016009140113, 0.6318448473938174, 1.8053162824590476]"
TED,"[0.1603841021226717, 1.415990529543885, 0.613377387127052, 1.2844099037112084]"
TFD,"[1.3640122607893463, 0.7831451205816276, -0.02846473449714, -0.300059484968985]"
TGD,"[0.2040388950052633, -0.1776724150163522, 0.4387437860164072, -0.0654093606193475, 0.4752077398747341, 0.5451636226790626, 0.2124655121545302, 0.3946344564089745]"
THD,"[-0.6707791983925802, -0.2059911606080753, 0.1274983006075736]"
TID,"[0.9198904241337348, -0.4728232876855038, -0.1045756539270454, -0.877368413146705]"
TKD,"[-0.2082342536780572, -0.9135376717248098, 1.4219456590728292, 0.2657079989254427]"
TLD,"[0.1392416975728476, 0.2972446862151336, -0.1644991629290144, 0.6922461232410146, 0.3731750485038922, 0.3895420450860145, 0.0779162717570134, 0.5325802094593381]"
TMD,"[-1.060588033436075, 0.3450240081897426, 0.9378513684719856, -0.6445497527140773]"
TND,"[0.3686108285073572, 1.6991677147574908]"
TPD,"[1.3510730528625476, 0.3261010633279433, -1.4343165376982654, 0.4329143322658604, 0.4230265201910157]"
TQD,"[0.0, -0.1698973677609849, 0.4736424393527496, -0.1779755889935783, 1.021636926114942]"
TRD,"[-0.7867658643657993, 0.2057223205544627, 0.6703152024200955, 1.0335241130193094, -0.0444087039853257, 0.1691186438849729, 1.707163574821024, -1.5076549043773522, 0.3938742153044678, 0.0768591629192361, -0.8371793230310072]"
TSD,"[-0.8522774321838753, 1.124119069121286, 0.4964640783604936, 0.0037301404850662, 1.3682683101140745, -0.3545018592306386, 0.1121392130356522, -0.4330456475203661, 0.3307666961359867]"
TTD,"[0.6987563631827074, 0.2095513778891798, -0.7854459237056659, 0.398177295051183, 0.5375084882632253]"
TVD,"[-0.8100766469488906, 0.7054735371340124, 0.0401694266613219, 0.1729047933345171, 1.825535344945868, 2.139721556230485, 1.450607480326264, 1.7960228386719042]"
TWD,"[0.7356865422087848, 0.9855609227096672, 0.3827326397206158]"
TYD,"[-0.3245594620682084, 0.65501052914483, 1.1603784319489885, 0.5658659779627904]"
