Translation,mean
AIK,[-0.3845185500353389]
AKK,[-0.1243470072063637]
ALK,[0.0228483910520864]
AMK,"[-0.2246939709327593, 0.275703017003476, 0.0]"
ATK,[-0.6662617855130009]
AVK,[0.2590800692028097]
