Translation,mean
D*T,"[-3.72648009236482, -1.369707144798765, -3.703624732627743, -4.058964599575749]"
DAT,"[-0.1994298798848248, 2.210782306043665]"
DCT,"[-1.111967038634484, -0.3910019231619923, -1.666656528241841]"
DDT,"[0.1203603451575539, -0.4375402994257085]"
DET,"[-0.4945830602209522, -1.2395648194112567, 0.8057078893946068]"
DFT,"[-0.7331365525126454, -0.7216577089079763, 1.4304566047244809]"
DGT,"[-1.169027319166508, 0.7820422656773012, -0.1010263667644348, -0.5797494993489272, -0.1287829035449821]"
DHT,[0.906481433057305]
DIT,"[-0.0806290721014786, -1.3584502682044306]"
DKT,[0.9813366812049154]
DLT,"[0.8980170499381384, -1.815802039812203, -0.4215682629227295, -1.0809401430138603]"
DMT,"[-1.152609023131831, 0.5168217030512974]"
DNT,"[0.4933886955228335, 0.562932840292266, -1.7643523000834715]"
DPT,[-0.3613117513281931]
DQT,[3.3161604600848023]
DRT,"[-0.839426970709285, 0.0366654374244319, -0.133481008098208, -1.1498265824605038, 0.2588706567338246]"
DST,"[1.2659298683981035, -1.353086668039838, -0.2050764430259661, -1.2438664510860686, -1.1867846654893377, -0.5872220607474361]"
DTT,"[0.0, 0.8600185851959186, -0.9424994983321362, 3.16322092133236, 0.9324270807239684, 0.7002866828359586, -1.1352651439636414]"
DVT,"[0.1253488285379358, 0.113163124147074, -0.6745617263271857, 0.3228551126588108]"
DWT,"[-0.035151441583654, 0.2147620425166998]"
DYT,"[5.870268739562944, 0.1365541304890385]"
