Translation,mean
FFN,[-0.7269996902073101]
FHN,[-1.0665393110854922]
FIN,[-0.8167861293010237]
FLN,"[0.0, -1.3814689374660531]"
FPN,[-1.3805511579084315]
