Translation,mean
F*N,"[-5.257492074613237, -6.287286670340975, -3.082053628692261, -5.527771072817386]"
FAN,"[0.0731542013932466, -0.9825444651902816, -1.3641486754076162, -0.0137537334850659, 1.1566440068428552, 1.154423566190915]"
FCN,"[-1.1535747698847505, -0.0129927102966718]"
FDN,"[1.5662823858251689, -0.0567626075116436]"
FEN,[0.4650982526559133]
FFN,"[-0.4971637308759142, -0.4278853821748394]"
FGN,"[-1.437632601945806, 0.7293919745057992, -0.3549210156104152, -0.1242120093869952, 0.6475043687906856]"
FHN,"[1.597914301256628, 0.4553759509995396]"
FIN,"[-0.4357055949747677, 1.237875909076477, 3.5776493125874627]"
FKN,"[2.089702881084464, -0.988463696776634, -0.9192250520082528]"
FLN,"[0.0, -1.2652948214122866, -3.4935561828001536, -0.726962018368007, -1.8837387421700933, 0.4168920746843207]"
FMN,"[-0.6272791864288081, -0.8243394873692207, -1.0526013695601255]"
FNN,"[0.1401792351893434, 0.9563214152718852, 1.3495451996540684]"
FPN,"[-0.1295598439322809, 1.0321973613013, -0.063508754643502, -1.648088847677494, -1.779771785618367]"
FQN,"[1.851984755457151, 2.9297850231214038, -0.3154959898834865]"
FRN,"[-1.1348507853444012, -1.3192917510722468, 2.191484413277192, -0.6485381800767671, -0.352809989943819, -1.0967709659181557, 1.117878815430183, -1.174083938962327]"
FSN,"[0.04368439708694, -0.2847039165112299, 1.7066453922931115, -0.7219150688702474, -0.4781638462351818, 4.078878569028539, -0.5137250314581259, 0.3455394635107929, -2.689149243643742]"
FTN,"[-2.937007586686025, 0.6838231317529875]"
FVN,"[0.254949422435418, -2.2895288792382225, 1.218316525525207, 1.1739128503445126, -0.2220158259866256, 1.7348907105219311, 1.2112079081022653, -1.6837413997146615]"
FWN,"[2.0066903692820244, 2.981618980686556, -1.5588852567406484, -1.77255203211581]"
FYN,"[3.529977968074716, -2.58618235267609, 1.0359030289789626, -0.9132898769502108]"
