Translation,mean
D*T,"[-7.092173903668344, -6.306910415456954, -8.861905909686893, -7.550487754472341]"
DAT,"[3.34221400344444, 3.436162778308245, -0.2969538389359603, -1.7198886922399808, 2.7256480437891533, -1.3896715963254227]"
DCT,[-0.321363768422481]
DDT,"[-1.857718915231306, -1.0953094495267388]"
DET,"[1.854811073576212, -0.1092701131662661, 0.3259916762784334, 0.792957286316053]"
DFT,[1.7352149016866465]
DGT,"[-2.780356373328984, -0.4073150379412933, -1.3873444339128382, 4.872843736284288, 0.280452107484507, 0.3850243622509856]"
DHT,[4.82398185434967]
DIT,[2.969892842219025]
DKT,"[-0.4144868134499138, -0.3421966025918372]"
DLT,"[0.1237904843109358, 4.935597408999023, 2.973205948737152, 1.967883944460131]"
DMT,"[5.912697006888944, -2.9863894164532496]"
DNT,"[4.446547684597773, -0.8218842380651672]"
DPT,"[-2.2806879901123525, -3.902583333085497, -0.1930118089140711, -3.1179667095705206]"
DQT,"[-3.019368228280131, 2.983148797542013, 2.5561050061727046]"
DRT,"[2.395870538414168, 0.1582638251580048, -3.1638128208006773, 1.0853267509239526, -4.792021078303128, 7.000838603757963]"
DST,"[4.185317461551936, 5.099894631127006, 3.2401152101497868, 0.004453440133233, 0.3261977748532771, 4.0854731726869815]"
DTT,"[0.0, -2.0216557793313576, -1.4989812962134828, 0.9019087138421576, -0.5569711115636307, 4.821421614031106, -0.1223499402102561, 0.9163639081729844, -1.9372025689272443]"
DVT,"[1.3058164109219064, -0.5804666479001082, 2.0636632848260663, -3.929640403232911, 4.076747924729638]"
DWT,"[1.0469913249510832, 0.0556984530914264]"
DYT,"[1.1862154857455032, 0.5339351975750457]"
