Translation,mean
R*T,"[-4.419055700343095, -3.6684506487530335]"
RAT,"[-1.405195525156916, -0.2248441208734304, 0.0904085147057012, -0.3863514141321751]"
RCT,"[-0.5119965108072808, -0.2452504957432894]"
RDT,"[-3.9276743912368897, -3.848703849680708]"
RET,"[0.1955398241736858, -0.7346070210231136]"
RFT,"[-6.168853487824731, -6.035752927301644]"
RGT,"[-1.413013688071875, -1.5129014611186022, -1.7891664384957728, -1.1874794987035084]"
RHT,"[-1.1103404478149113, -1.1829972976923615]"
RIT,"[-2.0746701470575357, -1.516056488474664]"
RKT,"[-0.4971516682389891, -1.0584731372654783]"
RLT,"[-1.8036823086822784, -1.9586671833187084, -2.57560207061443, -2.1228097732599864, -2.1155498636640733, -1.9277277682969705]"
RMT,"[0.1491653982908349, -1.3386505398674]"
RNT,"[1.0016469259186094, -2.6145981910558334]"
RPT,"[-0.6934777969076036, -1.1118802658733635, 1.3357782678854295]"
RQT,"[0.0, 0.1866461964924415, -0.0117582569671377, 0.7796837885284056, 0.1255346821890555]"
RRT,"[0.3651575140038625, -0.2764542365725368, -0.4264683726399587, -1.2332013516498233, -1.383803901421948, -0.9246217153959436]"
RST,"[-0.8105377315302098, -1.5740120484416238, -0.300879743359256, -0.1640603541014416, -1.2422426444785524, 0.2812866683727808]"
RTT,"[-0.2738784731302459, -0.3453361218328057, -0.8421661370133622]"
RVT,"[-1.0648388397114976, -1.351732108854221, -1.26376209255164, 0.4437126744384753]"
RWT,"[-3.929031043585351, -3.6387126462339463]"
RYT,"[-4.730267627987052, -6.210782017158373]"
