Translation,mean
K*N,"[-3.0525645727597617, -4.428033274274906]"
KAN,"[-1.752574379231369, -1.415576765375178, -1.3594265221379729, -0.3803217464493222, -0.5210657224796886, -1.09858274167766, 0.6659460610328924]"
KCN,"[0.3690275721727154, -1.7875161244071371, -0.2940584299914448, 0.91656169815906]"
KDN,"[-1.003945867539585, 0.6310730901510091]"
KEN,"[0.6141834971167714, -0.8903381528315446, -0.2415325771964891]"
KFN,"[-1.0965651428144465, 0.3378817847854822, -1.1171389838833417]"
KGN,"[-2.1048292245522457, 0.4245283834775274, -0.9639477996076646, -0.0894622769423021, -1.0401016744288452, -0.5151779797273672, -0.4310501639136329]"
KHN,"[0.9748063987563764, 1.0253484392544543]"
KKN,"[-1.998428862572018, -1.1294767496234428]"
KLN,"[0.8038107515945079, 0.1029693363769261, 0.5992953668998808, 2.5425890697496687, 0.8114326198114021, -0.068969405143072, 0.1891122941682361, -2.3197217354453503]"
KMN,"[-0.774263410272658, -0.1545055441149649, -0.5047085856858686]"
KNN,"[-0.3534202893126075, 2.11347699419532]"
KPN,"[-1.3867964265176518, -2.925090446828344, -4.114516999836268, -3.600621788824532, -2.9745620607584886, -2.152152468968485, -4.292166768589672]"
KQN,"[-0.0836730600103177, -1.4799739967075762]"
KRN,"[1.2276221378242047, -1.19067915666845, -1.5889083682607392, 1.519596701523087, -1.5612961370528795, -0.0053404496113369, 4.134881837157732]"
KSN,"[-0.5421773179157494, -1.5019250666661002, -2.3216244894255897, -0.2539241205479321, 1.8856192281116355, -0.2409850648404337, 1.9425627256960585, 0.5251459167809607]"
KTN,"[1.3015257964778204, -1.211023867399362, -0.4940491819192996, -2.1027098400606565]"
KVN,"[-1.4075432151843472, -0.5003716936590834, -0.3113577414419568, -0.3759146449265422, -0.031426603961691, 0.6292718017887928, 0.0368962272349246]"
KWN,"[-1.9684017506819167, -0.0319366113730339, 2.716697421324689]"
KYN,"[0.0, -1.4835553681145122, -1.3283279329196445]"
