Translation,mean
V*R,"[-5.639361844724942, -5.028636247938707, -5.060365666119992, -2.0713334719597105]"
VAR,"[-2.2910818078896416, -3.866196600127036, -3.374852884365646, -4.201394397870217, -3.727219116070628, -3.820417551129803]"
VCR,"[-2.7984584960282515, -3.427885713491973, -5.332143213478364, -3.100697163154324]"
VDR,"[0.0, 0.2268241454627233, -1.0819706283630657, -1.993863477885956]"
VER,"[-4.638142889361241, -2.776427827034346, -4.003408804173144, -3.410122940950424]"
VFR,"[-3.238412671802294, -4.747230129514836, -2.779953195719372, -3.318871025822368]"
VGR,"[-3.923934759878296, -3.591161654547837, -3.853461672811533, -3.860375086240765, -4.192571392239254, -4.4745610306153125, -3.301545814843943, -3.515891956519048]"
VHR,"[-3.262555917876691, -2.5070246278344666, -2.698380225295355]"
VIR,"[-1.5750165060758867, -2.736936562513204, -1.7553421670861995]"
VKR,"[-1.5758844481031495, -3.901861881520501, -2.7170404760976936, -3.994665582204077]"
VLR,"[-4.15541323414001, -3.271476003948925, -2.4266677188602914, -2.805345800246002, -4.699901421565112, -3.3462644669504105, -0.2419365140994447, -4.322410582826171, -2.690462127242606]"
VMR,"[-4.102044185862729, -1.7657686971853224, -4.425776302957822, -3.858365804663867]"
VNR,"[-3.153293306379238, -2.498776277782845, -3.49784952221387, -3.103348411173962]"
VPR,"[-3.496812877111949, -2.8369993782730933, -4.635754320999105, -2.457344504031612, -3.2176368308904664, -1.469869565253747]"
VQR,"[-4.197119855570111, -3.2870646131195898, -2.584229480161833]"
VRR,"[-3.922590881572413, -2.884881288078895, -3.62839915440591, -4.157496575080704, -3.85791336010674, -3.907190845813288, -3.1224526430633874, -3.9053726503776094, -3.229915985295481, -3.345222233589034, -2.840849065165367]"
VSR,"[-3.3730675337289195, -3.0599470535318094, -4.379578559125078, -4.461356579197269, -5.058931315346873, -2.214883688193501, -3.3746397268742543, -3.936615190855991, -3.073157302151226, -2.393322266794587, -1.5259430129118687]"
VTR,"[-4.097698715586764, -3.294334369753506, -3.2288856001476303, -3.1597076668706645, -3.1369453862547525, -2.986112129950138, -4.011852765330765]"
VVR,"[-2.752975681221333, -3.0852167262532744, -3.902740482136195, -3.910122639735352, -4.186984736482343, -4.072849068458192, -3.966375542980292]"
VWR,"[-3.0337565015936185, -3.2111318375312248, -3.805556207729431, -4.060027488686488]"
VYR,[-3.3833125208852284]
