Translation,mean
NCY,[-0.0471449172771096]
NFY,"[0.102168147919424, 0.0, 1.4427493862318217]"
NIY,[-0.018603948446814]
NLY,[0.1360990897848361]
NYY,[-0.1172980040151579]
