Translation,mean
Q*A,"[-4.292605871822132, -3.5634392524412632, -4.330460779353235, -3.344241117869524]"
QAA,"[0.0, -1.806975880425341, -1.231994780495123, -0.4011475628776245, -0.8826368771686592, 3.8859926906747457, 0.6392821855088382, -0.9772737428735244]"
QCA,"[-0.0728467653024864, -2.2713097003238207]"
QDA,"[-1.1582034545463171, -0.2840944791456978]"
QEA,"[1.7266740424857838, -0.8368127763315467, 3.616171108043457, -0.9052354337260288]"
QFA,"[3.105002472616542, -1.2880157979005027]"
QGA,"[-0.3871551625172191, -1.3099015816797517, -0.1975138985627085, -1.895267725194146, 0.5459933460445923, -2.2780980538175406, -1.4089067154786772, -0.5503225160008842]"
QHA,[-0.3281142663597638]
QKA,"[-0.854773703244069, -0.3892949231699809]"
QLA,"[-0.3015756493903652, 0.232045985154138, 0.9425866954136152, -0.2312297755144463, -0.7751375871308586, -0.1772933135037622, -1.5362456050107625]"
QMA,"[-0.9641920828077756, -1.4821478950321847]"
QNA,"[2.034910541187168, 1.1865808992183169, 1.2701540095164263]"
QPA,"[0.6765393250457965, 1.7334489647954108, -0.5076829871393223, -1.441615333796758, 0.6989155998520751]"
QQA,"[0.4361888207501012, -0.7502555095204908]"
QRA,"[1.7234362386177082, -0.2504176091164005, -0.0735995095603243, 0.015715416851231, -0.6076787771160426, -0.9530386290445474]"
QSA,"[-1.5041762655254356, 0.333987912567629, -1.0735081669514912, 0.044064620069717, 0.038006310060874, -0.9471106196427108]"
QTA,"[-0.5376430076238883, -0.2875004641786418, -0.0946698722198213, 1.998978794704433]"
QVA,"[-0.52972750545523, -0.3318136219477541, 0.6163316628279913, -0.7238937923744562, 6.0309216872071865, 1.040418068551105, 0.7143631525382688, -0.7988110816785969]"
QWA,"[2.302123413912378, 0.0920881990959117, -1.4065443895187053]"
QYA,[-0.1602198001448211]
