Translation,mean
RHT,[0.1385904393715256]
RQT,"[0.0, 0.0724947290162409]"
