Translation,mean
N*R,"[-2.7574979382701805, -2.4850808614119693]"
NAR,"[-0.0688865362472413, -0.4832343184751559, -0.4960987171571469, -0.706223854971447]"
NCR,"[-0.5648486199820502, 0.0831434599695652]"
NDR,"[-0.5799852695266043, -0.0955757404974084]"
NER,"[0.8836931945462867, 0.293377180178246]"
NFR,"[-0.6672178678135454, 0.3369970968278704]"
NGR,"[0.0, -0.5191888612812718, -0.2057968674608679, 0.3977460756788868, -0.2958116036053928, -0.3755032951821349, 0.028322721731695, -0.1336920766922995, -0.4257538417118445]"
NHR,"[0.2568243777650707, -0.2245093448708592]"
NIR,"[1.4077443656448965, -0.9754078391072154]"
NKR,"[-0.0353395494416428, 0.1388352558152847]"
NLR,"[0.4555561898076696, -0.3192863705533746, 0.1497160455355803, -0.4995545264367224, -0.1710208707445071, 0.3062773798561462]"
NMR,"[-0.049625234599369, -0.3839515297312346]"
NNR,"[-0.0777956768193099, -0.6010054522063504]"
NPR,"[0.0417961895814409, 0.5139002807502759, 1.1790419655642017, -0.3728509932829941]"
NQR,"[-0.8147612709855174, -0.3086766374229643]"
NRR,"[0.3725506338722866, -0.3590559584962793, -0.2424783928257818, -0.2345976397732219, -0.1212593711785468, 0.0018447054956336]"
NSR,"[-0.1680166056964696, 0.1425844367641673, -0.2327391012287787, -0.5916744728338301, 0.5773310679817634, 0.3280223585040688]"
NTR,"[-0.8531854302330455, -0.3319852048449503, 0.0361052393774396, -0.2541737576455443]"
NVR,"[-1.0591115689025816, 0.2711318926203976, 0.4379478984145466, -0.5229089579033239]"
NWR,"[0.0065110342010106, 0.1839053446149181]"
NYR,"[-0.0557271312660097, -1.1576891752560554]"
