Translation,mean
GSF,"[0.0, -0.465970634066561, -1.0504085961859144, -0.800894450856843, -0.5451854478553919]"
