Translation,mean
K*S,"[-5.396145626074393, -1.580520834240552]"
KAS,"[-2.7857533392422447, -0.513037422924862, -0.4976143155332195, -2.407366532561072, 3.219740374277912, -0.2879841734780441, -2.0709671911165]"
KCS,"[-4.490543750786664, -2.2155833557408755, -5.269264082471504, -5.342714410460548]"
KDS,"[-5.38808016783301, -6.8892490631296175, -4.929834681700555]"
KES,"[-7.190206033443221, -6.431951436102183]"
KFS,"[2.953172321804132, -3.79023334701284]"
KGS,"[0.9922235607138932, -0.1757206369412322, 2.355653791602899, 0.2321920060941131, 0.3149951372276627, -2.786322029221977, 0.0, 0.0076638040483407, -0.4279580775129168, -1.3802170530395976]"
KIS,"[-1.9074498732705447, -4.222918818674856, -0.0804156112743648]"
KLS,"[-3.393609933024683, -2.413319946709617, -2.792292181216986, -5.003634450689711, -5.059231340094398]"
KMS,"[-1.3572885772358791, -1.6467405203829948, 3.0366496030487617]"
KQS,[-4.970257814002663]
KRS,"[-6.522338395928124, -4.133453459359454, -5.651784559432452, -4.692454414799003, -5.557685133065745, -2.757539549222006, -5.247887614903558, -5.092913805719628, -5.92108802288962, -5.13142292518347]"
KSS,"[-4.853679602539254, -5.908131537543594, -0.4591135172072249]"
KTS,"[-3.632526661163295, 3.76214241277102]"
KVS,"[-4.481895106458406, -5.252053357620672, -5.480020038297898, -4.78777142638347, -5.330050802417605, -5.934061959292881, -5.971216310684426]"
KWS,"[-5.071240275200546, -4.932342683122063, -5.83596929566824]"
KYS,[-6.1537829183522135]
