Translation,mean
E*C,"[-3.442944035939224, -4.289643390751987, -5.319706996630453, -4.922325197212597]"
EAC,"[-0.2967023941716604, 1.2420571914170075, 0.6681258449509437, -0.4326248821021163, -1.1084501814544172, -1.017363379245321, -0.8865448432677264]"
ECC,"[-1.5222223185969117, -0.4461202626156026, -1.0067088983985748, -1.76578474296707]"
EDC,"[-1.239018327922274, -1.1754251280300716, 1.147350765949282, -0.673425809558978]"
EEC,"[-2.5881039700990964, -1.734629344990983, -1.11844430274488]"
EFC,"[0.6575631683472771, -0.0217563092786852, 0.121716584241442, -0.0307558200466182]"
EGC,"[0.886638767399921, 0.0775330021653495, 0.7010155959270632, -0.3605584163054907, -1.1381776180990366, 0.0593556560909558, 0.0622422246697551, 0.0]"
EHC,"[-0.3964425457954696, -0.0073190473694442, -0.0069666812546956, 0.3864807900568756]"
EIC,"[-3.224073413250359, -0.5285579702353544, 0.0454351963453074, 2.9304915692038698]"
EKC,"[-0.0157094770790494, -2.82398082864343, -1.9078210376711056, -0.8428231099897818]"
ELC,"[0.3138317511970819, 1.189013854506558, 2.7248324989245134, -1.331140860432913, -0.5034581844672097, -0.573032536716684, 3.616756951959392, -1.5740432249059992, 1.727046882656559, 0.5275288683575132]"
EMC,"[0.4522211345182318, 0.983638922604511, 0.7391869394687207, 0.2079764925069405]"
ENC,"[0.6720804234386311, -0.1640456504191805, -1.241224043168181, -0.3139803856034966]"
EPC,"[2.2528347684074, 0.3750905184583981, 0.9606419945055098, 0.0699345961795678, 0.93377938919601, -0.1902786034889736, 1.2202715047975552]"
EQC,"[0.0463380766473812, 0.5048668149826057, 6.308071433852881, -1.904795612570089]"
ERC,"[0.1874971296145791, 0.5769877630501634, 0.3100908995076681, 0.0907988803614055, 1.084774453464573, 0.8761665028148888, 0.4333713899299586, -0.9249380948575964, 1.777299918818649, 2.5249700120127523, 1.420282554993758, -0.1598333086852692]"
ESC,"[-2.0738463818797808, 5.752108804854277, 0.008068429009973, 0.4807007064189967, -0.171036128496766, -0.0519045130183357, 1.8975237195902144, -1.94316971114728, -2.7274210999480104, -1.0588733122632874]"
ETC,"[0.2165343310952838, 0.1694188355796706, 0.9822610656202162]"
EVC,"[0.4151479997918965, 1.9966439024761728, 0.4400877602689422, 0.2656915174227263, 1.8898919477621536, -0.0937612135006391, 0.6746148511242538, -0.6898835035498498]"
EWC,"[-1.074939251714028, -1.3425137411494044, -1.4532484873036458]"
EYC,"[-0.6027778875023699, 0.444131017434259, -0.0150134391594463, -1.8857012647140656]"
