Translation,mean
F**,"[0.6432061291392861, -0.1020233133390035]"
FA*,"[-0.1156630127633091, -0.5214937634209598, 0.2962678076235052, 0.1001544997284833]"
FC*,"[0.1635844762222937, 0.0001459260646843]"
FD*,"[-0.0800218969674242, -0.1294768976546212]"
FE*,"[-0.4732307509990034, 0.1566686504699638]"
FF*,"[-0.3047843380839259, 0.0946802997379485]"
FG*,"[0.1522311635662392, -0.1867586886952699, -0.3139951195774788, -0.0028569215602143]"
FH*,"[-0.1520355854686137, 0.266893809121477]"
FI*,"[-0.730041149751231, -0.529670857627706]"
FK*,"[-0.3533931792910535, -0.6152315897909757]"
FL*,"[0.1079413884904738, -0.0225921076651767, -0.714534674027016, 0.4446958968336325, -0.443508530444042, 0.0109195084877348]"
FM*,"[-0.0493258839461114, -0.2405266457441017]"
FN*,"[-0.4389674016327571, 0.2438913788232515]"
FP*,"[0.0564608581268712, -1.036815637063116, 0.0680514308880475, 0.018544599571161]"
FQ*,"[0.0, 0.60870933097301, -0.3670777866564156]"
FR*,"[0.0993291545287196, 0.2113541534645877, -0.0410396229644858, 0.1996323055878193, -0.4156457986617576, -0.1102382431680189]"
FS*,"[-0.2959401158662382, -0.0774259958404419, 0.2230635872870392, 0.2567280178612448, 0.4962068167993356, -0.5916974629625855]"
FT*,"[0.2649450863274811, -0.8205151955248002, -0.1517593586998496, -0.5243095223864387]"
FV*,"[-0.1356801200276978, 0.6620130651058868, -0.2079902112130671, -0.0064864129659296]"
FW*,"[0.1721935216476931, 0.1405743087293513]"
FY*,"[-0.3652172987173667, -0.3620082834762579]"
