Translation,mean
V*Q,"[-1.473131560822031, -1.066976790213217, -0.6817845499289117, -0.6169551494591721]"
VAQ,"[0.2701294398756531, -0.7556301887184631, -0.6368116029535358, -0.4809032856225145, -0.2718346532964615, 0.1043600679246523, -0.9926549804865256]"
VCQ,"[0.578804223777702, -0.888558893674098, -0.0205356584101306]"
VDQ,"[-0.7128137523451095, -0.150799646368041, -1.5729312601056862, -1.8335056187774332]"
VEQ,"[-0.7580846310884883, -1.6383076185681418, -1.2436003516986416, -0.9796944189177976]"
VFQ,"[0.6945268336483377, 1.0144745644074575, -0.4327365184399471, -0.0701276389869401]"
VGQ,"[-0.8093847388245052, -1.0676799926086522, -0.9021972718063874, -0.8502305245135187, -0.7155398645389202, -1.5320783966639784, -1.62285040672435, -1.504039239211575]"
VHQ,"[0.1101856842940147, -0.1566373519852959]"
VIQ,"[0.0065515753486824, -0.0881702964880561, -1.2547078362763884]"
VKQ,"[0.767834596824331, 3.6735020511634096, -0.8583744578405224, -0.8233690592103029]"
VLQ,"[-1.3033374220076723, 1.238338372960575, 5.406643091665259, 0.3756432886155547, -0.1572946265709713, 0.2435378939645058, -0.172811417997643, -2.0901996494130017, 0.0869909944456157, -0.4032807366565567]"
VMQ,"[1.3127775797297971, 1.3832041787004314, -1.2224517771483754, -0.4872375450766792]"
VNQ,"[-0.6289283751699628, -0.1200117113224772, 0.3599507373012125, -0.5380525655362192]"
VPQ,"[0.5298961318755371, 0.5185780445782555, 1.3135669138073638]"
VQQ,"[-0.2599781062535449, -0.7848220966653683, -0.9682339383725777]"
VRQ,"[0.0, -0.5975964236566762, 0.6748444677866363, 0.3077444201885955, -0.3769037961094756, -0.0818030801460372, 0.7017208389386571, 0.3138508173049708, 1.7752386329075946, 0.4474277668718285]"
VSQ,"[1.7168154693510624, -1.466606128278208, -0.5526933857076637, -0.5314863101976073, -1.2210932456767232, -0.3333494051812158, 1.8495324152549093, 0.3237306732675744, 0.2159392979377177]"
VTQ,"[1.2940831947767677, -0.1707806760299962, -0.3689181137742964, 0.5964897810782759, 1.6831477715178451]"
VVQ,"[-0.6412626005988473, -0.3898175056656221, -0.2023365813627116, -1.4229347359016504, 1.064655378723674, -0.3242970406433194, -0.4766573458758429, -0.6985516407759036]"
VWQ,"[0.1822284668081426, 0.8629003890032587, -0.146601647328068, 0.120470286898902]"
VYQ,"[-0.0737205599612043, 0.2869984309744628]"
