Translation,mean
C*T,"[-3.508220970572313, -1.5158621538174692, -2.8568578181498667, -3.100909899954201]"
CAT,"[1.44789289785545, 1.2553852600666406, 0.745579512777117, -0.0815158898763455, -0.7677410470046668, 0.7498280304554568, 1.3261549113663111]"
CCT,"[-0.9898799955872272, -0.4950521138658085, 1.3673865990707237, -0.0954315600959167]"
CDT,"[-1.213171052298791, -2.0883308138623846, -0.0318133812111494, 0.448532459607847]"
CET,"[0.275188133742188, -0.4620416676805555, 1.1324591944602522]"
CFT,"[-0.1967762674271824, 0.6693915177598572, -0.6127382336831513, 0.2011883969501493]"
CGT,"[-0.3395996293595473, 1.1426357309625863, 0.4546800601680001, 0.9012970266218616, -1.56672167573179, 0.0, -2.0590412586126434, -0.3692089909962686, -1.495791371111855]"
CHT,"[-0.0878672477320687, 1.058573782353834, 1.158287854707693]"
CIT,"[-0.9434131345486918, 0.7817463102801998, 0.2553852600666406]"
CKT,"[2.2308395874169475, 1.151229860367904]"
CLT,"[1.9192252391531743, 2.697246869819759, 0.3932378651686576, 1.5284352861210095, 1.6111757171289458, -2.18764994492836, 1.1331028406061563, 3.9339471278400886, 2.277373521953292, -1.5028372030561847]"
CMT,"[1.058573782353834, 0.6725263310436908]"
CNT,"[2.458609118293431, -1.4203740117796049]"
CPT,"[-0.1466890630376199, -0.1401455542167867, -0.1820580966840062, -0.4026572361974025]"
CQT,"[0.2132666172613717, -1.1807138547400324]"
CRT,"[0.0302677348404847, -1.122260180060325, -0.8147680844751877, 0.0588549853736299, 0.1868222672779165, 1.2709821151176597, 1.7944697779186312, -0.9301938203090908, -1.0991737068571783, -2.681008735040681, 1.6223363239382405, -4.568062756903032]"
CST,"[-1.0000849656743318, -3.414929266978249, -1.6552874963489668, -2.1322101709069754, 0.6156302865051053, -0.4467355944552675, -0.3818844501053, 1.2214426543163448]"
CTT,"[1.2656966602132282, 0.6756776701750447, 2.847011491068809]"
CVT,"[1.2652457455685155, 1.3387267217534955, 0.8399341537041085, 1.645178410567227, -0.6682379251320443, -2.0509459797697023, 1.287270364016087, 1.1456912562006716]"
CWT,"[1.6511155748481423, 0.0500731849565418, -0.1648664395106402, 0.9737421710361368]"
CYT,"[0.1879340607804085, -0.5170722509810073, 0.9038042546174072, -1.144787219330233]"
