Translation,mean
M*Q,"[-3.911885932721784, -3.280167323097231]"
MAQ,"[-0.7582674445865409, 0.6592856520558579, -0.0559167402183265, -0.0771828932700415]"
MCQ,"[-0.5366422021365542, 1.5859857845980008]"
MDQ,"[-2.92891418266775, -3.155404311683664]"
MEQ,"[-2.6518504638212503, -2.756058995937307]"
MFQ,"[-3.30264641533443, -2.7764650472848]"
MGQ,"[-1.9462166798486296, -1.5839868242572424, -0.927718289021076, -0.7603004755964432]"
MHQ,"[-3.323590177780218, -2.222634192025562]"
MIQ,"[0.2172942442236731, 0.2460981519320588]"
MKQ,"[-2.951395675350561, -2.524532236876168]"
MLQ,"[0.3499566583959526, 0.6022132122605566, 1.795318256887315, 0.6363566504786355, 0.4006425388955579, -0.508893979810642]"
MMQ,"[-1.654876468811138, -0.7556858353444191]"
MNQ,"[-3.609215931430581, -3.654345570573464]"
MPQ,"[-3.629449547176077, -3.306235873518312, -2.876343714328125, -2.42233573126053]"
MQQ,"[-4.285690539197217, -3.4409664535187003]"
MRQ,"[-2.666473142460676, -2.843297267729513, -2.341509838592134, -2.251549746049916, -2.8996779908766848, -2.731284282602765]"
MSQ,"[-0.5192542733740773, -0.5255152107575247, 0.1372000856812221, 0.7474599284661146, 0.3712650432757227, 0.5168208839762807]"
MTQ,"[2.3240974380617168, 1.0309356266501908, -0.9690580533088982, 1.8909547362978405]"
MVQ,"[0.0, 0.0718116910669861, 0.9076211842001758, -0.6322628413111779, 0.2500045879208441]"
MWQ,"[-2.583865119892657, -1.7705904707168365]"
MYQ,"[-3.698643119182045, -2.945022072032752]"
