Translation,mean
T*G,"[-2.1675303521028324, -2.9236049405589224, -3.566241160529343, -4.835242166005687]"
TAG,"[0.7282478497858023, 1.4485203006698484, 1.1565233905327457, 3.524259938751781, 1.6580052382269077, 0.0467878646715842, -0.7811381961574497]"
TCG,"[-1.0413140674559234, -0.1526319895500538, -0.0814262423875193, -0.9935676869405804, -1.2387759439247503, -0.5085075216886006, 0.0]"
TDG,"[4.037990384184143, 1.838218480152136, 0.1669096609699742]"
TEG,"[-0.1730103866351431, 0.8864064828878478, 2.9100015044625573, 2.1885199549256864]"
TFG,"[0.333820548418612, -0.0417897635552177, 2.5000263970074625, -0.6990383647850287]"
TGG,"[-1.7093558553209327, 0.0437638886278382, -1.9523046601554157, -1.0378582846964282, -0.1924463162093221, -0.0902943927599411, 0.1259283081083468, -0.7891957722155354]"
THG,"[-0.5671423738612216, 0.8609493709463205, -0.9883557119585672]"
TIG,"[0.6596798193992601, -0.2542701601822212, -0.1871242767529467]"
TKG,"[-0.1006993013827441, 0.5340165209514538, 0.006881912963376, 0.6256200380266694]"
TLG,"[1.086430739241896, -0.670468782293069, 1.4729962996955823, -2.4245311800354834, -0.7494988433887082, 0.8066575845815231, 0.7993822634091394]"
TMG,"[0.0164670348014359, 0.7734824556468425, 1.4165003797754414, -0.6451862940788686]"
TNG,"[4.203295307606087, 3.3122175262632707, 0.7675962913690136]"
TPG,"[-2.3946682311690566, -1.6335244931487454, -1.84789528073426, -1.1084501814544172, -2.455583754220224, -1.7601788163688]"
TQG,"[0.825949875540978, 5.544000609524076, -0.6024760953315802]"
TRG,"[-1.9524188112594096, -0.5691907407279313, -1.564346570532364, -0.8546577651131182, -0.0244737684085123, -0.2946652084622112, -1.6261903367773645, -1.31172870987164, -0.9709728273234636, -1.4252710616050577, -0.287307896084962, -1.1392240105176654]"
TSG,"[-0.9579593146634976, 0.4725277722286156, -1.214395412535228, -1.0415156834393446, 2.285481684812776, -0.3139803856034966, 2.672080423438631, 2.9631778391638424, 0.5840382732355112, -0.9580556534680024]"
TTG,"[0.4940252553351776, 1.9689535776680032, 2.1613576239431627, 0.4498254514246422, -0.2498842613702478, 4.825570966795299, -0.4879874129801527]"
TVG,"[4.420729234622343, 1.371146277043092, 0.7820196691538701, -0.7604082887098862, 1.559583984691674, -0.3195616204339409, 0.939471211532184, 0.3094501138250125]"
TWG,"[-0.6487913051339431, -1.1168634347877413, 0.0403394978447852, -0.3541222072117556]"
TYG,"[-0.7082024514049746, 0.2075447738833249, -1.4160778831478975]"
