Translation,mean
R*C,"[-3.826942850269356, -3.644016383048282]"
RAC,"[-2.4383779776725403, -2.431396892035159, -2.5728889777157065, -2.41988988246347]"
RCC,"[-1.331363358572486, -1.691756597682348]"
RDC,"[-3.7098466426486887, -3.78391987789108]"
REC,"[-3.584583270261299, -3.68131795806878]"
RFC,"[-1.4197416802215015, -1.3911127187501462]"
RGC,"[-2.888489492532526, -2.782846194912308, -2.624170597661851, -2.672868791503927]"
RHC,"[-0.602864056236033, 0.2358762204510193]"
RIC,"[-0.2401924724896833, 0.2860856749719325]"
RKC,"[-3.396491087215165, -3.901378849296587]"
RLC,"[-1.0141650205694566, -0.5608667092617825, -0.304847171617947, -0.9554664308693654, -0.3106866468227247, -0.8590032459461012]"
RMC,"[-1.648989225749597, -1.809954111699187]"
RNC,"[-1.930797210937757, -1.4815385797145622]"
RPC,"[-4.76095138477817, -3.9306742092927154, -4.12129934723932, -4.303273215967645]"
RQC,"[0.0, -0.2464430722030011, -0.3348377732351286]"
RRC,"[-2.1180286899860974, -2.2092358782903125, -1.900386699595015, -2.1490299633432928, -2.1085453696590597, -1.909871752044053]"
RSC,"[-2.754879870722325, -2.988084998929032, -1.935348779907886, -3.29066796759054, -3.119692828459504, -2.637284354140479]"
RTC,"[-2.570301528205669, -2.4075664133812964, -2.599287147999572, -2.2597594607992617]"
RVC,"[-0.7553628541120867, -0.6998468949127199, -0.8792661988740855, -1.2200043678172072]"
RWC,"[-2.2233805544412, -2.209044224086728]"
RYC,"[-1.6028250872446597, -1.9614590592182295]"
