Translation,mean
Y*D,"[-7.215335334888392, -8.13091606841985, -3.7336713963361614, -3.7058541348253744]"
YAD,"[-3.1330392403128204, -1.6880070007361407, -2.3058124555844124, 1.1392814891325995, -2.812533220494656]"
YCD,"[-1.185506660206956, -0.5102530128846396]"
YDD,"[-2.5039541863593566, -1.6743273376718326]"
YED,"[0.0, -3.770469160928112, 1.0208867883303707, -0.9699667493194734]"
YGD,"[-2.17956996534612, -1.90341672253604, -1.0936415996960154, -2.1255157905213338, -0.7437260971670304, -1.3331923156883942]"
YLD,"[-2.7329944555094503, -1.3946022589299467, -4.223328125641922]"
YMD,[0.9336064627410856]
YND,"[-3.127162673976152, -0.1362631411871078]"
YPD,"[-2.992861582264561, -2.862391650369153]"
YQD,"[0.1148882731307647, 0.2635500797242754]"
YRD,"[-2.7198430878581448, -2.242177432595016, -0.673607621675524, -3.086862137098389, -2.401235351262393, -0.6897817135853597, -0.5846026156167792, -1.5625146606093203, -0.7604850723554915, -1.6812018228310244]"
YSD,"[-1.416832206313412, -3.415137907773536, 3.338061353247097, -4.207039821756597, -0.5574754375939133, -0.2364905889257613]"
YTD,"[-2.896000043011972, -0.6804369600656397]"
YVD,"[-1.6175172380895138, 0.6173698549274134, -0.861753664748889]"
YWD,"[1.320307483808163, -0.46078219664673, -1.862186280739148]"
YYD,[0.2380928525753116]
