Translation,mean
E*L,"[-5.9534821150812425, -7.000390127072334, -5.319815466770722, -5.82665089084346]"
EAL,"[-0.1275050515623004, -0.1090271669859965, 0.038041509369437, 0.0737640782083932, -0.7790822912328217, -1.4906827336678248]"
ECL,"[-1.9436180632447115, -1.816674101948312]"
EDL,"[-1.020287287703057, 0.2051112945620605, -1.5498562195276673, -2.67866937153723, 0.0, -0.8447151054492785, -1.02425656814125]"
EEL,"[-0.5555879937383796, -3.257399578688742, -0.6146079563307953, -0.022469580864012, -1.1024509204793986]"
EFL,[-0.5387388750123279]
EGL,"[-0.4944010563497993, -2.192892407896398, -2.570521694641948, -0.6836202753385141, -2.723163446149755, 1.2427860648864613, -2.384511634721424, -2.110124848364819, 0.3551014774157455]"
EHL,[-1.632238607263564]
EIL,"[-0.0052767921512852, -0.8994556016481905]"
EKL,"[0.5445725483740098, 0.5998815657918879]"
ELL,"[0.0993082616633067, -1.4928307243374164, -2.950447827034349, 1.685030437200874]"
EML,[-0.9444562470235514]
ENL,"[-1.1027662291990217, -0.912488165800541, -0.8036360248633123, -1.6331119190324737]"
EPL,"[-1.799615506587628, -1.0810229641063795]"
EQL,"[-2.355431661649268, 0.5449202904091948, -2.7138856325617446]"
ERL,"[-3.225035024393593, -1.4656145793996913, -2.051435638717762, 0.1846420225324756, 0.2547587065525363, -1.939724753803695, 0.2122528476400518, -0.5074347550943195, -2.494834718314685]"
ESL,"[-0.2261486447043026, -1.7137066230215714, -0.7309407967414749, -1.2319183070085131, 0.3994558405142001, 1.1283103713115974]"
ETL,"[-1.8546016739867688, -1.99995100705088, -1.4587009322609727]"
EVL,"[-0.8586531822670054, -1.745782469907864, -2.2302765303269787, -0.3421035188841311, -0.6706473765888301, -1.9417806194370184]"
EWL,"[-0.7882989652431025, -1.4135223686118072]"
EYL,"[0.2754596154159685, -0.4764620168358213, -1.531636972406843]"
