Translation,mean
H*M,"[-5.5192922251144925, -5.160383431821427]"
HAM,"[-1.987766196140424, -2.57168037259916, -2.091539771190794, -1.1149683088902718]"
HCM,"[-1.750727422020228, -1.8544850579753136]"
HDM,"[-1.0913848711921288, -1.1654471610963473]"
HEM,"[-3.413136224186154, -2.910296226200217]"
HFM,"[-1.5031214947430414, -1.8098875704757689]"
HGM,"[-2.2086220033341792, -3.845161282293734, 1.5809281078441106]"
HHM,"[-1.1894955742724465, -0.6285384676850345]"
HIM,"[-1.5273658417542606, -2.815665557436917]"
HKM,"[-2.5106887674909792, 1.084504028820498]"
HLM,"[-1.2850181040790218, -1.863365432271428, -1.0784267975837905, 0.4760688173513766, -0.2236695550363618]"
HMM,"[-0.612130819534169, -1.6669969098791757]"
HNM,"[-2.361433510323696, -0.7202958571766223]"
HPM,"[-2.3123303019654733, -2.3384959775256435, -2.248641166620877, -1.394003084157724]"
HQM,"[-1.9856507328407036, -2.7712033921729544]"
HRM,"[-0.5090081979143912, -0.163229125052277, 0.0915831132544449, -1.0196451092957013, -0.2097608748111286, -0.8785035107931858]"
HSM,"[-0.4949835611244077, 0.5954771280628757, -1.8721462904284103, -1.688715060583425, -1.6938549334517743, 0.0]"
HTM,"[-0.8586490536108782, -0.9460815308757926, -1.6619255381089548, -0.9584504019904854]"
HVM,"[0.5647778666953505, -1.447747045258394, -2.0302910186763814]"
HWM,"[-2.6362402229128428, -0.6133654506138324]"
HYM,"[-0.1358187309879568, -1.0587291441661524]"
