Translation,mean
R*I,"[-5.58466288693417, -5.428832316429293]"
RAI,"[-2.423090384644185, -2.838871224803638, -2.790812394317011, -1.618480096470864]"
RCI,"[-3.6014683591786776, -3.600291577055893]"
RDI,"[-3.2182412884766283, -2.5505577382363427]"
REI,"[-3.177377316037947, -1.5854084595522782]"
RFI,"[-3.3388543785831493, -1.7358155167132503]"
RGI,"[-3.4865062529124096, -2.1635625331743125, -1.797658375228214]"
RHI,"[-2.228496190893781, -2.2805394282657563]"
RII,"[-1.45931886193849, -2.3212862692572624]"
RKI,"[-2.1983963347069846, -2.5090173220237078]"
RLI,"[-1.2532869952505106, -2.640302321126426, -1.6845813875083155, -1.9858612680894687, -1.891801710780889, -1.9015872270884424]"
RMI,"[-1.7049574132642276, -1.5310373526469032]"
RNI,"[-2.332353289943132, -2.230932367380497]"
RPI,"[-3.06372427762814, -2.67333875511848, -1.805589614227888, -1.6555473748552862]"
RQI,"[-2.118039164952044, -2.347768074965256]"
RRI,"[-4.527405515210151, -2.8236222140004763, -4.4069962269689045, -3.95902539545606, -4.835710483775356]"
RSI,"[-1.715646397746152, -1.2936255626726014, -0.6627017901766836, -3.0380352062058504, -1.0715262020228122, -3.576385484625736]"
RTI,"[-2.074072156766808, -2.48376355836106, -5.485690479613384, -1.2858225979467717]"
RVI,"[-2.313661403770105, -2.739569515176109, -2.2569380710734324, -1.6608363502357093, -1.25824245935621, 0.0, -0.5392551555002827, 0.0302151690758645]"
RWI,"[-1.801726366479043, -3.563600072701937]"
RYI,"[-0.7401990089302046, -1.6411332422907403]"
