Translation,mean
N*K,"[-5.865030578907515, -5.387218097544459, -5.25764184454395, -5.156540224309365]"
NAK,"[0.2007087996503624, 4.003763584274344, -1.0545793527050105]"
NCK,"[1.596799385531181, -0.6065945085917104, 4.516911169003032]"
NDK,"[-2.120357727554847, -0.8100176069426954, -1.6766990767625725, -0.362558629971474]"
NFK,"[-1.788908580348597, -2.093810572943287]"
NGK,"[-0.9905898525845168, 1.5357572298990352]"
NHK,"[-1.542537296077711, 2.413571569311421, -1.754076460634094, -1.4880444448765573]"
NIK,"[-1.1784546933594005, -1.210555536526423, -2.021927547798816]"
NKK,"[-3.011301001685045, -1.484949804524765, -1.4179634256646896]"
NLK,"[-1.886089080977639, -2.862213818068124, 3.772438038167888, -0.122183720107369, -1.610222860107398, -1.5672705553391617, -1.7704892427560583, 1.661507083682622, 2.0245549594377223]"
NMK,"[-2.089188402774073, -3.2602550056506363]"
NNK,"[-0.5890505389652869, -2.048804466529811, -2.038711330904734, -0.7811655140398724]"
NPK,"[-1.285355616489353, -1.9938712922233428, -2.027086158824309, -0.3432661025276422, -0.917900316062207, -0.7904843188332542, -2.08297429096399, 0.0]"
NQK,"[-1.5607173121427298, -1.4263605223036286]"
NRK,"[-0.6994811307930302, -2.336086418610284, -1.8602093834859668]"
NSK,"[5.18810265983908, -2.574529527994564, -2.307517266413514, -1.0252234876858726, -1.222244494795491]"
NTK,"[-0.641598550356214, -2.141241315113655, -1.876015165716936, -1.97757170392226, -1.9768921183485608, -1.944233872345321]"
NVK,"[-3.18511051996896, -1.8506595914400403, 4.028486013685573, 4.155766677719392, 1.4049952840281552, -0.7498966145051256]"
NWK,"[-3.2649638276581747, 5.271243895139328, 0.8501667527360297]"
NYK,"[-4.144712997903936, -0.1868072390607018]"
