Translation,mean
L*V,"[-5.595535257403618, -6.014620570164424, -5.420898334825927, -4.8074033006520285]"
LAV,"[0.0178014176746241, -2.4359904320411268, -1.413476451281241, 0.2715773730082613]"
LCV,"[-2.973240779098504, 0.6859398877197158, 2.548999806679888]"
LDV,"[-0.6771233364453497, 0.9397720275810943]"
LEV,"[-0.7062696821048657, -1.128438744074682]"
LFV,"[0.369170315828585, 0.8589295637948595]"
LGV,"[-1.4515636360302206, -0.0452893997794809]"
LHV,"[1.1652833381223084, -1.1130500807084085, 0.4727398906639894]"
LIV,"[-0.4012846845180604, -1.336086418610284]"
LKV,"[-2.0459282010287376, -1.0599373812806725, -1.8108510647431453, -1.4686472084865274, -0.92605604134915, -1.1659468486407576, 0.0, 2.27635681853298]"
LLV,"[-0.7551691967139949, 3.189186524639388, -0.2055023088001384, -0.3533963037303653, -5.3134351090036525, 0.7406305292531261]"
LMV,[-1.195739024088252]
LNV,"[-0.0938198085341718, -1.3237361716293243, -1.62507041488273, -0.6540610607074573]"
LPV,"[-0.5293864286617795, -1.6477897704886342, -0.9389900951701788, -1.683485201013763, 0.1474954392183658, -1.0208125772743752, -0.2976556253410871, 0.0370048751362732]"
LQV,"[5.300944338468315, 1.1298032637681263, -1.449581719769789, -0.1492340891533921]"
LRV,"[1.4207274011332591, 0.4906627542406276, 4.996621515030322, -0.3812106420282761, 0.4738870414898013, 5.960370988760962, -1.4278289872378591, 2.1898515142989545, 0.2060206031490761, -0.0074636711489119]"
LSV,"[-0.7947184451314406, 0.3806659546664139, -3.124511612133036, -2.3052254549055213, 1.4565952779327178, -1.78850957841105, 0.0750389801623203, -0.7890205256476559]"
LTV,"[3.678745206587382, 0.5200576335462195, 0.4956919773865387, 0.5169786810587427, -0.612539993276279, 0.3504898187375183, 1.5914308275881943, -3.22505510622154]"
LVV,"[-0.4471177165814968, 4.9156326739956775, -0.9251533176641756]"
LWV,"[0.1797140576034763, 0.0499212531544781, 2.399435758686252]"
LYV,"[-2.3635671550323902, -3.3635671550323902, -1.9145060734646664, 2.2809769252778977]"
