Translation,mean
V*I,"[-3.149921694098957, -5.641966864259718, -5.339621528586376]"
VAI,"[-0.374275469134524, 0.1541923642718323, 0.3250779024911869, -0.1196181267992173, 1.2071109543519665, 1.516055064057733]"
VCI,"[1.362524791637581, -1.223638179134486, -0.4967528065535775]"
VDI,"[-4.667194824817657, -1.92827226212942, -1.104699564285963, 0.3484755273506685]"
VEI,"[-2.2637064805615905, 4.689262649489347, -0.6577181263045073, 1.7159836183069055]"
VFI,"[-1.1917117000013515, -0.659896180064246, -1.0701231301937506]"
VGI,"[-1.7661503651896238, -1.5255950875839783, -3.03947313553084, -2.547379721166221, -1.4000465108459546, -1.2232880113804, -1.752869170065937, -1.1993778648985085]"
VHI,[2.1821645972217354]
VII,[0.3122931910440218]
VKI,"[1.0428504121099431, -0.5767981309209418]"
VLI,"[-2.095230785603489, 0.3036202533263878, -1.115447551312695, -2.5116477384377704, -0.2908166563873937, -1.5088745028616346, -1.453582294353998, -0.9723327770475398]"
VMI,"[-1.5639690331391778, -1.8477846601451269, 2.971837241718786]"
VNI,"[-2.4067926196964766, 0.7835425975887667, 1.0430377296796127]"
VPI,"[-1.054992799403621, 1.7966602646065049, -1.6215759968013757]"
VQI,"[1.2281906724707934, -0.9203257624144712]"
VRI,"[1.7342753817618233, -0.0756636168619637, -0.1727864914416184, 0.0, -1.1293391539497186, -0.3265623176723373, 2.770181599354655, -3.2405821913971726, 1.5646742950319403, 0.1871899236425287, -2.020865097875067]"
VSI,"[-2.149977980115814, -1.6998283450809242, -1.610996220945359, -1.1865285367910374, -0.421519905443029, -1.117722871710809, 0.4282374589763584, 0.4689395974403627, 1.6995309849431737, 0.6794946970337978, 2.020603068714048]"
VVI,"[-1.199533955991036, -2.38819349059065, 0.2262197772996703, -0.058348480134823, -2.1168649691842543, -0.9145536127310248, -0.6109703742986969]"
VWI,"[-1.5994792892332832, -2.291744156469244, -2.3072320402300868]"
VYI,"[-1.7176220129624866, -1.5071286975421383, -1.0332021007652852]"
