Translation,mean
Q*F,"[-5.5590639769478045, -5.552081340762202, -4.863160865824586]"
QAF,"[-5.076477685814407, -4.263060789174207, -5.571907034492727, -4.550294647342584, -5.550802922387995, -5.486793540571588, -4.895296356601605, -4.223256624884007]"
QCF,"[-5.559942582379438, -5.574702158522944, -5.115528981918336, -5.583806247319384]"
QDF,"[-5.07860325438974, -4.728279753272309, -4.958251654061714]"
QEF,"[-3.142222720811872, -3.833992545979462, -4.627142341271712]"
QFF,"[-3.7441125230283534, -5.145685818770548, -5.865340686232679, -6.278839552849102]"
QGF,"[-5.390680872882356, -4.473702519737124, -4.834631608617061, -4.192620798729694, -4.462633623391016, -3.793015561065406, -4.245708485252019]"
QHF,"[-1.991107180277268, -4.380602990970409, -4.8557729226268735]"
QIF,"[-5.060475084862088, -4.633779496866314]"
QKF,"[-4.1905455521234085, -4.162237634470342, -4.90417406492624, -4.534245365722031]"
QLF,"[-4.10790849395488, -4.7160326907878565, -5.456864144567011, -5.159148350547103, -5.277270750538003, -3.8397930053232496, -6.012592257200513, -4.364499371319426, -4.956479814977319, -4.59077656217552, -5.538797853317636]"
QMF,"[-4.3119790701460765, -4.441412066577516, -5.461921641301745, -5.055824906628224]"
QNF,"[-5.303400755695115, -6.151117685469459, -4.513872727431021]"
QPF,"[-2.644376278690107, -5.046598888187127, -4.070439175231208, -5.207741001892502, -4.395266902466483, -2.921602401900554]"
QQF,"[-4.30287540894441, -5.44356943453669, -5.702112245662962]"
QRF,"[-5.196899711803292, -4.483049268464664, -6.286928937615244, -2.976619846615378, -4.771989083250546, -5.861014714085924, -4.811330472611214, -4.933399318016255, -4.868568512601956, -3.656306065976045, -5.035409258396802]"
QSF,"[0.4227432400932933, 0.3024323610889254, -0.3114193080153206, 1.6193619252873903, -1.7235441269187728]"
QTF,"[0.8226554731394486, -1.6240317711314995, 4.00066007688454, -0.6431252561787906, -1.5837369924929885, 0.0]"
QVF,"[-5.01918921055659, -5.761776807983585, -5.945279988738797, -4.832308051743693, -4.4014955678818986, -6.171410498079584, -5.400513243682218, -6.011239012630721]"
QWF,"[-4.970635973451095, -5.063453069446963, -4.5986579184564, -5.043017547265868]"
QYF,"[-5.110909627036019, -5.014656766692013]"
