Translation,mean
F*R,"[-4.683557175868453, -4.797402870136144]"
FAR,"[-1.5889396849574533, -0.0973452047953316, -1.6144915135191908, -0.3308117906736942, -2.1040484395817582]"
FCR,"[-0.3059104626770788, -0.4550811659590738]"
FDR,"[-1.8024796847371969, -0.4405633565127021, -2.3188967668326]"
FER,"[-0.7213289471556834, 0.0018626122165033]"
FFR,"[-0.5596019832082941, -1.2701647344876976, -2.4475151425066235]"
FGR,"[-0.8947543197585297, -1.5902561568156832, -0.9319820031200016, -0.7884029312361037, -2.11541677771735]"
FHR,"[-0.8475204544780777, -0.3067994071884171]"
FIR,"[1.1626341362819694, -0.2576333533487185, -2.525237603190008]"
FKR,[-1.1502000185988803]
FLR,"[0.8263082388166287, -1.512474803728896, -0.2364880116105077, -2.4181322550438065, 2.906714378863163, -0.8073678328922327]"
FMR,"[0.7515997050860115, 0.0036545284169458]"
FNR,"[0.2889008612497887, -0.9827983407669016]"
FPR,"[1.4856300455579687, -2.209246020751701, 0.364804890321631, -0.0608369356025857]"
FQR,"[-0.750102984475074, -0.4274205068827132]"
FRR,"[0.1441690731160765, -1.840270401761022, 0.3100013795360326, 1.399756032294361, -1.2363248008714691, 1.0714581197561357]"
FSR,"[-0.2684957389260765, -0.5484562619479725, 1.2121120308611997, -0.0026239367201376, 0.3016398891981477, 0.6493699223658336]"
FTR,"[0.9818010496332228, -1.487371775087877, 1.0616403147552678]"
FVR,"[-0.1991935084511462, -0.1100537118140083, -1.6153519129481435, 2.779558336146441, 0.1892131260157893, -0.7669939023631951, -2.619189897368246, -0.1582275696211983, -2.2608144555660763, 0.0, -3.2187203070600905, -2.0311987263294053]"
FWR,"[-1.3218159379919274, -1.0699852892016637]"
FYR,"[-1.3475193239992524, -0.7969388398974103]"
