Translation,mean
Q*G,"[-5.730839577472924, -5.278713840659608, -5.409131764422832, -4.609465761766557]"
QAG,"[-1.962652773621575, 0.3071780727395765, -0.1229519604445679, -1.6976111343380564, -0.5420516833912137]"
QCG,"[0.9301114846026328, 0.1592523841320563, -0.1263050938600844]"
QDG,"[-3.9531261664100015, -2.243964163623573, -2.7173416525849943, -0.6439264065230343]"
QEG,"[-0.564223438150318, 0.0341595783331616, 0.741363929990233, -0.1102303310020147]"
QFG,"[-1.5071345633141568, -0.931488916876063, 1.81188217792034]"
QGG,"[1.452768319136367, 0.870699984375781, -1.859094056863773, -1.371460258999794, 1.467171683652259, 1.3318401269738462, -1.1492055443675817, 1.024312727371365]"
QHG,"[-1.562118235615829, -3.166960044712747, 0.7338735361896376]"
QIG,[1.2683936123141244]
QKG,"[3.337940326510264, 3.0241059136692385, 1.4574413948035323]"
QLG,"[-0.2407015810184969, -1.5573390609505695, -0.7956396566640684, -1.3602931749848874, -0.1647423658670792, -0.9443072601171992, -0.3159930759621492, -1.0704468138009435, -2.480413594496598]"
QMG,"[0.2433047477420986, -0.3236239876161422, -0.7853905880369387, 0.7078783276566938]"
QNG,"[-2.335343215213433, 2.2186904732468484, 0.5803282779361822]"
QPG,"[0.0, -1.1747563854274112, -0.296139348416446, -0.5111971419629828, -2.035289995143444, -2.4605438802995643, 1.3071780727395763, -0.6081942576693047, -1.3218419397956964, -0.3685995911672464]"
QQG,"[1.6924646181685372, 4.435379942025083]"
QRG,"[1.09277827887297, -0.7292688008785948, -0.9444164816212632, 0.6158469470214545, -1.8789544361930792, 0.0090678966641213, -1.7866506965109554, -0.6262641039797588, -0.1677992507488657, -1.388834423702412]"
QSG,"[-0.787842119688845, -0.8843448742492264, -1.7635322463737229, 2.3185057117711967, -1.0217077361439166, -0.5151790126572742, 1.0582444539875508, 2.470145360185761]"
QTG,"[0.3997560322943627, 1.6435751227788558, 0.0403532319883357, -0.97541408386998, -0.3380204008218898]"
QVG,"[1.1109350871834502, -0.9400773256017594, -0.3164246133366984, -0.7412268934583395, 0.9370848343430662, -0.2435774635539003]"
QWG,"[-1.8460006516608367, -1.2836988522451556, -1.7455808969936069, -3.0898737406943404]"
QYG,"[2.8888309078602887, 0.1104525362839092, 0.3225368035103209]"
