Translation,mean
G*T,"[-3.932122581252788, -4.665351166793935, -5.60273854607766, -4.325380203478533]"
GAT,"[2.096007953472021, -0.1444559984403346]"
GCT,"[-0.9423499445306316, -1.199330551886618, 1.2574354922466495]"
GDT,"[3.274225150210503, 0.0546236808928757, -1.3508653518792446]"
GET,"[0.4751634349523836, -1.872731017275358, -0.8378328092907683]"
GFT,"[0.6398806392211132, -0.9182871265055912]"
GGT,"[0.3638789959657647, -0.027972052875813, -0.0311023995885832, -0.6093551047431092, 0.2689694247590086, -1.012270137911023, -1.644638087064093, -1.1214808708164077]"
GHT,"[-1.9684072876838783, 0.5114813558663478, 4.750253279378494]"
GIT,"[-1.5754598358783485, -2.7822041545889205, -2.0142760058622864, -2.900610049850796]"
GKT,"[-1.8820741339146965, 1.0401272282217755, -0.2632239821981619, -0.1154167777173498]"
GLT,"[-1.7492529268740888, -0.6196092925725711, 1.6661261506914116, -1.9277102461344315, -1.5676767409523915, 4.042329256185614]"
GMT,"[-0.0929523395701785, 0.6455942904155076, 0.5311935553449434]"
GNT,"[-0.9538677800007632, 1.3399680078572462]"
GPT,"[-4.978091595011155, -2.971725735342633, -4.556235672764545, -3.063097192312762, -4.462746745722799, -4.753566536975511, -5.3233948748114495, -3.811140750204258]"
GQT,"[-1.316890133869423, -1.0981520480576237, -1.840714347316153, 0.0, -1.9971396730318736, -1.168725644448978, -1.531127732332119]"
GRT,"[-2.4241694838569785, -2.2288748275006345, 1.3352012798489925, -1.3993965638740455, -0.1154321645150214, -1.3920143175298725, 0.6187656997178044, 1.603289426379492, -1.7321662233730528, -0.9900761270948042]"
GST,"[0.3982131488932001, -3.655436463578592, 1.4883499555633506, -0.97926093742916]"
GTT,"[3.0639069217272112, 3.5152862680697776, 1.268324548770817, 0.9605745972516982, 3.883825305248729]"
GVT,"[-2.897036614688086, -1.332260345900112, -2.2857779280246664, -2.915657684923879, -1.043922436252002, -1.686139672891348, -2.920728645723333]"
GWT,"[-2.425272040304137, -1.451783709295906]"
GYT,"[0.1130424895705548, 0.3560876732205233, -2.0808269039756717, 2.7471067240616307]"
