Translation,mean
V*A,"[-4.3560018863244885, -5.4740879506851945, -5.990452160663239]"
VAA,"[-5.991722718871531, -5.910516595391722, -6.611556953467091, -5.657917796467361, -5.6328740553270285]"
VCA,"[-3.5014109025193525, -2.0235327775522425, -3.5328649229575366, -2.910199420926924]"
VDA,"[-5.236403503344826, -4.670225449738086, -3.6316537811257614, -4.307510693463498]"
VEA,"[-4.928690048343962, -4.171890616636011, -5.521419115606902]"
VFA,"[-4.686896434914662, -5.654001810029495, -4.989508857490636, -5.309301938540526]"
VGA,"[-5.433924662531991, -2.0043343796911195, -4.894139545158886, -4.431853722390658, -4.224211864276986, -4.299874762375356, -4.780027303463436, -4.664692419801894]"
VHA,"[-5.052614723419795, -4.104853207010161]"
VIA,"[-5.514961924154472, -4.5523602718042255, -2.766668696405727, -4.482070279916632]"
VKA,"[-4.090868885134828, -4.02898285056947, -4.83730283201555, -4.729653883216399]"
VLA,"[-0.6528995440244953, 1.5321135492617763, 0.1043001487681909, -3.502868445324294, 0.0, -0.7476602516173063, -2.221464852553429, 0.5215221416245078]"
VMA,"[-4.014290264581432, -1.463410511180828, -3.0052705664953763]"
VNA,"[-5.33515519175251, -5.356896124751989, -5.51187248232082, -4.132340695981217]"
VPA,"[-3.677778217344624, -3.9796902582355007, -4.751209381436739, -4.720915853969522, -3.025288886747584, -3.079360115070057, -4.674628738501708]"
VQA,"[-5.670073312790199, -4.947868190534747, -4.7661857377053085, -4.28537154364386]"
VRA,"[-4.688019286208879, -4.609570856170176, -3.764431929604847, -3.3430448451388504, -5.043833067580898, -4.669327692907278, -5.001350973104532, -4.3870991697014885, -3.2587273057222355, -5.430419597173345, -3.265648881999361, -4.214385130859255]"
VSA,"[-3.913680645454624, -4.392980155698835, -4.656373284016382, -5.600495897589706, -6.0488540472579935, -4.419475028891117, -5.957940176935855, -5.156361266117038, -5.13224983896844, -5.241793682809383, -4.382129811927572]"
VTA,"[-5.186323252994656, -5.072825457033546, -6.264539463142546, -5.994636099943109, -6.093058540272759, -5.930257595185124]"
VVA,"[-3.5224088931031563, -2.945081861500043, -3.688306446137931, -2.271387056957546, -4.696097639105475, -1.5635139741375497, -3.2784306519748654, -2.829013091029214]"
VWA,"[-4.964130053901737, -4.780788693172555, -4.954177468142868]"
VYA,"[-3.991569962409202, -4.573906616342063, -5.376778807424953]"
