Translation,mean
C*N,"[-5.652468806011328, -6.645012726294805]"
CAN,"[-6.965396303719635, -6.808693642700464, -5.252222050460069, -5.293195640353999, -4.932857129907312, -6.382102969688958]"
CCN,"[-6.453219994959107, -6.48564186726485]"
CDN,"[-6.239421983847664, -8.07061943098022, -6.124531729443274]"
CEN,"[-7.159040244460468, -6.298771123039001, -6.484642867185803]"
CFN,"[-3.1479253922352832, -3.913227883049428, -3.163305268088055]"
CGN,"[-7.39882068071617, -7.035170944866227, -6.06684693175588, -6.548511308091628, -6.902184317085384, -6.7927226181004805]"
CHN,"[-4.162517883101464, -7.416015980804048]"
CIN,"[-3.012601572204577, -4.625637963765204, -3.427011008078724, -5.690787728460135]"
CKN,"[-5.670967097379308, -6.022570085949558]"
CLN,"[-1.1047201991628288, -2.742912102782848, -1.3986304656035564, -2.405952599644717, -3.450117575632161, -3.5729401543630765]"
CMN,"[0.521231155827703, -0.3421290228132072, -3.974420071817935]"
CNN,"[-5.08340035774712, -6.792595795063241]"
CPN,"[-5.787833658338992, -6.61392166057577, -4.770179924138627, -5.740079036312143, -7.811410300211523]"
CQN,"[-4.143330077727756, -3.194502624095774, -4.3725449637118095, -6.26811845291009]"
CRN,"[-4.853908564691608, -6.5925886918792695, -4.171141864418963, -3.516249578290968, -5.761536028650461, -6.437650788107661, -5.562639490199697, -5.587159265084631]"
CSN,"[-5.215822931024972, -5.759583227146995, -6.196117845078588, -6.94365692580999, -6.262327501253395, -6.989080756836234, -4.523366202953625, -4.824092436364749, -7.309618507640437]"
CTN,"[-5.024274271851901, -8.06941960314018, -6.286447193181765, -3.4835578795753657, -6.398740496286972]"
CVN,"[-1.3762865611178192, -7.576929102271179, -6.090766479693555, -6.403474190860871, -5.857252913801803, -8.476679409554109]"
CWN,"[-6.277243847683969, -6.210733330892699]"
CYN,"[0.0, 1.8015641141471328, -2.959193403789174]"
