Translation,mean
A*Y,"[-5.893804386329653, -4.314824114952182, -8.12085416328922, -6.675071981798995]"
AAY,"[-2.8656731046622497, 2.01861016311412, -3.2764959962930824, 1.9191786383011191, 2.704395180759212]"
ACY,"[-1.9618931459901567, -3.2017336766040367, -1.6035503687086, 0.0, -3.175994174415861]"
ADY,"[-6.679867737886251, -5.178071940910087, -4.881711620030353]"
AEY,"[-6.085645687449114, -7.120720808900384, -7.55085288007991]"
AFY,"[-7.0979636103129184, -4.83201683867083]"
AGY,"[-5.147353860656845, -4.94580760811275, -6.119420875449962, -4.730183356267599, -5.785619305694271, -5.164652063704633, -5.104363060285104, -4.655095271473021]"
AHY,"[-5.954567901405721, -3.767185520544201]"
AIY,"[-6.676426603181717, -5.759941643474845, -6.765775698675649]"
AKY,"[-4.532628256207722, -5.568162610432514, -6.402868727078019]"
ALY,"[-6.66778718852275, -6.065522977076615, -5.712754397427352, -4.109511930466296, -4.89333457403649, -7.669063214768231, -7.592135048417048]"
AMY,"[-5.886860036988539, -5.387001147981685, -7.141565999979912]"
ANY,[-4.379799946657215]
APY,"[-6.13478109625296, -6.486884947122792, -5.90132588012874, -6.519900635279727, -5.198401964415898]"
AQY,"[-6.999940608158727, -7.973385202099871]"
ARY,"[-6.546920549181918, -5.9868376789734565, -6.617534196662879, -5.866997811630978, -6.263665519271543, -3.499769333248881, -6.358153923317871, -5.814860554321328, -7.5478968981174015, -5.807776042677031]"
ASY,"[-0.7501151591520303, 2.2409203814887864, -0.7907934566717705, -3.232155800789706, 0.092125334042322, 2.6862478340489524, 2.4628405023358706, -3.1457285306440275]"
ATY,"[3.174815054479298, -3.126400331757768, 3.1293322846852902]"
AVY,"[-3.439325100047789, -4.247884988265192, -3.468888832773014, -4.453146096227266, -2.52121172321328, -4.179619266691509, -4.675042913610888]"
AWY,"[-5.672634651313874, -7.241537349918268, -6.654788793128114, -6.53216356076909]"
AYY,"[-5.793915367585106, -5.069187672569635]"
