Translation,mean
V*Q,"[-7.821479287949464, -6.509175932733092, -6.198864296528958, -5.711057226352178]"
VAQ,"[-4.970508790239972, -4.677125416547105, -5.627174588688995, -5.535016804147503, -5.188068344214026]"
VCQ,"[-4.659218560764186, -3.177946716328921, -2.25590213903617, -2.7603950108145483]"
VDQ,"[-3.6233555587726247, -4.850229730617917]"
VEQ,"[-5.194515255990749, -3.890561964894474, -4.486982520563696, -4.666566560618183]"
VFQ,"[3.170873882371815, 3.2809208241802343]"
VGQ,"[-4.107206354576022, -3.703247914054169, -4.194604017346139, -3.853703358691197, -2.1615506808674727, -3.8900562583053215, -2.2768646333044824]"
VHQ,"[-5.915426698810938, -6.663171658308857, -7.1330549163514565]"
VIQ,[4.376448915648949]
VKQ,"[-6.537733013122788, -6.634196243759733, -6.736349549176827, -6.921727917061784]"
VLQ,"[-0.22521549134939, -2.934331599011136, 2.7893218308144707, 1.2876877136922111, -0.6754302918686683, 3.606468760069955, -0.6939254019357515]"
VMQ,"[0.6625750050645856, -0.7060496056815487, 1.2640932785854335]"
VNQ,"[-6.014050325436196, -5.752568692256285, -5.921719957746872]"
VPQ,"[-6.870657328078499, -6.574479852999717, -3.966413567371575, -4.369766751324302]"
VQQ,"[-1.1321060869579078, 2.6193968293721586, -1.3202241133755148, -1.8801708280882163]"
VRQ,"[-6.194679564344733, -8.11602190614979, -6.023461513724472, -7.246614540826437, -6.901835370663709, -6.0104167758382285, -7.582871481106108, -6.834623848069809, -5.833419371605187, -5.86082659087019, -7.521343786172778]"
VSQ,"[-2.1769603227421683, -2.610953877150058, -5.088701050008514, -3.872938076969069, -2.9103970845983564, -2.5001759634899905, -2.74974421515585, 4.277284849179793, -2.0928472098061794, 1.1240662247809956]"
VTQ,"[-2.892392755358733, -2.959638890953141, -3.5084217304171226, -3.829278091265088, -4.295087227791182]"
VVQ,"[-3.552922289846409, -1.3349872271711232, -2.687022593967532, -1.907951880250986, -2.3110585366703966, -4.127207287545069]"
VWQ,"[0.5051841237395864, 1.882083182124452, 0.5109840682174225, -0.4917029643331232]"
VYQ,"[0.0, 4.113847037187872, -0.3806031706278414, 0.0290021436985625, -1.011794723779284, 2.2090155731627643]"
