Translation,mean
L*C,"[-6.699934154029165, -5.610546212210002]"
LAC,"[1.044118434665923, -0.7589334482662373, 3.5165064041880907, -1.7451765773483956, -2.431191869866242, 4.231090026301187, 4.748789300117666, -6.151372563502909, 0.0, -3.203113644315108]"
LCC,"[4.744775391861209, -2.5785608974189618]"
LDC,"[-0.2141772198969409, -2.6289867371550475, -0.7459334388105887, -1.4861715831987183, -3.3477097274271945]"
LFC,"[-1.5770003834313453, -2.9443432303952566, -3.1546034582972675]"
LGC,"[-1.5235726401513905, -2.7814591749490187, -3.0063948901518, 3.980747901467705, -2.958435093969287, -1.7860713752994997, -1.975270759044168, -3.387235294706354]"
LHC,"[-5.557112128442842, -3.6160212470547406]"
LKC,"[-3.682238603515964, -5.351322797181694, -4.469813543526261]"
LLC,[3.642364390919285]
LMC,[1.667869304734099]
LNC,"[4.228525641224067, -1.4978101763190723]"
LPC,"[2.544579751370139, 3.252831805455255, 2.780630870550425, -2.5020556967082133, -3.61940409049783]"
LRC,"[-4.980548263829444, -5.733991890715532, -5.405457894771555, -6.705787009872266, -5.45468676551166, -6.742451613141527, -6.795708915767902, -6.2790508682131065, -3.024722842284568, -2.758932780857513, -6.09733307299207, -5.793455819294174]"
LSC,"[2.29705945426576, 1.9282735062975729, 2.929579716586421, 1.842902871019314, -3.81933943898381]"
LTC,"[-0.9545679014057208, -3.346166974266631]"
LVC,"[-0.5422447868239129, -3.4305334609938267]"
LWC,"[-2.6342993742182736, -3.843866331491753, -3.9307069046254495]"
LYC,"[-2.1150280625684754, -2.287037602415838, -2.4536840945255065, -2.8525529437923467]"
