Translation,mean
T*D,"[-0.6102761163294339, -0.592196548960878, 1.364477036108931, 1.0492418710957212]"
TAD,"[1.4627939398755423, -0.0246540359757795, -0.5312634898680564, 0.1762225283916993, -1.230081590003966, 2.6424555056484884, 0.8814157765034256, 0.4430192617930775]"
TCD,"[0.1026027177137329, 0.4357871966561024]"
TDD,"[1.157253990928487, 0.7989258692692572, 1.1409470809744828]"
TED,"[-0.021384284925066, 2.068757831023147, 0.4678070238206988, 0.5995399707299276]"
TFD,"[0.6191128368971057, 0.4525413216804832, 0.3151336507102069, -0.0717900120176331]"
TGD,"[-0.6748276309660666, 0.2228436703958172, 0.1542621903755358, -0.7157054093220729, -0.0455077683479041, -0.0108382133141482, 0.1981612668179541, 0.6034077537345279]"
THD,"[-0.2276735606720272, 1.836916519180079, 1.0546997900356525, 1.915973247553353]"
TID,"[1.323528109576371, 1.0913811381470886, 1.2353079770042603, 1.796460503860386]"
TKD,"[-0.4258177528058429, -0.4675441590625393, 0.3947363444425846, 0.5772396160992983]"
TLD,"[0.329411838277883, 0.0302233403011787, -0.3057610869221667, 0.7480484001875993, -0.1154833194744178, 0.525663591908188, 1.169427129194176, 2.019825871670129]"
TMD,"[-0.7709600714490774, -0.464976535786624, 0.9112806437667854, -0.0146207450801192]"
TND,"[-0.7101745169471219, 2.05941697716026, 2.274994259856994]"
TPD,"[-0.0150186729095072, -0.1742646534636458, 1.14445018233722, 1.5304432537482535, 0.7914736511906284]"
TQD,"[0.0, -0.0092182480225045, 0.2813303444260988, 0.8497583368196686, 0.377914011442364]"
TRD,"[-1.125536984138341, -0.4996244064597794, 0.7029940808573913, 0.3873244680545191, 0.1303846103853664, 1.0092830231690346, 0.2636645849339079, -0.4432382427487944, 0.8720195839377453, 0.0429922665840321, 0.8363278869748871]"
TSD,"[-1.4846049025671082, 0.6568518655675611, 0.8651653523638716, 1.8476136703849964, 1.4638707644634223, 0.817501956042304, 0.6675734292405124, 0.5950319482180682, -0.5054257519769276, -0.1911140259913412]"
TTD,"[0.7192159595855606, 1.487297560706912, 0.0468948729145459, 0.7614493113172136, -0.8689443193339796]"
TVD,"[0.5088373814681458, 0.0170055513019207, 0.474889777080099, -0.2007413677164837, 0.6508401509189508, 0.6607161923112805, 0.5121704977697608, 0.646325100005658]"
TWD,"[-0.08435683108274, 0.0774924023048093, 0.0899361870269093, 0.4451957202618973]"
TYD,"[1.058051689856665, 2.2325886935919925, 2.1134840806675665, 0.9265857469377908]"
