Translation,mean
H*E,"[-4.67158447378776, -5.243145472102208, -3.8121351145578792]"
HAE,"[-1.4102287815356274, -2.1997717196407507, 1.1635372560678636]"
HCE,"[-1.0219961388227787, -0.7823438816973649, -0.7873731462546463]"
HDE,"[-3.154465666387064, -3.359894353799662, -2.666801247297093, -3.927799038253745]"
HEE,"[-3.2078126177545085, -2.645099379543554, -2.1708468327303034, -3.218225432643543]"
HFE,"[-2.2319805765606464, -4.146775886302345, -4.717735652327335]"
HGE,"[-4.545465826794116, -4.006691216468477, -4.850476843611752, -3.545822216098592, -3.3041831422577683, -2.457827952815679, -2.734647594912019, -4.334081974306367]"
HHE,"[-1.303385610994793, -2.7165831307184334, -2.554404744427167, -4.657540585803033]"
HIE,"[-1.393066689499577, -1.5541183585598202, 0.6373106779786752]"
HKE,"[-3.468454401560871, -1.782557628289171, -3.697877958970886]"
HLE,"[-0.5599617013558511, 0.2827641869018968, 0.1481678167993454, 1.0348366734583117, -0.308801048643506, 5.3867604836702245, -1.459698914549563, 0.5280347796419775]"
HME,"[-1.6788717772274957, 0.0, -0.606234006558144]"
HNE,"[-2.2408859820601545, -3.004543360751793, -4.756170677933721, -3.979987810895553]"
HPE,"[-2.1810539898017804, -1.980167920251389, -2.1054273414843525, -1.5739242678444914, -1.523731732426615]"
HQE,"[-2.9894130338556764, -2.160816964223901, -3.189779504627394]"
HRE,"[-4.147236880455498, -3.708156303564042, -4.465703779473586, -3.540438408717372, -2.5874685060151723, -2.5133827259094392, -3.104072215359265, -4.253934823995712, -2.156674262049592, -3.927130289579084, -1.880947531658988, -2.819257659893223]"
HSE,"[-3.226523861661777, -2.2185222170511363, -2.8711489721793804, -3.594159353992538, -3.357291098199393, -2.440884023707474, -1.8760505455496563, -2.072646437696095, -2.12419774449211]"
HTE,"[-3.406437318689606, -3.341109839782767, -2.657882116129048, -3.3816315875483687, -3.389015007241557, -2.9408311086333647, -2.0820518056835207]"
HVE,"[-2.1294527933145666, -1.735699095903823, 0.4970534782644868, -0.6802732866872869, 0.6087401042356415, -0.5444902925934123]"
HWE,"[-2.8505499170590447, -2.9192714559289943, -4.279423082061459]"
HYE,"[-2.6330382922674973, -2.7922040586072603, -1.6853128857270363]"
