Translation,mean
W*Y,"[-2.281610540100883, -3.2694555062463184]"
WAY,"[-1.31070587429996, -1.806155158156867, -2.5722248337307425, -1.32869773920034]"
WCY,"[0.8790159080744804, 0.2334552032365966]"
WDY,"[-2.8232441596260625, -2.69426211710541]"
WEY,"[-2.8488793833421444, -3.078630823177545]"
WFY,"[-1.2688109022050114, -0.7123319204111418]"
WGY,"[-3.0882269727012392, -3.155412476750586, -2.943960434750025, -3.5178353858231506]"
WHY,"[-2.597336292168664, -1.5350040049738691]"
WIY,"[-1.6343555468039064, -1.3909597321490184]"
WKY,"[-3.5802888773305943, -2.2679705040653264]"
WLY,"[-0.7141967130275946, -1.1302451550755972, 1.194370922457769, -0.0929669194249092, 0.0, -1.4985489251916515]"
WMY,"[-0.7253752339105901, 0.2546266266196122]"
WNY,"[-2.7609674356542904, -1.784006711520055]"
WPY,"[-3.9391052205069386, -3.116335943908643, -4.279954721200284]"
WQY,"[-0.0108454234243797, -1.535406205089087]"
WRY,"[-3.359300283885111, -2.8325729305257603, -3.672089246301965, -2.7602471539678586, -2.282426150291976]"
WSY,"[-3.332085316526091, -3.0129536508159003, -2.6922808969909635, -2.4279844853263794, -1.583445477432928, -3.062375449464203]"
WTY,"[-1.9267941841809488, -2.413037197612628, -0.9440789025560684, -1.7437020788475666]"
WVY,"[-1.325193760189029, -1.739401959725046, -2.835717639433743, -2.213055306420112]"
WWY,"[-2.252625848836865, -3.412596370739956]"
WYY,"[-2.5509292174136062, -3.491342086663578]"
