Translation,mean
A*T,"[-3.213057454631169, -2.4359171456205733]"
AAT,"[4.761401949806368, 0.2734960379933575, -1.392656991417466, -0.9222037345106208, 1.4789611313152289, 0.2111088341869305, -0.7627788247757988]"
ACT,"[0.0162572569807108, -1.0375807886973272, -1.0355628332947742]"
ADT,"[0.9179192371576796, 1.4006928317227665, -0.5119296347393654]"
AFT,"[-1.5294817520653456, -2.7624550264895644, -0.0074845083551196]"
AGT,"[-1.3778255437053382, -0.5016524669523772, -0.0532015969324319, -0.7292441856090837, -0.8711446905118612, -0.9998149297374574, -0.8141305171915079, 0.0]"
AHT,"[-1.4704122722491864, 1.172285696415642]"
AIT,"[-0.0324941965686882, -0.4848189971707199]"
ALT,"[-0.3144664197765614, 0.3921049765707778, 4.605475403729779, -0.8072439508123512, -1.059678762068739, 1.1097867509297146, 0.8221305233852627, -1.9870337828478528, -0.3584870270717415, -1.3927597165967214]"
AMT,"[2.115897907150164, 0.3103886760969994, -1.3877806245763011]"
ANT,"[2.52917427490878, -0.2142978037208003, 0.2365254969477472, -0.1215339136504276]"
APT,"[-2.3353132046821674, 0.0019806113559006, -0.8123375908567123, -0.1788307103284871]"
ART,"[-0.9895945464600544, 0.148502572582089, 1.011434227599123, 0.13583723324854, 1.6294529574237773, -0.3977683923822201, 0.71765820036084, -0.0756365417727265, -0.1434456503591779, 0.9422913344086988, -1.1724044885451566]"
AST,"[-0.2230232586505049, -1.8369585424105352, 0.0669928371278594, -1.0679799880520466, -0.6472701701242531, 1.963894813705113, -0.427968519484379, 6.699141890645018, 0.4206533514140957, -0.0817720847750536, 1.4961699882683313]"
ATT,"[-0.7057016876000759, 0.4590680786584187, -0.0883600616112332]"
AVT,"[-0.3605673258783914, 0.800425472609291, -0.6975309620474164, -0.5682503856991747, -0.2815812207443766, 1.1813927527318562, -1.2717576907908883, -1.335399465378373]"
AWT,"[-0.1118910359515563, 0.4348107941556094, -2.215686151862652, -0.6178825535823034]"
AYT,"[0.3466879568800998, -1.5102259168947088, 0.3726733225122736]"
