Translation,mean
L*A,"[-7.807581614843318, -7.613992799132333, -8.273614920476264, -8.10726822309778]"
LAA,"[2.1016099608388776, 0.6835688418281407, -0.897603417885501, -1.109832204760434, 1.5271061001923911, 4.089561201503978]"
LCA,"[-0.2380755204704048, 0.936953077628214, 1.5274518201243827, -1.7069369501462068]"
LDA,"[4.911104566440548, -0.3551872016543509, 0.7273891937257186, -3.347310471055831]"
LEA,"[0.0985237761770765, -1.307153344583849, -1.4761451561373593, -0.0457879099666502]"
LFA,[-0.7931017751462495]
LGA,"[0.5322807024274692, 0.9604637212113074, -0.5692650440944589, 0.5854243026009057, 0.0467674095873658, 0.1523574835071297, 0.8511681077696553, 2.3646016842664257]"
LHA,[-6.058063274432825]
LKA,"[0.5609594023954294, 1.080436886950963, 0.6886817652217943, -1.044738762343205]"
LLA,"[1.1348698850937549, 1.4721292082262618, 1.56878649003621, 1.320493497419266, 2.30531030550838, -2.027802307669881, -0.992610220704608, 0.2792087308529876]"
LMA,"[1.3976599697417615, 2.2080390338625904, 1.9535216209502904]"
LNA,[0.3913880903348303]
LPA,"[-2.7454447808720466, 1.455987236975958, -2.861605162066106, -3.154169487322514, -2.519358886137118]"
LQA,"[-1.4328901347592424, 0.7919485844282743, -2.552337938299713, -2.309199588940782]"
LRA,"[0.8921722930474107, 0.0073991521453847, -0.6154943629322549, -0.6222558787636211, 0.6266204196801617, -1.6905684763403452, 0.8675590144781387, 0.2524301486948329, -1.854677159985984, -1.49098116951801, -4.269939904403191, 3.755145305131176]"
LSA,"[2.0778477809401874, 2.0165052608920906, 2.8777162504528557, -0.4070337069527667, 2.419642801989082, 3.681340843487507]"
LTA,"[0.0515464956479716, 6.71481828516753, -0.120773190484746, -3.2075544379220613, 3.946603247661935]"
LVA,"[-1.0545155333403875, 0.4398667107246847, -0.070345614183704, 0.1423637756367126, 0.373613388606854, 0.0, 4.437541956757958, -0.2270589827059824]"
LWA,"[0.7534709994664217, 1.8238320916419923, -0.7492407814648079, -0.1065617216770635]"
LYA,"[2.63691874852932, 0.7486638700500254]"
