Translation,mean
R*F,"[-5.871677820600141, -4.488045154256618]"
RAF,"[-1.048638253164926, -1.0813480704670724, -0.3046360983978804]"
RCF,"[2.1788994243354924, -1.4571008161956742]"
RDF,"[0.8877644829937328, -1.640236538229777]"
REF,"[1.2382226669293992, -1.1011309594268592]"
RFF,[-0.3781164453895158]
RGF,"[-1.257679456855146, -0.4570889946606167, 0.4639986134037305, -0.1942530164156677]"
RHF,"[-0.8110813903442384, 0.3602336247337749]"
RIF,"[-0.1651676478211197, -1.203434376311434]"
RKF,"[-0.5877921001524484, -0.4818400172569852]"
RLF,"[-0.2443111047570507, -2.4574908350098186, -1.922867677138152, -1.879297716532485, -1.6796000716811894, -1.1714147395150143]"
RMF,"[-0.2975079904670243, -1.73174155915879]"
RNF,[5.11318849514168]
RPF,"[-2.7623054598515324, -3.760352449171197, -1.254655434801041, -1.9249983373608863]"
RQF,[-0.7588883522071059]
RRF,"[-1.8762327938283565, -0.9411475775811936, -0.2010969051261497, -0.5238632558613219, -0.453206059784808, 0.1912407819586645]"
RSF,"[1.8787756997664768, -0.9837207764835868, -2.5813107755018567, -0.8016045273982888, -1.1674327296559746]"
RTF,"[0.823634145574017, -0.2402856869878231]"
RVF,"[-1.805806286843744, -1.8965287144257743, -0.8054668134445331, -1.1824804991598985]"
RWF,"[-0.9778430062217734, -0.5871139186090604, 0.0, -1.26448858297164, -1.0385827115181063]"
RYF,[-0.4313509669198332]
