Translation,mean
H*G,"[0.1140926305331735, -4.320402554168952, -3.244048975567648]"
HAG,"[0.3809203909859047, -1.1075551359802245, 0.3800435390349443, 0.5420488793215927, -0.8419304921176723, -1.0549021922670008, 0.0, -1.1651804474345262, -0.9419877829020892]"
HCG,"[1.613196439355221, 3.4784676248304045]"
HDG,"[-4.368964476294938, -1.636401647014774, -2.0595614147406582, -3.367342533271525]"
HEG,"[-3.373202212204969, -3.133696017081908]"
HFG,"[-4.713836247252559, -2.443291381577973, -3.941776787171139]"
HGG,"[-0.1771495353458636, 0.1837050919450629, 1.1504251226826412, -1.637537861755361, -0.3653510692108472]"
HHG,"[-1.8835333197578248, -3.503995514365352, -2.124223997448716]"
HIG,"[-2.864691349820971, -1.7944955896601051]"
HKG,[-3.480906840505101]
HLG,"[-2.801886309742267, -3.148181248112097, -3.1077338236764493, -2.69427415602161, -2.310587669622679, -2.097157108636768, -2.608185938500513]"
HMG,"[-3.224956712846432, -1.167651601883584, -0.748014716910518]"
HNG,[-3.589488682134892]
HPG,"[-2.7811987250699453, -4.198743792956089, -2.046182045483956, -2.6259142919823795]"
HQG,"[-2.8035343516413, -3.302645508590791, -3.809953283482688]"
HRG,"[-2.580177108272049, -3.715242764686966, -3.977468500614311, -2.6789315810925274, -3.830619566372469, -4.264612376596203, -3.6594796185508383, -2.640743382155025, -4.137080491963584, -3.0399370265721384]"
HSG,"[1.833696801350461, 2.2171485352404456, 1.5744725390876315, 0.3851203795151914, 3.810605258731245, 0.7096109884703754, 1.0404722081277455, -1.4876983733777267]"
HTG,"[0.9895618881765724, 1.916293970780755, 2.635605700383085, -0.8254565493536044]"
HVG,"[-0.2463981451251111, -0.7109952330720155, -1.7877614436057758, 0.5580942078576561, -2.375904314952757, -1.7984787271467884, -0.6232674059775274, -0.2802671458524592]"
HWG,"[-3.348635008926795, -3.874528117993533]"
HYG,"[-3.044357663858518, -2.7120112024264333]"
