Translation,mean
Q*G,[-0.1224918133837063]
QAG,"[0.1139828805425926, 0.0935792122961007]"
QCG,[-0.4009478188331794]
QDG,[0.0845560927075119]
QEG,[0.3084209742742345]
QFG,[0.1274895897270704]
QGG,"[0.0729503749079265, -0.0586534718781983]"
QHG,[0.1910849106552321]
QIG,[-0.1916982106903164]
QKG,[0.1204485290608401]
QLG,"[-0.2870398602488224, -0.1714505874934495, 0.0595644883195598]"
QMG,[-0.0350609480295877]
QNG,[0.0364674272131217]
QPG,"[0.2537036756444645, 0.3995141396038759]"
QQG,[-0.3979745738060689]
QRG,"[-0.2522341362040263, 0.1041771914202991, 0.2497715144291251]"
QSG,"[0.2607577457836791, -0.2528266729815049, -0.0198645795116227]"
QTG,"[0.2577526890187469, 0.0, -0.1713266839715065]"
QVG,"[0.3596819884154145, -0.0238814295727624]"
QWG,[0.2210563954094482]
QYG,[-0.0189735386176481]
