Translation,mean
N*D,"[-4.949376842059628, -4.805093503341425, -5.905999297249708, -5.311773624624965]"
NAD,"[-0.1482787562743208, 2.0646422450778097, -2.196400211649107, 0.2809824497108248]"
NCD,"[-0.7480069766493056, -0.1929587365937148]"
NDD,"[1.6918442730184768, -0.8822531374067459]"
NED,"[1.159237177358456, 1.7031964649603315, 0.0090029740878474, -0.7357932630400015]"
NFD,"[1.5755432899639708, -1.817070907074136, -0.5248380241420065, -0.930979314411614]"
NGD,"[0.0, 1.215198805347212, 0.7803500478452179, -0.9457956395501776, -1.224832992652936, 0.663257654689204, 0.1704023688358322, -0.5786998829800218, -0.0281576164972925]"
NHD,"[-1.8015174452628369, 0.3452277460815462]"
NID,"[-3.565946839771324, -2.689622358651521, -4.5204118408325, -4.576478854143849]"
NLD,"[-0.8844310513098499, -0.523587077414918, -2.332330914023455, -3.525706204459468, -1.463273965448785, -1.2675137424841785, -1.5213654338202731, -2.028548531289317]"
NMD,"[-0.5483346318129403, -0.493754789698178, 0.5164169556364513]"
NND,"[4.276806773739631, 5.4176291633002, 1.2803866640154329]"
NPD,"[-4.373062738673352, -3.677130004663054, -4.266918618054877, -5.629857992042799, -5.55272309542446, -4.963110331602405]"
NQD,"[1.7351951387831557, 0.0874861740088324]"
NRD,"[5.589898105210812, -0.0283898258173156, -0.9584834849845638, 0.0291032638739956, 2.599235969790147]"
NSD,"[-0.2420512805750912, 0.5272411427937929, -1.3177217036715252, 2.0942817355176864, -0.5441887152839957, 1.0866685514078114, -1.595407033345447]"
NTD,"[1.823634145574016, 0.7016976769059209, 0.9027780302937528, -0.9497734445602504]"
NVD,"[-2.826473536163057, -3.7282459312969705, -4.241752347536131, -3.8050414869048055, -2.7336627471628283, -3.4097209288598997, -2.147399823375581]"
NWD,"[-1.3154679324013951, -1.101077727121746, -0.3524353683861977, -1.4380474068764872]"
NYD,"[-0.1017765380052999, 0.373880269948617, 1.3088977052962107]"
