Translation,mean
M*P,"[-5.283870543077327, -5.054938728308835, -5.932193239882517, -6.505369816240897]"
MAP,"[-6.337619871578865, -5.418534077274764, -5.200936775164064, -5.470027389422638, -5.415518427753517, -4.481230060038559, -5.000586009470572]"
MCP,"[-2.540074486638792, -5.19810100680596, -6.308204010783219, -4.877904615142523]"
MDP,"[-4.443508975750898, -5.1894977550851085, -6.3118740731237954, -4.472140495526556]"
MEP,"[-6.186484688471886, -4.826335903366223, -4.993491006768213, -4.326761720744512]"
MFP,"[-4.4731964807976325, -3.7188113339617175, -4.923079542470303]"
MGP,"[-5.720302583805959, -4.805077814271058, -5.387466562672202, -4.865879757815865, -4.9061101368410585, -5.199389417096482, -4.427095587031367, -5.39835144409647]"
MHP,"[-3.457100233288582, -0.8894175662757924]"
MIP,"[-1.0804714180129693, -3.347964183438224, -3.3707035544794124]"
MKP,"[-4.153166723658758, -5.413497053903699, -4.988447387984704, -4.749330317845545]"
MLP,"[-4.567903478824357, -4.53945052156724, -3.996799396775636, -4.7230302200735625, -2.539641486435313, -5.229013760367208, -3.661926270420068, -2.904287905733192, -5.671044575676662, -5.302997883168386, -5.355621752335755, -4.89072368105371]"
MMP,"[-7.146666980412962, -4.645022580816395, -6.695815388723109, -5.282119048193213]"
MNP,"[-2.405296345725424, -5.719589946940062]"
MPP,"[-3.3463699964324345, -5.252830472264417, -5.167472750733147, -5.247563189486588, -3.409747934127493]"
MQP,"[-6.009883790470061, -5.946772726147863, -5.828470770645389, -5.505537753827078]"
MRP,"[-4.098414635361335, 0.0, -4.392654277028498, -4.171219983484891, -1.619046426893158, -0.9936673053907744, -1.3565247063437358, -0.9090776382652024, -1.3050971398435305, 2.0207608360188507, 0.8585321392933949]"
MSP,"[-4.608443940149297, -4.807354038251392, -4.389087360509103, -6.198626323208126, -6.1609587012917295, -4.458964620902822, -5.290820939821219, -4.85158132248791, -2.079223024031952]"
MTP,"[-5.091051176831343, -4.827502933408049, -5.125928705649069]"
MVP,"[-5.18365845887296, -5.255543193837664, -5.286154094795236, -5.6996611652274805, -5.393050318481071, -3.705773428542578, -4.251331340076304]"
MWP,"[-6.225102728853821, -5.6026448216127545, -4.837499646910796, -5.478204004806971]"
MYP,"[-3.587283401538679, -4.019629005489092]"
