Translation,mean
M*Y,"[-3.052536300492317, -6.295515520212963]"
MAY,"[-0.5605415269690512, -2.15585127158138, -0.2551167260455642, 0.1766622418661008]"
MCY,"[0.085157573171374, -0.3604454384723886]"
MDY,"[1.333184060100816, 0.4434955545672352]"
MEY,[-0.2586593875144851]
MFY,[-1.6263211616711253]
MGY,"[-0.4874285318690186, 0.2262470416878041, -0.7881938908187056, -0.6541973288028338]"
MHY,"[3.8391091975876144, 1.4180729576873272]"
MIY,[-2.66042901599139]
MKY,"[0.0, -0.7971725062642827]"
MLY,"[0.2423656036510095, 0.1631664327369346, -0.7452493089307364, 0.2894475852838472, -0.925719914666752]"
MMY,"[-0.4794972389281966, -0.8658082330520696]"
MNY,"[-0.5594688308503706, 1.435455035915565]"
MPY,[0.4835260191759438]
MQY,"[-1.845363929678129, 0.3045304261425343]"
MRY,"[-0.8345352727793243, 1.0185527709424225, -0.3096297151499101, -0.4409229478168797, 1.308159898505207, -0.2684275694958913]"
MSY,"[0.3579519652497573, -0.3758364333053237, 0.1069958712780605, 1.9959107645691825]"
MTY,"[2.806268373454359, 4.142965719552958, -0.6143485200050502, 1.6855532685523134]"
MVY,"[0.2899679858679533, -0.380202670459413, 1.1782459430148595, 0.8628578003602243]"
MWY,"[0.0796840977002677, -0.9580436535353288]"
MYY,[-0.8640197839621511]
