Translation,mean
G*R,"[-5.867409087091018, -5.679650712361708, -6.375437284062555, -6.528451746279668]"
GAR,"[-1.6507374930872292, -0.1808211327618121, -0.5898837200705476, -0.1658351869338137, -1.1715055633354492, -0.5487320839934053, -2.458387759780148]"
GCR,"[-0.772999369182636, 1.615316909449291, 0.2720406038176568, -0.1950046867184394]"
GDR,"[0.0, -0.5788998115157815, 0.7198416594154047, 0.75612732621574, -1.0538894720715437, -0.014265294316651]"
GER,"[-0.4663969926377955, -1.9103475901533693, 0.2260871101210479, -0.2209711565471472]"
GFR,"[-1.8542695250283856, -1.966818716573167, -2.840122267352104]"
GGR,"[-1.991985568202616, -0.9302815428712828, -1.7741514805899137, -2.415912404079969, -2.3678779943289445, -2.081854235543028, -2.03101310843772, -2.730666074187308]"
GHR,"[3.3947908467701406, 4.8466735205729226]"
GIR,"[-0.6521049800025525, -1.8251135511080956, -1.6485021431575495, -0.7953758570042666]"
GKR,"[-3.0404805649003483, -2.640617171446386, -3.8657574391292986, -2.1602373983327574]"
GLR,"[-3.352742048374573, -3.5245534769565907, -4.680576157275642, -3.419108793310733, -3.674616721953809, -4.323958365588549, -2.9906802450728645, -4.419315864449846, -3.230267059528812, -3.766668888627116, -2.9619848468322925, -4.50605228893434]"
GMR,"[-2.811899539885248, -2.6520533638211994, -4.677877315219629, -4.009733654839817]"
GNR,"[0.1951774523248577, 0.8568010095092156, 1.0669052965863806, 1.5832823000938436]"
GPR,"[-3.4606323842471194, -4.631211456922204, -4.184317127266953, -4.8164397878828815]"
GRR,"[-0.9821961967244314, -0.748844166561625, -1.557884404940561, -2.431393121191469, -1.934884380061181, 0.5605997397402227, -1.7713850668624556, -1.534310233383339, -2.424101123876895, -2.2166438653122054, -2.78806723223103, -2.586229212591689]"
GSR,"[-0.9783050392201496, -0.7654034194277743, 0.6444149630470539, 0.5036450044834062, 2.022223567121892, -0.136429766945116, 2.362164340222744, 0.6309890676316208, 0.0159811314200383]"
GTR,"[0.6223769569471242, 2.5568476048791133, -1.431179753454808, 2.898922272878254, 0.4672243762658805]"
GVR,"[0.5761465100102762, -0.2618509362052457, -0.9866662408990604, -0.9521506974827184, -0.6053025540299339]"
GWR,"[-2.6603904183649245, -2.726099866836158, -2.287659490209656, -4.356112279310101]"
GYR,"[-0.4794895478752874, -0.2433357248482242, -0.8881431165013574, -0.1092516585674463]"
