Translation,mean
K*N,"[-2.654128421990404, -3.5513378669654503]"
KAN,"[-0.0086274591170951, -1.1668895430338289, -1.2392980385618788, -0.1463526120311336, -0.676563916450748, 1.0012532530664746]"
KCN,"[-0.3167568921348884, -0.4853370691862277, 0.8682011214345344, 0.8397433122229705]"
KDN,"[-1.7957063333444123, -0.4029755222450548]"
KEN,"[0.2798568159723533, 0.847757232930574, -0.905051897982796, 0.5974409503035574]"
KFN,"[-0.9616444283117982, 1.5504472443834452, -1.7369403343510577]"
KGN,"[-2.874571202008118, 0.3226647899790055, -1.7889413624902044, -0.278396906452934, -0.2806879529688011, -1.0011300160081102, -0.5241081365847418]"
KHN,"[2.1211907813698616, 0.7015507527328957]"
KKN,"[-1.6132468055254776, -1.2310198804535428]"
KLN,"[-0.4248260812279447, 0.52578677498758, 0.976289700024216, 0.313621793722298, -0.4618819237808989, 0.8187265388035154, -2.377172282092282]"
KMN,"[1.2375007120455075, 0.1148814253815508, 1.790841513237817]"
KNN,"[0.1313342912622666, 2.6959604916154785]"
KPN,"[-1.7219960595957249, -2.871259241924069, -3.477267496784969, -2.469876074267731, -2.371647116268262, -1.80327429151499, -4.390155002243146]"
KQN,"[1.8015994842209544, -1.815982381174699, 0.1226170741611571]"
KRN,"[-0.3517245530448775, -0.3064408954326225, 2.5986452033291467, -1.7103327743167167, 0.2268190795361731, -1.5929952792688713, 0.7703153302302752, 0.7034493257375871]"
KSN,"[-0.6004874522194008, -0.9916790584274526, -1.383207449960592, -1.9347161009047955, -0.7545697954312747, -1.217515616103796, 1.7962977913484437, 0.0606692750450487]"
KTN,"[2.507593886514515, 0.4497818174146673, 1.2569181658727473, -0.1591538942542225]"
KVN,"[-0.3525818603344568, 0.5912218600039267, -1.048293656705081, -0.644211320567015, 0.9090593101994706, 2.206568852493616, -0.4052015194563907]"
KWN,"[-1.531585923526924, 1.0359737132173663, 0.5597775334582149]"
KYN,"[0.0, -0.8115582898792528, -0.696161644640755]"
