Translation,mean
V*Q,"[-0.7004115456624493, 0.2320445928764183, 0.0986635976256238, -0.4917109632395711]"
VAQ,"[0.2991616846137184, -0.183092996093876, -0.4390052593149782, -0.0563621331042085, 0.3750889704471234, 0.7341221292421913, -1.256226629013038]"
VCQ,"[3.0989203113430186, 0.0707706024760481, -0.5225634696481354]"
VDQ,"[0.7665712295443994, -0.0815831050704343, -1.0712349201392524, 0.0360048959083129]"
VEQ,"[-0.5282669198190941, -0.6952471529402366, 0.4853624493402168, 0.8728228401304854]"
VFQ,"[-0.2994173070302146, -0.3802164179995433, 0.0306240592293596, 0.4827838454155193]"
VGQ,"[0.1752396599139487, -0.666993709571158, 0.0420051316957508, 0.3574000469497296, 0.1353302928307602, -0.5918161972364882, -0.4861619875107381, -0.6278442330844483]"
VHQ,"[1.4876799147085895, 0.6867823206910799]"
VIQ,"[0.7285999572783028, -0.3135692828473129, -0.0871376831542037]"
VKQ,"[-0.1914702409120234, 1.096813235013521, -1.3855945977261117, -0.4519605096487034]"
VLQ,"[0.6527986392284184, 0.6616495568106853, -0.5263971139802344, -0.2205229020336379, 0.9559882083129664, 0.4640016780559115, 0.9991684176072244, -0.907973898563041, 0.936311882498794, -0.5406222148285442]"
VMQ,"[-0.0963840781693994, 0.3057964489582243, 0.2314531872517519, -0.3029711970174019]"
VNQ,"[0.8106579115605328, -0.3332374737634289, 0.657668925043895, -0.3579377342942989]"
VPQ,"[-0.8758064874617304, 0.876794200206481, 0.5959424878806097]"
VQQ,"[1.3803316312247214, -0.1649474074911072, -0.6446348937381945]"
VRQ,"[0.0, -0.0443699528212589, -0.0297191709154116, 0.3079469389616864, 0.0253585715911421, 0.1295582787237217, 2.086730902335105, -0.6881438335775893, 1.327832833702672, 0.1600440395554594]"
VSQ,"[2.588949912608241, -0.6085963967286848, -0.132452235245351, 1.2946729639234338, -0.370059302916653, 0.2971282075786616, 1.1733079255541077, 0.5234915081983997, -0.0844631967418063]"
VTQ,"[-0.3995135770680313, 0.8413830959023318, 0.4841922657952677, 0.190566699947051, 0.1046898625149008, 0.1418642914991554]"
VVQ,"[0.2419276485450732, -0.4959837632994217, 0.3094182248754106, -0.1282946920593817, 0.5091842997162432, -0.344592508268823, 0.3855265230531888, 0.1216460950504645]"
VWQ,"[-1.4780469796147209, -0.0228016675315956, -0.1157168452024902, 1.2142727870272054]"
VYQ,"[0.3113177469196557, -0.0039560748503291, 0.3319657086987924]"
