Translation,mean
W*D,"[-3.2130729931726263, -2.332345574841015]"
WAD,"[1.531765776899114, 1.533145894550148, 0.3102576608924288, 1.614619819011403]"
WCD,"[0.7767742141907181, 0.1877203620516975]"
WDD,"[-1.4671639745051517, -0.8568945530363239]"
WED,"[-0.1840799746583181, -0.9538341832115452]"
WFD,"[0.1660564629981511, -1.45230895944938]"
WGD,"[-1.5148016475748065, -1.0580642353231775, -1.5068980196981627, -1.6434271224940344]"
WHD,"[-0.3117553711082497, -1.6176607335491946]"
WID,"[0.591519291711724, -0.6524849003125626]"
WKD,"[0.3468134218451278, -0.0159060399786499]"
WLD,"[1.1223191571540545, -0.7574870077441496, -0.6913598708441446, 0.0, -0.0341014034332347]"
WMD,"[-0.2320599260172038, 1.1939699798424046]"
WND,"[-1.960865359130468, -1.1383933436103808]"
WPD,"[-1.0959751883752826, -0.1475007743270167, -0.6984025051431804, -0.7780706893986249]"
WQD,[-2.3216664844266326]
WRD,"[-0.9800559678324854, -1.6304125922485555, -1.4186001444690923, -1.158083833631686, 1.1148743449168077, -1.060687541675514]"
WSD,"[-1.4900566896275604, -1.7743643541047804, -2.53573342991957, -1.6205092990646175, -0.2137258235860228, -1.2751800768533572]"
WTD,"[0.2988181241913707, -0.2472999714843009]"
WVD,"[1.9021648853193045, 0.657186847009676, 0.9152925199147336, -0.5890362311041564]"
WWD,"[-0.650056628910443, -0.3324661926476002]"
WYD,"[0.0087270318657086, 0.5721320230456097]"
