Translation,mean
Y*D,"[-6.737455051168917, -7.428419921571455, -2.121655721527436, -2.5545815859467744]"
YAD,"[-4.344137325755115, -4.78266317795633, -0.7777869069755683, 0.027920634523074, -4.232019120425093]"
YCD,"[-3.326215417757851, -0.2469984464488632]"
YDD,"[-3.4754505604329786, -1.4107294488656297]"
YED,"[0.0, -3.2257426249528844, 0.1426447616503523, -0.4474756252423821]"
YFD,[-1.0062067121655236]
YGD,"[-1.9955983376573891, -2.922493208981699, -1.18005609717531, -2.2358578157146294, -2.097600645135336, -1.3142501048361073]"
YLD,"[-3.1436240044793795, 1.2396224278843846, -3.557131049089312]"
YMD,[0.082112734886671]
YND,"[-3.7317248467489375, 0.6906066235696198]"
YPD,"[-3.709134142534364, -1.1286312900039075]"
YQD,"[-1.321276367946302, -1.0493400448508892]"
YRD,"[-3.851153147406791, -3.382120023098388, -4.858710498584873, -3.2581971893764816, -4.080256516235624, -1.4537292350416404, -4.147299662622778, -1.6179216373840104, -3.1352491687684143, -1.299743206396661]"
YSD,"[-3.930999359391752, -3.75732640064159, -0.2878726741921866, -4.238814207754329, -2.64968567745362, -1.3607112236880887]"
YTD,"[-2.894043571697153, -1.9301884769118267]"
YVD,"[-2.2207918650018392, -0.9682049534610142, -1.0773444319734509]"
YWD,"[-0.2654694171591387, -1.7004677827359815, -2.7019576096233333]"
YYD,[-2.0536818791665805]
