Translation,mean
A*N,"[-5.037525733431599, -5.585672989392119, -5.378619650879783, -4.654167129663744]"
AAN,"[-1.8074739387368213, -0.0502827861770445, -1.3240682685628666, 0.9848187268370144, -2.215227450962764, -0.4804903606613546, -0.166543766152504, -1.2752660648662184]"
ACN,"[-0.2230723352639998, -0.8392967905530568, -1.6470323538417544]"
ADN,"[-1.294106705418904, 1.593852649923824, 0.3946877903501438, -1.279452783800913]"
AEN,"[-0.6337069558962334, -0.3947864173607565, 3.6809443648904097, -1.4981945364268725]"
AGN,"[-0.1179397381646438, -1.1113156628468612, -1.8484199405150663, -1.08245232426567, -1.5319453015077666, -1.220189153803915, -2.877890317319694, 0.0]"
AHN,"[-0.0521724788085445, -1.4741140287220542, -1.0929530546926165]"
AIN,"[0.740201504268116, 0.6771354837917221, 2.1884802619666868]"
AKN,"[-0.3965135336845655, -1.3428034715358097, -1.3116127571527336, 1.2654593153325155]"
ALN,"[-2.092905526074392, 1.069935298776728, -0.7863393812819233, -0.1912241641998751, 0.0509767382167538, 3.299296516176532, 2.2558612196087164]"
AMN,"[-1.241280489994267, -2.7014519733372584, 1.0638693988422894, -3.867045522618472]"
ANN,"[0.5340067101378967, -0.8354778653912316, -1.1978878944808873, 1.80849441461092]"
APN,"[-1.8850916552265973, -0.960643600324044, -1.7796623889336942, -1.2262121732402376, -0.8739180278461118, -0.4657011793730267, -1.2720009711518934, -0.9862573168834788]"
AQN,"[-1.5690823376243443, -0.2522532591525177, -0.4755690762790827, -0.6917025071438481]"
ARN,"[-0.6636571536659162, 1.112377282880896, 0.0570489168465702, -1.6005354132409302, -0.0441779867381831, 1.8242253640319808, -1.206145074844513, -0.5267400340553002, -2.2709513566706097, -1.4084548804205443, -1.5625848147788115]"
ASN,"[-1.4358638235519106, -2.0277254319169966, 0.4792400736261583, -1.631788493493329, -0.2110002374978785, -2.3554556894032164, -0.2891559520482012, -0.5336664886596374, -0.4323980277095235]"
ATN,"[0.3977610925478884, -0.5664291171832057, -0.2405465008688463, -0.7847971728617225, -0.4255604063203169, -0.0271513395477924, -0.1511287134646206]"
AVN,"[0.1765076203006099, -0.5182435589187602, 6.222838143719679, 0.079016691931713, -0.0954139018612734, -1.3268197519478386]"
AWN,"[0.3265793827632696, -1.102000908508348, -0.2988303892460457, 0.1080546964698285]"
AYN,[-0.6624789108061044]
