Translation,mean
M*N,"[-4.580797095610989, -4.620929065890307]"
MAN,"[-1.109046115304177, -0.4795997676248422, -0.1145192048533436, 0.8571481903109337]"
MCN,"[-1.1148140361568988, -1.92978611577948]"
MDN,"[-0.6977395616038802, 0.1122507197299897]"
MEN,"[1.6581853861952291, -1.3623402113152034]"
MFN,"[-0.406674873975259, -1.030081379693728]"
MGN,"[-2.1596375649025745, 0.3774853562548745, -0.1594049188916083, -1.298900482228822]"
MHN,"[-0.951548094361553, -0.3349637234545679]"
MIN,"[-1.9996731203518852, -0.7020597567270608]"
MKN,"[-0.6964240599407958, -0.3367022896656664]"
MLN,"[-2.044566278567528, -0.1734231128554277, -1.1048961071343228, -0.1815234539000245, -0.270704141727256, -0.6179331841736735]"
MMN,"[-0.9916898326774256, -0.4678697818574475]"
MNN,"[-0.7067240248980591, -1.3417383577335649]"
MPN,"[-0.4331738640495923, -0.6604429481296625, -0.9502938411040432, -1.0755069771977883]"
MQN,"[0.0, -0.1190712282927179, -1.1970067541625804]"
MRN,"[-0.8863546306284231, 0.2072937457202606, -0.9947601851347612, -0.1247610767750924, -1.1022066974667348, -1.2457696304588888]"
MSN,"[0.11354379491162, -1.289167261542759, -0.0978805960799871, -0.0778273890736986, -0.5271161532325763, -1.0167071724501744]"
MTN,"[-1.498671777399326, -2.0648939440269736, -0.9777333990024096, -0.5186535789735123]"
MVN,"[-0.6155449394759059, -0.1193772782024931, -0.1468032686434473, -1.139346481507853]"
MWN,"[-0.1329992165594316, -1.735005076439868]"
MYN,"[-3.3731775750110966, -4.6544469594997935]"
