Translation,mean
K*P,"[-4.705546545052341, -3.865849671090112, -3.440037257259604]"
KAP,"[0.5748700297238614, -2.516755141706069]"
KCP,"[-0.5742073980616009, -2.2083824624859894, -1.745582555955112]"
KDP,"[0.613755178622899, -1.6284916538609018, 0.7578991313406718, 0.1016397492169947]"
KEP,[-0.5407815299189815]
KFP,"[-2.6721042758688967, -3.0661174155426085, -3.91383332778574]"
KGP,"[-0.5275402844949468, 0.8990428660643843]"
KHP,"[-2.331547929404413, -3.197087024201743, -2.618037500968045, -2.62505341511155]"
KIP,"[-4.994406938254041, -4.417807537528967, -3.591035893257459, -3.7594336140716313]"
KKP,[-0.2646829496396776]
KLP,"[-4.566066248471114, -4.798658918413366, -4.10226750754828, -2.100014930213119, -3.835023719014865, -3.36734497487922, -3.844385458745149, -2.6897282514274137, -3.780626003910992]"
KMP,"[-1.6719229986127822, 0.8364624613837499, -1.5999143669467977]"
KNP,"[-1.039575136127814, -1.7973456483061767]"
KPP,"[-3.24567199122097, -4.16611352770951, -2.5937508320986407, -3.543950175042772, -3.6154424206186633, -3.3987283115247298, -3.851043132945102, -3.03078441441972]"
KQP,[0.4779222590351946]
KRP,"[-0.0890438123921146, -1.728296468614225, 1.9947245453004816, -0.6452904762899552, -2.6751020516695, -1.3938983939205372, -3.0242355167640174, -1.0218727917884731]"
KSP,"[1.2332802441174584, -0.8977451601572373, -1.9599142477407645, -1.6933191402388168, -0.909596036831296, -2.963512930308257, 0.1577499524344663]"
KTP,"[0.0, -2.73819235897745, -0.3534268564565233, 0.7840440751256654, -0.9146018738746724, 0.8602010475975792, -0.3173288016517634, -2.523226360937663, -1.682095375174753]"
KVP,"[-0.9357975520964334, -1.1106738283636588, -1.942654325410592, -1.028743302124301, -1.1736081076505889, 6.533695053410318, -2.93523847631308]"
KWP,"[-3.9017062786629975, -2.47091444773576, -5.014226534045188]"
KYP,"[-1.7559536112174516, -1.3487224233633093, -3.397952960809615, -4.169177651477561]"
