Translation,mean
L*L,"[-5.471868435504862, -4.740059197934427, -6.533419669933743, -3.871328129758349]"
LAL,"[-1.3768461233748504, -1.8777610102435307, -1.0753682275637502, -2.470222507654924, -3.912777284075977, -2.55986130229757, -0.4665832174056454]"
LCL,[-2.7595820448193464]
LDL,[-2.1472889534280686]
LEL,"[-1.4898323559326787, -1.5473935384626376]"
LFL,[-0.5461277256378914]
LGL,"[2.244856924161324, 0.1858973601258533, -2.463439327173612, -0.8160253179856998]"
LHL,"[-3.1674228679908705, -1.567757247088938, -3.387355348120651, -2.16131904552186]"
LIL,"[-2.002456127396025, -2.185961955667896, -2.366051160778513]"
LKL,"[-1.2808310600897554, -1.03390631636678, -1.324079121820381, -1.147540723552658, 0.2473600068239873, -0.7287111691462709, 0.0, 2.9498751769001874, 0.8814469454451626]"
LLL,"[-2.3900845408056544, -2.4411009517695392, -3.520465406205055, -1.1953502260946287, -1.0436073527320495, -1.7155568524046128, -1.67346039504892, -4.983475628096715, -1.0049795476036412]"
LML,"[0.0115412144194076, -3.0964517621263834, -0.9067420710396146]"
LNL,"[-0.5165184149091822, -2.152397041153753]"
LPL,"[-4.416149936161617, -2.209871325657147, -1.1658514044544963, -4.19922673014254, -1.5654990523722443, -2.344861585990647, -2.667096388006538, -3.0045541281518524]"
LQL,"[-2.3420683606347703, -3.207292779062106, -3.3217045691823905, -3.0548280970542017]"
LRL,"[-0.6661380697799331, -2.5762310974267937, -0.815155999103866, -1.907437005902168, -1.1976239776147484, -2.2176196786214533, -3.081812243161039, -1.0787754769382882, -3.38133824695872]"
LSL,"[-1.618641075933814, -2.598057459879973, 0.8421608884911151, -2.1177265670961987, -0.0312113187088556, -2.0555266862393395, -1.4136221356620189, 1.004932335816898, -2.2642144797650063]"
LTL,"[-2.969013108685345, -2.13369828725568, -3.4231918993960395, -2.6746006016254524, -2.870535714554241, -2.689170949106158]"
LVL,"[-0.4012705060871848, -0.9317090133649256, -2.401615870401156]"
LWL,[-0.9850530811345806]
LYL,"[-2.3558377337012635, -2.75693102381927, 1.6168477618474435]"
