Translation,mean
K*K,"[-2.8614441593541784, -2.116263430413346, -3.856810745013468]"
KAK,"[4.663752889730398, 0.2958378928168539, 2.327469501865965, 0.4164475865128318, 1.6595257054403287, -0.0463406354621378]"
KCK,"[-0.4405433135888552, 0.6556494944629652, 0.3361867189670739, -0.7245990723648825]"
KDK,"[-1.9646233634806336, -2.052757233586064, -2.495643853823561, -3.3752398833243564]"
KEK,"[-2.1343474594556726, -4.160763278785012, -3.0374852748094394, -3.654555423803333]"
KFK,"[-0.2317342384544236, -1.156641386144079, -0.1237416099663626, -0.8159482328233221]"
KGK,"[-0.939498102403717, -2.251781314178179, -1.662331332366243, -1.759428632005941, -1.9644504437481125, -2.78086126745629, -1.4980756479622217, -0.6728261481092321]"
KHK,"[1.439612568166341, -1.2282914759080157]"
KIK,"[-2.82025455858877, -2.765187908229735, -0.6192357880448895, -2.390391525983076]"
KKK,"[-0.3005960965992287, -1.3617634815161406, -1.2944930228725724]"
KLK,"[0.1673915431121528, -0.2265664572439423, 0.0855809049037183, -1.596803171970791, -1.4264049267279466, 1.9597377173654773, 0.6701729496398379, 1.090402866942668, 0.3090284583561971, -1.4559065572571992, -2.1963831099926354]"
KMK,"[1.5326694258899032, -0.8949393473930076, -1.8159208481638809]"
KNK,"[0.060349345499473, -1.1549232652146433, -0.9918239318103385]"
KPK,"[-3.049563192461852, -2.2546906241728006, -0.4348376088755978, -2.72453248012434, -2.8390988252633704, -1.911278732284167, -3.081066049977537]"
KQK,"[2.8875646899179195, 0.1842922306801391]"
KRK,"[-0.9960258179667713, -1.5802322432305314, -1.2759340423649608, 0.3571901999859648, -1.469478197128474, 4.303004670728427, 0.3606191468034216, -2.060652767979533, -2.2077933333713684, -0.9004824448123845, -0.833993920828151]"
KSK,"[-1.1955984651292493, -1.17120758490368, -0.9801033000443268, 0.1651980729670867, 1.0830694219995571, 0.4086807086144493, -0.5266796316705804, 0.3274695018659646, -0.3571845448634567]"
KTK,"[0.3938119966946605, 0.0289205391634617, 0.2840769063525847, -1.5580474429499862, -1.9888140180068543]"
KVK,"[1.7860528445307402, 1.4929235473565186, -0.6629571654742072, -0.8661752365731514, -0.8849294579129543, -0.9823561253325536, -1.9049070080431048, -1.0986162767732068]"
KWK,"[0.5488386205728624, 1.110658112792816, 0.9441408623144588]"
KYK,"[-0.970905547866538, -1.2655412692612131, -2.1969206180706475, 0.0]"
