Translation,mean
F*V,[-5.72708072205295]
FAV,"[-3.970089890973159, -4.73504099716635, -4.963458333784496, -4.938126794312302, -4.412070937396703]"
FCV,"[-3.971121464392148, -5.655062076056751, -5.234513855033946]"
FDV,"[-6.073503665734663, -6.101226695233234, -5.666798772107503, -5.934688898957957]"
FEV,"[-5.097983688769112, -6.174688857174254, -5.950788217697625, -4.357850226987456]"
FFV,"[-3.993226142655546, -5.3149277082692095]"
FGV,"[-6.350939232974419, -5.7642688591236055, -6.3985760300269305, -5.905424304452763, -5.552164841995643, -5.83371863016024, -4.654786115982546]"
FHV,[-6.1575779806056055]
FIV,"[-4.634165413087086, -4.21913575387503]"
FKV,[-5.604124029085888]
FLV,"[-5.092480144764415, -6.066785415635657, -5.39197977653998, -5.183097546032596, -5.97488059958736]"
FMV,"[-5.282274650893129, -5.317489305363406, -3.661522946040167]"
FNV,"[-6.442981287060031, -3.5186960357339387]"
FPV,"[1.4939315725938125, -4.6739805944089525, -3.434724471852335]"
FQV,"[-4.327397383499058, -5.526203524913676]"
FRV,"[-2.498332778626583, -4.383359640755176, -5.550200029924138, -4.631331125635592, -6.865425497196496, -5.069088375246667, -5.560010598368388]"
FSV,"[1.865103186501022, -1.355710144942306, 0.0, -1.5211753197963969, -0.910632040721469, 1.1984164118230731, -0.2744684918294138, -1.3027848290174455]"
FTV,"[-2.184140332518826, 0.4606146653410352, -2.642961803106898, -0.8453384190670672]"
FVV,"[-5.295539257354683, -5.109391465248685, -5.734397690197997, -5.971246570732624, -5.145479509906392]"
FWV,"[-4.377068931154065, -5.622047347586806, -4.98474421258535]"
FYV,"[-5.123691728899616, -5.986731260018893]"
