Translation,mean
Y*F,"[-4.259134677845912, -3.698627848564953]"
YAF,"[2.7713716724133963, 2.252416766977599, 1.9615980593910065]"
YCF,"[0.4595730378733087, 0.992114765315618, -0.2936267849089056]"
YDF,[1.2198059474316505]
YEF,"[4.9921010445272, 4.618075261946826, -0.8587645427320858]"
YFF,"[-0.5227067027482324, -0.1384817990009139]"
YGF,"[0.7025327960853982, -0.2931169085859135, -0.7972256090229566, -1.1050169681690978, -1.3449558401055306, -1.1369028580416032, -0.3474452319571339]"
YHF,"[1.5416892151464712, 1.2175918840935918, 0.175466408420915]"
YIF,"[0.9187328596068012, 1.6202512510938103, -0.6953825193644105]"
YKF,"[1.941411069558887, -0.5735973263004528, 0.0951007287475657, 0.0]"
YLF,"[-0.7220533632208923, 3.0745347135616035, 0.2285871303887995, 0.7904397016007261, -0.3228541314975439, 1.8814051069664952, 0.3023160246376264, 0.3527175273692196]"
YMF,[-1.37811033246121]
YNF,"[0.7526351098318109, -0.1803251383327317, -0.5203883205026303]"
YPF,"[-0.3911965889949922, -0.5461010205425278, -1.3284047283627167, -2.4063398997465537, -1.2597489727955598, -2.7393210688936227]"
YQF,"[3.0619355963914234, -1.2270949057051137]"
YRF,"[-0.3011199312554495, 0.8615694813849757, -0.2331828351166054, 1.1555668509832095, 0.1860673876986673, 1.1945752313686206, 1.3009972905047746, -0.3864651236449017]"
YSF,"[-0.3109322578166509, -1.7199023172923835, 0.6615870057612412, 0.0740211448613692, 0.0971718824441705, 0.0793364278926284]"
YTF,"[0.2750259448443373, 1.2256727118607156, -0.906995751771058]"
YVF,"[0.437678581273353, -0.224756212443193, 0.1731393625310691]"
YWF,"[1.764707942132386, 0.4810527652837599, -2.1303079659603963]"
YYF,"[1.4602813302911777, 2.2447620367034835, 0.1045514128097675]"
