Translation,mean
Y*C,"[-5.801169134993629, -6.110071626931162]"
YAC,"[0.8693020758570462, -1.577007980894848]"
YCC,"[-1.286525350221691, 3.612068120892376]"
YDC,"[-6.423121817721962, -6.185274957991631, -6.49149577498406]"
YEC,"[-5.646698971466406, -4.782653152187384, -5.072618985829443]"
YFC,[-3.702200196330072]
YGC,"[-0.1602470969975779, -2.376793114066063, -2.8955695148790426, -2.564272051758648]"
YHC,"[-1.501110650114211, 1.1930715175685762]"
YIC,"[-4.963029581483867, -1.9660360543246649]"
YKC,"[-1.3550172660516706, -2.187537698957666]"
YLC,"[-5.564199727270399, -5.092757409990712, -3.968998029819854, -4.723219160993702, -4.296212907351597, -3.0439441311882875, -5.528653965218371, -1.5775671232054815, -5.111414757275256]"
YMC,"[2.8857901986456174, 3.3600492349605524, 2.986054322119044]"
YNC,"[3.4965909034724394, 0.1475753924246721]"
YPC,"[1.2910494527054253, -0.6951935319336116]"
YQC,"[0.0, 4.303945825530043, -0.7960060586744513, 3.580907189405915]"
YRC,"[-4.107579917688371, -2.4298379637418552, -3.1714406394782184, -4.393069691876391, -5.953841740596625, -5.033311923808043, -5.038681056752483, -4.673334097969873]"
YSC,"[1.1573003865467548, 1.3877774163335133, -1.527906879612441]"
YTC,[1.5814798010589524]
YVC,"[-1.880355661774205, 0.0481578489098453, -1.7959533846338278, -0.8239341569338929]"
YWC,"[-2.7214755924612177, -1.5151457706815368]"
YYC,"[-4.588604359194364, -6.016556358380887, -1.81026974332598, -5.587331580072651]"
