Translation,mean
P*G,"[-6.298077496731117, -7.095160506607108, -6.0347952028188905]"
PAG,"[0.2157381301686725, -1.6134626419924736, 3.380554890395196, -0.6939356537093939, 0.4842071790166056, 0.8284570235796647]"
PCG,[0.2427403657536766]
PDG,"[-2.842360201732041, 3.1337177120892026, -2.1081000840370034]"
PEG,"[-1.707558255459789, -2.646491985399365, -1.6445352389603611]"
PFG,[-3.350816347064713]
PGG,"[-0.9967548022428954, -1.3924819460854252, -3.118271826677619, -2.949150555083888, -1.859125504871205]"
PHG,"[3.528596773939057, -0.6556102667779626]"
PIG,"[-1.5004975011076578, -1.6233285440920344]"
PLG,"[-0.3668404163143375, 4.001062793120681]"
PMG,[-1.473037479053275]
PNG,"[-0.2618189436298221, 3.552202512986513, 4.4122005170116605]"
PPG,"[-3.754370670060778, -3.295584823540236, -4.189137965063413, -5.273230492447229]"
PRG,"[-0.9297852302169574, -0.8215689334352678]"
PSG,"[3.6457431292420415, 1.1893328433095336, -0.7384383827809574, -2.3643132123942423, -1.5684665295172886, -0.1668183884322722, 0.0, -0.2738749933243518, -1.585988688795017, -1.8173700435451476]"
PTG,"[4.263460845459974, -3.3319588487407312, 1.0586267955078323, -1.3224163164475211, -2.934227863123532, 1.2583228509265112, -1.3952230319532737]"
PVG,"[-2.251713325104319, 3.3998167925558267, -0.9587363168321216]"
PWG,"[3.801398011355243, -3.082655067479539]"
PYG,"[-1.2048169422794448, -3.4943639569245537, 0.0972943038393268]"
