Translation,mean
G*Y,"[-6.254506700301295, -5.314398593320261, -8.261247319498843, -6.54816269967476]"
GAY,"[-3.6843448843979, -5.285378700165251, -6.98364546840174, -2.5162331368851447, -4.659913582207551, -5.158865988596579, -4.824511139933904]"
GCY,"[-4.353782908338966, -2.861081138493754, -3.967160473605015]"
GDY,"[-5.402778104803536, -6.743765785082606, -5.8585482715647945]"
GEY,"[-5.4713190154712255, -4.967600312908092]"
GFY,"[-6.0984312002334224, -6.406063883269847, -4.9573036255677145]"
GGY,"[-5.116036275781049, -5.924330644701854, -6.334506756917593, -6.42161217464362, -6.819659790502346, -6.4600407572874055, -6.987224733175157]"
GHY,[-6.464412350236924]
GIY,"[-0.5403079573241367, -0.9147081937202266]"
GKY,"[-6.444874239391211, -5.734262966543903, -3.070449689251454]"
GLY,"[2.147457768715503, 2.357095917571204, 3.0874782381507018, 2.2256642279177727, -2.490504740755526, 0.1905053772896643, -0.9794603892411472, 0.0822790035272447, -1.5826357876781358]"
GMY,"[-4.748732364197794, -5.399932633261868, -3.7228735587711874]"
GNY,"[-4.1537660152197216, -4.3767259046710585]"
GPY,"[-0.4143011691905354, -3.9376203000131262]"
GQY,"[-3.5860678106914987, -3.733019657211045, -4.780994303215044]"
GRY,"[-5.019629440261226, -5.4570902702729605, -6.606202281775843, -5.92254379191043, -4.276073301109368, -4.605873927215404, -5.880346452403515]"
GSY,"[-3.0530828472455784, -5.417108113184428, -4.519702612880878, -2.902152788465754, -3.5430811350633604, -3.231421776360624, -2.065021109971335]"
GTY,"[-1.3336324552566126, -3.359249176499058, 0.4862823976603767, -1.6947077487624398]"
GVY,"[1.651967714028309, 0.0959995378421139, -1.704324804883048, 1.6932556266195933, -2.4349566761708523, -1.7200075113715938, -0.044516780121282, 0.0, -0.8546269629829828]"
GWY,"[-7.368868404623424, -5.515519004190575]"
GYY,"[-5.255178761461364, -6.150743457536226]"
