site_2,count_x,proportion_x,count_y,proportion_y,ratio
AAG,34271,0.1747049677567354,7646,0.005641517912151399,4.952693434071062
AAT,196165,1.0,1355309,1.0,0.0
ACG,1429,0.007284683812096959,3685,0.0027189371575043033,1.4218235473265253
ACT,731,0.0037264547702189482,3002,0.002214993038487902,0.7505015845448906
AGG,8574,0.043708102872581756,6829,0.005038703351043932,3.116776333459655
AGT,3614,0.018423266128004486,11294,0.008333155022212647,1.144594125096452
ATG,9538,0.048622333239874596,4885,0.003604344101603398,3.753810470751752
ATT,3343,0.017041776055871333,5572,0.00411123957710013,2.0514303472292914
CAG,3344,0.017046873805214996,3929,0.0028989699028044527,2.555894929835337
CAT,18482,0.09421660336961232,5000,0.003689195600412895,4.67460313434575
CCG,7280,0.03711161522187954,1653,0.001219648065496503,4.927333976006888
CCT,4887,0.02491270104248974,1707,0.0012594913779809622,4.305968296432077
CGG,6220,0.03170800091759488,4764,0.003515065568073406,3.1732234173669926
CGT,4503,0.02295516529452247,3442,0.002539642251324237,3.176121630514783
CTG,9074,0.04625697754441414,3711,0.0027381209746264504,4.078412908866361
CTT,8631,0.04399867458517065,2129,0.0015708594866558107,4.807834022221291
GAG,19809,0.10098131674865547,10596,0.007818143316395007,3.691118553177389
GAT,27672,0.14106491983789157,14637,0.010799751200648708,3.707289279938886
GCG,1824,0.009298294802844545,3767,0.002779439965351075,1.7421719464304903
GCT,1338,0.006820788621823465,2887,0.0021301415396784056,1.6789892586186212
GGG,34175,0.17421558381974359,13039,0.009620684286756748,4.178590358840653
GGT,31428,0.16021206637269644,13597,0.010032398515762826,3.997244340918301
GTG,5146,0.026233018122498918,5734,0.004230769514553508,2.632391802706418
GTT,3215,0.016389264139882242,5616,0.004143704498383764,1.983758052123891
TAG,15354,0.07827084342262891,8914,0.006577097916416108,3.5729519373610903
TAT,24930,0.12708689113756277,8847,0.006527662695370576,4.283104904809111
TCG,2054,0.010470777151887442,3854,0.002843631968798259,1.8805618602356162
TCT,2204,0.011235439553437157,2889,0.0021316172179185705,2.3980362702196834
TGG,15577,0.07940764152626616,8759,0.006462732852803309,3.619061585035564
TGT,9441,0.04812785155353911,8341,0.006154316100608791,2.967201571253778
TTG,11187,0.0570285219075778,4533,0.0033446247313343304,4.091767386821954
TTT,11286,0.057533199092600615,4129,0.0030465377268209686,4.239152181281315
