site_2,count_x,proportion_x,count_y,proportion_y,ratio
AAG,6128,0.011003770874483749,1651,0.0018650119909765501,2.560741193288525
AAT,4464,0.008015801759741426,1239,0.0013996062124893673,2.5178258559654134
AGG,7793,0.013993535643742144,2626,0.00296639702501782,2.2379769163874075
AGT,1306,0.002345124797988867,1281,0.0014470504908788374,0.696549437481611
ATG,1112,0.001996767821871072,1659,0.0018740489963840683,0.09150791804447245
ATT,857,0.0015388759202729395,1015,0.0011465700610788603,0.4245523983167878
CAG,551,0.0009894056383551804,1088,0.001229032735422463,-0.3128893164023552
CAT,2411,0.004329323038247441,1368,0.001545327924685597,1.4862284369934553
CCG,428,0.0007685401328784342,371,0.00041909112577365236,0.87485662605717
CCT,55,9.876099838391094e-05,435,0.0004913871690337973,-2.3148468609346047
CGG,6336,0.01137726701382654,3100,0.003501839595413268,1.6999691361948361
CGT,7101,0.012750942718620937,3276,0.0037006537143786664,1.7847518660915886
CTG,745,0.0013377626144729755,766,0.0008652932677698591,0.6285610497013927
CTT,2523,0.004530436344047406,2597,0.0029336378804155666,0.6269592085747204
GAG,1064,0.0019105764050996589,1415,0.001598420331454766,0.2573611140587726
GAT,14780,0.026539773747530974,2222,0.0025100282519381553,3.4023805639212474
GCG,1149,0.002063207038965703,1409,0.0015916425773991273,0.3743722026133032
GCT,1046,0.0018782546238103788,701,0.0007918675988337745,1.2460615185131445
GGG,3763,0.0067570479439755795,3636,0.004107318957716982,0.718196106150601
GGT,3220,0.005782007541748967,4820,0.005444795758029661,0.08669255816148169
GTG,4008,0.007196983300413001,7438,0.008402155777639964,-0.2233672231399524
GTT,556900,1.0,885249,1.0,0.0
TAG,15490,0.02781468845394146,1871,0.0021135296396832984,3.7181206967129734
TAT,1561,0.0028030166995869996,260,0.0002937026757443386,3.25455202522628
TCG,898,0.001612497755431855,351,0.0003964986122548571,2.023909430713413
TCT,941,0.0016897108996229125,1716,0.0019384376599126348,-0.19811790849418287
TGG,5873,0.010545878972885617,4795,0.005416555116131168,0.9612318388687608
TGT,1498,0.0026898904650745196,4129,0.004664224415955285,-0.7940897784405987
TTT,2160,0.003878613754713593,2524,0.002851175206071964,0.44398441834510827
