site_2,count_x,proportion_x,count_y,proportion_y,ratio
AAG,166,0.0012508759899628504,1688,0.0011943348340348635,0.06673141429358331
AAT,4183,0.03152056786755785,2003,0.001417211298916962,4.475166748485171
ACG,2637,0.01987084328633757,1509,0.001067684398435195,4.21809593699172
ACT,2339,0.017625294822428358,1299,0.0009191000885137961,4.261281602558389
AGG,233,0.0017557476244659286,1939,0.0013719284616075832,0.3558802282013307
AGT,705,0.005312455258577166,1669,0.0011808914917086418,2.169502379577401
ATG,45,0.00033909288884535104,989,0.0006997613452964929,-1.0451824427755927
ATT,857,0.006457835683121463,1468,0.0010386750807838741,2.6363063129231303
CAG,73,0.0005500840196824583,352,0.0002490556052015829,1.1431841118965629
CAT,574,0.0043253181821607,1802,0.0012749948879921943,1.7623148025159923
CCG,1336,0.010067291099941977,1125,0.0007959873745789226,3.660786178023497
CCT,1544,0.01163465378616049,1783,0.0012615515456659726,3.205157221296928
CGG,64,0.00048226544191338816,1532,0.0010839579180932529,-1.1684094102711136
CGT,64,0.00048226544191338816,1015,0.000718157497953428,-0.5744728404186947
CTG,121,0.0009117831011174995,944,0.000667921850313336,0.44901135956659566
CTT,110,0.0008288937282886358,1055,0.0007464592712717897,0.1511236015839561
GAA,132707,1.0,1413339,1.0,0.0
GAG,288,0.0021701944886102467,1852,0.0013103721046401466,0.7278477898359181
GAT,6714,0.05059265901572638,17210,0.01217683797022512,2.0547885164238275
GCG,83,0.0006254379949814252,1467,0.0010379675364509153,-0.7308225526726222
GCT,229,0.001725606034346342,1508,0.0010669768541022358,0.6935742464821217
GGG,187,0.001409119338090681,2250,0.0015919747491578453,-0.17602365456291835
GGT,145,0.00109263264183502,1818,0.001286315597319539,-0.2354362225253297
GTG,360,0.0027127431107628083,1993,0.0014101358555873714,0.9439182731444618
GTT,368,0.0027730262910019817,2007,0.0014200414762487981,0.9655282263482405
TAG,3229,0.02433179862403641,2805,0.0019846618539501137,3.6158778417716695
TAT,1647,0.012410799731739848,2067,0.0014624941362263407,3.085093337954751
TCG,505,0.0038053757525978284,1459,0.001032307181787243,1.8821665813751096
TCT,649,0.0048904729969029516,1358,0.0009608452041583795,2.34759807540825
TGG,733,0.005523446389414274,1833,0.0012969287623139246,2.090469489247769
TGT,444,0.00334571650327413,1129,0.0007988175519107588,2.0663772672309495
TTG,142,0.00107002644924533,1614,0.0011419765533958945,-0.09388657211925455
TTT,1117,0.008417039040894603,1968,0.0013924472472633953,2.595690136797919
