site_2,count_x,proportion_x,count_y,proportion_y,ratio
AAG,1111,0.008371826655715222,844,0.0005971674170174318,3.80933508433575
AAT,1150,0.008665707159381194,1124,0.0007952798302459636,3.445782997264655
ACA,132707,1.0,1413339,1.0,0.0
ACG,256,0.0019290617676535526,1012,0.0007160348649545508,1.4297975969595331
ACT,435,0.00327789792550506,2001,0.0014157962102510438,1.211157310484193
AGG,1623,0.012229950191022328,1081,0.0007648554239287249,3.9990876484671656
AGT,100,0.000753539752989669,1187,0.0008398551232223833,-0.156456858213339
ATG,2035,0.015334533973339764,2360,0.00166980462578334,3.1990331065582494
ATT,1768,0.013322582832857347,1639,0.0011596651617198704,3.5220935919458167
CAG,984,0.007414831169418342,1195,0.0008455154778860556,3.132510774124972
CAT,1165,0.008778738122329644,1385,0.0009799489011482736,3.163235150258936
CCG,522,0.003933477510606072,912,0.0006452804316586467,2.607807154058987
CCT,584,0.004400672157459666,373,0.0002639140361937228,4.059583910278622
CGG,1200,0.009042477035876028,832,0.0005886768850219233,3.941170144008632
CGT,1141,0.008597888581612123,1174,0.0008306570468939158,3.371657554832473
CTG,973,0.007331941796589479,1070,0.0007570724362661753,3.2756920851464457
CTT,1227,0.009245932769183238,918,0.0006495256976564009,3.8313603619029397
GAG,839,0.006322198527583323,841,0.0005950447840185546,3.4093561818385236
GAT,782,0.005892680868379211,803,0.0005681580993661111,3.3745597914438807
GCG,927,0.006985313510214231,1711,0.0012106083536929215,2.5285926557899607
GCT,351,0.002644924532993738,1391,0.000984194167146028,1.4262116874161652
GGG,1227,0.009245932769183238,1750,0.001238202582678324,2.900571498597058
GGT,1046,0.007882025816271938,1977,0.0013988151462600267,2.494361152171578
GTG,512,0.0038581235353071053,1044,0.0007386762836092402,2.3848851750839586
GTT,371,0.002795632483591672,1567,0.0011087219697468193,1.3342770838020677
TAG,2301,0.017338949716292282,2000,0.0014150886659180847,3.615052155215846
TAT,1898,0.014302184511743917,1652,0.001168863238048338,3.6130574772555066
TCG,83,0.0006254379949814252,521,0.00036863059747166107,0.7626910407222596
TCT,83,0.0006254379949814252,588,0.00041603606777991693,0.5881582581644036
TGG,1116,0.008409503643364706,1100,0.0007782987662549466,3.4336246750710098
TGT,345,0.002599712147814358,1147,0.0008115533499040216,1.6795940473035493
TTG,1353,0.01019539285795022,1305,0.0009233453545115503,3.464903204173134
TTT,1586,0.01195114048241615,1298,0.000918392544180837,3.701893559358683
