site_2,count_x,proportion_x,count_y,proportion_y,ratio
AAG,8551,0.043659404565575904,6323,0.00448417772463617,3.2833770909834605
AAT,10209,0.05212476449654595,7158,0.005076347327683964,3.360106272371371
ACG,644,0.0032881132663116455,2393,0.0016970800719681093,0.9542053606777081
ACT,905,0.004620718177037329,3029,0.0021481218294991237,1.105041283276786
AGG,13128,0.0670284952797194,12038,0.008537170876035144,2.9729445862139747
AGT,335,0.001710431590395033,2245,0.001592120669272213,0.10341071981821592
ATG,10435,0.053278667599319915,9306,0.0065996770370811645,3.0130906723915407
ATT,9854,0.050312217587321365,7451,0.005284138577615705,3.2511685728313333
CAG,6135,0.031323874050965754,7742,0.005490511457240745,2.5122502003595466
CAT,9010,0.04600295113271417,8571,0.006078425949368436,2.9199567331449625
CCG,5374,0.027438386169501217,3506,0.0024864031476473846,3.464063489355218
CCT,4737,0.024186013264779916,4795,0.0034005428103163747,2.830336020777491
CGG,9089,0.046406306642090916,11293,0.008008827936788908,2.5346578517549316
CGT,9237,0.047161960001429616,8339,0.005913894993791084,2.9954431439240636
CTG,8312,0.04243912650556273,8403,0.0059592828436055255,2.8321843342101394
CTT,8585,0.043833000607586145,8263,0.005859996922136434,2.903045630565508
GAG,12453,0.06358210326922194,13067,0.009266922398832965,2.7784585452820805
GAT,12873,0.06572652496464257,11979,0.008495328951987456,2.951733993216928
GCA,195857,1.0,1410069,1.0,0.0
GCG,1831,0.009348657438845689,8807,0.006245793645559189,0.5818742893481765
GCT,2550,0.013019703150768162,9727,0.006898243986641788,0.9163954933826011
GGG,28023,0.1430788789780299,21842,0.015490022119484933,3.207399610599693
GGT,23917,0.12211460402232241,18989,0.013466716876975524,3.1807656700923923
GTG,1243,0.0063464670652567945,6405,0.004542330907210923,0.48252088992506614
GTT,1827,0.009328234375079777,7412,0.00525648035663503,0.8275069167018128
TAG,11379,0.05809851064807487,9573,0.006789029473025788,3.0972239271165156
TAT,11747,0.059977432514538666,9632,0.006830871397073476,3.1342782289804854
TCG,445,0.002272065843957581,1529,0.0010843440994731464,1.0671819985945454
TCT,300,0.0015317297824433132,2711,0.0019226009507336166,-0.32789754324024045
TGG,14584,0.07446249049051093,11966,0.008486109544993898,3.133338662485769
TGT,648,0.0033085363300775564,2974,0.0021091166460648378,0.6495542349337953
TTG,13322,0.06801901387236606,8378,0.005941553214771759,3.5170260618095006
TTT,15876,0.08105914008690014,12726,0.009025090261540393,3.1669616048497122
