site_2,count_x,proportion_x,count_y,proportion_y,ratio
AAT,213,0.00045861287905538665,300,0.00048568523711153274,-0.0827447647122792
ACT,52,0.0001119618296285451,93,0.00015056242350457516,-0.42735478740917365
AGT,65,0.00013995228703568137,73,0.00011818340769713964,0.24390755970620148
ATT,464444,1.0,617684,1.0,0.0
GTT,46,9.904315697909759e-05,54,8.742334268007589e-05,0.18003875945130865
TTT,153,0.00032942615256091156,218,0.0003529312723010471,-0.09943217652651093
