site_2,count_x,proportion_x,count_y,proportion_y,ratio
AAG,1203,0.0024157887761208415,3683,0.001272081388340578,0.925303340647929
AAT,497974,1.0,2895255,1.0,0.0
ACG,756,0.001518151550080928,1278,0.0004414118963614604,1.7821183986456681
ACT,974,0.0019559254097603488,3170,0.0010948949228997101,0.8370589324271602
AGG,936,0.0018796162048621012,1509,0.0005211976147178746,1.85053572442831
AGT,1322,0.0026547570756706176,2640,0.0009118367812161624,1.5417323426334661
ATG,242,0.00048596914698357743,1371,0.00047353341933612067,0.037398476866957964
ATT,640,0.0012852076614441718,1933,0.0006676441280647128,0.9448502680477162
CAG,285,0.0005723190367368578,1674,0.0005781874135438848,-0.014717608126650461
CAT,218,0.000437773859679421,1365,0.00047146106301517484,-0.10695281565869941
CCG,355,0.000712888624707314,1693,0.0005847498752268799,0.2858570518679926
CCT,516,0.0010361986770393635,1786,0.0006168713982015401,0.7482589856736208
CGG,204,0.00040965994208532977,1513,0.0005225791855985051,-0.3512228348736528
CGT,406,0.0008153036102286464,1019,0.00035195518184063233,1.2119456763909522
CTG,621,0.001247053058995048,472,0.0001630253639144048,2.9353545042302294
CTT,368,0.0007389944053303988,1451,0.0005011648369487316,0.5602782473618593
GAG,360,0.0007229293095623467,858,0.00029634695389525273,1.2865673542017184
GAT,642,0.0012892239353861849,1744,0.0006023649039549194,1.0977932577169671
GCG,435,0.0008735395823878355,2200,0.0007598639843468019,0.20113187769565677
GCT,809,0.0016245828095442735,1461,0.000504618764150308,1.6868035249980675
GGG,1151,0.0023113656536285026,4606,0.001590878869046077,0.538921517710973
GGT,193,0.00038757043540425806,1942,0.0006707526625461315,-0.7913223527795221
GTG,654,0.001313321579038263,1174,0.0004054910534650661,1.6954782277596205
GTT,1281,0.00257242345985935,2537,0.0008762613310399256,1.5536950516492958
TAG,18794,0.03774092623309651,1609,0.0005557368867336383,6.085584018023746
TAT,648,0.001301272757212224,1355,0.0004680071358135985,1.4753209620149796
TCG,221,0.00044379827059244057,1724,0.0005954570495517666,-0.42409340432607756
TGG,613,0.0012309879632269958,1235,0.000426560009394682,1.5289960325903298
TGT,498,0.0010000522115612461,1478,0.0005104904403929879,0.9701194732935186
TTG,57,0.00011446380734737155,2096,0.0007239431414504076,-2.660984892001119
TTT,513,0.0010301742661263439,1477,0.0005101450476728302,1.0139090002138538
