site_2,count_x,proportion_x,count_y,proportion_y,ratio
AAG,194,0.00032468727928796416,635,0.0001950638703620877,0.735104275922458
AAT,517,0.0008652748628447292,2406,0.000739092396993989,0.22740375853371653
ACT,51,8.535593424580501e-05,695,0.00021349510220732432,-1.3226396102445168
AGG,451,0.0007548142420560404,1429,0.0004389705051140525,0.7819976375544222
AGT,368,0.0006159016431854166,1721,0.0005286691667608708,0.22033478941166784
ATG,55,9.205051732390736e-05,429,0.00013178330769344191,-0.5176699085800287
ATT,539,0.0009020950697742921,1560,0.00047921202797615245,0.9126153643977517
CAG,196,0.0003280345708270153,722,0.0002217891565376808,0.5646590326228953
CAT,285,0.0004769890443147927,1146,0.00035203652824401967,0.4382309956900574
CGG,261,0.0004368215458461786,1221,0.00037507556805056546,0.21986272697733789
CGT,290,0.00048535727316242064,729,0.00022393946691962507,1.1159383010828545
CTT,354,0.0005924706024120583,1179,0.0003621737057588998,0.7100617624980927
GAG,226,0.00037824394391278295,2232,0.0006856418246428027,-0.8581381340191427
GAT,4840,0.008100445524503848,7406,0.0022750283840970416,1.832116713385184
GCG,60,0.0001004187461715353,1269,0.0003898205535267548,-1.9567815428377298
GCT,371,0.0006209225804939932,1530,0.0004699964120535341,0.40176365443564777
GGG,1367,0.0022878737669414792,6267,0.0019251421662349662,0.2490424652126535
GGT,2120,0.003548129031394247,8487,0.0026070977445087217,0.44461380272801065
GTG,1823,0.0030510562378451476,6533,0.002006853960748849,0.6043731370328462
GTT,597498,1.0,3255344,1.0,0.0
TAG,4980,0.00833475593223743,4013,0.00123274222324891,2.757268801570306
TAT,527,0.0008820113205399851,1964,0.0006033156557340791,0.5478841527173799
TCG,413,0.000691215702814068,1021,0.0003136381285664434,1.140035035936501
TCT,143,0.00023933134504215914,823,0.0002528150634771625,-0.07907306824838045
TGG,264,0.0004418424831547553,1132,0.00034773590748013114,0.3455400919214284
TGT,259,0.0004334742543071274,1821,0.0005593878865029318,-0.36790270389542634
TTG,250,0.0004184114423813971,775,0.00023807007800097317,0.8135359998953433
TTT,1405,0.0023514723061834517,4003,0.001229670351274704,0.9352927301156075
