site_2,count_x,proportion_x,count_y,proportion_y,ratio
AAG,98,0.0002178862367044929,878,0.00029829134775029547,-0.4531470633012997
AAT,78,0.00017341965778520864,1789,0.0006077941015094289,-1.8093152310708103
ACG,262,0.0005825121838426238,921,0.0003129001495193874,0.8965858775649664
ACT,105,0.0002334495393262424,666,0.00022626655763291207,0.045087372713711105
AGG,590,0.001311764078118886,1948,0.0006618126940974666,0.9870134042857117
AGT,127,0.00028236277613745506,1707,0.0005799354562753467,-1.0383424341367213
ATG,441,0.000980488065170218,753,0.0002558239007471213,1.9383490130044425
ATT,681,0.0015140870122016294,3189,0.0010834295079449798,0.4828428278786596
CAG,34,7.559318416278326e-05,934,0.00031731676400771755,-2.0695956763404713
CAT,71,0.00015785635516345914,669,0.00022728577636098825,-0.5258950590179285
CCG,315,0.0007003486179787272,435,0.00014778671557104617,2.244556649770038
CCT,138,0.0003068193945430614,281,9.546682086313557e-05,1.6843183586760926
CGG,682,0.0015163103411475936,1996,0.0006781201937466854,1.1609521458057621
CTG,90,0.0002000996051367792,778,0.00026431739014775614,-0.4015530265376679
CTT,375,0.00083374835473658,1516,0.0005150451972544966,0.6949129693310017
GAG,376,0.0008359716836825442,995,0.00033804087814526653,1.3062563583654754
GAT,634,0.0014095905517413113,2237,0.0007599974315688052,0.8912097111991386
GCG,280,0.0006225321048699797,1597,0.0005425641029125534,0.19835464165258365
GCT,412,0.0009160115257372559,985,0.0003346434823850126,1.4527408349583304
GGG,1386,0.0030815339191063995,3898,0.0013243048673469838,1.218413388998174
GGT,932,0.002072142577638647,3740,0.0012706260143349718,0.7055838119981317
GTG,761,0.0016919533278787664,2852,0.0009689372708244223,0.8042145991785077
GTT,878,0.0019520828145565793,3933,0.0013361957525078725,0.5468828807112978
TAG,61783,0.137363932268507,35191,0.011955775419909623,3.522223636988727
TAT,3442,0.007652698232008822,9865,0.003351530917490507,1.1911482685481332
TCG,183,0.00040686919711145105,875,0.0002972721290222193,0.4527808536832012
TCT,199,0.00044244246024687845,1419,0.0004820904583800334,-0.12381403139805336
TGG,745,0.001656380064743339,1713,0.000581973893731499,1.509007401384375
TGT,786,0.0017475365515278716,1974,0.0006706459230741268,1.3816994499210598
TTG,385,0.0008559816441962221,2409,0.0008184326386451729,0.06471617946264452
TTT,449776,1.0,2943431,1.0,0.0
