site_2,count_x,proportion_x,count_y,proportion_y,ratio
AAG,42,6.791094611266427e-05,640,0.00039922077095768695,-2.5554707475265417
AAT,132,0.0002134344020683734,647,0.0004035872481400367,-0.9190878580519932
ACG,43,6.952787340106103e-05,49,3.056534027644791e-05,1.1856948351689507
ACT,177,0.00028619613004622797,222,0.00013847970492594767,1.0473296083149517
AGG,291,0.0004705258409234595,545,0.0003399614377686553,0.4689028478260546
AGT,229,0.0003702763490428599,1314,0.000819650145372501,-1.1464058476433259
ATG,134,0.00021666825664516692,597,0.00037239812540896736,-0.7813580062249716
ATT,488,0.0007890605167376228,907,0.000565770686341597,0.47991852161642434
CAG,195,0.0003153008212373698,395,0.00024639406957544744,0.35576139526720496
CAT,189,0.0003055992575069892,336,0.00020959090475278566,0.5440649260243724
CCT,100,0.0001616927288396768,245,0.00015282670138223954,0.0813581753542163
CGG,414,0.000669407897396262,220,0.0001372321400167049,2.2862671685567264
CGT,342,0.0005529891326316947,764,0.0004765697953307388,0.2145636114322098
CTG,204,0.0003298531668329407,244,0.00015220291892761815,1.1158279289906705
CTT,488,0.0007890605167376228,756,0.00047157953569376774,0.742634837923875
GAG,382,0.0006176662241675654,954,0.0005950884617088022,0.05372329661229713
GAT,3616,0.005846809074842713,4011,0.0025019914254863786,1.2245726361827387
GCG,243,0.00039291333108041465,383,0.00023890868011999079,0.7177518462628836
GCT,1284,0.00207613463830145,477,0.0002975442308544011,2.802723955698852
GGG,864,0.0013970251771748077,2909,0.0018145831604936115,-0.3772801543547768
GGT,1805,0.002918553755556166,3581,0.002233764969999183,0.3857762430360694
GTG,1457,0.002355863059194091,2724,0.001699183406388655,0.47141409863450257
GTT,618457,1.0,1603123,1.0,0.0
TAG,4881,0.007892222094664624,1458,0.0009094748188379807,3.1173259566488074
TAT,499,0.0008068467169099873,432,0.0002694740203964387,1.5821484277558522
TCG,160,0.0002587083661434829,411,0.0002563745888493896,0.01307343578774045
TCT,210,0.0003395547305633213,306,0.00019087743111414408,0.8309975995555323
TGG,195,0.0003153008212373698,411,0.0002563745888493896,0.29847565464998915
TGT,147,0.0002376883113943249,707,0.0004410141954173198,-0.8917541353909737
TTG,123,0.00019888205647280248,458,0.00028569236421659475,-0.5225493581756435
TTT,761,0.0012304816664699405,2202,0.0013735689650762918,-0.15870618547876347
