site_2,count_x,proportion_x,count_y,proportion_y,ratio
AAG,898,0.0018275991899950137,764,0.0002659333774235093,2.780812941239562
AAT,269,0.0005474656816354774,1085,0.00037766716558181626,0.5356531697589464
AGG,482,0.0009809608124472123,3039,0.0010578161439660273,-0.10882148875816888
AGT,1891,0.0038485412787088763,4715,0.0016411987886804274,1.2295617269214674
ATG,818,0.0016647841173896673,2455,0.000854537227192036,0.9621198582738568
ATT,3125,0.0063599637736463455,1254,0.00043649274252497474,3.864988976168937
CAG,590,0.00120076116046443,594,0.0002067597201434091,2.5379221579826012
CAT,484,0.000985031189262346,884,0.00030770301785652127,1.6786308124173264
CCG,164,0.0003337708988409602,555,0.0001931845870026802,0.7888781779147802
CCT,50,0.00010175942037834152,122,4.246580110689547e-05,1.260788986746002
CGG,388,0.0007896531021359302,1587,0.0005524034947265829,0.5154965638861082
CGT,982,0.0019985550162306275,3130,0.001089491454627728,0.875302407028876
CTG,3365,0.006848408991462385,746,0.00025966793135855754,4.721029103776606
CTT,1278,0.0026009707848704093,756,0.00026314873472797523,3.305099831260085
GAG,821,0.001670889682612368,1831,0.0006373350969403739,1.3904924705146318
GAT,521,0.0010603331603423187,2368,0.0008242542378781023,0.3633563311837218
GCG,424,0.0008629198848083362,2526,0.0008792509311149014,-0.02704833469018908
GCT,112,0.000227941101647485,1956,0.0006808451390580946,-1.578665598360466
GGG,7002,0.014250389229782947,17259,0.0060075185352779425,1.246160225357273
GGT,491355,1.0,2872900,1.0,0.0
GTG,8763,0.017834356015508136,3538,0.0012315082320999687,3.8561609453940404
GTT,4236,0.008621058094453094,7218,0.002512443872045668,1.7787735806292675
TAG,11832,0.024080349238330738,793,0.0002760277071948206,6.446899415929253
TAT,347,0.0007062103774256902,1983,0.0006902433081555223,0.03299302488357725
TCG,575,0.0011702333343509275,1215,0.0004229176093842459,1.4683476818727588
TGG,1899,0.003864822785969411,2711,0.000943645793449128,2.0340849268459493
TGT,1781,0.003624670553876525,4607,0.0016036061122907167,1.1765300530315717
TTG,3532,0.007188285455526046,1783,0.000620627240767169,3.533848774557635
TTT,4700,0.009565385515564103,3485,0.0012130599742420551,2.97917223523074
