site_2,count_x,proportion_x,count_y,proportion_y,ratio
AAG,182,0.0005635512398127275,351,0.0002357061986029539,1.2575570915440526
AAT,356,0.0011023309965567639,263,0.00017661176704437858,2.6419041133240135
ACT,101,0.00031273997374222794,492,0.00033039159462294396,-0.07921335093752724
AGG,163,0.0005047189675245857,423,0.0002840561880599701,0.8293039727610463
AGT,47,0.0001455324630285615,633,0.000425076990642934,-1.546383166100787
ATT,162,0.0005016225321409993,228,0.00015310829994721794,1.7120496603698
CAG,127,0.00039324729371547474,298,0.00020011523414153922,0.9746058379599223
CAT,47,0.0001455324630285615,302,0.00020280134466692902,-0.47872621599752385
CCG,122,0.0003777651167975427,305,0.00020481592756097135,0.8831615767625554
CGG,173,0.0005356833213604499,579,0.00038881449855017187,0.462298361297405
CGT,541,0.0016751715425202508,167,0.00011214511443502366,3.900870163002681
CTG,215,0.0006657336074710792,193,0.00012960483285005727,2.360825483971297
CTT,80,0.00024771483068691325,496,0.00033307770514833375,-0.4271785438495943
GAC,322952,1.0,1489142,1.0,0.0
GAG,539,0.0016689786717530779,860,0.0005775137629588045,1.5310382848129613
GAT,915,0.00283323837598157,984,0.0006607831892458879,2.1002030994820835
GCG,103,0.0003189328445094008,326,0.00021891800781926774,0.5428620446020602
GCT,50,0.00015482176917932077,469,0.00031494645910195267,-1.0244982510907352
GGG,525,0.0016256285763828681,2434,0.0016344982546996861,-0.007850168510325162
GGT,82,0.00025390770145408605,1354,0.0009092484128444433,-1.840370347306994
GTG,252,0.0007803017166637767,362,0.00024309300254777584,1.682523708066629
GTT,328,0.0010156308058163442,747,0.0005016311406165429,1.017677243478765
TAG,11217,0.03473271569768882,1335,0.0008964893878488418,5.275864901654327
TAT,405,0.001254056330352498,528,0.00035456658935145203,1.8224736500634506
TCG,57,0.00017649681686442568,196,0.00013161941574409963,0.4232698416994509
TCT,740,0.002291362183853947,309,0.00020750203808636114,3.4650081042618552
TGG,404,0.0012509598949689118,874,0.0005869151497976688,1.0918116849011135
TGT,318,0.00098466645198048,281,0.00018869926440863262,2.383546306713347
TTG,344,0.0010651737719537268,478,0.0003209902077840797,1.7304876183712672
TTT,145,0.0004489831306200302,697,0.0004680547590491706,-0.06001608420356952
