site_2,count_x,proportion_x,count_y,proportion_y,ratio
AAG,1846,0.013326114419779824,298,0.000264743221285355,5.653518631039251
AAT,1072,0.007738675329362931,186,0.00016524241328549002,5.5494306932053785
ACG,436,0.0031474463093304457,210,0.00018656401499974682,4.076439120966441
AGG,9167,0.06617578054502797,3546,0.003150266653281439,4.392757451106565
AGT,6598,0.04763039162606028,2659,0.0023622557899253653,4.333645314562902
ATG,203,0.00146543945136257,545,0.0004841780389279143,1.5977238113765253
ATT,521,0.0037610539613788124,197,0.00017501481407119105,4.425588056677769
CAG,2394,0.01728207904710341,390,0.00034647602785667266,5.640377437049528
CCG,1505,0.010864464898032847,490,0.00043531603499940923,4.6414101465001325
CCT,321,0.0023172712506767733,101,8.972840721416394e-05,4.690718318226146
CGG,12507,0.09028695181375203,5450,0.004841780389279143,4.220907956833532
CGT,10552,0.0761739758166396,4781,0.004247440741494236,4.164632472759488
CTG,1206,0.008706009745533297,322,0.00028606482299961176,4.927597627641106
CTT,1227,0.008857606930157011,96,8.528640685702711e-05,6.698457346797386
GAG,10833,0.07820249052517596,3574,0.003175141855281405,4.622321600483944
GAT,12895,0.09308789027251399,3211,0.0028526526293532715,5.0282175168064445
GCG,690,0.004981050351922036,2119,0.001882519751354588,1.4037849931490003
GCT,1042,0.007522107922757625,1879,0.0016693037342120202,2.1718905247140903
GGG,1795,0.012957949828550802,14735,0.013090575052482234,-0.014690997445311105
GGT,138525,1.0,1125619,1.0,0.0
GTG,16470,0.11889550622631294,3102,0.0027558170215676884,5.431070277433264
GTT,14659,0.10582205378090598,5108,0.004537947564850984,4.543456573514588
TAG,2124,0.015332972387655658,1020,0.0009061680728559131,4.080714927800933
TAT,922,0.0066558382963364015,499,0.0004433116356422555,3.908227248947715
TCG,219,0.001580942068218733,71,6.307640507134297e-05,4.64754025395213
TCT,356,0.00256993322504963,161,0.00014303241149980588,4.167316866707418
TGG,13260,0.0957227937195452,6910,0.006138844493563098,3.9628234735799666
TGT,11353,0.08195632557300127,5441,0.004833784788636297,4.083630156560089
TTG,3320,0.023966792997653853,617,0.0005481428440706847,5.450341160940506
TTT,2223,0.016047644829453166,413,0.00036690922949950204,5.450794575463182
