site_2,count_x,proportion_x,count_y,proportion_y,ratio
AAG,2654,0.004302713919782109,1031,0.0006443685563144369,2.739288920390986
AAT,1479,0.002397782173081288,388,0.00024249757502424975,3.3056583773008406
ACG,220,0.0003566680717227068,428,0.0002674973250267497,0.415057609512413
AGG,3735,0.006055251126746863,1719,0.0010743642563574363,2.49470358058744
AGT,3274,0.0053078693946370095,835,0.000521869781302187,3.3463711015016395
ATG,130,0.0002107584060179631,77,4.812451875481245e-05,2.1307461547224538
CAG,2374,0.003848772737589572,1148,0.0007174928250717493,2.4233621753551198
CAT,779,0.0012629292175999481,669,0.0004181208187918121,1.5947819998091077
CCG,1630,0.002642586167763691,498,0.0003112468875311247,3.0858191994392605
CCT,976,0.0015823092636425538,240,0.00014999850001499985,3.3990116243432684
CGG,3323,0.005387309101520703,834,0.0005212447875521245,3.3695318866362687
CGT,2299,0.003727181349502286,598,0.00037374626253737465,3.3179539589089746
CTG,940,0.0015239453973606562,1357,0.0008481165188348117,0.845476823535046
CTT,429,0.0006955027398592782,1081,0.0006756182438175619,0.04184791215379491
GAG,6402,0.010379040887130767,1164,0.0007274927250727493,3.8345965010261978
GAT,2392,0.003877954670730521,1019,0.0006368686313136868,2.606228220421192
GCG,813,0.0013180506468661846,590,0.0003687463125368746,1.8377052802147258
GCT,86,0.00013942479167342175,378,0.00023624763752362477,-0.7608127871300745
GGG,8100,0.013131869913426932,3385,0.0021156038439615605,2.633930956585891
GGT,4231,0.006859375506630783,2097,0.0013106118938810611,2.387836706648658
GTG,272,0.00044097143412989205,588,0.0003674963250367496,0.2629553788028751
GTT,162,0.0002626373982685386,370,0.00023124768752312477,0.1836334247572129
TAG,3772,0.006115236211536591,1299,0.0008118668813311867,2.913093127616116
TAT,2144,0.003475892480788561,1036,0.0006474935250647493,2.4244457851601187
TCG,1856,0.003008981550533381,879,0.000549369506304937,2.4534265223730696
TCT,922,0.0014947634642197075,450,0.00028124718752812474,2.4100066316012025
TGG,4475,0.007254952822541422,1415,0.0008843661563384366,3.036250511708637
TTA,616820,1.0,1600016,1.0,0.0
TTG,427,0.0006922603028436173,756,0.00047249527504724954,0.551014717788318
TTT,481,0.0007798061022664635,845,0.0005281197188028119,0.5622504349893962
