site_2,count_x,proportion_x,count_y,proportion_y,ratio
TCA,127005,1.0,504279,1.0,0.0
TCG,1899,0.014952167237510335,5127,0.01016699089194672,0.5564618603662881
TCT,1252,0.009857879611038935,4629,0.009179442332518307,0.10287085225481274
