site_2,count_x,proportion_x,count_y,proportion_y,ratio
AAG,50,0.00018763838330768942,789,0.0008354227726294747,-2.154551494445112
AAT,357,0.0013397380568169026,561,0.0005940078269266606,1.1733971092139281
ACG,429,0.0016099373287799753,706,0.0007475392616938012,1.106783270021987
ACT,59,0.0002214132923030735,374,0.00039600521795110714,-0.838777604732174
AGG,550,0.0020640222163845834,1289,0.001364841513205821,0.5967250658439909
AGT,211,0.0007918339775584494,1120,0.001185897978891016,-0.5827100224441608
ATG,248,0.0009306863812061395,210,0.0002223558710420655,2.0654245985143724
ATT,179,0.0006717454122415281,635,0.00067236180053196,-0.0013231986016517538
CAG,159,0.0005966900589184523,821,0.0008693055720263609,-0.5428816506998277
CAT,246,0.0009231808458738319,837,0.0008862469717248039,0.058904498582515785
CCG,352,0.0013209742184861334,766,0.0008110695105629627,0.703704842505962
CGG,230,0.0008631365632153713,1156,0.001224016128212513,-0.5039618257626834
CGT,323,0.0012121439561676736,1112,0.0011774272790417944,0.041923087764038414
CTT,340,0.001275941006492288,595,0.0006300083012858522,1.018118883736017
GAC,266470,1.0,944432,1.0,0.0
GAG,980,0.003677712312830713,1861,0.0019704965524251616,0.9002494047370391
GAT,862,0.0032348857282245656,2470,0.0026153285784471514,0.3067225384106802
GCG,351,0.0013172214508199798,721,0.0007634218239110915,0.7869455768573594
GCT,312,0.001170863511839982,349,0.0003695342809222898,1.6637927984462166
GGG,583,0.0021878635493676585,2497,0.002643917190438274,-0.2731542269340945
GGT,385,0.0014448155514692085,1871,0.001981084927236688,-0.4554054018648994
GTG,482,0.001808834015086126,1701,0.0018010825554407306,0.006195716360197778
GTT,344,0.0012909520771569032,1599,0.001693081132363156,-0.39121566298461374
TAG,16788,0.0630014635793898,2163,0.0022902654717332745,4.781798603717553
TCG,71,0.000266446504296919,600,0.0006353024886916157,-1.2535977651975774
TCT,75,0.00028145757496153415,319,0.000337769156487709,-0.263120117475367
TGG,155,0.0005816789882538372,1301,0.0013775475629796534,-1.2438070356499367
TGT,312,0.001170863511839982,1374,0.0014548426991038,-0.31329026416223016
TTG,315,0.0011821218148384434,899,0.0009518948955562709,0.31250451866645257
TTT,130,0.0004878597965999925,778,0.000823775560336795,-0.7557847261641175
