site_2,count_x,proportion_x,count_y,proportion_y,ratio
AAG,7682,0.01235479258841107,3292,0.0020491446128411404,2.5919770836270244
AAT,621783,1.0,1606524,1.0,0.0
ACG,3345,0.005379690342129006,829,0.0005160209246796189,3.3820216595506576
ACT,3037,0.0048843406783395495,1213,0.0007550462987169815,2.6935268135645334
AGG,6007,0.009660926722023599,1994,0.00124118905164193,2.9604387096458593
AGT,8991,0.014460028659516263,2623,0.0016327175940104226,3.1467232324873313
ATG,5690,0.009151102555071464,2174,0.0013532321957219439,2.7575361676842194
ATT,5558,0.008938809842018839,2620,0.0016308502082757557,2.4544584782933336
CAG,3944,0.006343048941511749,1231,0.0007662506131249829,3.049288245411039
CAT,4647,0.007473668466329893,1760,0.0010955329643379122,2.7701836715036503
CCG,2685,0.004318226776865884,1340,0.0008340989614845467,2.372148543045224
CCT,1899,0.0030541201673252565,698,0.0004344784142658311,2.8134004194574302
CGG,4769,0.007669878398090652,1561,0.0009716630439383415,2.9806757009340323
CGT,4253,0.006840006883430393,1766,0.001099267735807246,2.6374549674948815
CTG,3200,0.005146490013396957,1257,0.0007824346228254293,2.717546710871802
CTT,3098,0.0049824456442199285,1144,0.000712096426819643,2.8067095475287624
GAG,5546,0.0089195105044686,2557,0.0015916351078477508,2.4864549113154144
GAT,8940,0.014378006474927749,3022,0.0018810798967211196,2.9342306264234352
GCG,4575,0.007357872441028462,1982,0.0012337195087032625,2.576274236389863
GCT,3170,0.00509824166952136,1339,0.0008334764995729911,2.6127863352200436
GGG,2581,0.004150965851430483,3509,0.0021842188476487124,0.9263296492093875
GGT,2267,0.0036459665188659065,3088,0.0019221623828837913,0.9235710939902901
GTG,6212,0.009990623738506843,2145,0.0013351808002868303,2.9035396375179783
GTT,6130,0.009858744931913545,2358,0.00146776518744818,2.7477828111159646
NAT,36,5.789801265071576e-05,46,2.8633247931559067e-05,1.0158225009028836
TAG,6287,0.010111244598195833,2815,0.0017522302810291039,2.5286962963284507
TAT,9081,0.014604773691143052,4792,0.002982837480174588,2.291682723277469
TCG,4248,0.0068319654927844605,963,0.0005994308208280736,3.5106355184782787
TCT,3517,0.005656314180349093,930,0.0005788895777467377,3.288502169147498
TGG,5785,0.009303888977344186,2436,0.0015163172165495193,2.617262281606105
TGT,5964,0.009591770762468579,2726,0.0016968311709006526,2.498954150995817
TTG,4627,0.007441502903746162,1990,0.0012386992039957075,2.5867681236518694
TTT,4345,0.006987968471315556,2386,0.0014851941209717378,2.234221589524118
