site_2,count_x,proportion_x,count_y,proportion_y,ratio
ATT,195,0.00042240615543246807,169,0.00035876533774890673,0.23559034779166588
CTT,153,0.0003314263681085519,129,0.0002738504649089288,0.2753000575936362
GTT,34,7.365030402412264e-05,33,7.005477009298179e-05,0.07220819221612551
TAT,190,0.0004115752283700971,200,0.0004245743641998896,-0.04486111111953939
TCT,40,8.664741649896781e-05,59,0.00012524943743896745,-0.53157548415024
TGT,202,0.0004375694533197875,188,0.00039909990234789625,0.13276210139839684
TTT,461641,1.0,471060,1.0,0.0
