site_2,count_x,proportion_x,count_y,proportion_y,ratio
AAG,152,0.0004049618483311309,1306,0.0009322265581781467,-1.2028946170236363
ACG,344,0.0009164926041178226,998,0.000712375271869671,0.363485800444046
ACT,323,0.0008605439277036532,430,0.00030693523737871596,1.487314556183673
AGG,2833,0.007547742870540091,8361,0.005968105859821963,0.3387721496323417
AGT,960,0.0025576537789334585,2713,0.0019365472069964103,0.40133431440585987
ATG,79,0.0002104735922247325,948,0.000676685127988425,-1.6848454496419478
ATT,890,0.002371158190886227,1465,0.001045721215720509,1.1810936276233566
CAG,361,0.0009617843897864359,727,0.0005189346920333175,0.8901605240467845
CAT,874,0.0023285306279040028,1817,0.0012969798286444811,0.8442638163456913
CCG,381,0.0010150688435142162,1216,0.0008679842991919038,0.2258367251289446
CCT,494,0.0013161260070761755,1073,0.0007659104876915401,0.7810499219073641
CGG,1072,0.0028560467198090285,2839,0.0020264863695771502,0.4950391078125893
CGT,375344,1.0,1400947,1.0,0.0
CTG,310,0.0008259090327805959,972,0.0006938163970514231,0.2514289527476645
CTT,1081,0.0028800247239865297,1557,0.0011113910804620018,1.3737146297348222
GAG,645,0.0017184236327209173,1369,0.0009771961394685167,0.8143656701319255
GAT,893,0.002379150858945394,1187,0.0008472840157407811,1.4895291965585251
GCG,397,0.0010576964064964406,2906,0.00207431116237802,-0.9717067394106742
GCT,560,0.0014919647043778507,1284,0.0009165228948703984,0.7029705809018711
GGG,1775,0.004728995268340509,6678,0.0047667756167792215,-0.0114800177044998
GGT,1771,0.004718338377594953,4695,0.0033513045104490036,0.4935561052899855
GTG,1751,0.004665053923867173,3025,0.0021592537048153856,1.1113609924634469
GTT,179,0.0004768958608636344,1358,0.0009693443078146425,-1.023334935901266
TAG,30454,0.08113623769129119,2550,0.001820197337943548,5.4781796311573485
TAT,420,0.001118973528283388,744,0.0005310693409529411,1.0752037576372988
TCG,314,0.000836565923526152,884,0.00063100174382043,0.40683524057940446
TCT,119,0.00031704249968029325,274,0.00019558198846922833,0.6969027314266256
TGG,1538,0.0040975744916663115,2335,0.00166672971925419,1.2977500044440111
TGT,1227,0.0032690012361993263,3448,0.0024611923220507273,0.40949252565301464
TTG,855,0.0022779103968626115,1414,0.0010093172689616381,1.1743312560430699
TTT,150,0.00039963340295835287,643,0.0004589752503128241,-0.19973918575285943
