site_2,count_x,proportion_x,count_y,proportion_y,ratio
AAG,1172,0.010054389787759724,2905,0.003297782369067823,1.608257426424057
ACG,116566,1.0,880895,1.0,0.0
ACT,332,0.0028481718511401267,1190,0.0013508988017868191,1.0761165934453203
AGG,231,0.0019817099325703893,3282,0.003725756191146504,-0.9107874618039542
AGT,336,0.002882487174647839,1083,0.0012294314305337185,1.2293229154641345
ATG,192,0.0016471355283701936,1679,0.0019060160405042598,-0.21060099392217424
CAG,46,0.00039462622033869225,1720,0.0019525596126666628,-2.3068078732387463
CCG,617,0.005293138651064633,1181,0.001340681920092633,1.9811564500459609
CGT,3382,0.029013606025770806,1176,0.0013350058747069742,4.44181161986732
CTG,48,0.0004117838820925484,523,0.0005937143473399213,-0.5278816152320847
CTT,439,0.0037661067549714326,122,0.00013849550741007726,4.765162812266171
GAG,3572,0.030643583892387145,5740,0.006516100102736421,2.233504363851873
GAT,122,0.0010466173669852273,797,0.0009047616344740292,0.21012444386611584
GCG,2660,0.022819690132628724,6572,0.007460594054910063,1.6129167857321782
GGG,3460,0.0296827548341712,10551,0.011977590972817418,1.3092872224713243
GGT,115,0.0009865655508467307,1188,0.0013486283836325556,-0.4510060495626895
GTG,3088,0.02649142974795395,3463,0.003931229034107356,2.752473385364552
GTT,66,0.000566202837877254,425,0.0004824638577810068,0.23089810862708937
TAG,204308,1.7527237788034247,38295,0.043472831608761545,5.3333407728778415
TAT,71,0.0006090969922618946,374,0.000424568194847286,0.520675679910747
TCG,215,0.0018444486385395399,3664,0.0041594060586108445,-1.1731879182137828
TGG,164,0.0014069282638162072,4372,0.004963134085220145,-1.8187026607601204
TGT,663,0.005687764871403325,1118,0.0012691637482333308,2.1639836075630985
TTG,890,0.007635159480466002,1478,0.0016778390160007719,2.186053992001309
