site_2,count_x,proportion_x,count_y,proportion_y,ratio
AAG,5754,0.011657283168252644,3646,0.0016877582441389054,2.788051423874382
AAT,2737,0.005545009390251561,718,0.00033236709251007515,4.060340449716134
ACG,1987,0.004025551208779632,3051,0.0014123286897607791,1.511110456845243
ACT,1588,0.0032171994562365655,1035,0.0004791085525737156,2.7473809089304986
AGG,9729,0.01971041153005387,3823,0.001769692750231222,3.4773870885165428
AGT,6739,0.013652838246585778,968,0.0004480937960302963,4.929256337378895
ATG,493597,1.0,2160262,1.0,0.0
ATT,2363,0.004787306243757559,3799,0.0017585829866932808,1.444800681483053
CAG,149,0.00030186569205242335,1439,0.000666122905462393,-1.141881592103907
CAT,3822,0.0077431588927809525,2525,0.0011688397055542336,2.7278451546251663
CCG,3552,0.007196153947451058,484,0.00022404689801514815,5.005353393249741
CCT,2838,0.005749629758689781,533,0.0002467293319051115,4.542467915475604
CGG,8124,0.01645877102170394,1779,0.0008235112222498938,4.320924493203222
CGT,6248,0.012658099623782153,511,0.00023654538199533205,5.741800021378587
CTG,177,0.0003585921308273754,112,5.184556317705908e-05,2.790051392199622
CTT,260,0.0005267455029102689,716,0.0003314412788819134,0.6683527999384271
GAG,8807,0.017842490938964378,2235,0.0010345967294707772,4.108176598654301
GAT,5044,0.010218862756459217,1489,0.0006892682461664372,3.8900252859203484
GCG,700,0.001418160969373801,1234,0.0005712270085758116,1.3118851968571406
GCT,632,0.0012803967609203459,1174,0.0005434525997309585,1.2363648192412793
GGG,12287,0.024892776900994132,4364,0.0020201253366489806,3.6232104669712344
GGT,8112,0.01643445969080039,2942,0.0013618718470259626,3.5930611699227386
GTG,927,0.001878050312299305,3992,0.0018479240018108914,0.023330287462499655
GTT,264,0.0005348492798781192,541,0.00025043258641775857,1.0947100997058659
TAT,4640,0.009400381282706337,659,0.00030505559047930297,4.945575199181112
TCG,3210,0.006503281016699858,1579,0.0007309298594337169,3.153362890323657
TCT,2608,0.00528366258303839,806,0.000373102892149193,3.8238928898773388
TGG,11646,0.023594146641896123,1539,0.0007124135868704814,5.0495701512808395
TGT,639,0.001294578370614084,1191,0.0005513220155703336,1.2315151872571093
TTG,765,0.001549847345101368,1815,0.0008401758675568057,0.8833628688711315
TTT,3067,0.006213570990099211,990,0.0004582777459400758,3.7611285004742765
