site_2,count_x,proportion_x,count_y,proportion_y,ratio
AAG,7479,0.0139856347578273,4172,0.0018148812431675507,2.9459986804464346
AAT,7835,0.014651350224304973,2188,0.0009518121188999523,3.9442129913209287
ACG,7612,0.014234343064123734,8170,0.0035540699320898584,2.0018319379945186
ACT,7679,0.014359632210904643,5799,0.00252265012682853,2.509006764281949
AGG,16408,0.030682751050465345,11554,0.005026159607755964,2.60989945189327
AGT,11121,0.020796128378365742,7870,0.00342356552821875,2.602743434899007
ATG,7573,0.014161413560773651,735,0.00031973578948421615,5.468941228401793
ATT,6224,0.011638800739766962,9880,0.004297945034155178,1.4372234732676947
CAG,7139,0.013349839087595813,6077,0.0026435842077490905,2.3362551648449195
CAT,5996,0.011212443643258789,6641,0.0028889324870267747,1.9564923394768865
CCG,6049,0.011311552968324286,3815,0.0016595810025609313,2.768906058380966
CCT,3737,0.006988142410750183,1899,0.0008260928765041176,3.0805331129847904
CGG,15478,0.028943662893655693,10343,0.004499356830796255,2.685456817645356
CGT,10767,0.020134152886418843,9019,0.003923397395045096,2.3594693980326022
CTG,5222,0.009765073499849466,7404,0.003220848687538961,1.6001900171958114
CTT,5099,0.0095350650662069,3577,0.0015560475088231853,2.615356674386878
GAG,12233,0.02287555421747578,18364,0.00798860957563013,1.5177903689108065
GAT,534763,1.0,2298773,1.0,0.0
GCG,12470,0.023318741199372432,2272,0.0009883533519838626,4.560319179965894
GCT,7881,0.014737369638512762,11215,0.004878689631381611,1.5949134406346968
GGG,32343,0.060480998124402774,26558,0.011553119860029677,2.3881994521473127
GGT,24321,0.045479960281470486,23336,0.01015150256245397,2.163537712308889
GTG,15532,0.029044642205986577,14325,0.006231585284845437,2.2206009281303922
GTT,13345,0.024954980056585814,11995,0.0052180010814464935,2.257758602602075
TAG,12626,0.02361045921277276,9777,0.00425313852215943,2.472826353056811
TAT,7035,0.013155360411995594,6559,0.002853261283302005,2.2049670031606485
TCG,8538,0.01596595127187184,3897,0.0016952522062857012,3.235426685832145
TCT,4636,0.008669260962332847,4293,0.0018675180193955645,2.214786848312192
TGG,13422,0.02509896907602059,4306,0.0018731732102299792,3.744071892366585
TGT,11934,0.022316428025125148,5123,0.002228580203438965,3.323909339853879
TTG,7926,0.014821519065455164,3183,0.0013846517250724626,3.4200982650856053
TTT,7903,0.01477850935835127,5868,0.0025526661397188848,2.533423991910759
