site_2,count_x,proportion_x,count_y,proportion_y,ratio
AAG,419,0.0007283561748611082,619,0.0004931143236566618,0.5627219581759295
AAT,466,0.0008100572255018531,502,0.0003999085468104107,1.018353714394351
ACG,245,0.00042588845546771245,576,0.00045885920908923615,-0.1075759387488997
AGG,1117,0.001941703692887489,463,0.00036883995452832697,2.3962562109139203
AGT,722,0.0012550672034599526,2899,0.002309432026301555,-0.8797734674833837
ATG,517,0.0008987115570481932,413,0.000329008425961553,1.449733622586331
ATT,1071,0.001861740962473143,621,0.0004947075847993327,1.912004430220616
CAG,737,0.001281142006855935,632,0.000503470521084023,1.3474511846088078
CAT,306,0.0005319259892780408,618,0.0004923176930853263,0.1116359384791199
CCG,1330,0.002311965901110439,718,0.0005719807502188743,2.0150816202563426
CGG,809,0.0014063010631566505,1300,0.0010356197427361232,0.44141110820500273
CGT,477,0.0008291787479922402,852,0.0006787292467778285,0.288846959470515
CTG,137,0.0002381498710166392,1583,0.001261066194424064,-2.4047023334858135
CTT,398,0.0006918514501067329,1604,0.0012777954364221091,-0.8851226822204303
GAG,1085,0.0018860774456427266,1716,0.0013670180604116828,0.46435661352313673
GAT,2135,0.003711313683361494,2195,0.0017486041040813774,1.0857262537759738
GCG,822,0.0014288992260998352,2397,0.0019095234794911443,-0.418308486276608
GCT,1464,0.0025449008114478817,1496,0.0011917593347178772,1.0945165020872487
GGG,3988,0.0069324210628785195,5049,0.0040221877546728355,0.7853788560379336
GGT,3351,0.005825111078662467,4081,0.0032510493616200917,0.8413800996372132
GTG,1897,0.0032975934694785733,3142,0.0025030132551360764,0.3977476218081204
GTT,575268,1.0,1255287,1.0,0.0
TAG,3575,0.006214494809375804,704,0.0005608279222201776,3.4700070316066585
TAT,386,0.0006709916073899469,706,0.0005624211833628485,0.2546437876877423
TCG,363,0.0006310102421827739,457,0.00036406017110031413,0.7934865066285237
TGG,1298,0.0022563396538656764,2315,0.0018441997726416348,0.2909893135423811
TGT,1048,0.00182175959726597,158,0.00012586763027100576,3.8553533770511894
TTG,693,0.0012046559168943866,465,0.00037043321567099797,1.701335759832661
TTT,3506,0.006094550713754285,3192,0.0025428447837028503,1.2610764682280342
