site_2,count_x,proportion_x,count_y,proportion_y,ratio
AAG,5154,0.009030887949704577,1293,0.0010359755115579774,3.1238779447682195
AAT,7224,0.0126579616896907,3285,0.002632002749781868,2.26581220499002
ACT,2849,0.004992044968705538,1059,0.0008484903841762553,2.55666071505037
AGG,11441,0.020047029303952284,2855,0.0022874787977556267,3.131558188329306
AGT,7512,0.013162598036123551,2475,0.0019830157703835992,2.730676220518294
ATG,10350,0.018135368699930612,1533,0.0012282679498982051,3.8841088483341277
ATT,6854,0.012009644161287383,1087,0.0008709245019826151,3.7855019342107195
CAT,5514,0.009661683382745642,121,9.69474376631982e-05,6.638927997454451
CCT,1799,0.003152224955669099,572,0.00045829697804420966,2.7820158171919473
CGG,8373,0.014671250446813432,5472,0.004384267594157195,1.7425840776201795
CGT,3933,0.006891440105973633,2450,0.001962985308056492,1.8117561197718315
CTG,4033,0.007066661059596151,1956,0.0015671833724728568,2.1728547181724966
CTT,3344,0.005859388689137002,2642,0.0021168192587286746,1.4688520635529096
GAA,570708,1.0,1248099,1.0,0.0
GAG,1572,0.002754473390945983,2672,0.002140855813521203,0.3635888925034081
GAT,8303,0.01454859577927767,1753,0.0014045360183767475,3.3727143849035004
GCG,9176,0.016078274704402252,1637,0.0013115946731789706,3.615718752260526
GCT,5205,0.009120250636052062,522,0.0004182360533899955,4.44668413433575
GGG,63710,0.11163326955290621,12649,0.01013461271902309,3.461404186790214
GGT,25886,0.045357696054725005,8084,0.006477050298093341,2.8079385078009187
GTG,15209,0.02664935483644876,5082,0.004071792381854324,2.7103647004141873
GTT,7948,0.01392656139391773,2868,0.0022978946381657225,2.5994545312666197
TAG,5938,0.010404620226105119,911,0.0007299100471997815,3.8333618169034596
TAT,6411,0.01123341533673963,526,0.0004214409273623326,4.736322386807519
TCG,4177,0.007318979232812576,947,0.0007587539129508156,3.269938495413263
TCT,4277,0.007494200186435094,668,0.0005352139533803008,3.807586882121135
TGG,20683,0.036240949837745395,2575,0.0020631376196920278,4.1347088042330515
TGT,10212,0.01789356378393154,2194,0.001757873373826916,3.3475376947227806
TTG,10817,0.018953650553347773,3201,0.0025647003963627886,2.885613536556084
TTT,7801,0.01366898659209263,2113,0.001692974675887089,3.013273988468111
