site_2,count_x,proportion_x,count_y,proportion_y,ratio
AAG,66,0.0001293169322888705,520,0.00033728256625332255,-1.38304656028245
AAT,540,0.0010580476278180314,837,0.0005428952076039057,0.9626589178880387
ACG,658,0.0012892506279708607,446,0.0002892846625941959,2.1559710072024885
ACT,477,0.0009346087379059278,731,0.0004741414537138054,0.9790449934406258
AGG,385,0.000754348771685078,586,0.0003800915073547058,0.9888849145475653
AGT,726,0.0014224862551775756,443,0.0002873388016350421,2.307589982828283
ATG,258,0.0005055116444019484,800,0.0005188962557743424,-0.037701800963919396
ATT,165,0.0003232923307221763,785,0.0005091669509785735,-0.6552994961456236
CAG,315,0.0006171944495605183,1127,0.0007309951003221048,-0.2441366483973919
CAT,569,0.0011148687041267777,605,0.00039241529342934643,1.5064206435321772
CCG,681,0.001334315619526073,601,0.0003898208121504747,1.775216940688436
CCT,1020,0.001998534408100726,218,0.0001413992296985083,3.821096245469482
CGG,387,0.0007582674666029226,871,0.0005649482984743153,0.42458798093309724
CGT,282,0.0005525359834160831,371,0.0002406381386153513,1.1992031091655395
CTG,95,0.00018613800859761665,215,0.00013945336873935453,0.4165898921290392
CTT,89,0.00017438192384408298,388,0.0002516646840505561,-0.5292522778331801
GAG,497,0.0009737956870843734,419,0.00027177191396181186,1.8412227412504851
GAT,878,0.0017203070689337623,1137,0.0007374813035192842,1.2219877240306598
GCG,49,9.600802548719175e-05,824,0.0005344631434475727,-2.476863549680459
GCT,907,0.0017771281452425083,365,0.0002367464166970437,2.9081332201486934
GGG,1234,0.002417834764310094,1834,0.00118956966636268,1.0232758889419156
GGT,1051,0.0020592741793273167,1666,0.001080601452650068,0.9303014019841811
GTA,510374,1.0,1541734,1.0,0.0
GTG,1758,0.003444532832785369,1693,0.0010981142012824522,1.6492802306353127
GTT,1954,0.003828564934734136,1838,0.0011921641476415517,1.6832208340669013
TAG,8953,0.017542037799731177,2077,0.0013471844040541365,3.702797103482145
TAT,628,0.0012304702042031921,706,0.0004579259457208572,1.4260235090079973
TCG,375,0.0007347552970958552,107,6.94023742098183e-05,3.4042069323696467
TCT,260,0.0005094303393197929,699,0.0004533856034828317,0.1681463010405686
TGG,747,0.0014636325518149436,941,0.0006103517208545702,1.2618406534482514
TGT,416,0.0008150885429116687,516,0.00033468808497445085,1.2841395961053887
TTG,500,0.0009796737294611403,449,0.00029123052355334967,1.7501397833084908
TTT,389,0.0007621861615207671,734,0.00047608731467295917,0.6789172255305296
