site_2,count_x,proportion_x,count_y,proportion_y,ratio
AAG,154,0.0008231112536411983,202,0.00025378797396788703,1.6974637348090145
AAT,195,0.0010422512627274914,254,0.00031911953162298666,1.707534303843353
ACG,65,0.00034741708757583047,61,7.663894263386687e-05,2.1805191523314758
ACT,100,0.0005344878270397391,78,9.799733648264945e-05,2.4473426477783846
AGG,112,0.0005986263662845078,313,0.0003932457220393497,0.6062247519908937
AGT,157,0.0008391458884523905,209,0.00026258260672915046,1.6761502936766526
ATG,105,0.0005612122183917261,112,0.0001407141241802146,1.9957792724744277
ATT,592,0.003164167936075256,1060,0.0013317586752770309,1.248493493044295
CAG,198,0.0010582858975386835,186,0.00023368595622785636,2.1790864858374874
CAT,1452,0.007760763248617013,1937,0.0024336005226524614,1.673106176258404
CCG,169,0.0009032844276971592,169,0.0002123275623790738,2.088888676865908
CCT,178,0.0009513883321307357,375,0.00047114104078196847,1.0138753224490635
CGG,306,0.0016355327507416018,598,0.0007513129130336457,1.1222748453604545
CGT,310,0.0016569122638231913,749,0.0009410257054551851,0.8161911736813945
CTG,482,0.002576231326331543,868,0.001090534462396663,1.2402267806513887
CTT,187095,1.0,795940,1.0,0.0
GAG,236,0.0012613912718137845,118,0.0001482523808327261,3.0888886768659063
GAT,136,0.0007269034447740453,162,0.00020353292961781039,1.8365015152316229
GCG,140,0.0007482829578556348,323,0.00040580948312686884,0.882781339116951
GCT,116,0.0006200058793660975,101,0.00012689398698394351,2.2886581892416853
GGG,345,0.0018439830032871002,564,0.0007085961253360806,1.3797898761326461
GGT,187,0.0009994922365643122,430,0.0005402417267633239,0.887590287164084
GTG,148,0.000791041984018814,236,0.0002965047616654522,1.4156989931330148
GTT,329,0.001758464950960742,363,0.0004560645274769455,1.9470067126053987
TAG,3087,0.016499639220716747,800,0.0010051008870015329,4.037022254706308
TAT,185,0.0009888024800235175,34,4.271678769756514e-05,4.532807296131882
TCG,90,0.00048103904433576526,103,0.00012940673920144735,1.8942412460123652
TGG,106,0.0005665570966621235,204,0.00025630072618539084,1.1443837894576117
TGT,190,0.0010155268713755044,371,0.00046611553634696084,1.1234689085760525
TTG,125,0.000668109783799674,166,0.00020855843405281804,1.6796335301810696
TTT,240,0.001282770784895374,264,0.00033168329271050583,1.9513851531159734
