site_2,count_x,proportion_x,count_y,proportion_y,ratio
AAG,1332,0.004937173357055487,2084,0.002103964519323864,1.2305749271355335
AAT,1371,0.005081730234626932,1005,0.0010146278032248002,2.3243691920557135
ACG,258,0.000956299343934171,992,0.0010015032644766187,-0.06663293262084125
ACT,976,0.0036176285258905073,512,0.0005169049106976097,2.8070734599056646
AGG,532,0.001971904073538678,1492,0.001506293216329753,0.38858673758872975
AGT,648,0.0024018681196486154,1326,0.0013387029523145124,0.8433210651148162
ATG,848,0.003143185440527818,795,0.0008026160234464837,1.96944552673426
ATT,1768,0.006553245116572149,1015,0.0010247236022618627,2.6769746696616723
CAG,269790,1.0,990511,1.0,0.0
CAT,1088,0.004032766225582861,2379,0.0024017905909172136,0.7476594071679834
CCG,2470,0.00915526891285815,2782,0.00280865129211084,1.7047247442725801
CCT,1951,0.007231550465176619,1311,0.0013235592537589184,2.4498822147300503
CGG,626,0.0023203232143519034,1962,0.001980795771071699,0.2282456430561588
CGT,412,0.0015271136810111568,507,0.0005118570111790783,1.5769947125226569
CTG,439,0.0016271915193298491,882,0.000890449475068929,0.8697784063206164
CTT,363,0.0013454909373957524,840,0.0008480471191132658,0.6659163426724071
GAG,534,0.00197931724674747,1112,0.001122652852921371,0.8180909813068258
GAT,622,0.0023054968679343192,1406,0.001419469344611014,0.699726013400845
GCG,666,0.0024685866785277436,2047,0.0020666100628867323,0.25641910239063037
GCT,283,0.0010489640090440714,691,0.0006976197134610317,0.5884524647864033
GGG,1460,0.005411616442418177,4138,0.00417764164153654,0.3733708462501495
GGT,589,0.002183179509989251,1864,0.001881856940508485,0.21427380151896003
GTG,496,0.0018384669557804218,1449,0.0014628812804703835,0.3296905531727248
GTT,372,0.0013788502168353165,725,0.0007319454301870449,0.9136577485485144
TAG,8898,0.03298120760591571,3579,0.003613286475364736,3.1902606771021818
TAT,315,0.0011675747803847436,877,0.0008854015755503978,0.39911110828532337
TCG,188,0.0006968382816264502,592,0.0005976713029941112,0.22147160839146807
TCT,242,0.0008969939582638348,460,0.00046440675570488365,0.9497093086729986
TGG,607,0.002249898068868379,1081,0.0010913558759064765,1.0437380208638114
TGT,287,0.0010637903554616553,1160,0.0011711126882992717,-0.1386660409964673
TTG,754,0.0027947662997145927,759,0.000766271146913058,1.8668007601959768
TTT,277,0.0010267244894176953,787,0.0007945393842168335,0.3698584628844799
