site_2,count_x,proportion_x,count_y,proportion_y,ratio
AAG,368,0.0013766684623211828,880,0.0008956469522559108,0.6201790974066821
AAT,786,0.002940384270066439,1540,0.0015673821664478438,0.9076477215506724
ACG,206,0.0007706350631471839,888,0.000903789197276419,-0.22993848429255692
ACT,399,0.0014926378164841084,732,0.0007450154193765076,1.0025219528126321
AGG,372,0.0013916322499551085,1697,0.0017271737249753187,-0.31163518356030195
AGT,641,0.0023979469683366255,1452,0.0014778174712222528,0.6983316634973207
ATG,311,0.0011634344885377388,1058,0.00107681190396222,0.11162371289090522
ATT,267312,1.0,982530,1.0,0.0
CAG,566,0.002117375950200515,768,0.0007816555219687948,1.4376725969850561
CAT,298,0.0011148021787274795,1024,0.0010422073626250598,0.09714537533649015
CCG,596,0.002229604357454959,1028,0.001046278485135314,1.0915208261426113
CCT,322,0.0012045849045310348,675,0.0006870019236053861,0.8101500410507523
CGG,677,0.0025326210570419585,1227,0.0012488168300204573,1.020069344786421
CGT,258,0.0009651643023882205,906,0.0009221092485725627,0.06583687025134921
CTG,226,0.0008454540013168133,706,0.0007185531230598556,0.23463144401833702
CTT,237,0.0008866044173101096,801,0.0008152422826783915,0.12106167136387747
GAG,448,0.0016759442149997007,1643,0.001672213571086888,0.0032150119818599165
GAT,370,0.0013841503561381457,1054,0.0010727407814519658,0.3676991637534268
GCG,545,0.0020388160651224037,1303,0.001326168157715286,0.6204679059704841
GCT,380,0.0014215598252229605,895,0.0009109136616693638,0.6420885910536587
GGG,690,0.002581253366852218,2363,0.002405015622932633,0.10202549256601579
GGT,824,0.0030825402525887355,2036,0.0020722013577193573,0.572955535981853
GTG,681,0.0025475848446758842,1707,0.001737351531250954,0.5522404998586623
GTT,677,0.0025326210570419585,1680,0.0017098714543067387,0.5667433607832031
TAG,8488,0.03175315735919076,3121,0.0031764933386257926,3.3213931538698835
TAT,474,0.0017732088346202191,1022,0.0010401718013699328,0.7695406228349668
TCG,401,0.0015001197103010715,768,0.0007816555219687948,0.9404727806080935
TCT,147,0.0005499191955467767,617,0.000627970647206701,-0.19147747943872417
TGG,362,0.001354222780870294,1076,0.0010951319552583636,0.3063603794009122
TGT,269,0.0010063147183815167,1113,0.0011327898384782143,-0.1707986599110054
TTG,477,0.0017844316753456635,980,0.0009974250150122644,0.8391843718772698
TTT,525,0.001963997126952774,1466,0.0014920664000081423,0.3964810792940039
