site_2,count_x,proportion_x,count_y,proportion_y,ratio
AAG,15276,0.04510439026694736,510,0.0007021534081287337,6.0053377874321106
AAT,18419,0.05438450931702694,336,0.00046259518653187154,6.877301713535961
ACG,234,0.0006909156403813618,277,0.0003813656746110965,0.8573345732026709
ACT,280,0.0008267366637041936,318,0.00043781330153909274,0.9171120813290656
AGG,21115,0.0623448023361216,656,0.0009031620308479398,6.109140641739036
AGT,2179,0.006433782822183706,603,0.0008301931472580909,2.9541483088842764
ATG,390,0.0011515260673022696,425,0.0005851278401072781,0.9767233023930011
ATT,318,0.0009389366394926199,104,0.00014318422440272216,2.713155256811719
CAG,14441,0.04263894343054379,535,0.0007365726928409265,5.855199966324034
CAT,18001,0.05315030958335425,500,0.0006883856942438565,6.270717168608963
CCG,312,0.0009212208538418158,630,0.0008673659747472592,0.0869062201434243
CCT,375,0.0011072366031752592,464,0.0006388219242582988,0.7934778099241253
CGG,16303,0.048136742244176675,767,0.001055983654970076,5.510479098433993
CGT,18529,0.054709298720625014,492,0.0006773715231359548,6.335694915882218
CTG,199,0.0005875735574183376,274,0.00037723536044563337,0.6393045572515774
CTT,251,0.0007411103663919735,225,0.00030977356240973543,1.2584743824021896
GAG,21888,0.06462718605413353,807,0.0011110545105095845,5.862139671276572
GAT,22516,0.06648143828558437,662,0.0009114226591788661,6.188687545729055
GCG,209,0.0006170998668363445,322,0.0004433203870930436,0.47715427363472074
GCT,230,0.000679105116614159,324,0.000446073929870019,0.6063520677282064
GGG,28425,0.08392853452068466,1142,0.0015722729256529683,5.738237812972585
GGT,18605,0.05493369867220187,1011,0.001391915873761078,5.302547507778575
GTA,338681,1.0,726337,1.0,0.0
GTG,888,0.002621936276319014,973,0.0013395985609985447,0.9688318912374498
GTT,1370,0.004045104390266947,1664,0.0022909475904435545,0.8202324793752522
TAG,11072,0.03269152978761725,1026,0.0014125674445883936,4.532525231698124
TAT,15785,0.046607279416323914,396,0.0005452014698411344,6.417622039789192
TCG,1952,0.00576353559839495,635,0.0008742498316896978,2.7208365755718127
TCT,1656,0.0048895568396219455,499,0.0006870089228553687,2.831302971830521
TGG,18446,0.05446423035245555,617,0.0008494679466969189,6.002605723030971
TGT,210,0.0006200524977781453,303,0.00041716173071177704,0.5717835538616267
TTG,453,0.0013375418166357133,385,0.0005300569845677695,1.3353646241324277
TTT,6934,0.020473542950445994,397,0.000546578241229622,5.227188943728332
