site_2,count_x,proportion_x,count_y,proportion_y,ratio
AAG,318,0.001047365283463815,352,0.00015844942829915793,2.724670330883157
AAT,598,0.001969573709155224,1228,0.000552772437361835,1.8331258230640248
ACG,299,0.000984786854577612,1172,0.0005275645737687872,0.9004638140119567
ACT,684,0.0022528234399032997,1489,0.0006702590873222902,1.7489434705398974
AGG,175,0.0005763802660571308,422,0.00018995925779046773,1.601330917361242
AGT,252,0.0008299875831222684,1229,0.0005532225777831395,0.5852297173633527
ATG,237,0.0007805835603173714,921,0.00041457932802137627,0.9129048970430222
ATT,303619,1.0,2221529,1.0,0.0
CAG,270,0.0008892724104881446,875,0.00039387286864137267,1.1748953845672379
CAT,237,0.0007805835603173714,972,0.00043753648950790197,0.8351497395285765
CCG,5936,0.01955081862465788,1283,0.0005775301605335784,5.081188915767219
CCT,6674,0.021981496546658805,1828,0.0008228566901444906,4.739504610360348
CGG,470,0.001547992714553437,678,0.0003051952056444008,2.342594477664754
CGT,434,0.0014294230598216845,1276,0.0005743791775844474,1.315357612915708
CTG,454,0.0014952950902282136,515,0.00023182231697177935,2.6893388594564325
CTT,504,0.0016599751662445367,1108,0.0004987555868053039,1.7347567516868274
GAT,89,0.0002931305353090551,563,0.0002534290571943918,0.20996131312226574
GCG,109,0.0003590025657155843,936,0.00042133143434094266,-0.23096140057037928
GCT,458,0.0015084694963095194,571,0.0002570301805648272,2.5530758469702004
GGG,47,0.0001547992714553437,212,9.54297693165383e-05,0.6978873913505357
GGT,48,0.00015809287297567016,393,0.00017690518557263938,-0.16220400730135331
GTG,193,0.0006356650934230072,225,0.00010128159479349584,2.6498948402871427
GTT,246,0.0008102259740003096,720,0.00032410110333918663,1.3218804032456628
TAG,6496,0.021395235476040695,2447,0.0011014936109319303,4.279756525341885
TAT,407,0.00134049581877287,571,0.0002570301805648272,2.3827570431395024
TCG,187,0.0006159034843010484,432,0.000194460662003512,1.663225951960266
TCT,370,0.0012186325625207909,688,0.000309696609857445,1.9763357000503117
TGG,71,0.0002338457079431788,545,0.0002453265296109121,-0.06914630592350868
TGT,166,0.0005467378523741927,609,0.0002741355165743954,0.9959600076766897
TTG,66,0.0002173777003415465,217,9.768047142306042e-05,1.1540618811500725
TTT,851,0.0028028548937978188,2742,0.0012342850352167359,1.1832214601428355
