site_2,count_x,proportion_x,count_y,proportion_y,ratio
AAG,1224,0.0045212765957446804,1863,0.000633119812572067,2.836179730904963
AAT,270720,1.0,2942571,1.0,0.0
ACG,8714,0.03218823877068558,911,0.0003095932094756592,6.700016001267065
ACT,12728,0.047015366430260046,3440,0.0011690457086676923,5.3297291178955355
AGG,1328,0.004905437352245863,340,0.00011554521539157424,5.407852342363172
AGT,600,0.002216312056737589,1368,0.00046489957251668695,2.25317002276393
ATG,746,0.002755614657210402,655,0.00022259445906317978,3.6298845709843732
ATT,4166,0.015388593380614657,3285,0.0011163706840038863,3.784973315984903
CAG,278,0.0010268912529550827,1073,0.00036464710622105637,1.4937105591209345
CAT,1419,0.005241578014184397,2544,0.0008645500822240143,2.5999797659301436
CCG,8330,0.030769799054373524,1590,0.0005403438013900089,5.831493577235141
CCT,18587,0.0686576536643026,2552,0.0008672687931744043,6.306797546488709
CGG,1390,0.005134456264775413,401,0.00013627538638829784,5.235614588309898
CGT,2157,0.007967641843971631,505,0.00017161862874336763,5.536874730675246
CTG,3430,0.012669917257683214,744,0.00025284011838626834,5.647037897106091
CTT,4137,0.015281471631205674,1741,0.0005916594705786198,4.690872601737984
GAG,1557,0.005751329787234042,650,0.00022089526471918606,4.702461168317168
GAT,2400,0.008865248226950355,1269,0.0004312555245056109,4.361546183808724
GCG,432,0.0015957446808510637,525,0.00017841540611934257,3.160917736763933
GCT,911,0.003365100472813239,881,0.0002993980434116968,3.490512882035585
GGG,738,0.002726063829787234,261,8.869794475647316e-05,4.941774856644461
GGT,790,0.002918144208037825,297,0.00010093214403322808,4.853593569417647
GTG,1811,0.006689568557919622,780,0.00026507431766302324,4.6574443643545065
GTT,2170,0.008015661938534278,751,0.00025521899046785957,4.973014076971519
TAG,8854,0.03270537825059101,2247,0.0007636179381907862,5.420533096071907
TAT,5331,0.019691932624113475,2393,0.0008132344130354034,4.597789632365284
TCG,171,0.0006316489361702128,673,0.00022871155870155725,1.4655936674295287
TCT,443,0.0016363770685579196,1211,0.00041154487011528355,1.9913835860146385
TGG,1911,0.00705895390070922,956,0.00032488595857160286,4.441449102150656
TGT,415,0.0015329491725768322,216,7.340519566052952e-05,4.384283871224767
TTG,1820,0.006722813238770686,992,0.00033712015784835775,4.317730271853133
TTT,10682,0.03945774231678487,1472,0.0005002428148717567,6.30153605998907
