site_2,count_x,proportion_x,count_y,proportion_y,ratio
AAG,178323,1.0,1000773,1.0,0.0
AAT,580,0.0032525249126584906,810,0.0008093743536246482,2.006681066635821
ACG,454,0.0025459419143913013,678,0.0006774763108117425,1.9099570985474443
ACT,100,0.0005607801573549122,371,0.0003707134385120302,0.5971308875467951
AGG,510,0.002859978802510052,1161,0.001160103240195329,1.301751254386165
AGT,450,0.002523510708097105,964,0.000963255403573038,1.3894419293799487
ATG,440,0.0024674326923616137,1110,0.0011091426327448882,1.1535658266800635
ATT,206,0.001155207124151119,734,0.0007334330562475207,0.6554143487328776
CAG,276,0.0015477532342995576,968,0.000967252313961308,0.6782112938964477
CAT,114,0.0006392893793845998,387,0.0003867010800651097,0.7252503324132036
CCG,35,0.00019627305507421926,420,0.0004196755907683361,-1.096412426328282
CCT,77,0.00043180072116328234,311,0.0003107597826879822,0.4745658449571728
CGG,132,0.000740229807708484,838,0.0008373527263425372,-0.1778622399480252
CGT,578,0.003241309309511392,543,0.0005425805852076345,2.578667369089189
CTG,207,0.0011608149257246682,783,0.0007823952085038266,0.5691685346011575
CTT,182,0.00102061988638594,492,0.0004916199777571937,1.0538302092523288
GAG,575,0.003224485904790745,1386,0.001384929449535509,1.2192566780873957
GAT,280,0.001570184440593754,678,0.0006774763108117425,1.2126916282014957
GCG,168,0.0009421106643562524,581,0.0005805512338961982,0.698473143767103
GCT,40,0.00022431206294196485,432,0.00043166632193314565,-0.9444093328832341
GGG,405,0.0022711596372873943,1409,0.0014079116842680608,0.6898722758552243
GGT,348,0.0019515149475950943,984,0.0009832399555143873,0.9889790649023613
GTG,233,0.0013066177666369453,799,0.000798382850056906,0.7106845261191754
GTT,296,0.00165990926577054,1102,0.0011011488119683484,0.5920949314506636
TAG,10888,0.061057743532802834,2411,0.0024091377365296628,4.6635854902943406
TAT,305,0.0017103794799324821,623,0.0006225187929730318,1.4581271538191185
TCG,259,0.0014524206075492226,634,0.000633510296540774,1.1970193319400195
TCT,368,0.0020636709790660766,472,0.00047163542581584437,2.129468981088044
TGG,356,0.0019963773601834873,1299,0.0012979966485906394,0.6210977899113903
TGT,133,0.0007458376092820332,1233,0.0012320476271841865,-0.7241245745087763
TTG,531,0.0029777426355545836,799,0.000798382850056906,1.8990664322690503
TTT,243,0.0013626957823724365,819,0.0008183674019982554,0.7356429363576442
