site_2,count_x,proportion_x,count_y,proportion_y,ratio
AAG,52,0.0003021832741557755,541,0.0005436442858061612,-0.8472391747283261
AAT,168,0.0009762844241955823,548,0.0005506785002250948,0.8260912307756314
ACG,31,0.0001801477211313277,339,0.00034065695543121743,-0.919139261792072
ACT,67,0.0003893515263160953,260,0.00026127082127468007,0.5755272683867148
AGG,266,0.0015457836716430053,2127,0.0021373962955817095,-0.46751599150208634
AGT,365,0.0021210941359011163,962,0.0009667020387163161,1.1336654609547345
ATG,124,0.0007205908845253108,411,0.0004130088751688211,0.8030076176625904
ATT,151,0.0008774937384138865,471,0.0004733021416168242,0.8906273806696934
CAG,71,0.0004125963935588473,396,0.00039793555855682035,0.05219639038247159
CAT,64,0.00037191787588403136,266,0.00026730014791948037,0.4765234554562081
CCG,403,0.00234192037470726,633,0.0006360939610264326,1.880380230057023
CCT,268,0.0015574061052643813,488,0.0004903852337770917,1.6671577438522842
CGC,172081,1.0,995136,1.0,0.0
CGG,317,0.0018421557289880928,755,0.0007586902694707055,1.2798120868843643
CGT,289,0.001679441658288829,783,0.0007868271271464403,1.0938630761670343
CTG,212,0.0012319779638658539,444,0.00044617017171522284,1.4653104791704905
CTT,300,0.001743365043206397,707,0.000710455656312303,1.295058176643881
GAG,522,0.0030334551751791308,782,0.000785822239372307,1.9486870902199307
GAT,1175,0.006828179752558388,733,0.0007365827384397711,3.212581544275948
GCG,144,0.0008368152207390706,1037,0.00104206862177632,-0.31646928641351657
GCT,196,0.001138998494894846,943,0.0009476091710077818,0.26540177439751034
GGG,954,0.005543900837396342,2234,0.0022449192874139817,1.3042378764795943
GGT,464,0.0026964046001592273,1735,0.0017434802881214225,0.6290669386193475
GTG,266,0.0015457836716430053,1087,0.0010923130104829892,0.5009521014312774
GTT,462,0.0026847821665378514,1061,0.0010661859283555212,1.3323459914586913
TAG,4897,0.028457528721939088,1065,0.0010702054794520547,4.732850656552962
TAT,401,0.002330297941085884,446,0.0004481799472634896,2.378364417492012
TCG,240,0.0013946920345651176,635,0.0006381037365746993,1.1280837049063894
TCT,57,0.00033123935820921543,489,0.0004913901215512251,-0.5689947498300949
TGG,830,0.004823309952871032,1201,0.0012068702167341951,1.9987529814860512
TGT,161,0.0009356059065207664,1077,0.0010822641327416554,-0.21007976547219265
TTG,440,0.0025569353967027156,771,0.0007747684738568396,1.7225785545670238
TTT,448,0.0026034251311882195,758,0.0007617049327931057,1.7731067748439102
