site_2,count_x,proportion_x,count_y,proportion_y,ratio
AAG,57,0.0003284639986169937,277,0.00027737945509456936,0.24387431797325476
AAT,155,0.0008931915751865618,550,0.0005507534306931883,0.6975630667199155
ACG,117,0.0006742155761085659,215,0.00021529452290733724,1.6468983398516457
ACT,48,0.00027660126199325783,173,0.0001732369881998574,0.6750607429421329
AGG,320,0.0018440084132883856,637,0.0006378726097301107,1.5315050024887622
AGT,113,0.0006511654709424611,643,0.0006438808289740364,0.01623050494494116
ATG,52,0.00029965136715936265,455,0.00045562329266436485,-0.6045565470872649
ATT,286,0.0016480825193764947,591,0.0005918095955266805,1.477583486458558
CAG,58,0.0003342265249085199,154,0.00015421096059409272,1.1159209242903732
CAT,52,0.00029965136715936265,337,0.00033746164753382626,-0.17143859318306376
CCT,84,0.0004840522084882012,202,0.00020227671454549825,1.2588324098846666
CGG,86,0.0004955772610712537,425,0.0004255821964447364,0.21967219353473588
CGT,206,0.0011870804160543983,743,0.000744017816372798,0.6740085965023237
CTG,119,0.0006857406286916184,378,0.00037851781236731847,0.8573018089445714
CTT,463,0.0026680496729766328,873,0.0008741958999911879,1.6097570094884972
GAG,332,0.0019131587287867001,413,0.00041356575795688504,2.2097679297851816
GAT,1013,0.0058374391333160455,1425,0.0014269520704323514,2.032398724719374
GCG,320,0.0018440084132883856,659,0.0006599027469578383,1.482519909737011
GCT,465,0.0026795747255596854,832,0.0008331397351576958,1.6853736577120024
GGG,668,0.003849367562739505,1642,0.001644249333087664,1.227192350553949
GGT,632,0.0036419166162445617,1596,0.0015981863188842336,1.1882622818124577
GTG,958,0.005520500187282104,2679,0.0026826698924128207,1.0411294497515016
GTT,173535,1.0,998632,1.0,0.0
TAG,5025,0.02895669461491918,850,0.0008511643928894728,5.088315319786291
TAT,410,0.002362635779525744,673,0.0006739219251936649,1.8097438747528294
TCG,66,0.0003803267352407295,367,0.00036750274375345473,0.049484336372941584
TCT,95,0.0005474399976949895,396,0.00039654247009909555,0.4652254581090389
TGG,211,0.0012158930475120293,552,0.0005527561704411635,1.137301201786718
TGT,77,0.0004437145244475178,759,0.0007600397343565998,-0.776443064862864
TTT,822,0.0047367966116345405,1131,0.0011325493274799926,2.0643378395495633
