site_2,count_x,proportion_x,count_y,proportion_y,ratio
AAG,100,0.0006459489312774932,575,0.00034660519799294495,0.8981268193881302
AAT,208,0.0013435737770571858,855,0.000515386859624292,1.382347883812976
ACG,33,0.00021316314732157277,1082,0.0006522205638754199,-1.6134018890232191
AGG,587,0.003791720226598885,3871,0.0023334064720533735,0.700414876262883
AGT,441,0.0028486347869337452,1399,0.0008433055165080521,1.7561433738379115
ATG,211,0.0013629522449955106,1231,0.0007420365195292438,0.8771729176678704
ATT,84,0.0005425971022730943,903,0.0005443208587610944,-0.004575979256953744
CAG,147,0.000949544928977915,752,0.0004532993198099036,1.06677226860387
CCG,340,0.0021962263663434767,778,0.00046897190267567156,2.227453366596654
CCT,236,0.001524439477814884,718,0.0004328044037546686,1.8164917909839335
CGC,154811,1.0,1658948,1.0,0.0
CGG,393,0.0025385792999205485,1344,0.0008101519758304661,1.6477568549249888
CGT,304,0.0019636847510835793,2391,0.0014412748320019675,0.44621787417709946
CTG,395,0.002551498278546098,729,0.0004394351118901858,2.5376226141826717
CTT,397,0.002564417257171648,669,0.00040326761296918286,2.6688215719466406
GAG,232,0.0014986015205637841,1384,0.0008342636417778014,0.8450415429359914
GAT,1065,0.006879356118105303,1769,0.0010663384265209037,2.6896081578678857
GCG,177,0.0011433296083611629,1560,0.0009403549719460767,0.2819640117785305
GCT,226,0.0014598445846871347,1068,0.0006437814807938525,1.1811718061727774
GGG,1020,0.006588679099030431,3413,0.0020573278969563845,1.6792175132051366
GGT,808,0.005219267364722145,3476,0.0020953037708234374,1.3166878913825375
GTG,357,0.0023060376846606506,1507,0.0009084070145658574,1.3440053378764194
GTT,182,0.0011756270549250377,1499,0.0009035846813763903,0.3796987476959792
TAG,4338,0.028021264638817656,2111,0.0012724931703706204,4.46079224977026
TAT,260,0.0016794672213214822,869,0.0005238259427058593,1.6808442216591963
TCG,86,0.0005555160808986442,849,0.0005117701097321917,0.11833278659420188
TCT,70,0.0004521642518942452,964,0.0005810911493307808,-0.3619175438398514
TGG,1019,0.006582219609717656,2102,0.00126706804553247,2.377080157648779
TGT,157,0.0010141398221056644,1162,0.0007004438957700904,0.5339151709322412
TTG,610,0.003940288480792709,1509,0.0009096125978632242,2.114977117368709
TTT,254,0.0016407102854448328,1005,0.0006058056069267993,1.4373936761510198
