site_2,count_x,proportion_x,count_y,proportion_y,ratio
AAG,3458,0.022336914043575715,2186,0.001317702544021874,4.083333243415521
AAT,4190,0.027065260220526965,2148,0.0012947964613719055,4.385645026046444
ACG,165,0.0010658157366078638,399,0.0002405138678246696,2.1477660534686134
ACT,144,0.0009301664610395903,783,0.0004719858609190885,0.9787452795964136
AGG,5530,0.035720975899645374,2515,0.001516020996438707,4.558409855874324
AGT,230,0.0014856825419382344,1027,0.0006190670231978338,1.2629583600713232
ATG,4057,0.0262061481419279,2634,0.0015877532026320296,4.044846732394902
ATT,3442,0.022233562214571317,1985,0.0011965414226365143,4.215796865455028
CAG,3895,0.02515971087325836,1643,0.0009903866787867974,4.6669796234441
CAT,4096,0.02645806822512612,1572,0.0009475884717302773,4.803303273186536
CCG,2237,0.014449877592677523,1020,0.0006148474816570501,4.5546848796454045
CCT,2031,0.013119222794245888,1156,0.0006968271458779901,4.234737617240618
CGG,4276,0.02762077630142561,3469,0.0020910842292826536,3.723430787879252
CGT,3686,0.0238096776068884,2478,0.001493717705437422,3.994568658935256
CTG,3268,0.02110961107414848,1747,0.0010530770102498692,4.325217150674066
CTT,3724,0.024055138200773846,2276,0.0013719537924033786,4.132041290697355
GAG,5694,0.036780332146940466,3064,0.001846953611565884,4.315714971262452
GAT,5108,0.03299507140965435,2295,0.0013834068337283628,4.575953146846698
GCG,5519,0.03564992151720485,2595,0.0015642443283333776,4.510361122391595
GCT,4987,0.03221347320280859,1795,0.0010820110093866715,4.895877134399845
GGG,9170,0.05923351699814613,4203,0.0025335332994162567,4.547191052775586
GGT,6987,0.04513245182835845,4568,0.002753552251185691,4.034799265014323
GTG,5645,0.03646381717061449,4739,0.0028566296231105496,3.674079695472906
GTT,6272,0.040513916969724374,3140,0.001892765776865821,4.419849775781361
TAG,4606,0.029752407774641335,2086,0.001257423379153536,4.5644640287182225
TAT,5259,0.03397045429588337,2983,0.00179812748802253,4.239713294590626
TCA,154811,1.0,1658948,1.0,0.0
TCG,392,0.0025321198106077734,1900,0.0011453041324984267,1.1446149163420412
TCT,247,0.0015954938602554083,2170,0.00130805787764294,0.28657667969797984
TGG,7092,0.04581069820619982,3513,0.0021176070618247225,4.435177735121462
TGT,13527,0.0873775119339065,2906,0.0017517125310739096,5.640424083170979
TTG,6689,0.04320752401315152,1804,0.001087436134224822,5.312279982116736
TTT,5557,0.0358953821110903,2357,0.0014207799159467326,4.6590432571454645
