site_2,count_x,proportion_x,count_y,proportion_y,ratio
AAG,15760,0.16105626750056207,2810,0.002809011228047727,5.841358602880089
AAT,2829,0.02891041756085597,1200,0.0011995777486324814,4.590990874545009
ACG,1804,0.018435628589531343,2335,0.0023341783692140366,2.981509892302994
ACT,868,0.008870357880107099,1414,0.0014135024471386072,2.649717931279718
AGG,25341,0.25896744129008525,5690,0.005687997824765682,5.508706002861457
AGT,689,0.007041102049992846,2461,0.002460134032820447,1.5170643338907706
ATG,74,0.0007562286671980706,670,0.0006697642429864687,0.17516918392845326
CAG,251,0.0025650458846853477,2558,0.002557099900834906,0.004476108713772575
CAT,7968,0.08142743270586793,2129,0.002128250855698794,5.2577748012604255
CCG,8110,0.08287857420238315,2585,0.002584090400179137,5.003270737546975
CCT,2293,0.0234328693768267,1241,0.0012405633217107577,4.239466343095074
CGG,30562,0.31232243955280314,5664,0.005662006973545312,5.7855788906100365
CGT,3490,0.03566537903407117,1240,0.0012395636735868974,4.846620019467416
CTG,106,0.0010832464692296687,645,0.0006447730398899587,0.7484982078972209
GAG,8690,0.08880577186420585,7198,0.0071954671955471675,3.6254931784216726
GAT,1826,0.018660453328428066,1756,0.0017553821054988644,3.4101270240935015
GCG,10310,0.10536104809205551,5752,0.005749976008445027,4.19564185546081
GCT,910,0.009299568745273571,547,0.0005468075237516395,4.088058815938139
GGG,6616,0.06761093057003291,7515,0.007512355650810915,3.169919234012186
GGT,1621,0.01656549553416314,2498,0.002497121013403282,2.729843717554222
GTG,1788,0.018272119688515543,3661,0.0036597117814529284,2.3198420665234094
GTT,1053,0.010760929548102274,2308,0.002307187869869806,2.2215953160248727
TAC,97854,1.0,1000352,1.0,0.0
TAG,32235,0.32941933901526765,16114,0.016108329867886503,4.354046426491106
TAT,563,0.005753469454493429,1838,0.0018373532516554173,1.6468031644358323
TCG,1258,0.0128558873423672,3492,0.0034907712485205207,1.880811466894488
TCT,61,0.0006233776851227339,638,0.000637775503022936,-0.03294217255734466
TGG,169,0.0017270627669793775,3236,0.003234861328812258,-0.905383352503156
TGT,1752,0.017904224661229994,4938,0.004936262435622661,1.8588090421030286
TTG,163,0.0016657469290984528,784,0.0007837241291065545,1.0877514137605075
