site_2,count_x,proportion_x,count_y,proportion_y,ratio
AAG,1685,0.005420899901555171,707,0.001802454090958921,1.588569853336157
AAT,3233,0.010401050078176776,1387,0.0035360733014993258,1.5565091018788175
ACG,4310,0.013865922003384443,1177,0.0030006908982442007,2.208176931014351
ACT,4876,0.01568682962610268,1640,0.004181081625420976,1.907605693191102
AGG,1164,0.0037447640862968657,485,0.0012364784075177887,1.5986377879101283
AGT,1264,0.0040664792139856,683,0.0017412675305869066,1.223642361963348
ATG,1945,0.00625735923354588,686,0.0017489158506334083,1.8390930557770782
ATT,3229,0.010388181473069226,1241,0.003163855059236239,1.7151877075599593
CAG,2011,0.0064696912178204445,875,0.002230760013563021,1.536161541661996
CAT,4154,0.013364046404190017,1234,0.0031460089791277347,2.086762203771565
CCG,35292,0.11353970286390806,3034,0.007735001007028806,3.875651581437522
CCT,52419,0.16863985278315757,3507,0.008940886134360587,4.237383877933199
CGG,1771,0.005697574911367483,679,0.0017310697705249043,1.7186841145835192
CGT,1814,0.005835912416273638,810,0.002065046412555482,1.4987840248328714
CTG,2580,0.008300250294369342,841,0.0021440790530360006,1.9527967421318078
CTT,7397,0.02379726799513567,1036,0.0026412198560586166,3.1715196548374562
GAG,1235,0.003973181826955867,582,0.0014837740890213465,1.4210233656400924
GAT,1009,0.0032461056383793277,960,0.0024474624148805714,0.407423245574174
GCG,1693,0.00544663711177027,668,0.0017030259303543976,1.6772653474979249
GCT,1352,0.004349588526351686,554,0.0014123897685873299,1.6227406523093304
GGG,774,0.0024900750883108027,444,0.0011319513668822643,1.1373772718706405
GGT,1245,0.00400535333972474,604,0.0015398617693623596,1.3791286697066996
GTG,1124,0.0036160780352213723,549,0.0013996425685098269,1.3693673632920618
GTT,1593,0.005124921984081535,740,0.0018865856114704406,1.4417524730853337
TAG,16466,0.05297361292522697,1891,0.004820991069311626,3.4578722448763166
TAT,3526,0.011343675402304767,686,0.0017489158506334083,2.6973553752237054
TCA,310834,1.0,392243,1.0,0.0
TCG,3057,0.009834831453444604,846,0.002156826253113504,2.188990365843355
TCT,2841,0.009139926777636939,1136,0.002896163857608676,1.6580393787611953
TGG,1220,0.003924924557802557,350,0.0008923040054252084,2.137057702694255
TGT,1285,0.004134039390800234,686,0.0017489158506334083,1.2410912599847643
TTG,1341,0.004314199862305926,463,0.0011803907271767755,1.8698285207205734
TTT,3162,0.010172632337517775,607,0.0015475100894088614,2.7166723281790244
