site_2,count_x,proportion_x,count_y,proportion_y,ratio
ACT,255,0.0006792030683997443,562,0.0007608474920463007,-0.16376432543822972
CCT,79,0.00021041977413168548,129,0.00017464292966899072,0.2688620506776882
GCT,124,0.0003302791391434051,243,0.0003289785419346104,0.005692364704932729
TAT,202,0.0005380353718303857,403,0.000545589927570568,-0.020115987852333816
TCT,375440,1.0,738650,1.0,0.0
TTT,60,0.00015981248668229278,138,0.00018682732011101333,-0.22532530324581224
