site_2,count_x,proportion_x,count_y,proportion_y,ratio
CCA,310834,1.0,392243,1.0,0.0
CCG,70,0.0002252005893821139,65,0.0001657136010075387,0.4425185859928469
CCT,81,0.0002605892534278747,115,0.00029318560178256844,-0.1700366659834156
