site_2,count_x,proportion_x,count_y,proportion_y,ratio
AAG,12903,0.04636430275677696,5330,0.007979018026892135,2.538731348463095
AAT,1149,0.00412869750194038,2851,0.004267951293559002,-0.047856991848012065
ACG,288,0.0010348693477448471,1750,0.0026197526354711513,-1.3399819558335508
ACT,449,0.0016133900595049874,2014,0.003014961033050799,-0.90204408382181
AGG,46888,0.16848247908701527,7687,0.01150745057649528,3.871958418316634
AGT,1201,0.004315548911949866,2912,0.004359268385423996,-0.014541955049234723
ATG,900,0.0032339667117026473,3588,0.005371241403468852,-0.7319507342583957
ATT,632,0.0022709632908845256,2418,0.0036197496414681393,-0.6725855316281937
CAG,669,0.002403915255698968,2522,0.003775437798090425,-0.651257910242931
CAT,6966,0.025030902348578493,3442,0.005152679183595259,2.2803156249903465
CCG,702,0.002522494035128065,2162,0.0032365172559363593,-0.3595913379862612
CCT,704,0.0025296806278207375,1875,0.0028068778237190905,-0.15001101218948065
CGG,45575,0.16376448098427573,7117,0.010654159718084677,3.9421337646278825
CGT,33287,0.11961005548049558,6001,0.008983506037407074,3.7349162675227254
CTG,527,0.001893667174519217,1162,0.0017395157499528445,0.1224970476765126
CTT,604,0.00217035099318711,1161,0.001738018748446861,0.32048473190334015
GAG,1498,0.00538275792681174,3176,0.004754476783003643,0.17905896075962158
GAT,3563,0.012802914881996148,5174,0.007745485791958707,0.7250446788923863
GCG,1155,0.0041502572800183974,2587,0.0038727428959793534,0.09984504706250696
GCT,278296,1.0,668002,1.0,0.0
GGG,4106,0.014754074798056745,6758,0.010116736177436594,0.5443695263886283
GGT,2863,0.010287607439560755,6420,0.009610749668414166,0.0981866224335155
GTG,681,0.002447034811855003,1980,0.00296406298184736,-0.27654147751107416
GTT,954,0.0034280047144048063,2321,0.0034745404953877386,-0.019453101895143377
TAG,53116,0.19086152873199758,8574,0.012835290912302658,3.894338433095935
TAT,5942,0.021351366889930147,4671,0.0069924940344489985,1.610449409479049
TCG,895,0.003216000229970966,2391,0.0035793306008065845,-0.15442229311618227
TCT,942,0.003384885158248771,3150,0.004715554743848072,-0.4783206142180312
TGG,19833,0.07126584643688734,8320,0.012455052529782846,2.516479736485012
TGT,1223,0.004394601431569264,2177,0.003258972278526112,0.43131524578300695
TTG,698,0.00250812084974272,1755,0.0026272376430010688,-0.06693983953844196
TTT,4947,0.017776037025325552,5834,0.008733506785907827,1.0253007627042736
