site_2,count_x,proportion_x,count_y,proportion_y,ratio
AAG,4558,0.05049800024373761,2869,0.0021589398092999213,4.547831330201099
AAT,3727,0.041291366149278204,1643,0.0012363674125757302,5.061660712483241
ACG,4422,0.04899125868315219,1186,0.0008924721553955059,5.778573388974688
ACT,4335,0.048027387243660055,768,0.0005779246335107491,6.376832151092507
AGG,4988,0.05526196253088266,2765,0.0020806791818453406,4.731160358412065
AGT,6485,0.07184719867938534,2694,0.002027251253486925,5.147335097381225
ATG,393,0.00435403995080932,1875,0.0014109488122821025,1.6256889956924674
ATT,2034,0.02253464951640243,2001,0.0015057645724674597,3.903576885656224
CAG,3218,0.03565216427914603,1982,0.0014914669578363344,4.579185737241424
CAT,3323,0.03681545739577448,1943,0.0014621192225408668,4.654178765811152
CCG,3284,0.03638337709531248,1695,0.0012754977263030205,4.834147227458565
CCT,2640,0.029248512646658027,1005,0.0007562685633832069,5.273320801883991
CGG,2893,0.03205149510862942,2004,0.001508022090567111,4.4096621884388565
CGT,3246,0.035962375776913615,2355,0.0017721517082263207,4.342914313752291
CTG,488,0.005406543246806483,1311,0.000986535409547646,2.4542637410455983
CTT,1093,0.012109327394998948,1333,0.0010030905422784228,3.593594994287397
GAG,7640,0.08464342296229822,2943,0.002214625255757988,5.256263469687181
GAT,3715,0.041158418364520666,2486,0.0018707299985777637,4.45951428807794
GCG,6997,0.0775196374957069,1451,0.001091886254198043,6.149667345952476
GCT,4378,0.04850378347237456,1988,0.0014959819940356372,5.018932571323126
GGG,11633,0.12888179834036848,4058,0.0030536694827950784,5.399360800651995
GGT,9550,0.10580427870287278,3678,0.0027677171901725724,5.2565576271030015
GTG,6825,0.07561405258084887,3391,0.0025517479586392583,4.889096635373612
GTT,6279,0.06956492837438097,2465,0.001854927371880204,5.228925539416057
TAC,90261,1.0,1328893,1.0,0.0
TAG,11052,0.12244490976169109,6971,0.005245719557556552,4.544848308232105
TAT,350,0.003877643722094814,1292,0.0009722377949165208,1.9957991308428706
TCG,5534,0.06131108673735057,3385,0.0025472329224399556,4.589145183852062
TCT,4907,0.05436456498376929,2107,0.0015855302119884747,5.099629330955387
TGG,6087,0.06743776381826037,3223,0.002425326945058782,4.797305551122736
TGT,7138,0.07908177396660795,4520,0.0034013272701413884,4.539175502450938
TTG,1270,0.01407030722017261,2704,0.002034776313819096,2.7897117190818097
TTT,1720,0.019055849148580228,3005,0.0022612806298174496,3.0750219476953777
