site_2,count_x,proportion_x,count_y,proportion_y,ratio
AAG,9341,0.10076047678118764,3099,0.0023174251828365464,5.442263280800754
AAT,139,0.0014993797529798823,1397,0.0010446734367288335,0.5213137972352158
ACG,466,0.0050266975891268,1586,0.001186007208770172,2.083498118871474
ACT,408,0.004401057116660374,565,0.0004225057206526779,3.380807314590119
AGG,3593,0.038757348578825304,3010,0.0022508711843620536,4.105914478276272
AGT,274,0.0029556118871689767,1837,0.0013737044404229543,1.1053852017703498
ATG,694,0.007486111860201715,2510,0.0018769723165278256,1.9958092336612978
ATT,6370,0.06871258292432986,2902,0.0021701090289098605,4.984734882998091
CAG,1908,0.020581414163205868,1841,0.0013766956313656282,3.902060574576777
CAT,130,0.0014022976107006095,1214,0.0009078264511015061,0.6273041366939438
CCG,3359,0.03623321287956421,1365,0.001020743909187443,5.149619874348457
CCT,2371,0.025575751038239575,999,0.0007470499379327879,5.097428109610761
CGG,2082,0.022458335580605147,1958,0.0014641879664388376,3.9390783336168953
CGT,3934,0.04243568308073998,2588,0.001935300539909965,4.454648370207195
CTG,2305,0.024863815328191576,1563,0.0011688078608497973,4.410938002238208
CTT,3546,0.038250364058033545,1370,0.0010244828978657854,5.222505672971972
GAG,9712,0.10476241842403322,4119,0.003080178873218372,5.087963325308597
GAT,6611,0.07131222695647484,3506,0.0026217788612536083,4.765531548510117
GCT,268,0.002890890458982795,1403,0.0010491602231428444,1.462278926759046
GGG,479,0.005166927350196861,6094,0.004557079401163573,0.18119709097086734
GGT,92705,1.0,1337260,1.0,0.0
GTG,9671,0.10432015533142765,5676,0.004244499947654159,4.619279515379903
GTT,7716,0.08323175664743002,5635,0.0042138402404917515,4.303926562910693
TAG,7489,0.0807831292810528,4899,0.003663461107039768,4.462774827964736
TAT,89,0.0009600345180950326,953,0.0007126512420920389,0.42989005697763005
TCG,97,0.0010463297556766087,893,0.0006677833779519316,0.6478855069870786
TGG,116,0.0012512809449328516,2914,0.002179082601737882,-0.8003151370157671
TGT,1130,0.012189202308397606,5466,0.004087462423163783,1.5763263427005159
TTG,4838,0.052187044927458064,2742,0.0020504613912029073,4.669671228121872
TTT,31,0.00033439404562860686,1238,0.000925773596757549,-1.469110258906218
