site_2,count_x,proportion_x,count_y,proportion_y,ratio
AGT,146,0.0005512054788314444,185,0.0005200222625747005,0.08401684058663861
CGT,53,0.0002000951395757983,47,0.00013211376400546444,0.5989053451084949
GGT,59,0.00022274741952777548,83,0.00023330728537135213,-0.0668226397621492
TAT,149,0.0005625316188074329,82,0.00023049635422229967,1.2871902580670103
TGT,264874,1.0,355754,1.0,0.0
TTT,146,0.0005512054788314444,99,0.00027828218375619107,0.986041681023341
