site_2,count_x,proportion_x,count_y,proportion_y,ratio
AGT,138,0.0004428541629895865,123,0.00031298824894525503,0.5007231881867078
CGT,96,0.0003080724612101471,69,0.00017557877379855772,0.8111512806907655
GAT,212,0.0006803266851724083,99,0.00025191737110227846,1.4332770712313678
GCT,148,0.0004749450443656435,99,0.00025191737110227846,0.9148099822971183
GGG,5182,0.016629494729072734,920,0.002341050317314103,2.8285164859834984
GGT,311615,1.0,392986,1.0,0.0
GTG,7859,0.02522022367344319,977,0.002486093652191172,3.3426285212608366
GTT,547,0.0017553712112703176,278,0.0007074043350144789,1.3111691868168265
TGT,534,0.0017136530654814435,301,0.0007659305929473315,1.1617894916756306
