site_2,count_x,proportion_x,count_y,proportion_y,ratio
AAT,2225,0.004417154042539675,458,0.00035413311229653776,3.6407534947810705
AGG,1118,0.002219495829015441,946,0.0007314627166649011,1.6013757616406874
ATG,150,0.0002977856657891916,1022,0.0007902271632468594,-1.4079931283048488
ATT,790,0.0015683378398230756,859,0.0006641928896566068,1.239562184062894
CAG,2250,0.004466784986837873,381,0.00029459544931218537,3.9224297607479697
CAT,1394,0.0027674214540675535,885,0.0006842965161188557,2.0158488630349556
CGG,1601,0.003178365672856638,1229,0.0009502829585424561,1.7418560542804862
CGT,934,0.0018542120789806994,772,0.0005969230626483126,1.6351893645784727
CTG,874,0.0017350978126650228,750,0.0005799123017956405,1.5811103462542473
CTT,2323,0.004611707344188614,2213,0.0017111278984983365,1.430353365144688
GAG,592,0.0011752607609813426,2102,0.0016253008778325817,-0.4677259261963371
GAT,1424,0.002826978587225392,574,0.0004438262149742635,2.671194166427602
GCG,557,0.0011057774389638647,883,0.0006827500833140673,0.6956315518284573
GCT,1346,0.0026721300410150126,1290,0.0009974491590885016,1.4216750064365922
GGG,1490,0.002958004280172636,1198,0.0009263132500682363,1.6750520846976293
GGT,11812,0.023449628562012874,11461,0.00886183318783978,1.4038879954992023
GTG,731,0.001451208811279327,763,0.0005899641150267649,1.2985560112547976
GTN,36,7.146855978940598e-05,49,3.788760371731518e-05,0.9155828194639959
GTT,503718,1.0,1293299,1.0,0.0
TAG,1871,0.003714379871277183,252,0.0001948505334033352,4.252681581877759
TAT,565,0.0011216593411392882,1751,0.0013539019205922218,-0.27148864899411684
TCT,317,0.0006293203737011582,705,0.000545117563687902,0.20722724499014333
TGT,601,0.0011931279009286943,460,0.00035567954510132613,1.7460987919037034
TTT,6665,0.013231609749899745,3571,0.0027611557729496426,2.260644403527162
