site_2,count_x,proportion_x,count_y,proportion_y,ratio
AAG,9426,0.013349951137989152,3065,0.0011727299162827714,3.5088917624071243
AAT,14823,0.020993669182942203,7502,0.002870414300800441,2.8706234484771125
ACG,11383,0.01612163099975923,6052,0.0023156154823306143,2.79953009364986
ACT,8173,0.011575339555568144,11748,0.004495018289230016,1.3646556238209566
AGG,17238,0.02441400994235699,12375,0.004734920950733865,2.366297028481898
AGT,706070,1.0,2613560,1.0,0.0
ATG,12416,0.01758465874488365,15207,0.005818500436186657,1.5955980478464094
ATT,14251,0.020183551205971078,12392,0.00474142548860558,2.089787263212254
CAG,11130,0.015763309586868158,3929,0.0015033134881158267,3.3903526747405497
CAT,7873,0.011150452504709165,6743,0.002580005815822097,2.1116560355285934
CCG,5946,0.008421261348024983,3963,0.001516322563859257,2.4734596509095743
CCT,5337,0.007558740634781254,3729,0.0014267895131544713,2.4053733691845904
CGG,12417,0.017586075035053182,8072,0.0030885076294403036,2.5094517298150034
CGT,9501,0.013456172900703896,6459,0.0024713417713769724,2.4449017028308715
CTG,8078,0.0114407919894628,2816,0.001077457567455884,3.4084839670357043
CTT,9139,0.01294347585933406,6370,0.0024372886025191692,2.40887609503988
GAG,14707,0.02082937952327673,12929,0.00494689236137682,2.074025450660522
GAT,16677,0.023619471157250698,2242,0.0008578337593167939,4.783134759634066
GCG,16388,0.023210163298256547,3997,0.0015293316396026875,3.9237834750297687
GCT,16561,0.023455181497585225,7522,0.0028780666982965762,3.026734732951744
GGG,26225,0.0371422096959225,20117,0.007697164021487932,2.270660752242592
GGT,31040,0.04396164686220913,17675,0.0067628062872097825,2.700551497460281
GTG,28460,0.0403076182248219,15873,0.006073325272807971,2.730493993255264
GTT,27653,0.039164672058011246,7486,0.0028642923828035324,3.773302204695767
TAG,15585,0.02207288229212401,10604,0.004057301152451063,2.4436827346153853
TAT,11047,0.01564575750279717,10794,0.0041299989286643505,1.9215581970727627
TCG,6630,0.009390003823983457,29898,0.011439569016973017,-0.2848350494348235
TCT,5268,0.007461016613083689,12695,0.004857359310672034,0.6192000106915607
TGG,18112,0.02565184755052615,23743,0.009084543687537305,1.4975767828648685
TGT,28845,0.040852889940090925,33570,0.012844549197263503,1.6692818813334176
TTG,15033,0.021291090118543486,14948,0.005719401888611702,1.896313629739904
TTT,18720,0.02651295197360035,7729,0.002957269012381579,3.1643599185413906
