site_2,count_x,proportion_x,count_y,proportion_y,ratio
AAG,1070,0.001517764942183085,1289,0.000493105701357743,1.6219795376971469
ACG,2871,0.004072432849539847,5618,0.0021491604578958885,0.9221177108510705
ACT,977,0.001385847054684929,2884,0.001103271406296145,0.328980307497849
AGG,1006,0.0014269827400338164,5963,0.002281139873697612,-0.6767870268483556
AGT,1749,0.002480907368110482,7117,0.0027226014558285935,-0.13411794193786442
ATG,395,0.0005602964038900174,42,1.6067059314992402e-05,5.124012425055993
ATT,1414,0.002005719278735404,3022,0.0011560631726168344,0.7948994644148577
CAG,1293,0.001834084177796943,2188,0.0008370172805048423,1.1317305417879862
CCG,2833,0.0040185309170137195,6970,0.0026663667482261203,0.5917929503926009
CCT,3088,0.004380241253702212,4524,0.0017306518176434674,1.3396948280485477
CGG,912,0.0012936463806270781,3537,0.0013530759237411459,-0.06479948476589037
CGT,2283,0.003238371367293442,5465,0.002090630456105559,0.631330368435723
CTG,2085,0.002957513929394142,5324,0.0020366910426909417,0.538157817190422
CTT,1770,0.0025106952781907108,2185,0.0008358696334109143,1.5867370853526879
GAG,127,0.00018014593238995495,1061,0.0004058845222192128,-1.1719032493723116
GAT,968,0.0013730808075076882,2634,0.0010076341484688092,0.44644461178836714
GCT,418,0.0005929212577874108,3816,0.0014598071034764525,-1.2998653191543408
GGG,2160,0.0030638993225378165,4185,0.0016009676960296,0.9364246943834136
GGT,704984,1.0,2614044,1.0,0.0
GNT,51,7.234206733769844e-05,132,5.049647213283326e-05,0.5186522273833294
GTG,306,0.0004340524040261907,58,2.218784381594189e-05,4.290027852335367
GTT,14988,0.021260056965831848,31068,0.011885033304718665,0.8389995164781334
NGT,31,4.397262916605199e-05,73,2.7926079285582033e-05,0.6549927562771458
TAG,2895,0.004106476175345823,982,0.00037566314874577474,3.4503894233321937
TAT,1647,0.002336223233435085,2053,0.000785373161278081,1.572727932388041
TCG,562,0.0007971812126232652,1055,0.0004035892280313568,0.982020041396666
TGG,180,0.00025532494354481804,32,1.2241569001898973e-05,4.382474101099962
TGT,3038,0.004309317658273096,2808,0.001074197679916635,2.004199938967809
TTG,816,0.001157473077403175,2203,0.0008427555159744825,0.4577925670408991
TTT,598,0.0008482462013322289,5817,0.002225287715126448,-1.3914369098595571
