Translation,ratio_x,ratio_y,all_ratios,len,mean,std
F,[-1.314240166719573],[-0.1389985253805541],"[-1.314240166719573, -0.1389985253805541]",2,-0.7266193460500636,0.5876208206695095
H,[-1.4266640601619578],[-0.9336058203728824],"[-1.4266640601619578, -0.9336058203728824]",2,-1.1801349402674202,0.24652911989453768
I,[-0.7676090962076785],[-0.8652024740798776],"[-0.7676090962076785, -0.8652024740798776]",2,-0.816405785143778,0.048796688936099564
L,"[-0.6081685804991519, 0.0]","[-0.8214133851521357, 0.0]","[-0.6081685804991519, 0.0, -0.8214133851521357, 0.0]",4,-0.3573954914128219,0.3652611471552218
P,[-2.8305610018356],[-0.1883987550248385],"[-2.8305610018356, -0.1883987550248385]",2,-1.5094798784302192,1.3210811234053808
R,[-0.8976751976941362],[-0.7474128037083592],"[-0.8976751976941362, -0.7474128037083592]",2,-0.8225440007012477,0.0751311969928885
V,[-0.7036488893533797],[-0.2427098749026637],"[-0.7036488893533797, -0.2427098749026637]",2,-0.4731793821280217,0.23046950722535797
