Translation,ratio_x,ratio_y,all_ratios,len,mean,std
*,[-0.8216599262150552],[0.1246707268160207],"[-0.8216599262150552, 0.1246707268160207]",2,-0.34849459969951724,0.473165326515538
Y,"[0.0, -1.161980332964676]","[0.0, 0.3051627581162197]","[0.0, -1.161980332964676, 0.0, 0.3051627581162197]",4,-0.21420439371211408,0.5612015043626265
