Translation,ratio_x,ratio_y,all_ratios,len,mean,std
A,[-0.7258233265738898],[-0.2590877476479143],"[-0.7258233265738898, -0.2590877476479143]",2,-0.49245553711090206,0.23336778946298775
C,[-1.2144958132477868],[-1.3923662724145682],"[-1.2144958132477868, -1.3923662724145682]",2,-1.3034310428311775,0.08893522958339073
D,[-1.6925642442609163],[-0.8887215983014176],"[-1.6925642442609163, -0.8887215983014176]",2,-1.290642921281167,0.40192132297974936
F,[0.9600680829980456],[-0.0617863072742963],"[0.9600680829980456, -0.0617863072742963]",2,0.4491408878618746,0.5109271951361709
G,"[-3.374402833725205, 0.0]","[-3.324388925461956, 0.0]","[-3.374402833725205, 0.0, -3.324388925461956, 0.0]",4,-1.6746979397967903,1.6747912895155277
P,[-0.5253587441721947],[0.6751792868919075],"[-0.5253587441721947, 0.6751792868919075]",2,0.0749102713598564,0.6002690155320511
R,"[-0.8472868390595565, -1.203430649284833]",[-0.0917810475721339],"[-0.8472868390595565, -1.203430649284833, -0.0917810475721339]",3,-0.7141661786388411,0.4634882536592387
S,[-1.0250739582748398],[-0.2919060906353561],"[-1.0250739582748398, -0.2919060906353561]",2,-0.658490024455098,0.36658393381974186
V,"[-3.688069065137809, -1.533292925714413]","[-5.894388674136543, -0.80186787466236]","[-3.688069065137809, -1.533292925714413, -5.894388674136543, -0.80186787466236]",4,-2.979404634912781,1.9894875371133873
X,[-1.584252433225764],[-0.8393938859378487],"[-1.584252433225764, -0.8393938859378487]",2,-1.2118231595818063,0.3724292736439576
