Translation,ratio_x,ratio_y,all_ratios,len,mean,std
H,[0.1520345519502264],[0.0043754912312383],"[0.1520345519502264, 0.0043754912312383]",2,0.07820502159073234,0.07382953035949405
P,"[0.0, -0.4073928566637921, 0.2551280449143291]","[0.0, 0.3227545190375274, 0.2002957012064943]","[0.0, -0.4073928566637921, 0.2551280449143291, 0.0, 0.3227545190375274, 0.2002957012064943]",6,0.061797568082426445,0.24236146211737372
