,Mean0,Mean1,Mean2
*,-4.382516103656514,,
A,-4.875934046528948,,
C,-4.130114041593034,,
D,1.1436416268725276,,
E,-5.0580996439034,,
F,-4.368003566161799,,
G,-5.27162414788452,0.34829628757373055,
H,-4.612422990207877,,-0.026718621117911567
I,-4.470534325284024,,
K,-3.9444128530960976,0.1515154212042944,
L,-3.7724265349802244,,
M,-4.7874540296277175,-0.5081935515305176,
N,-3.3133809228303868,,
P,-4.153347156159304,,
Q,-4.0314790583969105,,0.14486067970899308
R,-5.048314085890355,-0.10003878496965357,
S,-4.226541924610893,0.052288150174176984,
T,-5.6945813860073695,-0.11931221594769603,
V,-4.447215572953848,,
W,-4.698203525089972,0.010924929331591393,
Y,-4.669411775731265,,
