Translation,mean,std,len
G*D,-3.831095809729561,0.5115194453655378,4
GAD,-0.3108639020492676,0.6453197775655665,4
GCD,0.6938847469303568,0.2259156647260248,2
GDD,0.3946223845823873,0.9727876046545617,3
GED,-0.5017704225592938,0.10666375595078569,2
GFD,-1.5723366395884426,,1
GGD,0.3005618295194392,1.575655145822282,8
GHD,-0.2303179625859286,,1
GID,1.1707173735394614,,1
GKD,-0.35008659276579396,0.5815824892946239,4
GLD,0.9847625653775666,0.6357909573061297,5
GMD,0.4239465823331172,1.073441413992312,4
GPD,0.444676388669937,1.5291205216839594,4
GQD,-0.07482249191701691,0.8060576380969039,3
GRD,1.2426807702260316,1.251995645682039,9
GSD,0.6859465312187821,2.045457397746678,8
GTD,-0.5999522693744836,1.0202220985496764,8
GVD,0.5758994776109823,1.044499774334871,5
GWD,0.32676104599747663,0.49172823497620743,3
GYD,2.9873133924762874,3.7165096629453958,2
