Translation,mean,std,len
L*T,-3.6048541964174774,0.9360845513336403,4
LAT,0.938813977345279,0.8203570520905549,5
LDT,1.1284408894197355,1.8438642456941376,2
LET,0.04367263950339095,0.8120479046983333,3
LFT,0.4300445671133851,2.8669275220489934,2
LGT,0.20215933004118458,0.8176318104785328,5
LHT,0.8878105768342784,0.27411899931138023,3
LIT,1.9261945389774502,1.1052187887418796,3
LKT,1.1767794778795553,1.5341484384129078,3
LLT,1.1838928777677356,1.0006218011837598,7
LMT,0.5884037407485457,1.4026194352755086,2
LNT,1.919478516060537,0.5287882634425285,3
LPT,0.148058403429875,1.2849241723196287,11
LQT,0.5123009398359232,1.2395056786030236,2
LRT,1.0001145497304915,0.8442884881031846,4
LST,0.985595939971003,1.0768879293702913,7
LTT,0.4791295631792556,0.8364818427090361,6
LVT,1.013428410971464,1.1685224594163188,6
LWT,1.4211605204306705,0.42132995122470657,4
LYT,0.4207961304572608,0.23403767555734808,3
