Translation,mean,std,len
G*N,-3.6232949607862786,0.7633810454442649,3
GAN,1.0372647233818526,0.22633254907349049,2
GCN,1.2584774755897037,,1
GDN,0.11273787093260788,0.5288626861125741,3
GEN,0.8617088081961857,,1
GFN,0.2873088318596348,,1
GGN,-0.7212026811365478,1.5343922068599445,6
GHN,-0.9440248636619816,,1
GIN,0.07526842877623323,1.9388207950977134,3
GKN,-0.8454200954072982,1.6443999952798865,3
GLN,1.6728008913459156,3.325391466114896,5
GMN,-0.5338900535337425,0.31780073482810206,5
GNN,-1.3216514405126605,,1
GPN,-0.08189352375992434,0.4406952954656949,2
GQN,6.927900599007224,,1
GRN,2.4964273349609427,3.5231197915357995,7
GSN,1.315208611310036,0.3859304306172966,2
GTN,1.9228509180431936,3.2676563276411725,3
GVN,1.588281812391823,2.365113388745677,5
GWN,0.5469412765143739,2.5970037691503447,3
