Translation,mean,std,len
Y*P,-3.913904788986353,0.40701515305387204,4
YAP,-0.0945450893747959,0.800265436991063,6
YCP,0.44473789332924046,0.4132240057988399,3
YDP,-0.46532328992719235,1.1867704130498735,3
YEP,-0.18325151518887156,0.6753582631626532,5
YFP,0.7373395660952456,1.3955278201350108,4
YGP,-0.5663626668967239,0.9619095907131319,8
YHP,-0.9809124400533982,0.11030076953376222,2
YIP,0.0007309182034956526,1.0183857642901728,3
YKP,-0.26876453103263875,0.7772849007312936,4
YLP,0.44505750671716016,1.1321917222196216,9
YMP,-0.5876603471002649,0.6930055952370874,3
YNP,1.5804857215767667,1.5625282967784109,2
YPP,-2.652874496189524,0.7072567145454831,8
YQP,0.9700728045730864,,1
YRP,-0.5341297199100244,0.5141698763719498,12
YSP,0.2890657330656346,1.4227537526663445,10
YTP,-0.22577869140939497,0.8502874001115208,6
YVP,-0.06771004397172753,0.98803385931361,8
YWP,-0.08899565892406414,0.8971764781445223,4
YYP,-0.6017079225886285,1.2771987431926382,3
