Translation,mean,std,len
VAM,0.07317619430980778,0.34009456690021206,3
VDM,-1.1321893829920835,,1
VSM,-0.9602873479465844,,1
