Translation,mean,std,len
T*D,-3.617043032489706,0.7546490507189105,4
TAD,3.4186512214730413,3.3376071378819203,2
TCD,1.1287558739644383,,1
TDD,0.7396318038420961,,1
TED,1.9595677985583886,3.782840429439673,2
TFD,-0.24372423322713385,0.969469629568341,2
TGD,-0.4244423208477639,1.2462158324952728,4
THD,-0.9731917255058632,,1
TID,1.0030097776052624,,1
TLD,0.6044839837767947,2.1669155432898908,3
TMD,1.4307521766750106,,1
TQD,0.10810134904642273,1.06481873886201,3
TRD,1.9043912728902026,2.9597621537855208,3
TSD,1.244687678332694,1.7774003770568805,2
TVD,0.982284913874388,1.1682163355079689,5
TWD,0.5932040794042965,0.2713483100167438,2
TYD,5.992318073314689,,1
