Translation,mean,std,len
L*A,-3.1757503586428606,0.49931660578633513,3
LAA,0.02374136751506124,1.2153266038155153,5
LCA,0.7865079976436995,0.45068441321481095,2
LDA,5.579064834359633,,1
LEA,-0.8415529642328027,0.4600717018488752,3
LFA,-0.8519717302080343,0.1940428360169702,2
LGA,-0.209943809053322,0.9333660187669167,8
LHA,0.8388454809771444,1.0128999266760437,2
LIA,1.6974553576086056,,1
LKA,0.615766351599541,2.109301274272121,3
LLA,0.713308376511103,1.4520730055648103,8
LMA,-0.2787400869753567,0.5126123898087603,3
LNA,0.3225328974591007,0.8984121265113253,2
LPA,0.4310426688188375,1.828022844243457,6
LQA,1.9633775202182897,1.868106288903963,2
LRA,0.31776533072739255,1.503691594966401,9
LSA,-0.15218824389911273,1.5013688327691777,5
LTA,0.5593496445393189,,1
LVA,0.05552684441111185,1.300768077485987,12
LWA,-0.5716925833016108,0.8309096461181016,3
LYA,1.982623998385524,,1
