Translation,mean,std,len
L*W,-3.4428544714347264,0.5865553296281595,4
LAW,-0.23205953665291848,0.45385254953148835,10
LCW,-0.3055158950387149,0.6518010757981916,3
LDW,-2.90563633880798,1.2720506293952278,5
LEW,-2.6835154739481677,0.43061324162354925,4
LFW,-3.8157547945440635,0.8367317226594644,4
LGW,0.07829291456536287,0.5421213831718208,9
LHW,-2.692461683157298,0.24529551597462082,4
LIW,-3.0587798230101577,0.8716709048618712,4
LKW,-3.7901288931317056,0.5114284204356819,4
LLW,-3.205792150725668,0.6325636470287597,11
LMW,-2.9590654077279934,0.37889433638608777,4
LNW,-2.478652967166752,0.45577952734843885,3
LPW,-2.6275911133856935,0.8370642481818396,8
LQW,-3.7284282739034516,1.4052099444539685,3
LRW,-3.521382598471313,0.574576187977679,12
LSW,0.1962467992615629,1.4659324752288694,11
LTW,-0.3840637272657053,0.7800302903212618,9
LVW,-2.0946371465704994,0.5504991996138457,9
LWW,-3.6606461249172546,0.48164365636806694,4
LYW,-3.314582726941495,0.703838506975201,3
