Translation,mean,std,len
F*G,-3.265278573554294,0.8737908719733939,3
FAG,-2.379021707638233,0.826423275774871,4
FCG,-2.049670224422915,0.42687960392039115,4
FDG,-2.970567890468207,0.5925651909371575,4
FEG,-2.5748482121555716,0.8445717242468751,4
FFG,0.06426673891360418,0.9870543553147466,4
FGG,-2.412522592525762,0.9744353372004094,8
FHG,-0.7407057155105745,0.39969911585859735,3
FIG,-1.2788314955997258,1.083797135491348,3
FKG,-1.9262941043927306,0.06672131807587003,3
FLG,-0.8203610087337583,1.1727785966825222,9
FMG,-2.237198768650829,1.039790652942408,2
FNG,-2.1281136208386555,1.5258815550090086,4
FPG,-1.5549053778554465,0.4914914050808088,4
FQG,-1.2112000514086283,1.4515800448185812,4
FRG,-2.346013632659346,0.9638718871641186,8
FSG,-1.5520012929543612,2.3007137294871867,8
FTG,-1.571577718795874,1.459057479377755,5
FVG,-2.4631749857960816,0.8950771042135375,8
FWG,-1.7373145333620441,1.422871138603284,4
FYG,-0.4800029825059576,0.2816426545542076,5
