Translation,mean,std,len
FAI,0.1622798346513922,,1
FII,0.0559257558864034,,1
FNI,0.0950270705307304,,1
FSI,0.09049419454615878,0.35974918804226297,2
FTI,0.29520389696516086,0.8851840239530591,5
