Translation,mean,std,len
G*T,-4.702468114156006,0.4998677156353805,3
GAT,0.9348900678589834,1.050487757646151,6
GCT,1.2435936536391643,4.138690741746768,4
GDT,-0.280319095659296,1.0200961992095008,3
GET,-0.43537982448340196,1.066206026265052,4
GFT,0.6708026578609871,,1
GGT,0.5414016590354855,1.3726255652646318,8
GHT,-0.6332354355374941,,1
GIT,1.649774561211892,2.8293425277494197,3
GKT,0.02311007307599115,2.191485464192871,3
GLT,-0.0995360362578197,1.1095069496880052,8
GMT,-1.4339199464054602,,1
GNT,3.7631493093485098,4.380671049070497,2
GPT,0.8463257039452458,1.8963279808787172,5
GQT,2.338269202258958,3.408304938671613,3
GRT,-0.29199153070301925,0.88217896754462,16
GST,1.0276117680259156,2.727305887912509,8
GTT,-2.5899093684242285,,1
GVT,0.045050955861342556,1.6185628357917654,6
GWT,-0.14947144934816675,1.0288515521937,4
GYT,0.9354609171624286,,1
