Translation,mean,std,len
I*Y,-2.9156078300846433,0.35407244637167395,5
IAY,-0.5560576269579754,1.1557034722934316,11
ICY,0.28331398129655455,0.4743142811660872,6
IDY,-0.18532002650636187,0.4240728906821543,5
IEY,0.4361378336655344,1.3560053580585465,6
IFY,-0.5053781043995205,0.9419372817511317,5
IGY,-0.08751704410151169,1.0014405384521223,12
IHY,-0.050119306897077665,0.6046227082802793,5
IIY,-0.4322120964953683,1.20725059908326,5
IKY,0.4633318792608394,1.118118711436004,4
ILY,-0.16672843139683938,1.056183572637373,16
IMY,-0.0077061144853846795,1.3687894203418811,5
INY,-0.03839429761548233,0.8023327449010539,5
IPY,-0.2807139171568812,0.7794295406872161,8
IQY,-0.8507196608490144,1.1656566912810014,5
IRY,-0.1537136958859454,1.1017245373530373,16
ISY,-0.21143264372608198,1.1050212936695878,16
ITY,-0.321534666922401,0.9309779453308314,11
IVY,-0.24735228848878643,1.4227918166227214,12
IWY,0.27948059506046014,0.52994905784672,5
IYY,0.07055524143148383,0.6130200799376985,6
