Translation,mean,std,len
L*R,-5.0611012791010195,0.2944787094940014,4
LAR,0.6834358552810702,1.7549743204666124,6
LCR,0.23340723037717126,0.7782793882675071,4
LDR,0.7300226672058938,0.9956321262779931,4
LER,0.4770338095546917,0.7682193442013637,3
LFR,-1.0811383238498204,0.5228116987354491,4
LGR,0.9213143178255574,1.2919150624573694,7
LHR,0.08185110034953214,0.9577807036620295,4
LIR,0.9616270948650659,1.9396872153723757,3
LKR,-0.7239271919438668,0.41320820192836266,4
LLR,0.8481296187876912,1.5185443589209564,10
LMR,-0.14876662207453872,1.6159682698262334,4
LNR,-0.4253925168402157,0.8212695467157782,11
LPR,-0.32231315061172944,1.2085428426997293,5
LQR,3.562577499211301,,1
LRR,-0.010087569503076987,1.6009762316325205,8
LSR,0.07366905518002942,0.9238630400202169,8
LTR,0.4720725310215956,1.4367705343549444,5
LVR,-0.29116145818738526,0.8921478336509037,5
LWR,0.9447433653112447,2.886603665246129,4
LYR,-0.5305683613364252,1.616848294615609,4
