Translation,mean,std,len
L*E,-4.1209857692158725,0.5395060044286899,5
LAE,1.2638055596117348,1.873265257202347,8
LCE,0.010413012887741338,1.0337729788149097,4
LDE,-1.4863494375088493,0.9508831600175914,4
LEE,-0.7566491045585764,0.6143317796620761,4
LFE,-0.629453860573463,0.5148182338625962,5
LGE,-0.7463270640549517,0.8116151805201781,8
LIE,2.2802111327647676,3.0931187220824454,4
LKE,-1.8156748061422576,0.6244096659951536,4
LLE,1.9742414274177404,2.5146138984973176,8
LME,0.023000563131044538,1.391647173806652,4
LNE,-1.399525766213429,2.228819380121833,3
LPE,5.057590913210344,2.7348554348991794,2
LQE,2.137371703342387,2.9475090926257685,4
LRE,-2.140241665060943,0.6184687701433286,12
LSE,-0.5547502648374562,0.8758718113700639,11
LTE,1.5235263774707821,0.8165478131614506,2
LVE,1.5436823388484795,2.2024288985306737,6
LWE,-1.1767128668377824,0.8790370986868686,4
LYE,0.8007841423626612,1.5631051502421702,4
