Translation,mean,std,len
I*V,-2.8621378337254995,0.9647440200730113,4
IAV,0.874338330940609,1.02508020922428,5
ICV,0.8362838932116415,1.8565390908925887,3
IDV,-2.898461821503771,0.6192510014220678,4
IEV,-3.33521604777143,0.7995523555364455,4
IFV,-3.4828819394924584,0.4491396261971282,4
IGV,0.12054521509532921,1.0719565399852593,8
IHV,-3.444906525909764,1.0462432490625337,4
IIV,-1.6054060323456676,1.0707306777263426,4
IKV,-2.868349864641847,0.9391115331600056,4
ILV,-1.2122210271920906,0.5992422167414392,10
IMV,-1.921710237069445,0.6423550407733287,3
INV,-2.9425782482622918,0.75350408107357,4
IPV,-0.3185656234911121,1.6455358170754226,4
IQV,-3.4091746054451693,1.1895246318397874,4
IRV,-3.009668314362587,0.4323032891905756,12
ISV,0.9054064603760423,0.7629411203709932,9
ITV,0.3617244280519465,2.238320348011212,6
IVV,-0.517494099367642,0.758398718927435,7
IWV,-2.804993170069288,0.36923660986202733,4
IYV,-3.4714292459382126,0.541718937158348,4
