Translation,mean,std,len
R*I,-4.942897891944586,1.5305570876518102,2
RAI,0.7168766636260195,0.9888113482843156,4
RCI,1.9648477831705036,2.3162094610621904,2
RDI,0.25907691173180236,0.963132298249692,2
REI,-0.14858529876134555,0.20386062862023333,2
RFI,-0.9626048924015871,0.769157394084187,2
RGI,-0.27906451418109446,0.502757869247361,4
RHI,2.0756294501410952,1.4541432176405473,2
RII,1.589312976984826,3.5016023968582837,2
RKI,0.1955418655080865,1.0896315071999714,2
RLI,1.4306889594314436,2.081663902282641,3
RMI,-0.6376526574838012,1.5403985470130719,2
RNI,0.12815670163815396,0.9282790307873006,2
RPI,-0.29964970788766393,0.39254962582896663,3
RQI,-0.8368378520129421,1.4826726113107176,2
RRI,-0.20362523724743564,1.403598279840347,6
RSI,-0.4198531953175251,1.059955950988291,6
RTI,0.20930619301948858,1.2303582488847187,7
RVI,-0.2438369119989019,1.6544186602490054,4
RWI,-1.1876159530419228,0.9760237437218129,2
RYI,0.3574645125557074,0.8332908322433014,2
