Translation,mean,std,len
D*V,-3.048940870497624,0.35890979304815845,4
DAV,-0.6254980279237449,1.017017771647913,7
DCV,-0.14225092282251897,0.17602107241014478,5
DDV,0.042538359833849584,0.6296754090689348,4
DEV,-0.25307406003670124,1.1083534615441355,4
DFV,-0.14996929839237594,0.46256314799101783,4
DGV,-0.7783434068557615,1.2744800975207637,8
DHV,-0.2490159877556994,1.3566894420640756,4
DIV,-0.2728498068209231,0.9325456971889167,4
DKV,0.03841350657924162,1.5370183465569422,3
DLV,-0.48371572466768437,0.9164223995898841,12
DMV,-0.19496044970919751,0.830563976374491,4
DNV,0.14404504683319463,0.7091358371386702,4
DPV,-2.1202350243284025,0.7262280412130693,8
DQV,-0.9412928932538245,0.8392687428706864,4
DRV,-0.20286501119810119,0.9446182921102443,11
DSV,0.009723866921703609,0.9229177610280398,9
DTV,-0.12248732698380321,1.5499188528968715,8
DVV,-0.06122508274384509,1.0447220875466672,8
DWV,-0.07293744473885265,0.5308059941906988,4
DYV,-0.17360088524202066,1.4171209804087364,4
