Translation,mean,std,len
NCY,0.0033188941108885,,1
NFY,0.709298643987038,0.9185189682562617,3
NIY,0.0124461932060233,,1
NLY,0.3585894566275467,,1
NYY,-0.2363804484588802,,1
