Translation,mean,std,len
P*G,-3.7288748294461675,0.751397604702756,4
PAG,-0.37939765562373573,1.292189281944261,6
PCG,-0.5408937320571883,0.7046866224801956,2
PDG,-0.6481906584349962,0.3672702086411525,3
PEG,0.06029150552673101,0.16334892502966025,3
PFG,-0.15506629320138077,1.5214202471443772,4
PGG,0.8471917564410709,1.2826943684337568,7
PHG,-0.13053121198365827,0.2621560170759475,3
PIG,-0.08774255020806176,1.307925900877993,2
PKG,-0.06218733226131651,1.5131299600965042,4
PLG,-0.35496401522433646,0.7597610256196662,11
PMG,0.8492743875387041,0.3104340068412248,2
PNG,-0.2743677564683402,0.5727747533211816,4
PPG,0.07368492378207073,1.2342454012812307,4
PQG,0.2991340777702075,3.0324145845603296,2
PRG,-0.3580705386251208,1.067084002717321,10
PSG,-0.2348669063311286,0.9618908660087495,10
PTG,-0.4338511747159565,1.2514333576983483,13
PVG,0.17105959083413855,0.35364979034694993,4
PWG,0.5890093990238228,1.1875176884105303,4
PYG,-0.3515995066636905,0.6018084699652202,3
