Translation,mean,std,len
D*L,-4.000284643522103,0.44204253139092886,3
DAL,1.021854802237013,1.5387614287938909,4
DCL,0.0377634281743821,,1
DDL,-0.7510740418947863,1.9959859532533353,2
DEL,1.029658990570997,1.26661353870736,3
DFL,2.9629435052038424,,1
DGL,0.9193534720804288,1.6954329164211577,8
DHL,0.4847244915848403,,1
DIL,0.4363247162403938,2.1909251383489847,4
DKL,1.2162958928319867,1.8245939821591635,2
DLL,1.2238694162150079,2.241613723108174,8
DML,0.46122263034699484,0.7154195352676311,4
DNL,0.3250309416116597,1.0676075364095683,2
DPL,1.519543157268763,1.542849413629837,2
DQL,2.588499659410105,3.6742441090847935,2
DRL,0.45464820298131847,0.5526257205008341,7
DSL,1.860885608695891,3.2707571402298075,4
DTL,-0.4621353160993155,0.706772089764057,2
DVL,1.194542075283813,1.9062731487538518,8
DWL,0.5955143537493125,0.7237958316737684,2
DYL,3.9368176442255476,1.7596183746554164,3
