Translation,mean,std,len
V*R,-4.135356746711547,0.5026599370015123,4
VAR,-4.875934046528948,0.6666954418524893,7
VCR,-4.130114041593034,0.9897511262035595,4
VDR,1.1436416268725276,1.3752076140232097,5
VER,-5.058099643903401,0.2907467646407546,4
VFR,-4.368003566161799,0.8016062017122323,3
VGR,-5.030030176059428,0.9494941852201045,7
VHR,-4.612422990207877,,1
VIR,-4.470534325284024,0.3348902231730253,3
VKR,-3.9444128530960976,0.061041410405308784,2
VLR,-3.7724265349802244,0.9877799982443601,7
VMR,-3.5520844018167663,1.2355944059788055,2
VNR,-3.3133809228303868,2.30983171586555,4
VPR,-3.881948888123219,0.12439627117179822,2
VQR,-4.0314790583969105,1.564668328403854,3
VRR,-5.048314085890355,0.7013822330653722,11
VSR,-4.175738795852845,0.8514857960251512,6
VTR,-5.3597275400725914,0.6342655365633858,3
VVR,-4.447215572953848,1.6266161864276738,8
VWR,-4.698203525089973,0.275053317719334,4
VYR,-3.681898613951785,,1
