Translation,mean,std,len
M*A,-3.4689836614977856,1.2110355246375397,4
MAA,-0.11999939066490499,1.7602723230769697,6
MCA,-0.8881998026548346,0.654249372772238,4
MDA,-3.9505181294126204,0.4936069056930615,4
MEA,-4.036245020459715,1.1795942074912114,4
MFA,-1.9202022178183227,0.3642592781440952,4
MGA,0.9267196371900301,2.3730507609423688,8
MHA,-4.093067262717486,0.8672037787120064,3
MIA,3.283863228517191,1.9097894703214615,3
MKA,-4.0352018457920735,0.41492938358143333,3
MLA,2.0363989890840797,2.1461221691283034,8
MMA,-1.241817322498881,,1
MNA,-3.501300692994949,0.2825830229140039,3
MPA,-4.045158148201961,0.6852087798115314,8
MQA,-1.9157729733193325,1.0305856749516655,3
MRA,-4.605540691843213,0.8671929191424093,11
MSA,-0.026473520552439025,1.6456587823464175,9
MTA,2.1990207617577155,2.003444050884512,5
MVA,0.014792340324325793,1.1067760573636707,5
MWA,-4.968030282487232,0.29710733259304856,4
MYA,-2.7101844666425334,0.9891771575322288,4
