Translation,mean,std,len
TFK,-0.1309848274434051,,1
TIK,-0.05588777505820399,1.3566892319797705,5
TNK,0.0013475918544969,,1
TTK,0.4862311341827379,,1
