Translation,mean,std,len
M*L,-3.456712408558984,1.1033671155750906,4
MAL,0.8832706744915209,1.0280893493886283,7
MCL,0.35848213188729394,1.3434444285440992,4
MDL,-2.9330228615479235,1.2072514771481049,5
MEL,0.7866309115019934,1.463752855095764,5
MFL,-2.778282628240665,0.9817534232489892,3
MGL,0.23954476284596307,0.9948264883352055,7
MHL,-0.0954234789219037,0.1815430018969859,2
MIL,-0.7428985846320183,0.5409321679667167,3
MKL,-0.10945312365446826,0.5407355965406221,3
MLL,0.2715433135714241,0.9931611998935205,10
MML,0.5448078190570307,1.0145339388746986,4
MNL,-4.2378095951937995,1.3247013436696982,2
MPL,-2.9993705302368907,1.1209764412193892,5
MQL,0.6675268264529942,0.9607381514660452,3
MRL,0.512666830014398,1.1320821645538433,11
MSL,-1.1673326326296853,0.7296504657631698,11
MTL,-3.4487885950860733,0.49087415161391773,6
MVL,-0.23944385743144675,0.7593359094861889,8
MWL,-0.06292083553568724,0.5543853909674937,3
MYL,-3.060132577713627,0.8818238475805057,3
