Translation,mean,std,len
I*G,0.1495316350351814,,1
IEG,0.0872341378736223,,1
IKG,-0.0236578020602511,0.033457184529545256,2
IMG,0.0835877500744617,,1
ING,-0.4127635893095283,,1
IRG,-1.1104596236050495,0.6741012211874842,2
ISG,-1.299991102441938,,1
