Translation,mean,std,len
Y*Y,-4.42917789766714,0.7162044279199731,3
YAY,0.18520206057349006,0.6285587430532144,7
YCY,-0.1917172510252083,0.14476499333046935,2
YDY,-0.05880640281952202,1.0604563337170871,3
YEY,1.1894158572340527,2.692995489534853,3
YFY,-0.6881557239963438,0.4002356584506503,2
YGY,0.27055222613445684,1.284492041693493,7
YHY,1.660176705651521,,1
YIY,-0.4029406948819982,0.425830908576307,3
YKY,0.003338484590909019,1.4195895144236905,2
YLY,0.5484779548355411,1.4788432206535191,6
YMY,0.9361014234634419,0.20177245044990264,2
YNY,-0.42067964815088715,0.3670983134781027,3
YPY,-0.020875439252519477,0.8839338696734997,7
YQY,0.5093220200532826,,1
YRY,0.6155434500766095,2.268733387713148,8
YSY,1.0347422358308374,2.0309289706094815,8
YTY,0.21768198303273048,1.766109752552939,5
YVY,-0.45333069703046824,1.1828834350088133,7
YWY,0.41317361703971933,0.18989738680420837,2
YYY,-0.5270021187163265,0.17322448414854802,2
