Translation,mean,std,len
R*C,-4.910258940243862,1.1058469781404832,2
RAC,-4.042752369600275,0.34535754755961756,4
RCC,-3.083769395716672,0.6295752418171636,2
RDC,-6.493535207373842,0.7363232317102143,2
REC,-5.243642685144065,0.1315353348739307,2
RFC,-2.4768386550761603,1.4585015918465043,2
RGC,-4.498535624623695,0.2706738620438169,4
RHC,-0.36839950860473136,0.278684302595897,2
RIC,-0.24581685219527039,0.11145269261818375,2
RKC,-5.420830230354236,0.6225290808521616,2
RLC,-1.302001068661103,0.2955608744379936,6
RMC,-2.8276365370442953,1.2974723782021385,2
RNC,-2.006075259272018,,1
RPC,-5.937320900796814,0.6953922219857895,4
RQC,-0.6220233537047125,0.54897808654831,3
RRC,-3.695030004488061,0.49861707979581715,6
RSC,-4.459161013055968,0.6357916481241606,6
RTC,-2.7201198263863033,0.5525416650828165,3
RVC,-1.70246233927392,0.22045798334052347,4
RWC,-3.324134144239669,0.6789956854770255,2
RYC,-2.078103928151757,0.05846399255752266,2
