Translation,mean,std,len
D*F,-3.8054369371920416,0.7478350942834029,4
DAF,-3.9153876040828237,0.8300310471859401,8
DCF,-3.798270203186565,0.9946517183983589,4
DDF,-3.122163816619105,0.44144876226916363,4
DEF,0.20490487105970648,1.6162351140824787,5
DFF,-3.2586293903151544,0.1292177628290599,4
DGF,-3.8625251716921207,0.1667895442961676,8
DHF,-4.46124276189504,1.0437768599728936,3
DIF,-4.001152413274567,0.4714404323692437,4
DKF,-3.28873334190311,0.6404421642096899,4
DLF,-3.855363361376572,0.6350748746634532,12
DMF,-3.7377099543755494,0.7047105337245302,4
DNF,-3.8846842494592577,1.485005078289426,4
DPF,-2.8758832632748517,1.3237661357930617,7
DQF,-3.7650431003181435,0.715130550975751,4
DRF,-3.3787678669109122,0.5723864125021055,12
DSF,-3.6610753221724917,0.9638919326635852,12
DTF,-4.094581982115253,0.570829152842038,7
DVF,-3.744202991834868,0.5071124671166192,8
DWF,-3.423553884652125,0.35553086819571816,4
DYF,-3.1477279390902826,1.3794319560076735,4
