Translation,mean,std,len
F*P,-3.697569411126044,0.6333514120280538,4
FAP,0.5563188402639302,1.9151812752488486,8
FCP,-0.6799084410620138,0.7033184160553567,4
FDP,0.5475292397841123,1.7508857137074136,4
FEP,0.9468990465687435,1.866976374371032,4
FFP,-3.8339239300697425,0.7074982385435676,3
FGP,0.3847815915393628,1.2219482234088108,8
FHP,1.9425486126366605,2.569626562637917,4
FIP,-3.243428342198014,1.285428555038073,4
FKP,-3.4889486628275392,0.18834510046015865,4
FLP,-3.5633509707899464,0.4887557966177475,11
FMP,0.24690431281322278,0.9633359231029663,4
FNP,0.18370500708413898,1.7455443836246347,3
FPP,-2.9478161520667636,0.7865848551659858,7
FQP,0.6627543826422155,2.018226495440569,4
FRP,-2.6867802939809784,0.5738812498691492,12
FSP,0.35464520522467413,1.5538905492939856,10
FTP,0.6740360412437902,1.5604188239805694,9
FVP,-2.8079434667072865,0.9137436676155319,8
FWP,-0.9070600474572781,0.2958570727639982,4
FYP,-0.4912168059398178,1.0664905624010463,4
