Translation,mean,std,len
S*V,-2.0665201299315954,1.0152751327161267,3
SAV,0.3712177337899313,0.8498903609439981,9
SCV,-0.7905086275255672,1.3505677456789034,3
SDV,-1.929093388980046,0.4407319281076453,2
SEV,-2.673436987558035,1.0178534662072176,4
SFV,0.26070236129295044,2.410913986876044,3
SGV,-0.3854881149022135,0.8412145050602483,13
SHV,1.5070328392986472,,1
SIV,2.077073610312376,,1
SKV,7.518392518917427,,1
SLV,-0.4352231959316308,1.2572286239721022,5
SMV,0.46878127224085475,1.5201203508319452,2
SNV,-0.08663697461732944,1.8208096747180729,3
SPV,2.5961257787549155,2.4496658662287607,4
SQV,0.8548840900675572,0.8140043270564364,3
SRV,0.30287715242185265,0.8267196998239484,10
SSV,0.4355575817226641,2.024201908297929,8
STV,3.2832690196003202,2.9454757711593307,6
SVV,0.09850580110160477,0.5613228367138128,7
SWV,-1.3986137376585046,0.8739240206415607,4
SYV,0.6146309750934318,0.282164774181659,2
