Translation,mean,std,len
C*G,-2.63144303529057,1.7473739670525419,3
CAG,1.9005400199653688,0.7317685123154718,5
CCG,1.6968643469670868,2.0742961663600754,3
CDG,0.40470082991772366,0.9794926433595573,3
CEG,0.990015917313516,4.822285038602608,3
CFG,0.5807233576447262,0.9802524860783215,2
CGG,-0.032136799500832126,0.544759051300064,6
CHG,8.085933587232605,,1
CIG,0.34262697861002817,0.1484892217526673,2
CKG,1.067824797352144,0.7896573874408279,3
CLG,3.3203880162466755,3.0648512099552243,4
CMG,1.363918334532368,,1
CNG,0.825100485085295,0.9150184328147069,2
CPG,-0.5101420076996783,0.7586228273742266,5
CQG,1.9789619813769768,0.945433569977084,3
CRG,0.016749241689171156,1.130344098121946,5
CSG,0.13669598619263112,1.5021566187572242,9
CTG,2.0479291557459165,0.8879536744993985,2
CVG,-0.3795712232841559,1.4315634396202574,7
CWG,2.7700140465548713,3.244560916430323,3
CYG,1.9249973690175448,,1
