Translation,mean,std,len
T*L,-2.8060472288713867,0.45169911711151495,4
TAL,0.08481841019928615,2.016314356396399,8
TCL,-0.6545097798322,0.5442460043767121,3
TDL,-1.714224066203587,0.2984019676200946,4
TEL,1.7747226424672327,1.6514112511985009,5
TFL,-0.3624897174378006,1.3511487704878185,4
TGL,0.742825832189029,0.49095341192831704,7
THL,0.09977928985044245,0.9645355054473963,3
TIL,-1.1997149450077407,2.054339743274452,4
TKL,0.7517561287492234,0.5863481486065262,4
TLL,0.18917892358752697,1.0594047757122993,10
TML,-0.026514442859132382,0.7252230008962056,4
TNL,0.6556187342989922,0.665484590828739,3
TPL,-2.255171862436317,0.5885216239112221,7
TQL,-0.2084436842520675,1.0325613707522925,2
TRL,0.8151765888809513,0.8480026105444024,12
TSL,-0.014302291211026052,1.0418963284653235,10
TTL,-0.029324790396627137,2.2609707613223375,12
TVL,0.29843214617288494,0.9323056412677605,8
TWL,0.483499583181626,1.3991247537513058,4
TYL,3.17685752330423,3.043649020223077,2
