Translation,mean,std,len
L*L,-2.699403603722724,0.8952438896824743,4
LAL,-1.8912273964770272,0.7481430804328117,7
LCL,-1.4453675119167475,0.8781710524172336,4
LDL,-2.583793437749148,1.140524530833881,4
LEL,-1.9357576879215241,0.7166301772742568,4
LFL,-2.126195854673459,0.6896212708227081,4
LGL,-1.7597091297992025,0.8287223496482121,8
LHL,-1.3050235324035238,1.0984190219550487,4
LIL,-2.4247833028757384,0.5600481023735124,3
LKL,-1.2643065601237047,0.8751853078743473,4
LLL,-2.3685284713893306,1.129002126591215,10
LML,-2.865727767915152,0.46700581244194367,4
LNL,-1.6113496843190722,0.850940906963264,3
LPL,-1.2931858154428466,1.115424311633064,7
LQL,-1.9280329098432045,0.9367541866228017,3
LRL,-1.3384297150495001,1.405423042144464,12
LSL,-1.803684714328786,0.980810608228109,11
LTL,-1.754591113416269,1.0329038874407828,6
LVL,-1.4068897158941678,0.5702921224646743,8
LWL,-0.512450739788122,0.4359408796993704,8
LYL,-1.3446695575941332,1.6582509481062195,4
