Translation,mean,std,len
W*D,-2.7727092840068206,0.6227683298792036,2
WAD,1.2474472878382734,0.6259927479883239,4
WCD,0.4822472881212078,0.4165239733315594,2
WDD,-1.1620292637707377,0.4315256462713993,2
WED,-0.5689570789349316,0.5442984207148709,2
WFD,-0.6431262482256145,1.144357164650481,2
WGD,-1.4307977562725454,0.2562482057605057,4
WHD,-0.9647080523287221,0.9234145373698682,2
WID,-0.030482804300419275,0.8796438000048651,2
WKD,0.16545369093323894,0.25648139112392826,2
WLD,-0.07212582497349487,0.7560617635162793,5
WMD,0.4809550269126004,1.008355416608143,2
WND,-1.5496293513704245,0.5815755395104211,2
WPD,-0.6799872893110261,0.39435487163830774,4
WQD,-2.3216664844266326,,1
WRD,-0.8554942891567543,0.9948989345651065,6
WSD,-1.484928278859318,0.757142418746006,6
WTD,0.0257590763535349,0.3861638087809512,2
WVD,0.7214020052848894,1.0252099733669742,4
WWD,-0.49126141077902163,0.2245703511214502,2
WYD,0.29042952745565914,0.3983874898176551,2
