Translation,mean,std,len
P*H,-2.5183399897989798,0.3484175919659917,4
PAH,-2.722854016529562,0.5762389008926746,8
PCH,-2.6675041721033845,1.119931346507305,4
PDH,-2.6900988898589695,0.4711883576885753,4
PEH,-2.3924180418447163,0.8915987006380905,4
PFH,-2.421701275298809,0.0890100350491826,4
PGH,-2.4813563117826347,0.45556872360196554,8
PHH,-2.269245471222742,0.7339592818179959,4
PIH,-2.7318480532207694,0.45953581638522795,4
PKH,-1.9624691808637,0.3528786479459979,4
PLH,-2.697946991822801,0.6267010873496255,12
PMH,-2.465710306566428,0.1716384077042113,4
PNH,-2.1998130161148284,0.6960583361960148,4
PPH,-2.24760089367036,0.7626923091354976,8
PQH,-2.2400802538593565,0.905131642887256,4
PRH,-0.3700807636353771,0.9201506747420356,13
PSH,-2.2310071993431824,0.3581623180137683,12
PTH,-2.478469852221237,0.6080566540265859,8
PVH,-2.580112823720917,0.3282897837902934,8
PWH,-3.0034852601902315,0.4432189477828041,4
PYH,-2.3558043403477322,0.10893565200464923,4
