Translation,mean,std,len
P*Y,-5.074634090607071,0.9191686818714118,3
PAY,-1.1793351185025391,1.8634323333212586,5
PCY,-1.3250205192954139,1.127241024560073,2
PDY,-1.77335949533284,0.5269976423779926,3
PEY,0.15408058099839117,2.3458928533614447,4
PFY,-2.61860050611262,0.9782959291865579,4
PGY,-1.5325328002906735,0.9616536704775253,8
PHY,-1.5569350659471055,1.468993999313042,3
PIY,-0.8247052104133235,1.142912778724599,4
PKY,-1.1859277975868734,0.24372040053365782,2
PLY,-2.3430803226565464,2.167603857194001,7
PMY,-3.0300097697045993,1.1241755301382428,4
PNY,-0.7287162103977758,0.5584433729246566,5
PPY,-2.110677894564337,0.40104679825125406,2
PQY,-3.6761190853064,,1
PRY,-1.4792914825282348,1.0226123310323756,8
PSY,-2.0108691701192116,1.8795360006563564,5
PTY,-3.098226287821201,1.6077502811933089,4
PVY,-1.798247070897663,1.3841589337150715,6
PWY,-1.1638216694883035,0.5167008806723596,2
PYY,-2.426705944312547,1.0303593993472784,3
