Translation,mean,std,len
N*E,-3.519019125170848,1.1503821561895378,4
NAE,-3.9387874407856827,1.2304687708758246,8
NCE,-5.097047314898261,2.315645607359127,4
NDE,-5.111255366075557,1.3553471965957098,4
NEE,-6.0504134954204805,0.4952856391729998,4
NFE,-3.3800176479466653,1.579019720983063,3
NGE,-5.212348602620553,0.5197565527857828,8
NHE,-2.994018726512262,0.3809511951699971,4
NIE,-5.107947064251578,2.616180399074428,2
NKE,-4.646895959993389,1.172207609925503,4
NLE,-5.102027822336398,1.3989444311903128,7
NME,-5.306132993518959,2.313607742202797,3
NNE,-3.3281429239720413,1.2637108664019086,4
NPE,-5.812905869907468,1.8276621568159581,5
NQE,-5.546278142918522,1.1965687787865107,4
NRE,-5.707324881917351,1.1814166259415844,12
NSE,-4.903335835539846,1.530546337518571,8
NTE,-5.440728849129313,1.0896957364066426,5
NVE,-4.591759866724418,0.9429849117101757,8
NWE,-2.9543941414811137,0.9839395071408271,4
NYE,-1.4230266714817978,1.5827886420703792,4
