Translation,mean,std,len
L*P,-4.390150680591264,0.5224571733457145,4
LAP,0.18334804894972656,2.698037202897696,3
LCP,-1.8304988938706028,2.161113487011627,2
LDP,-1.8919448992825556,0.8059269133264009,4
LEP,-1.1095677978677654,0.26321255818923645,4
LFP,-1.2732219500992095,0.3259611815938243,2
LGP,-1.369953246639258,0.8556737125278997,8
LHP,-1.742666230619644,2.2899593667399145,2
LIP,-1.8148305084437242,1.4356268683685771,4
LKP,-1.9113430593000635,1.0614359630535455,4
LLP,-3.1523943018532345,1.615775415243628,7
LMP,-1.1906337098999957,1.6398480628420933,4
LNP,-1.2979272917143387,1.5802856768029456,6
LPP,-4.450209957622195,0.5335832639844995,3
LQP,1.7913600346368697,2.4658817195950697,3
LRP,-1.1396959326495588,1.1433788475754936,8
LSP,-0.9015422548287158,1.2689626962271994,7
LTP,0.15065230851559616,1.019738399852067,3
LVP,-1.2592529331048365,1.0464576525986975,6
LWP,-0.8141526124992585,0.9688164355489975,4
LYP,-0.6043497618263817,1.1535565772954985,2
