Translation,mean,std,len
N*L,-3.589322952019873,0.5163301127417016,4
NAL,-3.2581091975070384,0.2607325889906913,8
NCL,-1.4628914169217124,1.226022650002589,4
NDL,-3.113256843523973,0.24940119191027244,4
NEL,-3.809876535931378,0.34958943744027937,4
NFL,-0.2561983871013491,0.7512240888937957,6
NGL,-3.429269694872569,0.16209566525355573,8
NHL,-3.088749536603628,0.49059321234786746,4
NIL,-1.3270519670562697,1.735423372014494,4
NKL,-3.4382695804263035,0.35609471225287576,4
NLL,-0.08410494131918843,1.1915518051204355,13
NML,-0.0758332929509751,0.30789382588836445,4
NNL,-3.2573789320586264,0.10988002857055539,4
NPL,-2.6962645865456083,0.4552326206737628,8
NQL,-3.3565467020130795,0.27196031094194406,4
NRL,-3.3053140686041496,0.2479814797171969,12
NSL,-3.596982117962549,0.33831714679894015,12
NTL,-2.2741997423500524,0.7677045048309561,8
NVL,-1.4386526204260397,0.981265045781282,8
NWL,0.16949649301622322,0.2463507702821342,4
NYL,-0.3319299044424999,0.4145913386585636,4
