Translation,mean,std,len
N*Q,-4.986630095107108,0.9609911975387495,3
NAQ,-2.1384013406976288,0.5377208509341502,7
NCQ,-1.4880091706489829,0.6353216460627166,3
NDQ,-1.47692635757706,0.7635740063072478,4
NEQ,-1.6815121225755756,3.8305843084583215,2
NFQ,-1.3241461488368893,,1
NGQ,-0.7116403609729317,2.8856556377831306,6
NHQ,-2.5359203540490727,0.7455652402509594,4
NIQ,-2.036254736798949,1.9549494850777114,3
NKQ,-0.5466566120958412,2.66366514324765,2
NLQ,-2.457339655982624,0.8184846694798799,8
NMQ,-2.8753590669190485,1.2693382059444835,2
NNQ,-0.1378919197078771,1.456712838757149,3
NPQ,-2.386663449008988,0.586327296883854,8
NQQ,-1.6485296434917907,1.4137723020088715,3
NRQ,-2.320910611518894,1.2935163494344586,10
NSQ,-1.7305040516799608,0.7615584279530745,7
NTQ,-2.6764920828364365,0.6900904265896364,7
NVQ,-1.4740896507044203,1.068054237322754,5
NWQ,-2.609177173706904,1.865673263645502,2
