Translation,mean,std,len
N*K,-4.650431763327131,0.5104990828484278,4
NAK,-1.6862316745735129,0.8473720802277208,3
NCK,-0.23837803752340983,0.9697773731391477,3
NDK,-1.0267773850482238,0.7449526280244684,4
NFK,-1.0502124607087628,1.0269540576409504,2
NGK,0.18529078065149035,1.6672017648027468,4
NHK,-0.8306273067262546,0.6696683097201687,4
NIK,-0.7071957187636718,0.2587890921712432,3
NKK,-1.4385000444808564,1.1005496052647674,3
NLK,-0.5292643648049634,0.9743395006879688,9
NMK,-2.7206421985894815,2.7617910844644236,2
NNK,-0.35477529854571044,1.2960342609597446,4
NPK,-0.5006549419336277,1.0884539344181445,8
NQK,-1.0064583467283503,0.8480674381400154,2
NRK,-1.5805917949152266,1.285302275840259,4
NSK,-0.6521996379956176,0.731205734779106,5
NTK,-0.9662549960988581,0.7681785779414624,6
NVK,0.2483341937488895,1.087929203401749,5
NWK,0.2629676570498365,1.20741503835797,3
NYK,-1.3207329701716017,1.9054039820543525,2
