Translation,mean,std,len
D*A,-4.042518563925834,2.523199106814653,2
DAA,0.8512222946609249,1.514847359434676,3
DCA,1.925906529073856,,1
DDA,-2.1255109995292063,,1
DEA,-0.0331905776585994,,1
DFA,0.8918580312722426,,1
DGA,3.990901427506172,1.7929809806941928,2
DHA,0.7979045513878882,3.675372679301555,2
DIA,2.7047378283392436,0.2534125028979553,3
DKA,0.4939192692681136,,1
DLA,0.0941893538208527,1.0379277704250383,2
DMA,-1.085423496713419,,1
DNA,0.5892363403594878,0.8144953358898291,3
DPA,-0.19905116442222504,0.907304733468602,6
DQA,-0.0280374402468668,0.39762727515877283,2
DRA,-1.0305180549845527,0.7995337446166355,2
DSA,0.07682629518549904,0.29757193698749623,3
DTA,-0.5736454876402156,1.4640514146369286,7
DVA,-1.5220032196682212,,1
DWA,-0.510267274005443,2.404280201861468,2
DYA,1.1804168626011116,,1
