Translation,mean,std,len
P*T,-5.314637465636413,1.268151164117597,4
PAT,-0.9678911879879388,1.2849083614189802,8
PCT,0.11605580313524301,0.941403829893087,3
PDT,0.5064455403251764,1.0986247137935587,4
PET,-1.3880738589146402,,1
PFT,-0.49101798874482233,1.312498734906439,4
PGT,-0.15638441627967992,0.7573083569762268,4
PHT,-0.8736282452908506,0.7601267560300884,4
PIT,0.46695614511477745,1.0480643805676568,4
PKT,-0.7638561122548906,0.6896242623767777,7
PLT,-0.2442505460661204,1.2493878818329571,10
PMT,-1.27476174963894,0.22820326651718456,3
PNT,-1.3255613485340731,1.9945912683864502,4
PPT,-3.591879501532893,0.7967861743558605,8
PQT,0.03492848769142909,2.1681984455016665,4
PRT,0.3337855587233813,1.4700960906754783,6
PST,0.2639985818411275,1.6747698654617353,10
PTT,-0.43042666788418593,0.9019514443924854,6
PVT,0.47766451165172336,1.9583596040894002,5
PWT,-0.23985425761219978,0.3343099686660619,2
PYT,-0.5543215929695138,1.8986085059863413,4
