Translation,mean,std,len
S*L,-3.3941562688448563,0.9711648966945343,4
SAL,2.143892091698213,1.8901808416745354,7
SCL,-0.7898838388028608,1.636899862434994,4
SDL,-2.9378828001442927,0.752241654562105,3
SEL,-2.4394112842409665,0.9235866611400765,4
SFL,-3.081775043674322,0.49984748549067026,4
SGL,-3.5440169881309758,0.7815279348740334,8
SHL,-2.9343992087770046,0.7034602925391678,4
SIL,0.6040348558134072,0.6181958263254062,2
SKL,-2.9148321893880174,0.8228519979257229,3
SLL,-3.1294536797273165,1.0433747594187177,11
SML,-1.4394913090885444,0.6550803965195764,4
SNL,-1.191074854739588,1.2791873017207573,2
SPL,-0.8844693144364797,1.0066433380520767,4
SQL,-1.9065460094470754,0.6998492403532286,3
SRL,-2.896986664073586,0.49274446201948036,10
SSL,-1.3015432055493983,0.6998673778386592,11
STL,0.030959111881472802,0.9159147747317684,5
SVL,-0.5254185498604159,1.5140372012744698,16
SWL,-3.680631155113229,0.642532196410548,4
SYL,-3.2785004906408863,1.031703193527213,4
