Translation,mean,std,len
V*A,-3.99208840181673,0.773539134297559,3
VAA,-4.226724128833511,0.5426653554721222,5
VCA,-2.7049472156897325,0.3921413035562996,4
VDA,-3.1726957066062624,0.7239013786555505,4
VEA,-3.780388675154588,0.381745616233878,3
VFA,-3.78664023465622,0.2713772062737007,4
VGA,-3.2655279931744166,0.7730682215103715,8
VHA,-3.5150582602404494,0.6009967216359674,2
VIA,-3.3045072160511166,0.5774821569903756,4
VKA,-2.937932417873352,0.6338828149683375,4
VLA,-0.16223923098007026,1.8164049971015004,8
VMA,-2.5229972510794108,0.854035802568676,3
VNA,-3.8646953367248433,0.6246174628058038,4
VPA,-2.987626727404811,0.4784900150831466,7
VQA,-3.5182053469064782,0.44122540292675266,4
VRA,-3.0306181200889184,0.5381931001682104,12
VSA,-3.4674664672239444,0.8536973397892254,11
VTA,-4.3652493195577,0.8398517890647311,6
VVA,-2.81569009748559,0.6076535634765309,8
VWA,-3.7267072734549185,0.16581570427862935,3
VYA,-3.1219425129504237,0.5529843621204285,3
