Translation,mean,std,len
T*S,-3.8120578573143034,0.8650765361565339,4
TAS,-0.9106762413535976,0.910317140017542,8
TCS,0.25015604733325575,1.2968555725795357,3
TDS,-2.349946862718493,0.4474364298429894,4
TES,-2.2305308456254274,0.5355569607120556,4
TFS,-0.7972004353064561,0.8171446457218822,8
TGS,-2.263785304230684,0.7145634700955328,8
THS,-1.2833579655785847,0.5146655076243828,4
TIS,-0.7114593559982648,0.4541185871271206,3
TKS,-0.5816499251573249,0.43440855427999686,3
TLS,0.6930882054944468,0.9261484945024504,9
TMS,1.8468436609595449,,1
TNS,-3.136758442428821,0.4257478126266127,3
TPS,-1.6912778501530397,0.7425364946489146,6
TQS,-0.6633474271068032,0.5058248086527083,4
TRS,-2.446304845896624,0.8396125064847468,11
TSS,-3.5720699548904475,0.5559232184827148,11
TTS,-0.3895377130437028,1.0791200091655797,7
TVS,0.14965852128581889,0.7401200493591057,8
TWS,-4.314246326476047,0.22477151410803595,4
TYS,-2.0375945814449383,0.4823973973144073,4
