Translation,mean,std,len
N*S,-4.4655748183847805,0.22754262788536728,2
NAS,-0.5468048911493951,2.519451076215421,6
NCS,-5.141969635454103,1.019174025115502,4
NDS,-5.1188465066751725,1.379923259960658,4
NES,-6.001011343638496,0.5366752700176818,3
NFS,-3.8624703267385216,0.2921358274645987,2
NGS,-0.9869246193072754,1.2607157601358958,8
NHS,-5.888179183836365,,1
NIS,-5.147385007064222,,1
NKS,-6.076226178358726,0.19961687452884821,2
NLS,-4.2669469213775,1.0497734231307125,9
NMS,-5.135787155705171,1.2329588561435953,3
NNS,-4.350901567070677,,1
NPS,-3.5133995553766955,,1
NQS,-5.377723933858608,0.44699651464323137,2
NRS,-4.261812731890351,2.439331577264741,9
NSS,-2.100984354187914,1.748900724239106,7
NTS,-5.3621202148430855,1.151618143996047,2
NVS,-5.164400045392331,0.8386230491279413,8
NWS,-5.869004616977388,0.36026686378445255,3
NYS,-3.142708385522095,3.0593274133172725,2
