Translation,mean,std,len
Y*G,-5.847736618155172,1.2947280263351035,2
YAG,-1.5421879404902281,6.108675262308676,2
YCG,0.2696233570843221,2.951788397641648,3
YDG,0.004540679220436772,6.324182515702124,2
YEG,0.34953513014870197,2.1033031210132243,3
YFG,-2.131773097580882,1.294417688902704,2
YGG,-1.9928977578908333,1.9034087647397469,4
YHG,-3.1831951434503107,,1
YIG,-1.2154783119340618,3.1760784696938336,3
YKG,-1.5210568393591193,3.2294112051648387,4
YLG,-3.2297180630508473,0.6273678130686623,2
YMG,-0.4994674237640772,,1
YNG,-1.7971893165378716,1.0759920879161804,5
YPG,-4.591593532477477,1.3941875440966764,2
YQG,-1.5616306938499482,0.6164920939968984,2
YRG,-0.20262407569237784,2.9626346559302354,4
YSG,-0.9695094238774946,2.7313949818079766,5
YTG,-1.777434236969428,0.6778533183176159,2
YVG,-2.9448173469451433,1.1052880463212098,3
YWG,-1.494189130987377,0.0832275051386572,2
YYG,-0.37764099638526255,2.4123506281199307,3
