Translation,mean,std,len
PAG,-0.1293132325642689,,1
PPG,0.4239158270536149,,1
PSG,0.12903560694208474,0.30070455505276233,6
PTG,0.057309097401065,,1
PYG,0.0013167973301681,,1
