Translation,mean,std,len
L*G,-3.24320862715657,0.32049815686118815,4
LAG,1.0105971170851709,3.353191332345208,7
LCG,1.66141275977957,3.300238935541785,4
LDG,-0.8893087318825328,1.0551664534839986,4
LEG,-0.9661464726651152,0.49702799919936674,4
LFG,-0.6028034702025902,2.0710054097460273,4
LGG,-0.4345890467960259,1.2114635292957117,8
LHG,-1.1821343627952956,0.5675531143783697,4
LIG,2.408247329844149,2.837001764871935,4
LKG,0.4925869899881974,2.307185840025479,4
LLG,0.6338583120151249,2.7228412434194182,9
LMG,0.12629701445535435,3.157316009954877,4
LNG,-0.9352229858389107,0.44694032123301786,10
LPG,2.6821480844744103,2.657133115268454,4
LQG,1.6350783089351628,2.830587890610245,4
LRG,-0.5306612448463026,1.5660854397195003,12
LSG,0.750006159587714,2.0779404483302084,12
LTG,1.4867900048397227,2.780461707538736,8
LVG,1.4436139094219327,2.6365955230410543,8
LWG,-1.1617371178293403,1.4908516467574324,4
LYG,0.34217126971492984,2.463089966288791,4
