,Mean0,Mean1,Mean2
*,-5.569086706139043,-5.561250497416431,
A,-4.7584619547429625,-0.0511686109825491,
C,-5.216091910255368,-2.211173451865339,
D,-5.85607478540229,-4.048330995983682,
E,-5.250013435024172,-3.1875788199896027,
F,-2.809031716440258,-5.509986283274057,0.33942162353818617
G,-6.062164586421911,-4.6457646389700304,
H,-5.9422226692089,-4.726932745080381,
I,-4.595691225201778,0.8130036218895865,
K,-5.377448261399089,-4.700847375644616,
L,-4.50128171731064,-2.510623797556546,-0.08122263070975322
M,-4.823006717219383,-0.14631044879196953,
N,-5.406864979882495,-0.7271870953515815,
P,-2.0818986940612887,-4.142689033205654,
Q,-5.203822337812126,-3.059192082020533,
R,-5.239034424979888,-5.216098166893507,
S,-0.09691420499289825,-0.15161157889673504,
T,-1.0189093989962021,1.1815017184922538,
V,-5.5523863373123685,0.2342278817180333,
W,-5.023673097887406,-5.4344035715502725,
Y,-5.555982721170665,-4.129515839547493,
