Translation,mean,std_err_of_mean,len
F*I,-4.706295648369553,0.30334403908925045,2
FAI,-1.9275614411450064,1.0391073160505744,6
FCI,2.6779598936515736,,1
FDI,-4.259758324746794,0.7057951272139401,3
FEI,-4.210036493326854,0.5495275138161447,2
FFI,-3.6423348344937647,,1
FGI,-2.866338362695178,0.43313575335945953,6
FII,-0.813537076961699,0.25997299160419896,2
FKI,-3.851434408260753,0.621934555046923,3
FLI,-2.3954838314124203,0.35313900737027487,4
FMI,-3.952604705556197,,1
FNI,-3.909762421922863,,1
FPI,-3.9141517270894006,,1
FRI,-4.764473775325531,0.9323032300458185,5
FSI,-0.9208343645528597,1.285555063861608,5
FTI,-0.2533756941831481,0.6531596962243773,5
FVI,1.3815310561989875,,1
FWI,-2.8321845663520553,0.4464150592844057,2
