Translation,mean,std_err_of_mean,len
P*F,-4.437856482021931,0.7709201910825865,4
PAF,-3.3054070368429853,0.8160400243533114,4
PCF,-3.783920266441923,0.44821248706520905,4
PDF,-5.283548536030271,0.2852985439527054,4
PEF,-4.924752613096077,0.7558728738162114,4
PFF,-3.2443948754239362,0.32540977265331383,2
PGF,-5.125173902745735,0.4828405769220518,8
PHF,-5.410078234799781,0.5747434339627626,3
PIF,-2.957002359022613,0.46986948782779125,4
PKF,-4.636173381604863,1.0422526789647453,4
PLF,-3.7522638624619775,0.5603948317138917,5
PMF,-4.234852159675409,0.7926916186209546,4
PNF,-0.48058997155748806,0.37894461615393815,5
PPF,-3.655442429059204,0.3535435443224089,2
PQF,-4.114017232292949,0.16321919483374914,2
PRF,-3.87640076106641,0.6171721956636096,8
PSF,-2.8416534845051533,1.0880739012827325,9
PTF,-2.7116309632984676,0.6252573521468159,5
PVF,-3.427915026816988,0.28511702191876165,7
PWF,-4.869672876001349,1.0944697053319088,4
PYF,-4.952565228680657,1.27856699902357,4
