Translation,mean,std_err_of_mean,len
A*T,-2.751941305311213,,1
AAT,-1.863521167562681,0.8713166498081266,5
ADT,-0.39191618854544075,0.664544460889338,2
AET,-1.331227435681713,,1
AGT,-0.14383420199352703,0.4279333763526766,4
ALT,-0.974456632632478,1.2924785012908102,3
ANT,-0.5538185890304455,,1
AQT,-2.565366742476769,,1
ART,-0.998431711831936,0.6248282263055747,5
AST,0.5691102885961801,,1
ATT,-0.046275988590322115,,1
AVT,-1.4617220524800043,0.1326653838868375,2
AWT,-1.2057290987723714,0.737094271761409,2
