Translation,mean,std_err_of_mean,len
L*E,-0.07200729527522043,0.16635517527552715,5
LAE,0.19927244191456595,0.4223581422596168,6
LCE,-0.18572799441425225,0.15292560654311674,3
LDE,0.30524947650121814,1.1723551664867737,4
LEE,-0.2137950630452381,0.23631102121113534,4
LFE,0.3288881433020878,0.2670868082594199,4
LGE,0.09158850575761512,0.34766869731158134,8
LHE,0.5228800345484999,0.42492392636645615,2
LIE,0.11793421924716663,0.3604761497337736,4
LKE,-0.22165334780634005,0.5758614397633314,4
LLE,0.36997661319032393,0.7753425361436658,11
LME,0.32737898287500933,0.32409738762010604,3
LNE,-0.1863043017170991,0.07155378323159547,3
LPE,0.3061134567626196,0.24672834031620855,2
LQE,0.15768038220922995,0.2681975186734315,3
LRE,-0.2158911828854936,0.557065726324052,12
LSE,0.043555762183597975,0.4219478332129244,9
LTE,0.15580045898291672,0.21008182614476625,2
LVE,0.2479735829662324,0.38943520722061514,8
LWE,0.2791913882541637,0.14252784907642005,4
LYE,-0.36694819589224953,0.4404934691859035,3
