Translation,mean,std_err_of_mean,len
L*D,-3.246065142006735,0.09369849407677783,2
LAD,1.7833541979663243,0.28440320222977594,2
LCD,0.3200955246126034,0.9119985798261101,2
LDD,-0.10745986537558228,0.4055763521245326,2
LFD,0.7011205461570249,0.09986532230670477,3
LGD,1.103470344709935,0.08868358558741438,2
LHD,-1.044373214089159,,1
LID,-0.643725000169665,,1
LKD,0.11679788854445879,0.7728288302490384,3
LLD,1.7014185902556385,,1
LMD,0.1447376311634887,,1
LND,-1.0191613959480943,1.2340387913154451,5
LPD,1.4492216562579916,,1
LQD,0.9529210246881075,,1
LRD,0.9158113983027789,0.4388449663734346,2
LSD,0.2651755507261333,0.5711815443828661,4
LTD,1.209856961198566,1.0733858349944696,4
LVD,0.5619124226872021,1.138614098622127,4
LWD,1.7075795748823133,,1
LYD,-0.8044136889504854,0.5038590084121881,2
