Translation,mean,std_err_of_mean,len
T*N,-2.479872658763469,0.7330776308062193,3
TDN,-1.3846942124908361,0.21371107602576672,2
TFN,-1.341712192200628,,1
TGN,-0.3350395565709343,0.519025232837503,7
TIN,-0.818431155012993,,1
TKN,1.109855366240044,,1
TLN,0.6984695037946684,1.1730922908847514,2
TSN,1.493199039927739,1.0477014710355448,2
TVN,-0.19509395672751997,0.7616781869832048,6
TWN,2.370847298417715,,1
