Translation,mean,std_err_of_mean,len
G*V,-2.6145518985806695,0.33189683491481836,4
GAV,-1.0938528201329405,0.5476067468234511,7
GCV,-2.3041223268051816,0.4453348983210267,4
GDV,-2.2822317799303864,0.7542276953941485,4
GEV,-3.009520761459391,0.3813990377866822,4
GFV,-2.6748188049445614,0.39912325062432585,4
GGV,-2.5129300729043984,0.31587141958538417,8
GHV,-2.4186718131278555,1.2647260045731101,4
GIV,-2.215001702961374,0.5304005046117577,4
GKV,-0.4341070121488535,1.1514092284757842,5
GLV,-2.159912164253171,0.7444706508338024,12
GMV,-1.5521404543073143,0.45114044717018187,4
GNV,-2.734803442628632,0.5217592929551147,4
GPV,-2.4999792213942538,0.6369247397841294,6
GQV,-1.2665831139629766,0.7233887921355888,4
GRV,-0.2691549934990105,0.45624022056292485,11
GSV,-2.3023472357395462,0.4920153394853807,12
GTV,-3.1398821878119447,0.6917820489414876,8
GVV,-2.425870629682021,0.5669258014498296,8
GWV,-2.5248640596268466,0.4636886125523548,4
GYV,-2.8261095290388782,0.7654009254440487,4
