Translation,mean,std_err_of_mean,len
M*Y,-2.5899334814448522,,1
MAY,0.1766622418661008,,1
MCY,0.08515757317137407,,1
MEY,-0.19215026868369556,,1
MGY,-0.3454919552740356,0.49566681114878,3
MKY,-0.4145099521387223,0.5862055960532037,2
MLY,0.2894475852838472,,1
MMY,-0.3046023957221582,,1
MNY,0.43799310253259716,1.4106241941410815,2
MRY,0.6631900997631757,1.0644290538578354,3
MSY,0.35795196524975736,,1
MTY,2.202784973336424,0.7314760917950465,2
MVY,0.3093799924787053,0.8314102067955886,4
MWY,-0.3163645921588447,,1
