Translation,mean,std_err_of_mean,len
R*M,-2.765099385792566,0.25092162254496014,2
RAM,-0.1674049722434625,0.6702767975718724,4
RCM,-0.2051758493078304,0.17401380730887692,2
RDM,-2.9456071521265437,0.3040605434786778,2
REM,-3.1245277333766914,0.18010677144052675,2
RFM,0.9160498313298255,0.40078781164699284,2
RGM,-2.755557150828926,0.7520446014110481,4
RHM,1.5952700183830801,0.6830602238983188,2
RIM,-0.6654253457865549,0.26493031792155747,2
RKM,0.2956555670627934,0.32369071363657803,4
RLM,-0.3006790956298822,0.6565783571019949,6
RMM,-0.08986440744921209,0.8937113936326117,2
RNM,-0.6465789776427524,0.288650322101425,2
RPM,0.3816301821709889,0.04838661832707826,2
RQM,0.5762928070176532,,1
RRM,-0.8374576136856122,0.3725598963713337,6
RSM,0.4127073812763771,0.5989506592308694,6
RTM,-1.068986153207283,0.7214886323160455,4
RVM,-1.2588567999962221,0.5497134544026843,4
RWM,0.5910261222340876,0.10745241397302774,2
RYM,0.06280768841833329,0.8990456826778972,2
