Translation,mean,std_err_of_mean,len
I*G,-0.1643460253651683,0.29823006147939113,2
IAG,0.32625070230636977,0.2712901777967358,5
ICG,0.443664488299536,0.014808293006065943,2
IDG,0.14801616547451513,0.6558993512205429,2
IEG,0.020755676995350525,0.6761680295676259,4
IFG,0.16882890555196628,,1
IGG,0.13104677289515765,0.7603393238925125,6
IKG,-0.16560078033259806,0.08476817828994766,3
ILG,0.10936731120559845,0.23644031618835412,9
IMG,1.3988167320429743,1.9034739164098353,2
IRG,0.08992040725892281,0.5006870126956868,5
ISG,0.44827975316100055,0.7445888023093842,6
ITG,0.6581962928473555,,1
IVG,-0.05228438438878177,0.5805708208245662,6
IWG,0.19676037289403747,0.21407546504978753,4
IYG,0.6390921390345229,0.5071557143504434,3
