Translation,mean,std_err_of_mean,len
V*N,-5.524958349390144,0.46513495151154893,3
VAN,1.0838368284952429,1.3152950954143514,2
VCN,-0.7324519655924823,0.39429255063612145,3
VDN,-1.1201881079818525,,1
VEN,0.0874797169158823,0.11542646641331462,3
VFN,0.14063164912992843,1.219400288771056,4
VGN,-0.8515756210507566,0.6901450360451249,8
VIN,0.5161561693698348,1.2328283846777042,3
VKN,0.4790134648265525,,1
VLN,0.7083159915436408,0.6173790102817931,3
VMN,-0.41558289840379103,,1
VNN,0.472825175347429,0.6830534936771241,3
VPN,-3.284093767194857,,1
VRN,-0.9024417922228145,0.6331880674834904,4
VSN,-0.03583780413590398,1.188890354186641,4
VVN,0.14878463926410834,0.7065623453882801,5
VWN,-0.47364006576062057,0.01732524995337781,2
