Translation,mean,std_err_of_mean,len
T*T,-2.2882493181189307,0.47628233661780217,2
TAT,-2.808893160026962,1.4678937339878013,3
TCT,-3.1195572637544586,,1
TDT,-0.46729158916984437,0.6608501029868704,2
TET,-2.3453186365529897,,1
TFT,-3.097949952274414,,1
TGT,-3.3066924041604033,0.46070912813092596,7
THT,-1.6333697729886474,,1
TLT,-3.1797888077434733,0.23220140941660034,2
TQT,-1.1150818171092212,,1
TRT,-2.754543507879052,0.7036237179817408,4
TTT,-1.1050281524452998,,1
TVT,-3.831615470321148,0.06871665164879176,2
TWT,-3.297433508881381,,1
