Translation,mean,std_err_of_mean,len
W*L,-4.3367942167757585,,1
WAL,-3.168555146725111,0.44248121712136396,3
WCL,-2.1805483009131685,0.3568577729443595,3
WDL,-2.925071425654142,,1
WEL,-1.6666452108847192,0.33291753799338253,3
WFL,-0.5189057995915846,0.6274676324790701,5
WGL,-3.686511016687339,0.42201517941108285,8
WIL,-0.7818962631796769,,1
WLL,-1.2630906668009447,0.7072559633609324,4
WPL,-0.8934516577173817,,1
WRL,-3.7064559267643546,0.9250037624764538,5
WSL,-2.693894062392558,0.5942721119778362,5
WTL,-1.9221999359875497,0.5037089371927977,2
WVL,-1.381602513843775,0.6330874094302812,4
WYL,-0.8439699804283389,,1
