Translation,mean,std_err_of_mean,len
V*I,0.06077156139016034,0.37855359668240346,3
VAI,0.08339289067513392,0.3079449845184927,5
VCI,0.2994779255296147,0.25311526689419844,4
VDI,0.2518799145759475,0.3177069241853907,5
VEI,0.0456851747312399,0.1734613915032916,3
VFI,0.2453448379037176,0.2397112181309254,3
VGI,0.056158007068968785,0.3318937594860656,8
VHI,-0.03238852930040004,,1
VII,0.33127367182968315,0.40212377528908844,4
VKI,0.4761491808668219,1.01075464900513,2
VLI,0.28941883037487715,0.4333688273688675,8
VMI,0.40086804489547667,0.43880282196103554,3
VNI,0.4051391644411275,,1
VPI,0.3309025097630398,0.10946134748792162,2
VQI,0.049520342321368815,,1
VRI,0.23283178553146913,0.43510140916004175,11
VSI,0.6899979599101661,0.2875619206122148,7
VTI,0.6676020350463419,0.13775941604966496,4
VVI,0.22593133109581465,0.6295702338433151,8
VWI,0.11203966138678645,0.31674132775584213,4
VYI,0.24754159695835742,0.2967770199323242,2
