Translation,mean,std_err_of_mean,len
F*L,-2.9164798671720984,0.05310417954396889,2
FAL,0.4072139609105081,1.7458465922770492,2
FCL,0.138105181759971,0.749138142568664,2
FEL,0.7610555198373632,,1
FFL,-2.021763180874732,,1
FGL,-0.475944798333011,0.9156904559542528,7
FIL,-0.3018380679515671,1.1680014154880822,2
FKL,0.7649222060749938,0.392173180222167,2
FLL,-0.3408208339861738,0.9883847655861814,4
FNL,-0.15874970058950666,0.22450597959634844,2
FPL,-2.067531130291201,0.9496424138907167,6
FRL,-0.4410134120962083,0.757422077706349,3
FSL,0.7037008017413653,0.03137955822412073,2
FTL,-0.10265721593248323,,1
FVL,-0.5017640783722896,0.2078630144975104,4
FWL,-1.439865504431663,0.35512844230363555,3
FYL,-1.0465953093161158,,1
