Translation,mean,std_err_of_mean,len
L*A,-2.622144780852674,1.084684123227437,5
LAA,-2.75627121459384,0.4800558929439985,4
LCA,-1.6655962588877031,0.6415697418632061,3
LDA,-2.590734032360852,0.4801335749508623,2
LEA,-2.304262861816918,0.35793621807268167,4
LFA,0.9185405426245238,0.4716840370669633,3
LGA,-3.126558287140692,0.3118665043469114,8
LHA,-0.6485542456930631,0.4669451845559813,2
LIA,-2.762046315812654,0.17717863825867927,2
LKA,-2.8530400536821476,0.3095394911852511,2
LLA,-2.0643323723122617,0.9456534226107978,4
LMA,-1.472242794474365,,1
LNA,-1.51207479687212,0.024243006577132648,2
LPA,-2.273445147992879,0.6804014961779548,3
LQA,-0.9748674264113889,0.18506405379296745,3
LRA,-2.9555558112607128,0.44336736502846213,11
LSA,-2.2013681136195706,0.8498371630359647,9
LVA,-2.986021885191296,0.31168774058869064,8
LWA,-2.2457701294849404,0.4106145700964468,4
LYA,-0.6636109420234675,0.9384875943487734,2
