Translation,mean,std_err_of_mean,len
T*Q,-3.7465384354732993,0.6698639332864932,2
TAQ,0.14444219250413193,0.8721216363967458,8
TDQ,-0.07649692525785312,,1
TEQ,0.5094689130493402,0.792424486896531,2
TGQ,-1.404330737039949,0.23987887643516287,6
TKQ,3.41310435584915,,1
TLQ,0.6791217862646901,0.6850432121672746,2
TNQ,1.8910705727515005,,1
TQQ,-0.21173480189546012,,1
TRQ,0.6815345877906243,,1
TSQ,1.7336234028221054,1.340183784243745,3
TTQ,1.300219226941696,0.3959047812157971,3
TVQ,0.16354976404657595,0.22258970163123282,2
