Translation,mean,std_err_of_mean,len
FTI,0.21539524963763,0.5389407103346489,3
