Translation,mean,std_err_of_mean,len
S*C,-3.120978991250114,0.3406075712963386,4
SAC,-2.5799893332197152,0.4853012602915018,8
SCC,-1.607010335244397,0.45584588590898634,4
SDC,-1.1507493589641555,0.2339709725625969,4
SEC,-1.5866705505648386,0.18838902748179634,4
SFC,0.19941345726224532,0.617486341917221,5
SGC,-1.5390949274258523,0.41058669061936076,8
SHC,-1.7337000883535059,0.6037742717496325,3
SIC,-0.4190635381159649,0.7917414951212887,3
SKC,-1.7467735978426067,0.25653907414152577,4
SLC,-0.10919250653511466,0.4193881569922384,10
SMC,-0.28951495624060186,0.7213991598143349,4
SNC,-1.3035584347395521,0.27431699694945355,4
SPC,-2.154374453477453,0.6317993049489858,8
SQC,-2.139591834145396,0.4398972809555491,4
SRC,-2.0214576049817796,0.3913657746178684,12
SSC,-1.7749032962786888,0.6193883076422357,12
STC,-2.0829255623653924,0.3028442681139469,8
SVC,-0.17328556634058628,0.4954414606911106,7
SWC,-1.9671227295489326,0.3268396358041612,4
SYC,-0.3846392721502078,0.09014192772139487,3
