Translation,mean,std_err_of_mean,len
V*A,-3.8131772474813217,0.5551034926730956,4
VAA,-1.7905261099977294,0.5355774783443007,5
VCA,-3.7066134053758404,0.20438898356010093,3
VDA,-3.0004967930281494,0.19256401532563677,3
VEA,-3.4257221540757703,0.8950395524238475,4
VFA,-0.12398047001350705,0.1886462954603934,3
VGA,-3.394371279279212,0.2848765339194592,7
VHA,-0.6583170878958449,0.546091430814789,7
VIA,-3.3922670652919495,0.8005602456209323,4
VKA,-2.4375289237810915,0.29917500322065266,4
VLA,-3.199070940558723,0.45549801825105096,8
VMA,-4.15834332251412,0.19863234757574028,4
VNA,-3.1193795505244006,1.622583080302074,2
VPA,-2.09837633360853,0.8547188635818088,4
VQA,-2.3888845343898857,0.46976941502733144,3
VRA,-3.195102664436193,0.8159265687076113,12
VSA,-3.1351686426649708,0.5771609262068146,8
VTA,-2.7638677178564763,0.5158087117412292,3
VVA,-3.396770014294679,0.45603068637600425,6
VWA,-3.313532900779109,0.6696422812248565,4
VYA,0.5806701555829676,0.7667487014282404,4
