Translation,mean,std_err_of_mean,len
E*P,-2.3326960741767038,0.5962344771038575,3
EAP,-0.8456798294154009,1.6292807391980162,2
ECP,-1.423989665211261,,1
EDP,-1.5972209516323272,0.09599768730778968,2
EEP,-3.436160986503763,0.26595312676966426,3
EFP,-0.9878373598683636,0.2770877432786733,2
EGP,-2.024695928549861,0.46795660841673675,6
EHP,-0.8406662936108118,0.00981254540971996,2
EKP,-2.685880220915102,1.0479180683510319,2
ELP,-0.607063067428788,0.8585168231736047,2
EMP,-0.016813394451659747,,1
ENP,-2.3030933163924354,,1
EQP,-0.46873095943164955,,1
ERP,-3.021450316761649,0.7997519868016444,5
ESP,-1.8569280639725374,0.3022764055648427,2
ETP,-1.1855589080267794,,1
EVP,0.326274219635577,1.0774907790368822,2
EWP,-1.6986215425148865,0.37769887237061694,3
EYP,-3.5120996654002115,,1
