Translation,mean,std_err_of_mean,len
M*L,-2.7364742729911056,0.10937727725760245,2
MAL,1.662849031151712,0.8652334896915198,3
MCL,1.5707801315783545,1.0981038590426997,2
MDL,-2.1290600741398116,0.8669715915596524,3
MEL,-0.6191139116737627,0.8755592905428937,2
MFL,-0.7314888073946655,,1
MGL,1.288515851102055,1.314687340862646,2
MHL,0.20411938791381878,0.44499461303896326,2
MIL,-0.11923461500576948,,1
MKL,0.48561792829563544,,1
MLL,1.0528294146477268,,1
MNL,-2.9320149035645526,,1
MPL,-1.4096983717951366,0.3501567428531852,2
MRL,1.0867765685025552,0.528904443123908,4
MSL,-0.02789864977147616,0.985241879480673,2
MTL,-2.5132999692712543,0.5900841390810154,2
MVL,0.095971702375736,0.520984137898346,5
MWL,0.200356999843736,0.4458643424001451,2
