Translation,mean,std_err_of_mean,len
A*A,-3.092459882506555,0.7442683434101195,2
AAA,-2.3001493916640565,0.6846739946166261,6
ACA,-1.8746176599533726,1.1703812632007657,3
ADA,-2.333337292392174,0.032642234406114204,2
AEA,-2.995040957068015,0.20989106521861103,4
AFA,-1.9152047158559018,,1
AGA,-3.2925320662509217,0.5125697262334007,7
AHA,-2.5086625434677656,0.7244294169803523,3
AIA,-1.5110123905705724,,1
AKA,-1.8720642991056735,,1
ALA,-2.077614237412626,0.6668877722991933,5
AMA,-0.6782987265919296,,1
ANA,-1.9001174938528553,,1
APA,-2.9993160416625066,0.22425229431538868,2
AQA,-0.089442702641088,0.1264910831303305,2
ARA,-3.0617139590913407,0.6481598983076204,9
ASA,-3.0554979025288778,0.40854965275493227,6
ATA,-1.8331332727433196,0.6785568059540481,2
AVA,-1.757511965141819,0.6944297634441238,6
AWA,-2.4581116082730023,0.6151037834790025,3
AYA,-2.082509470449624,,1
