Translation,mean,std_err_of_mean,len
A*L,0.46419462560788105,,1
AAL,0.739147123169491,0.812466882171837,4
ACL,-0.3849220538207998,,1
AEL,-0.7517110840904939,0.4137643926856202,2
AFL,0.16955781514001167,,1
AGL,0.08639066698561777,0.4790170503422779,5
AKL,-0.204671982151039,,1
ALL,0.3349172523434292,0.4484922570294081,4
AML,2.123258195780739,,1
APL,0.33728526087807786,,1
AQL,0.7089291153920865,,1
ARL,0.5345090391998609,0.4823092140563202,10
ASL,-0.015199518674808177,0.6506144290508982,8
AVL,1.2768064696325083,0.295576402563219,3
AWL,0.026623200321452007,0.5723147266159554,3
