Translation,mean,std_err_of_mean,len
N*F,-3.0295841780701256,,1
NAF,0.0894502102259569,,1
NCF,-0.9494978027557472,,1
NDF,-0.3929878200578587,0.5557687049732613,2
NEF,-0.7780835853281634,,1
NGF,-0.7956157966562104,1.1658544052642368,3
NHF,0.49050879381406,,1
NIF,0.44525393597060514,,1
NLF,-0.2455602292196648,0.54632539867961,2
NMF,0.8331104569661711,,1
NNF,2.1019773081021196,,1
NPF,0.5479480492144132,0.5193138040519546,3
NRF,1.1875847452427906,1.1425521130265304,3
NTF,0.6775637172646078,0.18944787556503176,2
NVF,0.4419196996416961,,1
NWF,-1.0435915366301156,,1
NYF,0.6915395636180452,,1
