Translation,mean,std_err_of_mean,len
G*N,0.6192930028904318,0.6003458159557796,2
GAN,0.2513276998516174,0.6073138927742527,2
GCN,-0.3266029485295068,,1
GDN,-0.09219965829075072,,1
GEN,-0.1261570893482018,0.13520759278220024,2
GGN,0.08544588778867901,0.21769358311079165,7
GIN,0.1767453427064205,0.16954712037361735,2
GKN,-0.260624571945276,,1
GLN,0.039705941049001936,,1
GMN,0.06192133975261207,0.0868222103497912,5
GNN,-0.44715711823675797,,1
GRN,0.36890626346827854,0.43654259668151707,3
GSN,1.3493245604726418,,1
GTN,0.0409579959207953,,1
GVN,0.2003398070554588,1.0000953370395222,3
GWN,0.3699064286993246,0.7774028075997442,3
