Translation,mean,std_err_of_mean,len
F*N,-4.099178789798021,1.5498118588804188,2
FCN,0.3750168425342366,,1
FGN,-0.06636615180540802,0.5753284796228932,3
FIN,0.05143824040824363,,1
FLN,-0.5091309747955111,0.6972507727228047,4
FPN,0.18956517219174795,0.2698371943388672,2
FRN,0.2967486538711368,0.5858633228308607,2
FVN,-1.0584588591915933,0.5440388158684657,2
