Translation,mean,std_err_of_mean,len
DRQ,0.23363303099399246,0.3304070010500378,2
DSQ,0.38068665915140976,,1
