Translation,mean,std_err_of_mean,len
QCS,0.2498306603938958,0.8032634956685863,4
QFS,0.2829409345700995,,1
QGS,0.04258889255434971,0.48910348205342424,7
QRS,-0.0387771924766418,0.2077822165645218,2
QSS,-0.1520547389518212,0.38173358173328364,2
QWS,-0.17067792471803175,0.3029237728016598,3
