Translation,mean,std_err_of_mean,len
VEQ,0.7692827885075504,0.8441818587943904,2
VGQ,-0.19130398329306533,0.5014971034631805,7
VLQ,1.5132112423832282,,1
VRQ,0.0706161840128463,0.2864896494265225,4
VSQ,-0.132452235245351,,1
VVQ,0.320727632719372,0.30032765266252365,4
VWQ,1.2142727870272054,,1
