Translation,mean,std_err_of_mean,len
K*E,-3.5150769084844335,0.2231787382193557,3
KAE,0.4605450590210525,0.506800460585135,5
KCE,-0.19468223799898166,0.8329530655436921,4
KDE,-2.0099524186307938,0.5538863184540804,4
KEE,-2.211908458586301,0.8223994444588307,4
KFE,-2.3038781744168997,0.10106795215821704,2
KGE,-3.179299745795544,0.3415865382193155,8
KHE,-1.733617625550091,0.45214526531643723,4
KIE,0.3476728824198734,1.0335722581363813,3
KKE,-2.1827391890361523,0.22642442699044246,3
KLE,-2.8373885087135697,0.5620426040135762,8
KME,-2.640115277536096,0.3489989472986694,4
KNE,-1.789328483287962,0.13083193109061594,2
KPE,-2.1255304582447527,0.2883653156360485,4
KQE,-1.8623924074079483,0.3817599632976333,3
KRE,-2.3974456149584245,0.5937613198264179,12
KSE,-1.5193377458284296,0.7283614585637849,11
KTE,-0.21783220349678287,0.7401882095139041,3
KVE,0.3420682904952872,1.5093799377168584,5
KWE,-2.7085698578295645,0.3557584983281927,4
KYE,-1.8706511645203812,0.45907981253964214,3
