Translation,mean,std_err_of_mean,len
G*T,-3.204534575125801,0.44166717277028233,2
GAT,0.7381018974241105,0.4800645307716491,2
GCT,-0.2975825813376076,,1
GDT,1.7163115215964135,1.1153802739336607,3
GGT,-1.6976564908416993,1.5296747587113977,3
GIT,0.004469568912833566,,1
GKT,1.10381837293615,,1
GLT,1.5251021400629932,0.9445068545961139,2
GMT,3.149199013981315,,1
GQT,1.5547162633856253,,1
GRT,1.3316312339723524,1.248861556839518,2
GST,0.38137928260046916,,1
GTT,-0.012958546925814366,0.8765963834994541,6
GVT,0.35397335242005745,0.00963993800920816,2
