Translation,mean,std_err_of_mean,len
V*C,-2.357841528726796,,1
VAC,-0.8758081094527865,,1
VCC,0.7975778436321699,0.22590394784509354,2
VDC,1.4014895380967314,0.5765300796231362,2
VFC,0.35645989203946904,,1
VGC,1.2494000821449547,1.2353573506934987,5
VHC,0.9643889832555494,,1
VIC,-0.925265532647483,,1
VLC,2.782362595958027,,1
VNC,0.08812665718317063,0.7450637028825096,3
VPC,-0.869627064594883,0.5001613531374701,5
VQC,1.9257266626269205,1.2651970462410183,2
VRC,0.8041617496556377,,1
VSC,0.5111374935265142,1.324231483783693,3
VTC,-0.03737048767927385,0.5723437940687587,7
VVC,1.7645372470806873,,1
VWC,2.7172003857001243,,1
