Translation,mean,std_err_of_mean,len
G*M,-2.25949575098981,,1
GAM,0.4569573106670341,0.598985973801048,3
GCM,-0.3298481895336587,0.2765115766185354,4
GDM,-2.775734648141512,,1
GEM,-2.99471699326931,0.7271415101396026,2
GFM,-1.8230637075930582,0.5599481390702664,3
GGM,-0.20436352379400458,0.8260915950032168,8
GHM,-1.5222950301282463,,1
GIM,-3.2907770892781683,0.2936223000895204,2
GKM,-1.0998373169771707,,1
GLM,-1.5291741527180667,0.3225732079178046,4
GMM,-2.997398741156765,0.18096457624185244,2
GNM,-3.213761898720671,,1
GPM,-2.008307656998884,0.3353042824012853,2
GRM,-1.7494179015400717,0.6043418794044269,8
GSM,-0.18411047284596269,1.5296453480704761,6
GVM,-1.0077145261475529,0.3991545430323355,6
GWM,-2.81902121112679,0.35202983078300215,4
GYM,-2.0797446162918543,0.22154769314666586,3
