Translation,mean,std_err_of_mean,len
L*D,-1.6072882830893036,,1
LAD,0.2270313460087987,0.11721342167745007,2
LCD,1.1097183894851979,,1
LDD,-0.7393097659737891,0.44025833425453476,5
LED,-0.8791757555817616,,1
LFD,0.8388338849401187,,1
LGD,0.581707167818574,1.314134358232546,6
LHD,-0.6862617188365219,,1
LND,-0.7060513641012349,,1
LPD,0.14860360264119285,0.9977973019271765,3
LRD,1.6174739623628467,0.5241091956227265,2
LSD,1.819471106597467,0.44634649244508173,2
LTD,0.9190812821456227,,1
LVD,1.008720657597575,0.9893002980760036,2
LWD,0.8338981771539267,,1
LYD,-0.5138902699074821,,1
