Translation,mean,std_err_of_mean,len
L*P,-6.710050748506543,0.0433000057042219,2
LEP,-1.5342084600336836,,1
LFP,-1.0427325881906366,,1
LGP,-2.8094362224306955,0.17504869282768185,3
LKP,-3.1785414949758266,,1
LMP,-1.128424969654482,,1
LNP,-1.3548507828924115,1.3582781188621835,3
LPP,-3.8447460092451013,,1
LVP,-1.781748516769989,,1
LWP,-1.4574419055057142,,1
