Translation,mean,std_err_of_mean,len
L*Q,-3.2183165737277717,0.31329296864259104,2
LCQ,1.048694412874097,,1
LDQ,-3.178169920365074,0.5748238459341174,3
LEQ,-3.884012154055545,0.10829687865322385,2
LFQ,-2.0772438783909077,,1
LGQ,-3.3121666458595684,0.30337059990970683,8
LHQ,-2.9052468692213456,,1
LKQ,-2.86547930854197,0.5092943704910947,3
LNQ,-3.2604103644417974,0.17484184012398632,3
LQQ,-2.5324033519630857,,1
LRQ,-3.1527243570675605,0.41265766314498,11
LSQ,-1.5919545694639374,0.5295589077706597,3
LVQ,-0.0703617454733545,0.3001571419882576,4
LWQ,-2.986444839627536,0.6188947750787284,3
LYQ,-2.9748646026502623,,1
