Translation,mean,std_err_of_mean,len
I*K,-2.9466496471479573,,1
IAK,0.789271260592681,,1
ICK,-0.8362861918764128,,1
IGK,0.2586213101971473,0.7711827901605088,4
IHK,-0.6934069587628562,,1
ILK,-0.8246302368058727,,1
IQK,0.4733631341368181,,1
IRK,-0.1897035331151562,0.504756619248028,6
ISK,-0.6686511503829671,,1
IVK,-0.26738369410639073,,1
