Translation,mean,std_err_of_mean,len
G*S,-2.44469317938616,,1
GAS,0.5362747677969004,0.41248314805219494,2
GDS,-0.49696914788020585,,1
GHS,-0.8867476934530935,1.2866297546183165,8
GLS,-0.010209875217945807,0.9342422936154328,3
GNS,-0.9096722499171079,,1
GPS,-0.9993724734673632,0.575025432570461,5
GQS,0.15580484176497356,0.5553214399438798,2
GRS,-1.0083112428827894,0.6847984937573519,2
GSS,1.5164647671020965,,1
GTS,1.4589340955775705,1.401736199734636,2
GYS,-1.4676723704048609,,1
