Translation,mean,std_err_of_mean,len
GAV,-2.342515677194534,,1
GDV,-1.1776387988019836,,1
GHV,-1.7605273007826219,2.1490260941174575,2
GIV,-1.2868402291739738,,1
GKV,-1.984771300063569,1.1123382779321944,2
GLV,-1.5766584151817762,0.20080279289905303,2
GMV,0.06671947476249862,,1
GNV,-1.043150547249055,0.659039014441301,6
GPV,-2.0676494281115536,0.6159526072052729,4
GQV,-1.8532873337098188,,1
GRV,-2.572559342098617,0.2066147256834376,2
GSV,-3.541174344719094,1.1240124192674719,2
GTV,-2.518027693257871,0.770175714708895,2
GYV,-1.8883961685070574,,1
