Translation,mean,std_err_of_mean,len
N*K,-4.371091730612276,0.4626840649518259,2
NGK,1.482979632621543,,1
NHK,-1.2136608796853823,,1
NIK,-0.4148733449618067,,1
NLK,0.2853247532549714,0.7667701385144431,2
NNK,-0.4825697874564008,0.1256412406258552,2
NPK,-0.2465216787316665,1.1712146065982258,5
NRK,-0.2415417420762438,,1
NSK,-0.6514496338427342,0.6557206935588473,2
NTK,-1.3245152773258368,,1
NVK,-0.025508155541780653,,1
