Translation,mean,std_err_of_mean,len
A*P,-4.119634935470228,0.3990614383455197,2
AAP,-0.16938562831424697,,1
ADP,-1.855586012211204,0.7257438410556135,2
AEP,-1.4885031694673572,,1
AFP,-3.1470813945618015,0.8984012966770982,3
AHP,-2.017783729188725,0.6256556058338594,3
AIP,-2.4331451722930106,,1
AKP,-1.358877221246248,1.1567080433213905,2
ALP,-3.422913275848888,0.6397734421153614,4
ANP,-0.4705063772747588,0.38161027696204314,7
APP,-3.2027844841471977,1.08218126507449,4
AQP,-0.39872831152472976,,1
ARP,-2.8105083130181345,,1
ASP,-0.19849065761358986,0.3318415385183979,2
ATP,-3.6987123425246264,0.9254970025486912,3
AVP,-2.5387339299238114,,1
AYP,-3.2870334966064574,0.2039786950108389,2
