Translation,mean,std_err_of_mean,len
F*R,-3.3608661683025445,0.6766635121912613,2
FAR,0.9743893117192801,,1
FCR,0.3531752160584407,,1
FDR,0.06474412157145482,1.9899437403590772,2
FER,1.1612772192999827,,1
FFR,0.43605215787323814,1.4723364094236073,2
FGR,-0.3602932895502373,0.5291459991721188,4
FLR,-1.4723312551684629,,1
FMR,2.4662682001673932,,1
FRR,1.259607411055842,0.46674031990694576,3
FSR,-0.13108402745749892,0.46645066851900163,2
FVR,-0.08047252911532153,0.8075317578151628,7
FWR,0.05581311355284768,,1
FYR,-0.12094712203115243,,1
