Translation,mean,std_err_of_mean,len
S*L,-2.3339450592930646,,1
SCL,0.4748112179411521,,1
SDL,-2.0826857760331325,,1
SEL,-1.7654733502057445,,1
SFL,-2.678833464049351,,1
SGL,-2.942442098524669,0.23087325542096218,3
SKL,-2.037421955665234,,1
SLL,-1.596871862135675,0.5606614501594243,3
SML,-1.3524495928519027,,1
SQL,-1.2593378776755078,,1
SRL,-2.655470462052353,0.17787953784087243,2
SSL,-0.2534791915372647,,1
SVL,-0.5284199572065843,0.6577759486744925,5
SWL,-2.8223455747286694,,1
SYL,-1.6109691258937993,,1
