Translation,mean,std_err_of_mean,len
Y*C,-5.9556203809623955,0.21842704677445188,2
YCC,-1.286525350221691,,1
YEC,-2.8654986609912303,,1
YGC,-1.4552768323342895,1.8314486153896172,2
YHC,-1.7115693282250088,,1
YKC,-2.187537698957666,,1
YLC,-4.011063608539485,0.8756042778893074,5
YPC,-0.6951935319336116,,1
YQC,-0.39800302933722564,0.5628612819542813,2
YRC,-3.5466532199908527,1.3442856584143592,3
YSC,-1.5279068796124413,,1
YVC,-1.880355661774205,,1
YWC,-2.1183106815713773,0.8530039973279717,2
