Translation,mean,std_err_of_mean,len
LAC,-1.4291238941140225,2.0080408722447225,8
LDC,-1.053632466189331,1.4923061814700673,3
LGC,-2.066266320789049,1.1305765722031256,6
LKC,-5.674560973783853,,1
LNC,0.33805016188065906,,1
LRC,-4.291762848027104,0.9577840811962098,7
LSC,-0.7543049538982111,2.448804779532391,3
LVC,-0.24691233884049701,,1
LWC,-4.180901046680124,0.667338506193471,3
LYC,-1.1170030162460645,,1
