Translation,mean,std_err_of_mean,len
S*G,0.9787477137736023,,1
SAG,0.4746848162765526,0.24964490419482918,3
SCG,2.2401044255744846,,1
SDG,0.11257676695821317,,1
SEG,0.43396474579641975,,1
SFG,1.0718316296073607,0.8285392898969813,3
SGG,1.1149477617418557,1.5427448853716117,2
SHG,-0.07740478421847374,0.19196092140257584,2
SIG,-0.020557407858725618,0.3444985993568231,2
SLG,0.6189786053574764,0.6508498236759479,2
SNG,0.8835045608974236,0.8259849850427128,3
SPG,0.6187956043930409,0.5301436723977753,3
SQG,1.2090050003135664,0.23597814642614712,2
SRG,0.9535708492188739,1.2915083533106184,3
SSG,0.812313801488159,,1
STG,2.3146703633213193,,1
SVG,0.16291052934120548,0.25411083169466936,10
