Translation,mean,std_err_of_mean,len
C*S,0.5363616847567989,0.06229123067157755,4
CAS,0.3290126800181741,0.2641440467238477,9
CCS,0.1673400098761313,0.1417600828454948,5
CDS,0.029488557600099163,0.40280384533133334,5
CES,0.3041161823207572,0.27260421789502365,4
CFS,0.15356291901411723,0.3007494016616467,4
CGS,0.1838512898025647,0.22660912882337733,12
CHS,0.4686655018308816,0.40050314971348144,4
CIS,0.25238761274931387,0.5618545694582582,4
CKS,0.2875369156601413,0.3962798373073915,4
CLS,0.38635565659380505,0.3197597190666099,12
CMS,0.27126057788295377,0.40635304563145946,4
CNS,0.49354908032421285,0.2197184550705844,4
CPS,0.628039333837484,0.36822186156938114,8
CQS,0.26371331178468904,0.7229383113038234,4
CRS,0.499341992995243,0.20794303829873959,12
CSS,0.23929264876283174,0.2788889661080243,12
CTS,0.5211504769034934,0.3870197318579398,8
CVS,0.26189353352406275,0.1879742292332977,9
CWS,0.03875324903581423,0.33243989115408307,4
CYS,0.08545437842160797,0.26422120272480887,4
