Translation,mean,std_err_of_mean,len
S*L,-0.09036464544025269,0.35581842447082046,4
SAL,-0.02245323569667801,0.27973650350807205,8
SCL,-0.16090198637521747,0.30834085370497205,4
SDL,0.05728884878919486,0.2604516513678468,3
SEL,0.2581152638488997,0.4699039788346725,4
SFL,0.04815019534747763,0.33405685221646153,7
SGL,0.20992027843630195,0.4086265341720567,8
SHL,-0.2784226925701132,,1
SIL,0.1503749056081667,0.5593096224825963,4
SKL,0.10469586138924636,0.28878151660619483,4
SLL,0.323556173397092,0.8547567321304362,11
SML,0.4202615653446704,0.40673900929009266,4
SNL,-0.12340621804561192,0.5649283313562704,2
SPL,0.06358576049398224,0.33601964366943465,3
SQL,0.49116988053044075,0.8208222169380395,4
SRL,0.24333551377284632,0.4126893972069479,11
SSL,0.4934030142231143,0.45367272318579793,12
STL,0.3553502833870887,0.5209311660117436,5
SVL,0.17479887107907122,0.35714336248493744,8
SWL,0.1588520809584717,0.2416692975274751,4
SYL,0.30272313515628707,0.08296437346834233,3
