Translation,ratio_x,ratio_y
L*T,"[-3.613210202494887, nan, -5.790659054319011, nan]","[-4.787478756225448, -2.2459043814875628, -2.7039958917572333, -3.725840451784056]"
LAT,"[nan, nan, nan, nan, nan]","[1.8395831360904396, 1.7183811980981059, 0.6184011169943737, -0.09148494311554778, 0.609189378659023]"
LDT,"[nan, nan]","[2.4322498011374787, -0.7192755851262582]"
LET,"[nan, -0.7620899021222396, nan]","[-0.21414995788984825, -0.45423821023980615, 0.9518957465666968]"
LFT,[-1.5971793248978035],[nan]
LGT,"[nan, -0.7385705431705585, nan, nan, 0.7239141185107467]","[-1.0278125314387303, 1.8515502162280661, -0.21286880150220533, 1.0200890626141987, nan]"
LHT,"[nan, -0.8295480677126061]","[0.809813804248618, nan]"
LIT,"[1.4014616932374953, nan]","[nan, 0.3271963846514012]"
LKT,"[nan, -0.22587443553548603]","[-0.059063465423170314, -0.8424512905550436]"
LLT,"[nan, nan, nan, nan, nan, nan]","[0.6779021287430371, 0.4035819153627269, 2.0419556993030756, -0.17689995571702788, 1.8532203889555667, 1.3153320493583287]"
LMT,"[nan, nan]","[-0.4033979733588122, 1.5802054548559035]"
LNT,[nan],[1.4989319876977163]
LPT,"[0.0, nan, nan, nan, -0.6620748482575998, nan, nan, nan, -2.622104784610112, -0.19504930939834608]","[0.0, 1.6007342682205774, -1.5054433884615968, -0.3700323483206649, -1.1738838674250278, 0.34326298210612016, 1.0168572351910505, -0.05602301110311814, -0.7280902309327999, -0.2932430085847795]"
LQT,"[nan, 0.5196810662931401]","[-0.36416193082350823, 2.2578465546975686]"
LRT,"[nan, nan, nan, nan]","[0.7425550870852913, 1.1211365198525325, 1.3408671414654663, 0.05641375199676801]"
LST,"[nan, nan, -0.04172081848673059, 2.0083613844730674, nan, nan]","[1.14356570109185, 0.962879087457507, nan, -0.2066206538370281, 1.6450374948374105, -0.4965956024890996]"
LTT,"[nan, nan, nan, nan, nan, nan]","[0.004712445010145672, 0.10350886973206741, 1.6922574217201056, -0.262391625132695, -0.05249081149968404, 1.3891810792455939]"
LVT,"[nan, nan, 1.8410679137380654, nan]","[-0.4322807890073861, -0.0565412706533408, 1.157069965441595, 1.2197959075723066]"
LWT,"[nan, nan, nan, nan]","[1.959188239133054, 1.2373295373570556, 0.9733580122692089, 1.5147662929633636]"
LYT,"[nan, nan, 1.7437707123831512]","[0.6895839337906722, 0.39333456135960176, -1.1224494055768055]"
