Translation,ratio_x,ratio_y
YDG,[-0.03961317354617755],[-0.42187687770212356]
YIG,[-0.46652902377893746],[-0.6879133728985565]
YNG,"[0.0, -1.232557083547606]","[0.0, -1.05248673199541]"
YSG,[-0.2952345917251282],[0.5559631278761454]
YYG,[-0.5501357259118507],[-0.5486042936973234]
