Translation,ratio_x,ratio_y
NCY,[0.10342745380033591],[-0.09678966557855873]
NFY,"[0.4359294982474733, 0.0, 0.6632886609701334]","[0.32617190996541723, 0.0, 2.8304017947392044]"
NIY,[-0.06333609868240941],[0.08822848509445613]
NLY,[0.7248104435681544],[-0.0076315303130609635]
NYY,[-0.21258907576366148],[-0.2601718211540991]
