Translation,ratio_x,ratio_y
C*M,[nan],[-5.952659243647217]
CAM,"[nan, -1.760409931597409, -2.056975530964854, 0.0]","[-1.6424731342651118, 0.07800931913835818, -1.0676130370819195, 0.0]"
CCM,[nan],[-1.3718255443214424]
CDM,"[nan, -5.698393478622943]","[-6.7670235135851, -5.188779604822514]"
CEM,"[-5.974561571074768, -6.039056230370589]","[-6.121895631388251, -5.341808144324155]"
CFM,[nan],[-4.798358682438116]
CGM,"[-1.047699433082725, 0.5077469068489737, -0.8805972043857331]","[-2.0473089406268308, -0.6526746274037798, -1.999859206967331]"
CHM,"[-5.905400524238739, -7.081720830735941]","[nan, -3.596137253990543]"
CKM,"[-4.884164751606794, -4.889310524407362]","[nan, -3.9834076065114576]"
CLM,"[nan, nan, nan, nan]","[-1.318129848208212, -1.0754325415412183, -3.899892548885873, -3.5188563983591177]"
CNM,"[nan, -5.733708010198861]","[-5.8510955936441515, nan]"
CPM,[-2.4619586309421084],[-0.7967511407878138]
CQM,"[-6.424467393403777, nan]","[nan, -6.00755955166062]"
CRM,"[-5.048023380094952, -7.216826432717368, nan, -4.693697172009389, -6.450958900216854]","[-4.02117014248908, nan, -5.441733040312101, nan, nan]"
CSM,"[nan, -3.2681638458849136, nan, -3.2706230586343175]","[-1.0150135803360492, nan, -2.0464298341754095, -2.217269330430974]"
CTM,"[-1.2063893345948298, 0.9173893935908026, -1.9255312007441816]","[-2.9749897978309736, nan, -3.0832098921329365]"
CVM,"[-0.20285715876256205, nan, -2.832933424139659]","[0.18572797254803142, -0.36873588162042736, -3.8193756331762057]"
CWM,"[nan, nan]","[-5.773822779399253, -5.724467715474589]"
CYM,"[nan, -4.187043106237669]","[-5.471025922676757, -5.7770820228077016]"
