Translation,ratio_x,ratio_y
RHT,[-0.11181755497977086],[0.058380312743947727]
RQT,"[0.0, 0.2078548215699083]","[0.0, 0.371587897266064]"
