Translation,ratio_x,ratio_y
PAG,[-0.10539198222823032],[-0.1532344829003076]
PPG,[0.4782253481941776],[0.3696063059130523]
PSG,"[0.15308973561709038, nan, -0.27755586801619714, 0.0, nan, -0.019719862559021806]","[0.01699130716802344, 0.6580374888123259, 0.0066304622053507956, 0.0, 0.2827288552330849, -0.2125411792010503]"
PTG,[-0.022814668981888886],[0.13743286378401898]
PYG,[-0.09055927561772137],[0.09319287027805778]
