Translation,ratio_x,ratio_y
K*N,"[-2.6541284219904036, -4.031482222988315]","[nan, -3.071193510942585]"
KAN,"[-0.008627459117095171, -1.1668895430338289, -1.2392980385618788, -0.1463526120311336, -0.676563916450748, 1.0012532530664746]","[nan, nan, nan, nan, nan, nan]"
KCN,"[-0.31675689213488845, -0.48533706918622777, 0.8682011214345344, 0.6492462645659849]","[nan, nan, nan, 1.030240359879956]"
KDN,"[-1.7957063333444125, 0.021406272467160647]","[nan, -0.8273573169572703]"
KEN,"[0.27985681597235335, 0.847757232930574, -0.905051897982796, 0.5974409503035574]","[nan, nan, nan, nan]"
KFN,"[-0.9616444283117982, 1.5504472443834452, -1.7369403343510577]","[nan, nan, nan]"
KGN,"[-2.874571202008118, 0.9857325999984443, -1.7889413624902044, 0.40068926832749163, -0.2806879529688011, -1.0011300160081102, -0.09375784088756767]","[nan, -0.34040302004043355, nan, -0.9574830812333595, nan, nan, -0.9544584322819158]"
KHN,[0.7015507527328957],[nan]
KKN,"[-1.6132468055254776, -1.2310198804535428]","[nan, nan]"
KLN,"[-0.42482608122794474, 0.52578677498758, 0.9762897000242159, 0.31362179372229804, -0.9804764188029456, 0.8187265388035154, -2.377172282092282]","[nan, nan, nan, nan, 0.05671257124114781, nan, nan]"
KMN,"[0.11488142538155088, nan]","[nan, 1.790841513237817]"
KNN,[0.1313342912622666],[nan]
KPN,"[-1.7219960595957247, -2.8712592419240686, -3.9709797091363406, -2.469876074267731, -2.371647116268262, -1.80327429151499, -4.390155002243146]","[nan, nan, -2.9835552844335975, nan, nan, nan, nan]"
KQN,"[-1.815982381174699, 0.12261707416115719]","[nan, nan]"
KRN,"[-2.296550674262413, -0.30644089543262254, -1.7103327743167167, -0.025020826722490952, -1.5929952792688713, 0.7703153302302752, 0.7034493257375871]","[1.5931015681726581, nan, nan, 0.4786589857948371, nan, nan, nan]"
KSN,"[-0.6004874522194008, -0.9916790584274526, -1.383207449960592, -1.9347161009047955, -2.634757998819765, -1.217515616103796, 1.7962977913484437, 0.0016161813231487798]","[nan, nan, nan, nan, 1.1256184079572158, nan, nan, 0.11972236876694886]"
KTN,"[nan, 0.4497818174146673, 1.2569181658727473, -0.15915389425422255]","[2.507593886514515, nan, nan, nan]"
KVN,"[-0.3525818603344568, 0.5912218600039267, -1.0085356174363902, -0.644211320567015, 0.9090593101994706, -0.4052015194563907]","[nan, nan, -1.0880516959737712, nan, nan, nan]"
KWN,"[-1.531585923526924, 1.0359737132173663, 0.5597775334582149]","[nan, nan, nan]"
KYN,"[0.0, -0.8115582898792528, -0.669529686367607]","[0.0, nan, -0.722793602913903]"
