Translation,ratio_x,ratio_y
I*H,"[-4.225290855489034, -3.760291199108135, -5.104868095694284, -3.7159867542314036, -2.5698363061814558]","[nan, nan, -3.1323435129209365, nan, nan]"
IAH,"[-0.9198607741716192, -0.4003498307834903, -0.30266021639794793]","[nan, nan, nan]"
ICH,[nan],[-0.1479854627610777]
IDH,"[-0.9713197971732459, nan, -0.18684040196673024]","[nan, 0.1630960600277902, nan]"
IEH,"[-2.139371429913947, nan]","[nan, 0.410174310277009]"
IGH,"[0.0, -1.3362052105036195, nan, -0.4875483950434898]","[0.0, -0.476135690215834, 2.122734591774938, -1.4505512444225968]"
IHH,[-1.2020040029531192],[-0.8167065759773795]
IIH,[-2.268995159705282],[nan]
IKH,"[0.5442394048010986, 0.19746723893625884]","[-0.8215559756387734, -0.8970461752230392]"
ILH,"[-0.3877234388364599, nan, nan, -0.06525012590276802, nan, 0.3925445465972359, -1.7720688781148315]","[nan, 0.41407227285436754, -0.49332330389720447, nan, 0.4008364456976725, nan, nan]"
IMH,[nan],[-1.1249481190887103]
INH,"[-3.087704976730464, -0.17920878804303264]","[nan, nan]"
IPH,"[-3.7059816318177727, -4.61869574336211, -3.411530692313347, -3.257189455426124, -2.620440078693827, -2.5808066192573964, -3.9585155701621204, -4.166945181499331, -2.6230556316825826, -3.3291983147749242, -3.93532182010418, -3.7323130024063076]","[-3.524699902708246, -4.774588352892014, -2.751889660519783, -5.00631601824403, -3.243743927999672, nan, -2.8685306890208775, -5.199076396489454, nan, -1.8996602686581774, nan, nan]"
IQH,"[0.11355571467268888, nan, 1.127598019819665]","[nan, -0.5197290868079225, nan]"
IRH,"[nan, nan, 1.166015246482969, 0.20250282883355553]","[-0.620416103530923, -0.9823787699738347, nan, nan]"
ISH,"[nan, 0.3815588420279976, -0.11722358275610034, 0.73615903249258, -1.1978878944808873, 0.7562143955702734, -0.30182203192931745, 0.9393022043186772]","[0.8510407994077127, -0.9968742358513047, nan, nan, 0.25059381011705995, nan, nan, nan]"
ITH,"[-0.9795085356510622, 0.6820000705249587, -1.4197828862220572, -0.9403060446821385, -0.8297109024345453, 0.22215028585632268, -1.051638328266133]","[nan, nan, nan, -0.10534894163936492, nan, nan, -0.8524169393435344]"
IVH,"[-1.3062744856140664, nan, -1.7339942288602863, -1.3029617515732301, -0.3625185962536861]","[nan, -1.126410557167194, nan, nan, nan]"
IYH,[-0.8408396232632853],[nan]
