Translation,mean,std_err_of_mean,len
D*V,-1.1896155784372768,0.35565048071030125,4
DAV,-0.10840163935140319,0.7732164857124353,7
DCV,-0.028261866438322337,0.0643235900021074,5
DDV,-0.036783247380622885,0.7232606616663396,4
DEV,-0.4779360923819098,0.7426008652280436,4
DFV,-0.028679126788873965,0.48707544936139785,4
DGV,-0.7630409879220207,1.1211588698137345,8
DHV,-0.21168392968559324,0.9364459156988933,4
DIV,-0.3857775009676092,0.3178940776625635,4
DKV,0.12051514907990857,0.9407572772971259,3
DLV,-0.5896462461662194,0.9320680905945911,12
DMV,-0.2937036507348134,0.6037187954050538,4
DNV,0.060290790245685955,0.8298772638932523,4
DPV,0.44842598882398277,0.7357916713661623,8
DQV,-1.1868210647955793,0.7855922315323106,4
DRV,-0.2927377805880589,0.9288871149754273,11
DSV,0.14214924060592724,0.8273094525855834,9
DTV,-0.18674740550691094,1.134838061353704,8
DVV,-0.3289947752721126,0.889528891229018,8
DWV,0.04749480050745358,0.5247785350702948,4
DYV,-0.2540984399117199,0.6123018442634872,4
