Translation,mean,std_err_of_mean,len
E*N,-1.4516701749284109,0.7009409682706692,2
EAN,0.2634550137105789,0.701323779942271,4
ECN,0.05815620324776605,0.314766970419612,2
EDN,0.14894099254613247,0.02552820410074732,2
EEN,0.03035729128286535,0.7411390711852597,2
EFN,-0.348101427128066,0.663025108877544,2
EGN,-0.4147699232603774,0.939926670375065,4
EHN,-0.4075245014777127,1.6509773937095478,2
EIN,0.566657382232123,0.12765099205466401,2
EKN,0.4424931611655576,0.5305153578821072,2
ELN,-0.13276391874580792,0.8118733501723092,6
EMN,-0.8212578295027417,0.6953294555614105,2
ENN,-1.175877517279412,0.5151008219817034,2
EPN,0.20169310259850914,0.9833176635497056,4
EQN,-0.3242507073566232,0.24549773339841796,2
ERN,0.07479153343322127,0.25841850085980617,6
ESN,-0.20379866574360905,0.902900707577474,6
ETN,0.2374235526402202,0.730008019039085,4
EVN,0.3138967570243997,0.4819163381238168,4
EWN,-0.47706230856642007,1.518180272478669,2
EYN,-0.47156417730256006,0.6237199028075628,2
