Translation,mean,std_err_of_mean,len
MEY,0.33544318913992655,,1
MKY,0.0,,1
MMY,-0.12589259528021124,,1
MNY,0.11249498040773265,,1
MRY,0.33427029137345077,,1
