Translation,mean,std_err_of_mean,len
D*N,-1.65987473609348,0.6690174766624405,4
DAN,-0.3165117045631397,0.6539450805847501,8
DCN,0.0016991468438063428,0.46514346430242326,4
DDN,-0.7811991581419162,0.46054791500567943,4
DEN,-0.4555413194411926,0.9699349797335004,4
DFN,0.08055344920834306,0.31637392069749964,4
DGN,-0.38189252231175674,0.6214369418924182,8
DHN,-0.24771065127489678,1.1762660497523398,4
DIN,0.21402863838942623,0.9961093534423854,3
DKN,-0.7347821957981213,1.637997973010853,4
DLN,-0.016756481475579954,0.8228206963258294,8
DMN,0.08176797473762365,1.2136414034217493,4
DNN,-0.9166814816175957,0.6699777556459446,4
DPN,-0.08864979722622073,0.7401614358352733,7
DQN,0.15409339459069513,1.0101973884928512,3
DRN,-0.5113845121236483,0.8349063957729377,12
DSN,-0.9025515933981874,0.9937802868220994,12
DTN,0.5539493317747721,0.849415215387008,5
DVN,0.1573077512854225,0.7597085047770051,7
DWN,-0.0038734074199733293,0.44863926420101274,4
DYN,-0.46388644398832435,0.9021882649111651,4
