Translation,mean,std_err_of_mean,len
R*N,-2.3250997041883537,0.5075534468174236,2
RAN,-0.6343283414945811,0.6881031354549886,4
RCN,-0.5224460880758719,0.9294133754984288,2
RDN,-1.7786380425252641,0.27015955545235487,2
REN,-0.8837497175580116,0.41626030680064385,2
RFN,-0.9571217828821643,,1
RGN,-0.7135958460393984,0.27226989752651004,4
RHN,-0.43557839202879123,,1
RIN,-0.19479749529306645,0.6174633672590889,2
RKN,-1.0257485801335657,0.2896247567404429,2
RLN,0.4419067013099305,1.165284895750189,5
RMN,1.1946164207269203,0.6915146937797594,2
RNN,-0.09981906718460731,,1
RPN,0.36959052266409176,0.9661330582854533,9
RQN,-1.6122517357687307,0.19607121802238583,2
RRN,-1.5131064977957263,0.3151071056677543,5
RSN,-0.6943590989118411,0.37339184231203176,5
RTN,0.1871311134207249,1.1143987372457635,3
RVN,-1.0799055625831275,0.6837960579069247,4
RWN,-0.4469746447317595,0.668980089006211,2
RYN,-0.6363641542089775,0.7437680258916906,2
