Translation,mean,std_err_of_mean,len
N*F,-1.6633319606782544,0.5747695313246609,4
NAF,-0.06783611635031717,0.4661853677939071,8
NCF,0.08826943558421907,0.6988936110744672,4
NDF,-0.15392864897185654,0.28868558961861585,4
NEF,-0.08429245357086601,0.626516390257483,4
NFF,1.0611677447759016,0.5318868932370936,2
NGF,-0.17635065022882268,0.820363440741493,8
NHF,0.3718750834160849,0.18128843909470288,2
NIF,0.6549763943074924,0.37952955469190813,4
NKF,0.022842657247057252,0.7538899254220462,4
NLF,0.5648175194694747,0.6621594923357481,11
NMF,0.12307917220565456,0.564225706639229,4
NNF,-0.33390899327192763,0.22152080233328145,3
NPF,1.0334427384779974,1.1839682286110789,5
NQF,1.0543811850549094,0.6972690045016202,4
NRF,0.34856161416906695,0.7297379032429814,13
NSF,-0.02098182524725364,0.8298101538314011,11
NTF,0.38479293993141944,0.7599384217969022,7
NVF,0.16218280647186184,0.9475698478372055,7
NWF,0.2953101117367738,0.8181132329371522,4
NYF,0.24372440518544458,0.28772361474466446,3
