Translation,mean,std_err_of_mean,len
A*T,-0.25716209193632683,1.3525760095240678,3
AAT,0.733891344777427,1.5412798875278164,7
ACT,0.06030833820411985,0.6274811207399786,3
ADT,0.48443578799343356,0.514879591474012,4
AET,0.599529575571894,0.5144927459210088,3
AFT,-0.10225321128443632,1.0715941621203329,2
AGT,0.6729499753000042,1.2288708482909014,10
AHT,-1.2597559187819687,0.2547361974877474,3
AIT,-0.45380892202429796,0.2946974109805005,3
AKT,0.20267921689331736,,1
ALT,0.7768850839702335,1.136756561617856,10
AMT,-0.9028651006461459,0.4866051314421725,2
ANT,1.1223561380946172,1.2451178480073986,3
APT,1.7824823214563341,0.8726824378328929,3
AQT,-0.21177663278426628,0.31860211010356204,3
ART,0.6546093787525711,0.8208991587312823,10
AST,0.0009513695219978135,0.8357308806099044,8
ATT,0.7509544779476643,1.123355196804442,5
AVT,0.34905455625386367,1.4263347914820608,7
AWT,0.06944326982492943,1.1428501390620078,4
AYT,0.7028992277959167,0.264313395138297,2
