Translation,mean,std_err_of_mean,len
M*Y,-1.8793741157919541,1.7282094816715907,2
MAY,0.03959203892238805,1.587106041141979,4
MCY,0.28577448426256113,0.02679221715348228,2
MDY,-0.5690889525784506,0.016894853548378174,2
MEY,-0.16972636569101773,,1
MFY,-1.1044633382808389,,1
MGY,-0.6332746895729302,0.6089102305060025,4
MHY,0.63850099650681,,1
MIY,-0.6886760528136833,0.3014873682519783,2
MKY,-0.21457785763245596,0.30345891644878237,2
MLY,-0.07614918741958973,0.5234152033193024,5
MMY,0.04671472300601609,0.3655935694909666,2
MNY,0.0740690724597548,0.1123494453730734,2
MPY,0.5702606943453672,0.13672080468858536,2
MQY,-0.7368730014044544,,1
MRY,0.3197812676921064,1.285090099110959,6
MSY,0.3240015150930802,0.8989043628003118,4
MTY,0.4247054244698818,1.3710504148346248,4
MVY,0.4089718987204989,0.41954244926850354,4
MWY,-0.1428682409559192,0.843217372552858,2
MYY,0.027434441574520463,,1
