Translation,mean,std_err_of_mean,len
P*S,-0.5112282011086047,1.114444229196104,4
PAS,-0.29766669221612463,0.2946729927901553,8
PCS,-0.4211009357083835,0.8193254076526113,4
PDS,0.06067355795574625,0.3790650516030901,4
PES,0.39396691539666495,0.43380232920382317,4
PFS,0.41996558703792064,0.5501624119879331,4
PGS,-0.1904626115514937,0.3079128009011372,8
PHS,-0.26795326972141553,0.43563526382438794,4
PIS,0.04606367791498087,0.7974650147993521,5
PKS,-0.3800773802813511,0.2547097315729351,4
PLS,0.08446625931225249,0.4641604206086638,17
PMS,-0.29765379072738796,0.5198067230091659,4
PNS,-0.5532096509691234,1.0585551568760314,3
PPS,0.08095142587077397,0.9263316206157681,7
PQS,0.20862886948197978,0.9608526329552571,4
PRS,-0.3560596730574759,0.41280022504631686,12
PSS,-0.19633587594638416,0.9291809895498927,12
PTS,-0.14573044676618643,0.7841056886776854,7
PVS,-0.23602256711421812,0.24408391879860925,7
PWS,-0.23189479296045046,0.39072590521768724,4
PYS,-0.6805569588352294,0.6853012014298815,4
