Translation,mean,std_err_of_mean,len
R*F,-1.8963808988918631,0.7739971004990815,2
RAF,-0.40279162420808073,0.19560342044355492,3
RCF,0.4295541603258428,1.0390645808210914,2
RDF,-1.1380855357657076,,1
REF,0.08758096906264079,1.0564359317377703,2
RFF,0.18841547291009242,,1
RGF,-0.17242609518584473,0.6465018345041007,4
RHF,0.012113291433877293,0.44934849032010193,2
RIF,-0.5361161989577341,0.1586146855297224,2
RKF,0.8125595418200353,0.32533923446323854,2
RLF,-0.20379521316181837,0.5903165312690423,6
RMF,-0.4898595774991086,2.3460299610961157,2
RNF,-0.499787597378317,,1
RPF,-0.3461000853263272,0.8547684979757796,4
RQF,-0.8298378317507034,,1
RRF,-0.6768445202286728,0.3339703254799909,5
RSF,-0.0771070084333969,0.5181888384875044,5
RTF,0.6182601198512527,0.38236875696784284,2
RVF,-0.6092549069012998,0.7798110926571895,4
RWF,-0.2584204237828329,0.25370921738828506,4
RYF,-0.3240449474757643,,1
