Translation,mean,std_err_of_mean,len
C*M,-0.4848954986062224,0.6011683874918499,2
CAM,0.6268546422779817,0.5941638944144936,4
CCM,0.08880779222791801,0.09242431954592907,2
CDM,0.39590475164384964,0.482761621649489,2
CEM,0.5327607640599181,0.37543683687015905,2
CFM,-0.18557366150045773,0.29869984707187786,2
CGM,0.2747799081249793,0.25948259767041965,4
CHM,0.281409411689276,0.20750304210960352,2
CIM,-0.5114756989438338,0.14181516988398418,2
CKM,0.08661210425567578,0.08845819723116279,2
CLM,-0.6478465969688267,0.3894049000287154,6
CMM,-0.21522424651184924,0.5258838992866994,2
CNM,0.5033296294588934,1.4396653791601777,2
CPM,-6.31135647493064e-05,0.4052221770068977,4
CQM,0.38207702094398055,0.49800707713973175,2
CRM,0.12033811971638286,0.42405247154979514,6
CSM,-0.2164221297549731,0.45460967470691194,6
CTM,0.23167258141785751,0.26308625203586133,4
CVM,-0.25285280786806275,0.2644996084989761,4
CWM,-0.5998418231726244,0.08467973354879475,2
CYM,-0.11988549070643935,0.22647497833316407,3
