Translation,mean,std_err_of_mean,len
N*E,-0.4895228159980964,0.5677825324092767,3
NAE,1.107978629626659,0.8508916405622458,4
NCE,0.17927538273251464,0.5624377966886445,3
NDE,-0.4237038696069668,0.34251236544453234,4
NEE,0.08117654546723463,1.0000547392192962,4
NFE,0.11155374218823155,0.7756903533166932,3
NGE,1.05583408711973,0.6807654425938398,5
NHE,-1.0156907572314204,0.9487568485970602,2
NIE,1.4551261944551648,,1
NKE,0.18266406971584578,0.3035411407296583,3
NLE,1.240384535127617,1.0990588930966139,5
NME,-0.17605965005087043,,1
NNE,0.01613142656999722,0.09289010895803781,2
NPE,-0.6882986201402581,0.9625711790185736,7
NQE,-0.032264369906484625,0.26561745557186706,2
NRE,-0.5912054475206568,0.746247210171699,11
NSE,0.5657728397981864,0.8274230924590296,7
NTE,1.0411347219271754,0.2607582814554984,2
NVE,0.5570304101899488,1.6016398827527638,6
NWE,0.7052192220870298,0.6233341885373296,3
NYE,0.3055853323099136,0.37602049383810104,4
