Translation,mean,std_err_of_mean,len
T*L,-0.7042751627150903,1.7302580750192897,2
TAL,1.0317316958809477,0.7726558480483334,7
TCL,1.9174421261107453,0.1064381313958625,2
TDL,0.34609033433775266,0.6921656977737113,6
TEL,-0.36709545880656025,0.6483693180493499,4
TFL,0.5995851740485773,0.826209904640252,3
TGL,0.031070865657501168,1.1458343497709136,8
THL,2.0430066453029543,0.543248724609199,2
TIL,0.0029184118558962524,0.03681070817912088,2
TKL,-0.4809805486315186,1.1589888383447393,2
TLL,1.4345008601412514,1.497116956576586,9
TML,2.1213598642287175,0.22151986514355146,2
TPL,1.7000742721711868,1.9525722487454886,2
TQL,1.4295878416622223,1.3668752595475804,2
TRL,1.1851715998381758,1.1735667307908446,6
TSL,1.2377250920449412,0.7415536998546095,6
TTL,1.090511069306267,1.1163647552693905,3
TVL,0.4944895826746039,0.6083128751780155,7
TWL,-0.12061997832441995,0.7788486004712319,4
TYL,0.7313707844387656,0.3946168042223929,3
