Translation,mean,std_err_of_mean,len
F*G,0.34656694567845925,,1
FCG,0.30504140799994595,,1
FNG,-0.06525810782763397,,1
FYG,0.07221353333459624,0.11803157830539633,4
