Translation,mean,std_err_of_mean,len
A*V,-0.7241289660260395,0.9601216797159371,4
AAV,0.166321875579297,0.17667077441567458,8
ACV,-0.08340238425939339,0.46127596213895755,4
ADV,0.1660562688524767,0.3911537370062208,4
AEV,0.09954329630944403,1.156962532686293,4
AFV,-0.758472918151953,0.5291763430134513,4
AGV,-0.6779902708168065,1.0776151202348263,8
AHV,-0.2521921348294276,0.4626702855522354,4
AIV,-0.3376561775476987,0.5135371475962806,4
AKV,-0.4797244196548729,0.8505578079167752,4
ALV,-0.07310127275783958,0.6784436347953615,12
AMV,-0.36741480586768027,1.4027670110397388,4
ANV,0.20892312399901458,1.5779237993332365,4
APV,0.21141194958695841,0.9970167141347392,7
AQV,-0.4218101397036733,0.3563577060725102,4
ARV,-0.6414904666152071,0.7441800567127643,12
ASV,0.5376126818690733,0.8396669955951576,11
ATV,-0.17180215548023625,0.6347475828621632,8
AVV,-0.39416080609791526,0.6414941913974747,8
AWV,-0.6854724807323407,0.46063683242461484,4
AYV,0.14544618310973845,1.0612077826744748,4
