Translation,mean,std_err_of_mean,len
R*I,-0.9134533330271424,0.10633072485203575,2
RAI,-0.23186509473755645,0.36499053205099147,4
RCI,-0.45049267505838575,0.17742304061116682,2
RDI,-0.40125334495582354,0.14595036051608648,2
REI,-0.07418823990050871,0.04887429676068096,2
RFI,-0.5270517254198253,0.10097395366180516,2
RGI,-0.31095386175830597,0.20726902668499453,4
RHI,-0.1937855287556065,0.19247209306769075,2
RII,-0.49641405145154804,0.5065808764239729,2
RKI,0.0683998024946404,0.5362795241019365,2
RLI,-0.12348311577405102,0.40995171066865943,6
RMI,-0.08139258263285765,0.09696198140597093,2
RNI,0.5678409470304304,0.4576289272531296,2
RPI,0.4395335196560288,0.5436318097768005,4
RQI,0.21977720870004802,0.02922895450777687,2
RRI,-0.2413022195478649,0.2283327195402628,6
RSI,-0.17087309215089905,0.5546212451045368,6
RTI,-0.23682541195156492,0.37706475469617823,9
RVI,-0.11274143533666403,0.1466307521375079,4
RWI,-0.4104023174588409,0.26756960471296853,2
RYI,-0.06713377712222313,0.9747984815145915,2
