Translation,mean,std_err_of_mean,len
T*I,-0.06294539689852918,0.4745124534950285,4
TAI,-0.23007935736791085,0.8547089880341333,8
TCI,0.1278239321975414,0.12416553071027048,4
TDI,0.09021634201151074,0.22443738456330323,4
TEI,0.03608555150907611,0.3999055431731807,4
TFI,-0.29908925073083203,0.5088073095431253,4
TGI,-0.06689300655288062,0.24284276396267587,9
THI,-0.23643190089833355,0.8149990406229035,4
TII,-0.32728182448781085,0.6401308036186965,4
TKI,0.07177022132086353,0.4181318005104517,4
TLI,0.1193672381237288,0.3971612254616752,12
TMI,-0.46857928954385075,0.8317868219020234,4
TNI,-0.5219110633978741,0.46563344185821565,4
TPI,-0.1915502416993229,0.6712826075496673,8
TQI,0.06499494097173852,0.3379604120496174,4
TRI,0.06433247787435281,0.32002891735667616,12
TSI,-0.060976594438661325,0.8056966717399308,12
TTI,0.5455702332746053,0.987254841996997,8
TVI,-0.3825676022874632,0.32989998464625164,8
TWI,0.005769945524031428,0.5326173456882297,4
TYI,-0.2485954744023111,0.27127400481573616,4
