Translation,mean,std_err_of_mean,len
G*F,-1.9171525226576427,0.05612722284883197,2
GAF,-0.5206554907668949,0.6585588865362539,7
GCF,-0.4991259802644734,,1
GDF,-1.0304337734168254,0.36069606131662957,3
GEF,-0.6986562516995988,0.2474451977102414,4
GFF,0.19053127224553235,1.1622064471888838,2
GGF,0.03833152450015542,1.1814345209382782,8
GHF,-1.1950347389947291,,1
GIF,1.1677832570386188,2.0039860723126126,2
GKF,0.05231330287760372,0.3492744882035165,3
GLF,-0.18604423182332042,0.785710836710013,4
GMF,-1.1301158869507368,,1
GPF,-1.5076377529905587,0.8554851243448417,2
GQF,0.08426087547738836,0.021967221436008825,2
GRF,-0.6860568277655853,1.3136684487953627,7
GSF,0.17355022075918836,0.4586984090386629,9
GTF,0.43408037747859896,1.5611169654678325,5
GVF,0.452194827396896,0.9281662226539674,5
GWF,-0.002988104313392211,1.7386996721535766,3
GYF,0.41269040254812595,,1
