Translation,mean,std_err_of_mean,len
A*G,-1.1485718794313984,0.9145555224471339,4
AAG,0.13590588218234725,0.5443054409306598,12
ACG,0.5873655337958978,0.402024145322099,4
ADG,-0.5377546154095676,0.4408324597481853,4
AEG,-0.5619880684843235,,1
AFG,-0.034574500115752915,0.1238808693212309,4
AGG,-0.5347130222163615,0.587239380730266,8
AHG,-0.6483500650956202,0.9591473283032893,4
AIG,0.6260765110144981,0.45881923855866663,4
AKG,-0.11889243877874556,0.5921458836593232,2
ALG,0.015100957281636357,1.311298831632097,11
AMG,-0.6330877031237008,0.6665494915424793,4
ANG,0.13595230762461474,0.6011096033590319,4
APG,0.4116896054743722,1.2200464357550498,7
AQG,0.27406584597449246,0.7266605143830964,3
ARG,-0.6084361617250693,0.7334467614298444,12
ASG,0.28189927575750395,1.3902923834675893,10
ATG,0.014045120059557418,0.5495278765031658,6
AVG,0.38354536781978066,0.7143447756585709,8
AWG,0.6113130287977404,0.7641167436082894,4
AYG,-0.3051749281971263,0.9178115075628873,4
