Translation,mean,std_err_of_mean,len
Q*A,-0.8112804173259656,1.3250767802558914,4
QAA,0.23566358958521216,0.7048964400365716,8
QCA,-0.2691909129104917,0.7971682071813787,2
QDA,-0.43484005674950144,0.1412759704131854,2
QEA,0.2177401479535055,1.1082802664421887,4
QFA,2.001897109966814,1.7500300865442944,2
QGA,-0.6133790471284541,0.7910659355214033,8
QIA,2.5744516472801298,,1
QKA,1.107320477608384,0.47560996730236316,2
QLA,0.14389652129435543,1.1433295394147474,7
QMA,0.6995582825911857,0.10009121054039938,3
QNA,-0.4833090271224787,,1
QPA,0.44458602109330475,1.4168997231087932,6
QQA,0.40794665556771603,0.5652666846478357,2
QRA,1.083319943082475,0.9332049188828007,6
QSA,1.0826525625795698,1.8247876747224763,6
QTA,0.32158833171985046,0.0022094910032996054,2
QVA,0.835140497747897,1.0848564479865028,7
QWA,-0.02443834492569626,1.4359329933204816,3
QYA,0.718776100067533,,1
