Translation,mean,std_err_of_mean,len
A*T,-0.01486970170248103,0.5223923909291666,4
AAT,0.8931253143277479,0.5255592477111474,8
ACT,0.2585464536005888,0.5773218502964782,4
ADT,0.19213520844816023,0.4409365272860148,4
AET,0.0874749580455938,0.2941564180100902,4
AFT,0.1732473872725011,0.4776935583286502,4
AGT,-0.10175344771109351,0.44020004909675636,8
AHT,-0.06140544061302555,0.5941386483118282,4
AIT,0.15317849016951057,0.28700229593038606,4
AKT,0.4173510295988607,0.6834106969546369,4
ALT,0.3342576945865473,0.737596474869838,10
AMT,0.22603005860400938,0.342007935153921,4
ANT,0.49422311814537,0.5791913933159435,4
APT,0.2283748487060584,0.9802477378544405,6
AQT,0.26138863119213185,0.5122601445695697,4
ART,0.22694311378660678,0.5580014072592281,12
AST,0.3567043576142945,1.091739237331783,10
ATT,0.7486923320260196,1.1037130193068256,7
AVT,0.5898876235978789,0.9447968707167603,8
AWT,0.6564437386394595,0.5995322860073711,4
AYT,1.5156798041188562,0.6147326996332649,4
