Translation,mean,std_err_of_mean,len
G*T,-0.7667132934802241,0.557959055288594,4
GAT,-0.23520152581756357,1.1666775556790332,7
GCT,0.22829862677875523,0.6569537112691893,4
GDT,0.5957074704222012,0.6373784057479637,4
GET,-0.503362459366995,0.6208802440580373,4
GFT,0.7014047130320082,0.7745180276874711,4
GGT,-0.689477459308118,0.7427214925425831,8
GHT,1.3809217447170425,1.0675749484682635,3
GIT,0.14107360868614313,0.43816164532127844,3
GKT,0.31574324580787594,0.12227437244897285,4
GLT,0.8553359863671002,0.4682330871939407,10
GMT,0.7391646586632157,1.0238465437809607,4
GNT,0.002257614148578835,0.17564655348582667,2
GPT,0.9186274818802782,1.759900340236928,4
GQT,1.3121622172622749,1.8711509157875155,3
GRT,0.17831738213121684,0.8632008675567076,11
GST,0.42911299317803114,0.8137856034950203,11
GTT,-0.12637694594320587,0.3562897377222401,10
GVT,0.1690173237147633,0.48450095777335855,8
GWT,0.9165912155732199,0.7727207690424412,4
GYT,1.215898361574686,0.9615739667397912,3
