Translation,mean,std_err_of_mean,len
V*Q,0.015031874741409545,0.4655933777611274,4
VAQ,-0.28281300967043077,0.43995635647704273,7
VCQ,0.4722075557420906,0.37765091869768597,3
VDQ,-0.10694979799810933,0.9219383170690528,4
VEQ,0.1275588640387062,0.4125240555781875,4
VFQ,-0.17943011170045398,0.9825042799999469,4
VGQ,-0.408499030418077,0.5377503673387813,8
VHQ,0.031791106850437956,0.6139381271578204,2
VIQ,0.09732777143281297,0.6096976394975488,3
VKQ,-0.919423699565403,0.4839638963291325,3
VLQ,-0.0004832522535391348,0.5090537358382606,10
VMQ,-0.6035693270002989,0.7451607817287266,4
VNQ,0.29147552177711966,0.23918516450314395,4
VPQ,0.8859638735725947,1.112537691101111,3
VQQ,0.5896395096662527,0.6653529319853301,3
VRQ,0.47086711710270457,1.009255423837634,8
VSQ,0.28426363635642304,0.8648047349404968,9
VTQ,0.26707857177120575,0.3489549866471134,5
VVQ,0.29098230392229296,0.4136395175616015,8
VWQ,0.1518244517693399,0.6016945504614966,4
VYQ,0.29972838425400106,0.45720084152506335,3
