Translation,mean,std_err_of_mean,len
M*Q,-0.3448559802764253,0.2783488105890317,2
MAQ,0.45492873549216384,0.6332395964032846,4
MCQ,-1.407557132461918,0.17572651375391696,2
MDQ,0.322923812913662,0.21415053141233512,2
MEQ,0.428305556748263,0.4145523683308669,2
MFQ,0.8220732362971601,0.5458140635685385,2
MGQ,-0.2836541840638207,0.5329984041654334,4
MHQ,0.27133703200406023,0.9982997487078835,2
MIQ,-0.03174192047104185,0.2763932560065096,2
MKQ,0.5883685067105775,0.16990335605359452,2
MLQ,0.519270741634574,0.48814461749719107,6
MMQ,-0.9719005473056499,0.18699568244087042,2
MNQ,-0.3463161565887316,0.11718470717070727,2
MPQ,0.14861359171724042,0.6384625361930295,4
MQQ,0.805058286276715,0.42810837480986297,2
MRQ,0.6569208997574272,0.5221454324880938,6
MSQ,0.3277648795004892,0.7982399211357212,6
MTQ,0.5926914034604842,0.8049454675253066,4
MVQ,0.4391502947939891,0.6722449685467496,5
MWQ,0.8014164118674851,0.379383288846969,2
MYQ,-0.06430074038353428,0.6234656017074648,2
