Translation,mean,std_err_of_mean,len
L*L,-0.45397301534826906,0.21968657221442295,4
LAL,-0.044177941287094104,0.8383520907632094,6
LCL,0.5051478011089579,1.1672054871292528,4
LDL,-0.9787183422500858,1.1153357268326636,3
LEL,0.38237537618065764,0.23535638181744645,4
LFL,-0.5205240791675882,0.7157376613532598,4
LGL,0.21744169396753976,0.7880273764541291,8
LHL,0.7238548003612664,1.3849333643808257,3
LIL,-0.762995587488855,0.2475519105641842,2
LKL,0.7949682856225231,0.48327933263625117,4
LLL,-0.08561519441298637,1.0656318560017546,10
LML,0.3916879277799721,0.7896831608840222,4
LNL,0.18540286044322762,0.15120523999707258,2
LPL,0.15881001911991102,0.9872448598276033,7
LQL,-0.23479586555477402,0.8320453352773459,3
LRL,0.6914849474747272,0.8402744199435553,11
LSL,0.2554471570651885,0.7607342804219456,10
LTL,0.9988956455306272,1.4673827161870159,6
LVL,0.26173503448440827,1.0876665662511833,8
LWL,-0.038705889544048216,0.24057910402990368,9
LYL,0.7323900197104187,0.9942028087564211,4
