Translation,mean,std_err_of_mean,len
M*N,-1.015501223587504,0.4491987279277849,2
MAN,0.15206507049777537,1.4751290267018924,3
MCN,-0.1484971669616355,0.9210786158499489,2
MDN,0.5283827932226899,0.693548633587578,2
MEN,1.43997028482086,0.8741637286582562,2
MFN,0.4064930382720564,0.024322955016583457,2
MGN,-0.5544485824755454,0.9166756496321065,4
MHN,0.44020569618524785,0.9614578946468343,2
MIN,-0.897741441121207,0.7885682061980798,2
MKN,-0.5767411364188906,2.1660603042537114,2
MLN,-0.30103814167447346,1.4859549122275815,6
MMN,-1.676893213372873,,1
MNN,-0.12426106231539391,1.3424216303044199,2
MPN,0.4494252386918995,1.5724048686254484,3
MQN,1.807050425299944,2.339055693474307,2
MRN,-0.5839115310168864,0.8399368160927708,5
MSN,-0.6732775100581612,0.7042883976288774,4
MTN,-0.5330583554716863,,1
MVN,0.23900785152409898,1.0199409695406971,4
MWN,1.0063605079897782,0.23455376507868375,2
MYN,-0.4615499972624253,,1
