Translation,mean,std_err_of_mean,len
L*P,-1.1102441033997663,0.49714662741194504,4
LAP,0.0712977508632419,1.0880563154892466,3
LCP,-2.3897162771909857,2.475223231412891,2
LDP,-1.3646572747843564,0.9207009070057806,4
LEP,-1.0114670847414964,0.7850430801240165,4
LFP,-1.3966075787875325,0.7264175674543922,2
LGP,-1.169893337384781,0.8166107188129199,8
LHP,-1.7402906795745086,1.1147368946087253,2
LIP,-1.8807977216127436,1.9468303634593094,4
LKP,-1.807870832895167,1.032055372692837,4
LLP,-1.948833753509382,0.7585484009074757,7
LMP,-0.5443631913816527,0.9929215871308114,4
LNP,-1.0871491344864102,1.1485478211322184,6
LPP,-1.4567176640879236,0.7156715064839347,3
LQP,-0.07460550439904641,1.2318905216813525,3
LRP,-1.2393785678375233,0.8685410213708002,8
LSP,-0.40838864079501924,1.616299314059822,6
LTP,-0.7177567838534458,1.0629630687517857,4
LVP,-1.4968016063438938,1.2387525411403628,6
LWP,-0.9536786107010184,0.8177257226967962,4
LYP,-1.203601759723432,1.6664165455728888,2
