Translation,mean,std_err_of_mean,len
D*L,-1.4711567629375188,1.7244894411383032,3
DAL,-2.137269552828904,0.6699163300567151,7
DCL,-1.3375027363545096,0.8406596902498258,4
DDL,-0.38038675198093524,0.54684525929276,3
DEL,-1.4262022478216831,1.6362905774142118,4
DFL,-2.524304111129446,,1
DGL,-1.410644537575954,0.7187672665507775,8
DHL,-1.8508611974621072,0.5703144733727725,2
DIL,-1.2107217332937728,0.7005025847653451,4
DKL,-0.7633976792299867,0.29201936381453164,4
DLL,0.1879352069908155,1.380370561207374,7
DML,0.12744035771291143,1.155966004536677,6
DNL,-1.3025120397753456,0.5642147534259454,3
DPL,-0.38146332437015396,0.18039284996523708,2
DQL,-1.8116013076212825,1.910370006082992,3
DRL,-2.001206702530576,1.0698211094948615,9
DSL,-1.8531075733062268,0.40090934493104524,8
DTL,-0.9955513529726696,1.1941303942225574,2
DVL,-1.0186321997678551,1.2724037918125104,5
DWL,-1.2817158592400915,0.6184874671387193,4
DYL,-1.9497814315346922,1.0394290810712745,2
