Translation,mean,std_err_of_mean,len
N*N,-0.39766892935135223,0.4022738052528348,4
NAN,0.3171186570448361,0.39359599443789667,8
NCN,-0.43348982457784224,0.32240708087995223,4
NDN,-0.23371086296440913,0.7414808801684984,4
NEN,0.15633989111108182,0.4671997577326226,4
NFN,-0.32635714322655063,0.7293074971644978,4
NGN,0.13530217664039268,0.3295420455555772,8
NHN,-0.11773600979204879,0.40184873995055154,3
NIN,-0.013779990871196413,0.5178673030500935,4
NKN,0.17899595522659562,0.4429240771612961,4
NLN,0.009053046571736445,0.5770013371455818,11
NMN,-0.21145202485035952,0.5178736061941331,4
NNN,-0.16791104997436745,0.6704861234138962,4
NPN,0.3598981694447977,0.9799016897410842,8
NQN,0.1190013997222732,0.21163282758625618,4
NRN,-0.07748763413753641,0.6465742609665552,12
NSN,-0.16941075177977738,0.5825465760066472,12
NTN,-0.2509630963427047,0.654246940686099,7
NVN,0.004810931774513971,0.35421834794298224,8
NWN,0.7690860356682778,0.9502252077937879,4
NYN,0.3696644615882445,0.4492608595092179,4
