Translation,mean,std_err_of_mean,len
L*I,-0.6953765718368077,0.4395563734493366,4
LAI,-0.16787823136845126,0.554297236991132,8
LCI,-0.3411285634367931,0.4659624607225285,4
LDI,-0.18992928880941617,0.8481642741758963,4
LEI,-0.5660153894592965,0.6072654193543189,4
LFI,-0.4379587249290142,0.5830396475357464,4
LGI,-0.4047896289723254,0.31578528263755035,8
LHI,0.030386224045309145,0.0891953226219497,3
LII,-0.18831061108511915,0.430129946336873,4
LKI,-0.5149911856852942,0.7611834652492181,4
LLI,-0.21037548496008565,0.40490847055172713,14
LMI,-0.6520443749027256,0.8237814811292011,4
LNI,-0.5005517330736338,0.9164349571496229,4
LPI,-0.1218236947232334,0.35818845016619105,8
LQI,-0.14038279274070464,1.63608936978319,4
LRI,-0.20524225682704192,0.5377827528017416,12
LSI,-0.3150599855072873,0.585805399298969,11
LTI,-0.25664778611090067,0.6990392795055005,8
LVI,-0.17783352670166364,0.5260686049643967,8
LWI,-0.8985737866469774,0.8438181147135168,4
LYI,-0.3572510925955108,0.49971986752310943,4
