Translation,mean,std_err_of_mean,len
L*Q,-0.02863600643139752,0.2512859336434804,4
LAQ,0.693805348934898,0.5164602231476141,8
LCQ,0.7854042227077067,0.9592967857710815,4
LDQ,0.505917473864784,0.6269661738992495,4
LEQ,0.17934560560251156,0.2261627533203896,4
LFQ,1.019083379278191,0.7652639647427745,4
LGQ,0.45866337275705316,0.2759964770087458,8
LHQ,0.5778397662053856,0.5256846867644938,4
LIQ,1.0520970916663608,1.241289062330732,4
LKQ,0.5247116547288109,0.5697638203065895,4
LLQ,0.7044804824003782,0.7270455205673544,12
LMQ,0.9532931231581427,0.5091591866746079,4
LNQ,1.2050298956814312,0.37542601392370367,4
LPQ,0.13598759063046795,0.7941841222427043,8
LQQ,0.34793006692604145,0.9743742896534193,4
LRQ,0.6902729607993173,0.40334758591357267,12
LSQ,0.18621787493849343,0.4076655951886743,12
LTQ,0.7667282883182746,1.2112686871310387,8
LVQ,0.7333437707493993,0.6505613026785306,11
LWQ,0.8398884516537259,0.24603081696084342,4
LYQ,0.48821663022771666,0.4261367810003528,4
