Translation,mean,std_err_of_mean,len
A*N,-2.0897250403165017,0.7055974573647884,4
AAN,-0.1468262448103108,1.2019282489496521,8
ACN,-0.07012267872115115,0.19249297691703587,3
ADN,0.5723384364764501,0.776564735782819,4
AEN,0.7449336361029275,0.5347374632131334,4
AGN,0.0030160366418249818,0.7088193302993788,8
AHN,0.3919120825571281,0.5623684647474622,3
AIN,0.3741437112821102,1.3915484845918087,2
AKN,0.5855665458796184,0.48654693067773813,4
ALN,0.06758753011604579,0.8944001529233189,7
AMN,0.09589050090432316,1.437520514529982,4
ANN,1.0429413333586641,0.9385835526328786,4
APN,-0.20114101209336754,0.6577682320171073,8
AQN,-0.4151723831788565,0.8429140395998724,4
ARN,0.8202200290055877,1.6530088375320426,11
ASN,0.0573777450506952,0.7271272613219651,9
ATN,0.044034181341683166,0.7975708618614774,7
AVN,0.45896674552514405,0.850035445902981,7
AWN,0.5129212863851502,0.9161190113673893,4
AYN,1.1563702338373947,,1
