Translation,mean,std_err_of_mean,len
N*Q,-1.550542329348098,1.4666375596972479,3
NAQ,-0.7309300002021846,1.1304999690909263,7
NCQ,-0.8048415015343919,0.07665553663383445,2
NDQ,0.3402351532569252,0.5104277889422217,3
NEQ,0.3408976340391323,1.0455134681449978,2
NFQ,-0.2775900171948864,,1
NGQ,0.24951708442104184,1.6582397963076043,6
NHQ,0.4423228564885202,0.9407663930334002,4
NIQ,-0.7670321431696725,1.215220266130598,2
NKQ,0.1616627709061622,0.4180416564998484,2
NLQ,-0.2688484187500675,1.1604592008249892,8
NMQ,-0.19520370193877667,0.3502035975236422,2
NNQ,0.1009026425223188,1.4380383115845798,3
NPQ,-0.402134763638309,0.7243776826386792,8
NQQ,-0.33154551911964675,1.1123148731829169,3
NRQ,-0.308791187092343,0.8158865898532446,9
NSQ,0.3584943326778802,1.0592632285887602,7
NTQ,-0.16852584969193504,0.7810197642711827,7
NVQ,-0.1330623030159103,1.2080700819226773,5
NWQ,-0.4970396170409721,,1
