Translation,mean,std_err_of_mean,len
I*H,-0.5767010819142936,0.6703208917109625,5
IAH,0.08285553515065303,0.2163765689211301,3
ICH,1.1998405068460558,2.657880269448517,2
IDH,0.8575407494552832,0.32758870160327025,3
IEH,0.83748798874023,0.9025962683863463,2
IFH,2.111769625634551,,1
IGH,0.4557891114144874,0.9103799907263076,4
IHH,0.6641458945017208,0.7953095143392838,3
IIH,0.11991393671069628,0.896964963228844,4
IKH,0.955446458878321,0.5531176853882589,3
ILH,1.7502146493847939,0.7656139390936523,10
IMH,-0.18056595224571836,,1
INH,0.4287796453198401,1.5641163170861643,3
IPH,0.13393793380178978,0.853005190564261,12
IQH,1.5653016970579134,0.8019161531449324,4
IRH,0.7620483285701283,1.1762148621204218,5
ISH,1.1582327552715947,0.6671463269510128,11
ITH,1.255934252900664,0.862631552237365,7
IVH,0.6364470598922853,0.6026956373041522,5
IYH,1.586791973762498,,1
