Translation,mean,std_err_of_mean,len
S*Q,-1.880729243628296,0.7355620738640622,4
SAQ,-0.6567812095208226,0.3926371122126621,8
SCQ,-0.3660399688745535,0.5327980473931893,4
SDQ,-0.29694219293289414,0.5600977959856114,4
SEQ,-0.542924177946567,0.4836197600240266,4
SFQ,-0.4855973084474532,0.21514201853528594,4
SGQ,-0.13358323679334105,0.7244940478551264,8
SHQ,-0.6068797602546361,0.3634907152022026,4
SIQ,-0.5739073321979791,0.7752304759836304,4
SKQ,-0.5120372843228331,0.5975994585815335,4
SLQ,-0.8149682229932113,0.6221482621600499,12
SMQ,0.20691262965410115,0.6375961229842037,6
SNQ,-0.8137625197638629,0.6862242768818557,4
SPQ,-0.4166851811373655,0.3520606748314502,8
SQQ,-0.5899383765984585,0.4730501926315685,4
SRQ,-0.5437758070199852,0.5715444495525551,12
SSQ,-0.5635305964301848,0.6377213063055552,12
STQ,-0.4375551248338304,0.22523634940854792,8
SVQ,-0.5688752218621853,0.4186553821967826,8
SWQ,-0.42657945431081634,0.48504267158423925,4
SYQ,-0.4618943761530201,0.3603055041364104,4
