Translation,mean,std_err_of_mean,len
D*A,-1.2848289747847428,1.5097579086083877,2
DAA,0.7367750143291074,1.1130218468522188,2
DCA,1.9284798723643455,,1
DDA,0.2763205896587375,1.6524130085721873,4
DEA,0.3191898930946895,,1
DFA,0.8918580312722426,,1
DGA,2.723072417518802,,1
DHA,0.3584076984614657,1.6793783288276378,2
DIA,1.903466120946182,0.8810467468437487,3
DKA,1.027782280675984,,1
DLA,0.13039084626159259,,1
DMA,0.26837224825847095,,1
DNA,1.911368948061087,1.1507746153589382,2
DPA,0.1569154793000648,0.9442606132270964,6
DQA,1.3303274856110177,0.3336718004726247,2
DRA,0.5498352406298919,1.6038941696072917,2
DSA,0.7153667429173082,1.4180269890127915,3
DTA,0.029069553682989278,0.7528745854385268,7
DVA,1.0517649331490606,0.9742913223531167,2
DWA,0.8144708601757067,,1
