Translation,mean,std_err_of_mean,len
F*V,-1.6408347960593752,,1
FAV,-1.5437528077504024,0.25122483482868313,3
FCV,-1.1946916062893924,0.8048302442984696,2
FDV,-2.1589969603252137,0.2818586310666931,3
FEV,-1.2580124094193295,0.5676071369325868,4
FFV,-1.9458091629766618,0.3079537367913018,2
FGV,-2.137851103414145,0.6795963600956205,7
FHV,-2.6130132754579276,,1
FIV,-1.4901873575872069,0.01821976864377472,2
FKV,-1.9458885481199575,,1
FLV,-1.8195096786730218,0.5557261428154454,3
FMV,-1.5372965018008409,,1
FNV,-2.663940193090658,,1
FPV,-0.6203131376261888,1.2935150389111616,2
FQV,-1.5146316069908048,,1
FRV,-1.9916357299454308,0.6845426021153536,5
FSV,-0.04879739379973643,0.58757802975323,6
FTV,-0.5937205688515981,0.4134170182101466,2
FVV,-1.4238684323055733,0.5114770438864271,4
FWV,-0.9911772567957633,0.9047376437733432,3
FYV,-1.6018440151847375,0.0398510023127728,2
