Translation,mean,std_err_of_mean,len
P*Q,0.4308411223098627,0.8374405277848448,4
PAQ,-0.6190614359588877,0.5147191035632046,8
PCQ,-0.8319321367336368,0.37012829324269836,4
PDQ,-0.7953945307768797,0.8544353218489201,4
PEQ,-0.11824241736015306,0.857212035051937,4
PFQ,-1.314335848093546,0.45380163256900835,4
PGQ,0.05094010394585771,0.3641781011834046,9
PHQ,-0.047994914156331614,0.8128461866212412,4
PIQ,0.17794493432310565,0.8568586794839661,4
PKQ,-0.0055606234964695744,0.5153949179312075,4
PLQ,-0.15941320472794762,0.7242094528613989,11
PMQ,0.06262877217904683,0.4743352668769805,4
PNQ,-0.1863010415323194,0.10794527161825344,4
PPQ,0.27752067493587895,0.45609046722092483,4
PQQ,-0.013172531928675957,1.1400943563591648,4
PRQ,-0.16947182341887781,0.7603220551420969,12
PSQ,-0.19983834132184652,0.6010836926541906,10
PTQ,-0.14083384026670817,0.9546554267746462,7
PVQ,0.14664779828101304,0.5923607002235691,8
PWQ,-0.18906217428181282,0.8516736689335158,4
PYQ,-0.3811494469389196,0.9160298493875871,4
