Translation,mean,std_err_of_mean,len
P*Y,-0.24379751306936392,0.6253370286737836,4
PAY,0.3339931887755648,0.4057300232394661,6
PCY,-0.8806363258263087,0.2767778363994513,3
PDY,0.3514844305658067,0.4333577823732789,4
PEY,-0.13469894528028692,0.6156477675544766,4
PFY,0.2994567999870743,0.32098398035086095,4
PGY,0.5102496842268405,0.35010829109030556,6
PHY,3.2386515091634873,,1
PIY,0.15347975267243497,0.4110112372516286,2
PKY,-0.06423038722944821,0.36853683985101376,5
PLY,0.5765206029707917,0.8542778530269811,11
PMY,-0.41315308024525993,1.1795830489749712,3
PNY,1.421880678406667,1.5026398829811,4
PPY,0.14654867714035014,0.4662227266326067,5
PQY,-0.47133152671625966,0.7048972426232494,2
PRY,0.12636136013939758,1.1878770157756224,10
PSY,-0.19946427423041158,0.7811066782788261,10
PTY,1.5079687675930469,1.088010432830603,6
PVY,-0.12743988864981243,0.6254850952315942,5
PWY,0.13975421336698002,0.847644033646374,4
PYY,-0.08764768903336018,0.47855162071649565,2
