Translation,mean,std_err_of_mean,len
V*I,-0.11301298688812356,1.6030361870708765,3
VAI,0.10390554431414234,0.5984903447748513,6
VCI,0.6184052692400079,0.5752092575502361,4
VDI,0.18615533059362233,0.5999676109965092,4
VEI,0.2408902363574621,1.5593978980368706,4
VFI,0.3563171330212643,0.5066100180812406,3
VGI,-0.5413260055784106,0.5976095076122285,8
VHI,0.5879612508284916,0.4349665463723128,3
VII,-0.37193566580531456,0.7570472784631974,2
VKI,0.9035801174356215,1.3556488836267067,2
VLI,0.5562086333022613,0.6604727629603379,7
VMI,1.0961910949183624,0.7774802910185845,3
VNI,1.6785439676342666,0.5283146108740592,3
VPI,0.7119583338937806,0.43907842347293724,3
VQI,1.0646547198384018,1.001746919216913,2
VRI,0.15863929806686386,0.9007745907643994,11
VSI,0.21110667246764708,0.823775539100523,11
VTI,0.38876616811849996,1.1972848579296897,2
VVI,-0.1456803930547033,0.3694449219190596,7
VWI,0.13827438549060447,0.24633793260771797,3
VYI,1.1396405456312655,0.8999244041206927,3
