Translation,mean,std_err_of_mean,len
G*Y,-2.322440203956238,1.4720793493173443,4
GAY,-0.7074285537571858,1.1591013301111643,7
GCY,-0.6107149383173525,1.16479900134585,3
GDY,-1.8585202183205398,0.8806515750514994,3
GEY,-1.3275407245643045,0.43477669082919607,2
GFY,-1.7362920101560428,0.3745043997167083,3
GGY,-1.4351332032775947,0.4666756842306931,7
GHY,-1.6260941732805687,,1
GIY,0.5054767390165029,0.5244105581316802,2
GKY,-1.2406427416148447,0.4475895861528336,3
GLY,0.3120094216437966,1.0968053571695147,9
GMY,0.23099313416115427,1.236429349419062,3
GNY,-0.6720061238758142,0.6303212044471871,2
GPY,1.1554965799245833,1.085437530349357,2
GQY,0.16751750761216103,0.02767892393542642,3
GRY,-0.6356605602364065,1.740184075277453,7
GSY,-0.8065379307478904,1.0990928141566334,6
GTY,0.14633701017734424,0.641863297315721,4
GVY,-0.020003631296875213,0.47542927258362516,9
GWY,-2.2044799630420897,1.4239241309183859,2
GYY,-1.6648146166288376,0.8310258145082579,2
