Translation,mean,std_err_of_mean,len
CYN,0.03694270049842974,0.05224486807556663,2
