Translation,mean,std_err_of_mean,len
L*G,-0.43742443445887624,0.16430983264853122,4
LAG,0.47910031696935385,0.6982026776441823,8
LCG,0.36739896800099703,1.158671264482948,4
LDG,0.5629463176252876,0.4269716522531994,4
LEG,0.3069666355313907,0.6577985653002705,4
LFG,0.06824188079107274,0.6187588421324673,4
LGG,0.05026038650823916,0.3550531465732294,8
LHG,0.06275914521432546,0.09717743706197877,4
LIG,0.05142522364404423,0.0819838344963818,4
LKG,0.2788984878353755,0.5616466132969948,4
LLG,0.2563784031305974,0.5232541719274826,12
LMG,0.06398332144990304,0.40027982828048153,4
LNG,0.14481252479942053,0.14639549376732328,8
LPG,0.5294602201147252,0.6820883648262874,8
LQG,-0.1546452996592962,0.5566580488768093,4
LRG,0.06899604034065636,0.6221871773425606,12
LSG,0.12106858040115864,0.5562805022360029,12
LTG,0.12296035709453834,0.6770216542503079,8
LVG,-0.13033498753635753,0.23876253052848592,8
LWG,0.19244356117341477,0.10757194150300425,4
LYG,-0.11104877677129998,0.19986374798434553,4
