site_2,count_x,proportion_x,count_y,proportion_y,ratio
CAA,632098,1.0,167591,1.0,0.0
CAG,318,0.0005030865467063651,73,0.00043558424975088163,0.2078548215699083
CAT,363,0.000574278039164813,104,0.0006205583832067354,-0.11181755497977086
TTG,2,3.1640663314865733e-06,2,1.193381506166799e-05,-1.9152035748344254
