site_2,count_x,proportion_x,count_y,proportion_y,ratio
ACT,84,0.00022175466014778364,48,0.0003913894324853229,-0.8196403808150219
CCT,23,6.071853789760743e-05,13,0.00010600130463144162,-0.8038730649567043
GAT,235,0.0006203850611277281,278,0.0022667971298108284,-1.869419429031133
GCG,31,8.183802934025349e-05,7,5.7077625570776254e-05,0.5198460854566456
GCT,378797,1.0,122640,1.0,0.0
GGT,30,7.919809290992273e-05,8,6.523157208088715e-05,0.2798952927358922
GTT,83,0.00021911472371745287,13,0.00010600130463144162,1.0476044103332072
TCT,106,0.0002798332616150603,68,0.0005544683626875407,-0.986537689559766
