site_2,count_x,proportion_x,count_y,proportion_y,ratio
AAG,243,0.00011337466454163043,241,0.0003363591701837833,-1.568904308956947
AAT,2078,0.0009695166786728726,942,0.0013147316942453272,-0.43943078704133676
ACG,2531,0.0011808694483739367,1012,0.0014124293785310734,-0.25832925891639213
ACT,2143336,1.0,716496,1.0,0.0
AGG,710,0.00033125930791999016,395,0.0005512940756124249,-0.7348611050051854
AGT,1494,0.0006970442338485426,487,0.0006796967463879771,0.036358994374129594
ATG,1095,0.0005108858340456186,227,0.00031681963332663406,0.689339190864855
ATT,1634,0.0007623629706214985,517,0.0007215671825104397,0.07934432149798276
CAT,575,0.0002682733831746399,187,0.0002609923851633505,0.039696209611335576
CCG,350,0.0001632968419323895,145,0.00020237377459190282,-0.30952545451537183
CCT,1648,0.0007688948442987941,1141,0.001592472253857663,-1.0504100254382287
CGG,955,0.0004455670972726628,249,0.00034752461981644,0.3585275145222653
CGT,1004,0.00046842865514319735,331,0.00046197047855117126,0.020028670810788185
CTG,661,0.0003083977500494556,99,0.00013817243920412675,1.1583223650953158
CTT,200,9.331248110422257e-05,180,0.00025122261673477593,-1.4288243828877167
GAG,900,0.00041990616496900157,369,0.0005150063643062906,-0.29452329117612486
GAT,661,0.0003083977500494556,285,0.00039776914316339517,-0.3671391238771786
GCG,1428,0.0006662511150841492,294,0.000410330274000134,0.699280442859969
GCT,1651,0.0007702945315153574,860,0.001200285835510596,-0.6398959210089679
GGG,1773,0.0008272151449889331,551,0.0007690203434492307,0.10524083599476519
GGT,1926,0.0008985991930336634,599,0.0008360130412451709,0.10415231872190667
GTG,1237,0.0005771376956296167,333,0.00046476184095933543,0.31242394157234266
GTT,2178,0.0010161729192249838,427,0.0005959558741430518,0.76986850276365
TAG,2287,0.0010670282214267851,4943,0.0068988521917777625,-2.692758017060867
TAT,732,0.00034152368084145466,143,0.00019958241218373865,0.7750010251728874
TCG,966,0.00045069928373339506,207,0.0002889060092449923,0.6415649450036831
TCT,2428,0.0011328135206052621,840,0.0011723722114289543,-0.04952028774320638
TGG,785,0.0003662514883340736,249,0.00034752461981644,0.07571943537814363
TGT,273,0.00012737153670726382,182,0.0002540139791429401,-0.9958649756116102
TTG,1086,0.0005066867723959286,284,0.0003963734619593131,0.35423379196691407
TTT,806,0.000376049298850017,181,0.000252618297938858,0.5739626651119956
