site_2,count_x,proportion_x,count_y,proportion_y,ratio
ACT,68,0.00021676692136779927,25,0.00019353290446441705,0.16356574398993295
CCT,26,8.288146993474678e-05,13,0.00010063711032149686,-0.28004090748568267
GAT,192,0.0006120477779796685,101,0.0007818729340362448,-0.35328988951632034
GCG,20,6.375497687288215e-05,11,8.51544779643435e-05,-0.41754443123561735
GCT,313701,1.0,129177,1.0,0.0
GGT,22,7.013047456017036e-05,7,5.418921325003677e-05,0.37203578909401
GTT,58,0.0001848894329313582,31,0.00023998080153587713,-0.3762562227449866
TCT,70,0.0002231424190550875,44,0.000340617911857374,-0.6101895091780136
