site_2,count_x,proportion_x,count_y,proportion_y,ratio
AAG,2684,0.0015951996614658244,1588,0.007569257755152625,-2.246414827137877
AAT,607,0.0003607623675520698,96,0.00045758737058857173,-0.34299838066057653
ACG,741,0.0004404034832884411,459,0.0021878396156266087,-2.3126091973030753
ACT,356,0.00021158385971752365,22,0.0001048637724265477,1.0127132261339984
AGG,1368,0.0008130525845325067,1454,0.006930542050372743,-3.091547625228799
AGT,375,0.0002228762567249196,92,0.0004385212301473813,-0.976403756868871
ATG,280,0.00016641427168793995,7,3.336574577208336e-05,2.31833950869226
ATT,42,2.4962140753190993e-05,10,4.766535110297623e-05,-0.9331992583037039
CAG,1193,0.0007090436647275442,254,0.001210699918015596,-0.7718949452720398
CAT,958,0.0005693745438465946,517,0.002464298652023871,-2.113727210773856
CCG,5,2.9716834229989276e-06,267,0.0012726648744494653,-8.742356422995293
CCT,514,0.0003054890558842898,4,1.906614044119049e-05,4.002035962998777
CGG,327,0.00019434809586412987,743,0.0035415355869511333,-4.187660161235614
CTG,467,0.00027755523170809983,229,0.0010915365402581556,-1.9755136345823843
CTT,94,5.5867648352379846e-05,87,0.00041468855459589316,-2.891943230366193
GAG,7319,0.004349950194585831,14777,0.07043508932486797,-4.017223541378541
GAT,1135,0.0006745721370207566,9872,0.04705523460885813,-6.124238683166242
GCG,1239,0.0007363831522191343,409,0.0019495128601117275,-1.4045851469962507
GCT,1112,0.0006609023932749615,347,0.001653987683273275,-1.3234393660498558
GGG,4893,0.002908089397746751,1784,0.008503498636770959,-1.547984918682367
GGT,1859,0.0011048718966710014,785,0.0037417300615836336,-1.75982637505461
GTG,2744,0.0016308598625418115,996,0.004747468969856432,-1.5415257520903696
GTT,1017,0.0006044404082379819,272,0.0012964975500009534,-1.100947463587941
TAG,507,0.0003013286990920913,8905,0.04244599515720033,-7.138146545180742
TAT,257,0.0001527445279421449,317,0.0015109916299643463,-3.3063030671406306
TCA,1682548,1.0,209796,1.0,0.0
TCG,19322,0.011483773419837057,3960,0.018875479036778584,-0.716916487855876
TCT,12179,0.007238426481740788,4190,0.01997178211214704,-1.4642150547194888
TGG,1750,0.0010400891980496248,70,0.0003336574577208336,1.6402676035796215
TGT,65,3.863188449898606e-05,22,0.0001048637724265477,-1.440652391803944
TTG,2813,0.0016718690937791967,577,0.0027502907586417283,-0.7181222575258843
TTT,1808,0.0010745607257564122,71,0.0003384239928311312,1.6668432567154046
