site_2,count_x,proportion_x,count_y,proportion_y,ratio
AAG,492,0.0003443155049750791,393,0.0003406983709763132,0.015236099492295097
AAT,390,0.0002729330222363432,343,0.00029735252225159144,-0.12362735601153929
ACG,417,0.0002918283853142439,384,0.0003328961182058633,-0.1899518308648318
ACT,1134,0.0007936052492718287,1618,0.001402671664731997,-0.8216838710760879
AGG,354,0.0002477392047991423,575,0.0004984772603343005,-1.0087054993370792
AGT,293,0.00020504968080832964,390,0.0003380976200528299,-0.7214663629157023
ATG,258,0.0001805556916332732,344,0.00029821943922608585,-0.7239304028671825
ATT,243,0.00017005826770110616,1143,0.00099088610184714,-2.542690088197036
CAG,173,0.00012107028935099327,294,0.0002548735905013641,-1.0739370207879784
CAT,2645,0.0018510457533721224,3156,0.0027359899715044393,-0.5637223866004089
CCG,3817,0.002671244476605441,4103,0.0035569603463506696,-0.41313287126531506
CCT,1428922,1.0,1153513,1.0,0.0
CGG,954,0.0006676361620858241,706,0.0006120433839930715,0.12542817914599347
CGT,813,0.0005689603771234539,1153,0.0009995552715920844,-0.812958159165083
CTG,338,0.00023654195260483076,376,0.00032596078240990783,-0.46260231898379267
CTT,561,0.00039260365506304753,1032,0.0008946583176782576,-1.188263198402801
GAG,813,0.0005689603771234539,931,0.0008070997032543196,-0.5044187190721043
GAT,570,0.0003989021094223478,713,0.0006181118028145327,-0.6318330609801226
GCG,815,0.0005703600336477428,921,0.0007984305335093753,-0.4852940005612343
GCT,967,0.0006767339294937023,1523,0.0013203145521550256,-0.9642210505987894
GGG,348,0.00024354023522627546,922,0.0007992974504838697,-1.7145723481689483
GGT,1003,0.0007019277469309032,766,0.0006640584024627378,0.08001240509888419
GTG,762,0.000533269135754086,1200,0.0010403003693933229,-0.9640644065908965
GTT,745,0.00052137205529763,1069,0.0009267342457345518,-0.8298424259593045
TAG,688,0.0004814818443553952,9140,0.007923621146879143,-4.040606598831672
TAT,368,0.00025753680046916485,656,0.0005686975352683498,-1.1428829521494102
TCG,154,0.00010777355237024834,234,0.00020285857203169796,-0.9124710824768432
TCT,816,0.0005710598619098873,822,0.0007126057530344261,-0.3194621452985249
TGG,747,0.0005227717118219189,777,0.0006735944891821766,-0.3656992592068118
TGT,990,0.000692829979523025,443,0.00038404421970103503,0.8512289228236156
TTG,534,0.00037370829198514683,662,0.0005738990371153165,-0.6188843787080032
TTT,470,0.00032891928320790076,352,0.00030515477502204136,0.10819242433936438
