site_2,count_x,proportion_x,count_y,proportion_y,ratio
AAG,269,0.0007124846378776963,91,0.000750422628128479,-0.07484442324924245
ACG,105,0.0002781073865321863,30,0.0002473920752071909,0.16884277645043433
AGG,48,0.0001271348052718566,18,0.00014843524512431452,-0.22347464632832548
ATG,377552,1.0,121265,1.0,0.0
ATT,368,0.0009747001737509005,130,0.001072032325897827,-0.1373180025786116
GTG,107,0.00028340467008518034,21,0.0001731744526450336,0.7106374180152173
TTG,128,0.0003390261473916176,46,0.00037933451531769265,-0.16207410166418157
