site_2,count_x,proportion_x,count_y,proportion_y,ratio
AAT,341,0.00043947489837948466,258,0.00047100060244263106,-0.09994814027336574
ACT,135,0.0001739856635813209,68,0.00012413969366705004,0.4870039419262078
AGT,98,0.00012630070393310702,87,0.00015882578454460815,-0.33058246560780447
ATG,18,2.319808847750945e-05,17,3.103492341676251e-05,-0.41988665368231004
ATT,775926,1.0,547770,1.0,0.0
GTT,85,0.00010954652892157242,73,0.00013326761231903902,-0.28278243661659985
TTT,250,0.0003221956732987424,178,0.00032495390401080746,-0.012297960178594636
