site_2,count_x,proportion_x,count_y,proportion_y,ratio
AAG,829,0.000608208243459377,6503,0.007227964877181282,-3.5709522202981914
AAT,2070,0.0015186864462737157,9515,0.010575747471379349,-2.7998636921283806
ACG,832,0.000610409238309049,4976,0.005530732466377681,-3.1796218553431945
ACT,429,0.0003147422635031034,5163,0.005738579526508836,-4.188450848615499
AGG,2090,0.0015333597452715294,11885,0.013209958875180616,-3.1068578592152365
AGT,2989,0.0021929245352232543,16351,0.018173835723018783,-3.0509348724788916
ATG,290,0.00021276283546829835,671,0.0007458041569412026,-1.8095506695389343
ATT,1363020,1.0,899700,1.0,0.0
CAG,268,0.00019662220657070328,6238,0.006933422251861732,-5.140069450270064
CAT,597,0.0004379979750847383,3640,0.004045793042125153,-3.207426417174939
CCG,273,0.0002002905313201567,2551,0.0028353895743025454,-3.8233808460363043
CCT,504,0.0003697671347449047,2291,0.0025464043570078915,-2.783772623158443
CGG,922,0.0006764390837992106,9205,0.010231188173835722,-3.9188698691616164
CGT,663,0.00048641986177752345,8686,0.009654329220851394,-4.3109019806949895
CTG,279,0.00020469252101950082,207,0.00023007669223074358,-0.16865644902382293
CTT,615,0.0004512039441827706,338,0.0003756807824830499,0.26427236059073245
GAG,1193,0.0008752622852195859,8970,0.009969989996665556,-3.5098047454650807
GAT,1132,0.0008305087232762542,9390,0.010436812270756919,-3.6515420030629393
GCG,947,0.0006947807075464777,7397,0.0082216294320329,-3.5647947483329734
GCT,506,0.0003712344646446861,7271,0.00808158274980549,-4.444235308804363
GGG,2075,0.0015223547710231692,15625,0.017366900077803712,-3.51196375155621
GGT,1777,0.0013037226159557454,11028,0.012257419139713238,-3.232946389335197
GTG,679,0.0004981585009757744,700,0.0007780371234856063,-0.6432341509412822
GTT,878,0.0006441578260040205,947,0.0010525730799155273,-0.7084342892867106
TAG,1226,0.0008994732285659785,8263,0.009184172501945092,-3.351997492088482
TAT,1196,0.0008774632800692579,3351,0.0037245748582860954,-2.0856651003600515
TCG,649,0.00047614855247905385,6044,0.006717794820495721,-3.818504080519374
TCT,1055,0.0007740165221346715,6146,0.006831165944203623,-3.1416955713520993
TGG,523,0.0003837067687928277,1065,0.001183727909303101,-1.6252613822199447
TGT,1460,0.0010711508268403985,4562,0.005070579081916195,-2.2429888808984426
TTG,426,0.00031254126865343137,660,0.0007335778592864288,-1.2309033973736625
TTT,1643,0.0012054115126703938,2080,0.0023118817383572304,-0.9395418514320646
