site_2,count_x,proportion_x,count_y,proportion_y,ratio
AAG,755,0.00046725443767939783,218,0.0003434974978255663,0.443908775908076
AAT,1640,0.0010149632818466391,726,0.0011439412083548675,-0.1725853720177426
ACG,998,0.0006176422898066743,163,0.00025683528507140964,1.2659281175787456
ACT,482,0.00029830018405492683,344,0.0005420327488623615,-0.8616151519995743
AGG,3422,0.002117807530779999,1362,0.0021460715231120244,-0.019126677050095964
AGN,47,2.90873623456049e-05,31,4.884597446143374e-05,-0.7478471922366747
AGT,1615822,1.0,634648,1.0,0.0
ANT,26,1.6090881297568668e-05,25,3.9391914888253016e-05,-1.29165620516107
ATG,11,6.80768054897136e-06,501,0.0007894139743605905,-6.857474908085347
ATT,1620,0.0010025856808485094,1286,0.0020263201018517352,-1.0151365630833968
CCG,451,0.00027911490250782575,1090,0.0017174874891278315,-2.621368529936346
CCT,3,1.8566401497194617e-06,1117,0.0017600307572071447,-9.888690703289596
CGG,545,0.00033728962719903555,352,0.0005546381616266025,-0.717558932500447
CGT,508,0.0003143910653524955,32,5.042165105696386e-05,2.640444953244728
GAG,2033,0.0012581831414598885,207,0.000326165055274735,1.9476678088179682
GAT,306,0.0001893772952713851,140,0.0002205947233742169,-0.22013490777975342
GCG,36,2.227968179663354e-05,444,0.0006996004084153736,-4.972730598435231
GCT,448,0.0002772582623581063,390,0.0006145138722567471,-1.1482151252194441
GGG,1507,0.0009326522352090762,836,0.0013172656338631809,-0.4981351640104972
GGT,1881,0.0011641133738741025,715,0.0011266087658040362,0.04724496833000558
GTG,525,0.00032491202620090577,213,0.0003356191148479157,-0.046775741199791554
GTT,678,0.00041960067383659834,560,0.0008823788934968676,-1.0723812873360608
NGN,3,1.8566401497194617e-06,5,7.878382977650603e-06,-2.085205327693643
NGT,11,6.80768054897136e-06,6,9.454059573180723e-06,-0.4737706156112971
TAG,747,0.00046230339728014596,7646,0.012047623249423302,-4.703764785572849
TAT,1205,0.0007457504601373171,178,0.0002804704340043615,1.4108442666234886
TCG,1397,0.0008645754297193627,592,0.0009328005445538314,-0.10957679374692297
TCT,405,0.00025064642021212734,620,0.0009769194892286749,-1.962586041029688
TGG,2143,0.001326259946949602,904,0.001424411642359229,-0.10300256126607721
TGT,1751,0.0010836589673862591,501,0.0007894139743605905,0.4570568417109122
TTG,115,7.117120573924603e-05,353,0.0005562138382221326,-2.9662740558542424
TTT,548,0.00033914626734875497,227,0.0003576785871853374,-0.07675613785782609
