site_2,count_x,proportion_x,count_y,proportion_y,ratio
AAG,2459,0.0019201051958405789,1292,0.001572750036214639,0.2878959579458691
AAT,1280659,1.0,821491,1.0,0.0
ACT,1050,0.0008198903845598243,861,0.0010480942578798794,-0.35426552179964865
AGG,545,0.00042556215198581357,1354,0.0016482225611723074,-1.9534693108669963
AGT,3411,0.0026634724778414865,1520,0.0018502941602525165,0.5255537243261674
ATG,133,0.00010385278204424441,758,0.0009227124825469786,-3.15134130962619
ATT,283,0.000220979979838505,859,0.0010456596603005998,-2.2424257852628706
CAG,621,0.0004849065988682389,435,0.0005295249734933189,-0.12699183947189852
CAT,42,3.279561538239297e-05,821,0.000999402306294287,-4.929490695955332
CGG,2659,0.002076274792899593,867,0.0010553980506177183,0.9762101716795435
CGT,888,0.0006933930109420228,420,0.0005112654916487216,0.4396006417276954
CTG,659,0.0005145788223094517,552,0.000671948931881177,-0.3849595087264053
CTT,567,0.0004427408076623051,1342,0.0016336149756966296,-1.8835337382142434
GAG,1164,0.0009089070548834624,1241,0.0015106677979430086,-0.7329817641783603
GAT,1149,0.0008971943351040362,738,0.0008983665067541823,-0.001883630370569378
GCG,1320,0.0010307193405894933,516,0.0006281261754541437,0.7145252518662719
GCT,641,0.0005005235585741404,190,0.00023128677003156456,1.1137552313315044
GGG,2820,0.0022019913185320995,1339,0.0016299630793277103,0.4339694950055577
GGT,988,0.0007714778094715299,255,0.00031041119135815243,1.3134440877695308
GTG,1130,0.0008823582233834299,516,0.0006281261754541437,0.49031009492300726
GTT,811,0.0006332677160743024,668,0.0008131555914793954,-0.3607158952130689
TAG,1487,0.0011611209541337701,12607,0.015346485840989129,-3.7243181628677506
TAT,700,0.0005465935897065495,769,0.0009361027692330165,-0.7761983830857861
TCG,3,2.342543955885212e-06,277,0.00033719176473022834,-7.169349372284321
TCT,776,0.0006059380365889749,630,0.0007668982374730824,-0.33986488315643903
TGG,1081,0.0008440966721039715,552,0.000671948931881177,0.3290566440001932
TGT,1055,0.0008237946244862997,374,0.00045526974732529026,0.8555631167506235
TTT,1090,0.0008511243039716271,597,0.0007267273774149687,0.22795559144319633
