site_2,count_x,proportion_x,count_y,proportion_y,ratio
AAG,2266,0.001223675584485997,12951,0.022765265172888398,-4.2175412313203715
AAT,4144,0.0022378250759532087,1692,0.0029741972567776365,-0.41040306439167296
ACG,1432,0.0007733024876363405,1376,0.002418732520878267,-1.6451464763961177
ACT,1725,0.0009315270888077425,1168,0.0020531101630710874,-1.1401414112854003
AGG,5125,0.0027675804812403943,25716,0.04520357958350692,-4.0297398450758095
AGT,5025,0.0027135789108747284,1549,0.0027228318857852,-0.00491104679419152
ATG,5076,0.002741119711761218,1513,0.002659551093087804,0.04358258266609205
ATT,5113,0.0027611002927965147,1413,0.0024837711133728134,0.15271106139472757
CAG,2180,0.0011772342339715239,786,0.0013816306405598242,-0.23097058155259376
CAT,2651,0.001431581630393812,903,0.0015872932168263627,-0.14895872157187462
CCG,565,0.00030510887256601424,5253,0.009233722334428443,-4.919516310810441
CCT,670,0.0003618105214499638,2450,0.0043066095030172636,-3.573246247503076
CGG,3310,0.0017874519791035524,15508,0.027259959254200702,-3.930807017014878
CGT,2061,0.0011129723652363811,13021,0.022888311158688893,-4.36212133928774
CTG,3826,0.0020661000821903903,1491,0.002620879497550506,-0.3431408828956073
CTT,4728,0.0025531942468886995,1657,0.00291267426387739,-0.1900410660021965
GAG,6777,0.0036596864236812005,2586,0.00454567027542965,-0.312773002654291
GAT,5915,0.0031941928871291577,4642,0.008159706658369851,-1.3530658530756083
GCG,2408,0.001300357814405243,562,0.0009878834859982457,0.3964958575804989
GCT,3995,0.002157362736108366,1105,0.0019423687758506434,0.15145163457826705
GGG,21821,0.011783682669492028,33689,0.059218517366183096,-2.32925788597415
GGT,14897,0.0080446139373733,27991,0.049202574122022946,-2.6126387022501465
GTG,5073,0.002739499664650248,1294,0.002274592937511975,0.2683040441803559
GTT,6578,0.003552223298653525,3981,0.006997800992453765,-0.9781793622142247
TAG,2617,0.0014132210964694853,15828,0.02782245518928867,-4.299190639882944
TAT,5199,0.0028075416433109876,3073,0.0054017187766416536,-0.9441111106699127
TCG,2013,0.0010870516114608612,603,0.0010599532776813917,0.03641976606297703
TCT,2486,0.0013424790392904625,1092,0.0019195173784876945,-0.5158440588256443
TGG,10820,0.005842969913565086,4180,0.007347603152086596,-0.3305718472123438
TGT,6114,0.0033016560121568337,3886,0.006830810011724525,-1.048866847656651
TTG,9021,0.0048714816626867505,3241,0.005697029142562837,-0.2258491509809586
TTT,1851798,1.0,568893,1.0,0.0
