site_2,count_x,proportion_x,count_y,proportion_y,ratio
AAG,4553,0.0015206476429293558,285,0.0007241313599695103,1.0703625614097998
AAT,3933,0.0013135750449464433,245,0.0006224988883948421,1.0773554583830443
ACG,2274,0.0007594888513115211,243,0.0006174172648161087,0.29878296172917196
ACT,3223,0.0010764435214498822,105,0.00026678523788350376,2.0125218818361272
AGG,6176,0.002062710266358819,736,0.001870037476973893,0.1414740076537715
AGT,4695,0.0015680739476286681,420,0.001067140951534015,0.5552428513177183
ATG,4089,0.0013656771825034343,548,0.001392364860572953,-0.027920808991458657
ATT,13587,0.004537895788377148,5113,0.01299117067903195,-1.5174360594729714
CAG,2768,0.0009244789535753255,496,0.0012602426475258844,-0.4469891563074473
CAT,1255,0.0004191550168847664,142,0.0003607952740900718,0.21630345577615628
CCG,2754,0.0009198031207176468,253,0.0006428253827097757,0.516898195883357
CCT,668,0.0002231040249235251,181,0.0004598869338753732,-1.0435626681664498
CGG,4155,0.0013877203945467766,428,0.0010874674458489486,0.3517447016992641
CGT,3550,0.0011856576174828055,691,0.0017557009464523915,-0.5663596646661482
CTG,3968,0.00132526462709064,741,0.0018827415359207267,-0.5065544954762551
CTT,2255,0.0007531430781475286,416,0.0010569777043765484,-0.488949073555645
GAG,5845,0.0019521602180808445,956,0.0024290160706345676,-0.31530057211902474
GAT,3917,0.0013082312359662391,798,0.0020275678079146285,-0.6321325968288942
GCG,4294,0.0014341447350623006,503,0.0012780283300514515,0.16627081249595044
GCT,3924,0.0013105691523950785,240,0.0006097948294480086,1.1037976570534251
GGG,6409,0.0021405294846330424,1020,0.0025916280251540367,-0.2758909558971485
GGT,8749,0.0029220615479879056,943,0.0023959855173728006,0.2863673785190173
GTG,7816,0.0026104506868297487,742,0.0018852823477100934,0.469518301790286
GTT,4283,0.0014304708663884101,1221,0.0031023311948167437,-1.1168625966536574
TAG,3650,0.0012190564236090817,7538,0.019152639268246206,-3.9737064045669115
TAT,2449,0.0008179367620325044,915,0.0023248427872705328,-1.5070719481647235
TCG,1232,0.00041147329147572293,540,0.0013720383662580195,-1.7374501299132241
TCT,3497,0.001167956250235879,460,0.0011687734231086832,-0.0010090438039558336
TGG,3804,0.001270490585043547,558,0.00141777297846662,-0.15824085452591952
TGT,5097,0.0017023371482562985,1099,0.0027923521565140063,-0.7139641066011517
TTG,2560,0.000855009436832671,1292,0.00328272883186178,-1.9408833333638587
TTT,2994119,1.0,393575,1.0,0.0
