site_2,count_x,proportion_x,count_y,proportion_y,ratio
AAG,326,0.00019659196373059183,1802,0.0012796196078626305,-2.7024387508026226
AAT,1107,0.000667568416717071,1565,0.001111323355330198,-0.7352910442585898
ACG,1845,0.001112614027861785,1311,0.0009309552197047218,0.25716952150584227
ACT,1658257,1.0,1408231,1.0,0.0
AGG,1995,0.0012030704528911984,2517,0.0017873488085406442,-0.5711000792714316
AGT,928,0.0005596237495153043,2956,0.0020990874366492427,-1.9072331682387382
ATG,133,8.020469685941323e-05,1947,0.0013825856695385914,-4.107538342439266
ATT,500,0.0003015214167647114,2081,0.0014777405127425827,-2.293060574293408
CAG,142,8.563208236117803e-05,1059,0.0007520073056196036,-3.1345233637078156
CAT,482,0.00029066664576118175,549,0.0003898508128282931,-0.42355661199539796
CCG,379,0.00022855323390765122,664,0.0004715135513988827,-1.0447690023959932
CCT,208,0.00012543290937411993,964,0.0006845467824525948,-2.4482332273090304
CGG,1302,0.0007851617692553085,2721,0.0019322114056571685,-1.2991911173042041
CGT,1193,0.0007194301004006013,1960,0.001391817109550919,-0.9520432205275036
CTG,953,0.0005746998203535399,1877,0.0013328779156260586,-1.213664140141093
CTT,297,0.00017910372155823857,1083,0.0007690499641039006,-2.102282016027722
GAG,1265,0.0007628491844147198,3966,0.0028162993145300734,-1.8843309018673366
GAT,1308,0.0007887800262564849,3901,0.0027701421144684358,-1.8122650667466402
GCG,1189,0.0007170179290664837,2646,0.0018789530978937405,-1.389847955753181
GCT,1897,0.001143972255205315,2566,0.0018221442362794172,-0.6715851008983673
GGG,2967,0.0017892280870817974,5617,0.003988692196095669,-1.1565784853185033
GGT,3726,0.0022469375977306294,3944,0.0028006768775861346,-0.3178154866564338
GTG,2164,0.0013049846917576708,1357,0.0009636203151329576,0.437496169187801
GTT,1687,0.0010173332601641362,922,0.0006547221301050751,0.6358377086380678
TAG,177,0.00010673858153470783,2606,0.001850548667086579,-4.115799427705298
TAT,814,0.0004908768664929501,944,0.000670344567049014,-0.4495416743157552
TCG,330,0.00019900413506470952,898,0.0006376794716207782,-1.6800330297154922
TCT,1590,0.0009588381053117822,2786,0.001978368605718806,-1.0449521016496952
TGG,1627,0.0009811506901523709,2396,0.0017014254053489804,-0.7941972663364183
TGT,1067,0.0006434467033758941,2537,0.001801551023944225,-1.4853469524596754
TTG,393,0.00023699583357706313,1796,0.0012753589432415563,-2.427969741702702
TTT,726,0.00043780909714236094,1024,0.0007271534286633372,-0.7319578712244095
