site_2,count_x,proportion_x,count_y,proportion_y,ratio
AAG,1568,0.00020754502952817787,5070,0.02473665464800277,-6.897082213719382
AAT,17454,0.002310262082515827,6257,0.03052805683087837,-3.7240073328217624
ACG,741,9.808091000024223e-05,2981,0.014544372289091965,-7.212272953629222
ACT,1276,0.00016889506229461414,2163,0.010553330178230768,-5.965427362140996
AGG,1709,0.00022620819863753571,7994,0.03900292253572666,-7.429787201688195
AGT,1455,0.00019258802166039466,5706,0.027839714284320277,-7.1754826197299595
ATG,464,6.14163862889506e-05,1692,0.008255309598505067,-7.070554883936266
ATT,261,3.454671728753471e-05,2692,0.013134334183909952,-8.570578723984319
CAG,1185,0.00015685003825949666,3427,0.016720417254182544,-6.73608115867744
CAT,2565,0.00033951084230853077,1353,0.006601320264052811,-4.281225039426009
CCG,411,5.440115251025581e-05,2300,0.011221756546431238,-7.688445588093941
CCT,466,6.168111209192021e-05,1773,0.008650510589922862,-7.131812702188296
CGG,2258,0.00029887543155269493,6694,0.03266019057470031,-6.771845090857416
CGT,1083,0.00014334902230804633,4120,0.02010158129186813,-7.131633120406141
CTG,431,5.7048410539951955e-05,2122,0.010353290170229167,-7.503686907769555
CTT,314,4.15619510662295e-05,2395,0.011685263882044702,-8.135211217675803
GAG,563,7.452031353594653e-05,6871,0.03352377792631697,-8.813335281564962
GAT,1734,0.00022951727117465588,6498,0.031703901755960946,-7.1099138710515355
GCG,1286,0.0001702186913094622,5390,0.026297942515332334,-7.271416656255807
GCT,741,9.808091000024223e-05,3486,0.01700827970472143,-7.438049147763738
GGG,2914,0.00038570549492672853,11021,0.05377172995574725,-7.12320437746374
GGT,2506,0.00033170143112092715,9031,0.04406247103079152,-7.053521357037129
GTG,1329,0.00017591029607330892,4329,0.02112129743021775,-6.907714721880067
GTT,1235,0.00016346818333373703,4435,0.02163847403627067,-7.048445088660274
TAG,1699,0.00022488456962268762,6110,0.029810840216823852,-7.050508553465759
TAT,7554987,1.0,204959,1.0,0.0
TCT,442,5.850440245628484e-05,2345,0.011441312652774458,-7.611491673955194
TGG,617,8.166791021612612e-05,905,0.004415517249791422,-5.756669328765037
TGT,2886,0.00038199933368515394,3709,0.01809630218726672,-5.565980993955699
TNT,18,2.3825322267265318e-06,2,9.758049170809772e-06,-2.034097024501577
TTG,391,5.175389448055966e-05,2482,0.012109739020974926,-7.870284628766893
TTT,4405,0.0005830585810405762,827,0.004034953332129841,-2.7908392413073857
