site_2,count_x,proportion_x,count_y,proportion_y,ratio
AAG,765778,1.0,326435,1.0,0.0
AAT,1229,0.0016049037710668104,776,0.002377196072725045,-0.5667741057095057
ACG,1233,0.0016101272170263444,437,0.001338704489408305,0.26633715100720146
ACT,348,0.00045443979847945487,352,0.0010783157443288863,-1.2466185866836081
AGG,1675,0.0021873179955548476,841,0.0025763168777857767,-0.23614707391768697
AGT,894,0.001167440171955841,724,0.0022178994286764595,-0.9258453297949263
ATG,1298,0.0016950082138687715,653,0.0020003982416101213,-0.23899497744233145
ATT,334,0.000436157737621086,329,0.0010078576133073966,-1.2083699451562282
CAG,727,0.000949361303145298,286,0.0008761315422672201,0.1158097532461646
CAT,556,0.000726058988375221,416,0.0012743731523886838,-0.8116291093126229
CCG,1093,0.0014273066084426558,930,0.0028489592108689324,-0.9971396842185278
CCT,340,0.00044399290656038697,593,0.0018165944215540613,-2.0326278223033416
CGG,982,0.0012823559830655881,295,0.0009037021152756291,0.5048776061704512
CGT,769,0.0010042074857204047,302,0.0009251458942821695,0.11830458474170769
CTG,742,0.0009689492254935504,400,0.0012253588003737345,-0.33871127704895976
CTT,497,0.0006490131604720951,263,0.0008056734112457304,-0.3119474116250558
GAG,1729,0.002257834516008556,1684,0.005158760549573422,-1.1920847333191542
GAT,1097,0.0014325300544021896,1352,0.004141712745263222,-1.5316620897740307
GCG,1188,0.0015513634499815874,902,0.0027631840948427713,-0.8327949663496543
GCT,637,0.0008318337690557838,362,0.0011089497143382298,-0.41482678872194256
GGG,4167,0.005441524828344507,3563,0.01091488351432904,-1.004213847325789
GGT,1114,0.001454729699730209,744,0.002279167368695146,-0.6477557576630399
GTG,1038,0.0013554842264990638,749,0.0022944843536998175,-0.7593616439959092
GTT,593,0.0007743758635009102,361,0.0011058863173372953,-0.5140971962362073
TAG,2063,0.002693992253629642,8582,0.02629007306201847,-3.2867005437569388
TAT,520,0.0006790479747394154,627,0.0019207499195858287,-1.500084283668624
TCG,953,0.001244485999858967,575,0.0017614532755372433,-0.501216205816835
TCT,595,0.0007769875864806772,764,0.002340435308713833,-1.590813433735482
TGG,1461,0.0019078636367197805,635,0.0019452570955933034,-0.028002782751068267
TGT,728,0.0009506671646351814,427,0.0013080705193989615,-0.4604280833168346
TTG,1178,0.0015383048350827524,680,0.0020831099606353487,-0.4373975762022795
TTT,572,0.0007469527722133569,574,0.001758389878536309,-1.2351660537923372
