site_2,count_x,proportion_x,count_y,proportion_y,ratio
AAG,646,0.0008447127649697878,401,0.001230167008209294,-0.5423214322534804
AAT,1333,0.001743037330812271,882,0.0027057538684304174,-0.6344271409610318
ACG,396,0.0005178115401362786,307,0.0009417986820953947,-0.862991585783055
ACT,696,0.0009100930099364896,541,0.0016596517492299952,-0.866794648470572
AGG,974,0.0012736071719513518,681,0.0020891364902506965,-0.7139863864222136
AGT,1355,0.00177180463859762,584,0.0017915649196863534,-0.016000783131268292
ATG,675,0.0008826333070504749,393,0.0012056250230081111,-0.44989517081289954
ATT,764757,1.0,325972,1.0,0.0
CAG,624,0.000815945457184439,407,0.0012485734971101811,-0.6137361258964837
CAT,858,0.0011219250036286037,338,0.0010368988747499785,0.11370104072487663
CCG,645,0.0008434051600704537,689,0.002113678475451879,-1.325458182886159
CCT,442,0.0005779613655056443,516,0.0015829580454762985,-1.453578056524309
CGG,824,0.0010774664370512463,633,0.001941884579043599,-0.8498145227376082
CGT,663,0.0008669420482584664,339,0.0010399666229001265,-0.2625297635162429
CTG,534,0.0006982610162443757,274,0.0008405629931405151,-0.26758951176545764
CTT,649,0.0008486355796677899,256,0.0007853435264378536,0.11182130750665209
GAG,1297,0.0016959635544362458,373,0.0011442700600051538,0.5676775835039756
GAT,958,0.0012526854935620074,451,0.0013835544157166874,-0.1433551380116853
GCG,1036,0.0013546786757100621,395,0.001211760519308407,0.160846084129604
GCT,523,0.0006838773623517012,378,0.0011596088007558931,-0.7618286484666168
GGG,1848,0.0024164538539693,992,0.0030432061649466827,-0.3327006294633037
GGT,1355,0.00177180463859762,625,0.0019173425938424158,-0.1138886038007012
GTG,1072,0.0014017524520860876,539,0.0016535162529296994,-0.23830563278721684
GTT,1323,0.0017299612818189307,684,0.00209833973470114,-0.2785085290997067
TAG,1429,0.0018685674011483385,5554,0.017038273225921243,-3.188774621215515
TAT,728,0.0009519363667151789,556,0.0017056679714822132,-0.8413997930172972
TCG,413,0.0005400408234249572,302,0.0009264599413446554,-0.7786601283981192
TCT,637,0.0008329443208757814,200,0.0006135496300295731,0.4410400119890898
TGG,760,0.000993779723493868,377,0.0011565410526057454,-0.21881846543020167
TGT,831,0.0010866196713465847,444,0.0013620801786656523,-0.32596456007224717
TTG,702,0.0009179386393324938,399,0.0012240315119089983,-0.41517107641027096
TTT,775,0.0010133937969838784,612,0.0018774618678904936,-0.8895887030235379
