site_2,count_x,proportion_x,count_y,proportion_y,ratio
AAG,94,7.846456531882907e-05,171,0.0003783956026447861,-2.269782139568191
AAT,58,4.841430626055411e-05,171,0.0003783956026447861,-2.966389996118256
ACG,134,0.0001118537420502457,486,0.00107544013383255,-3.2652417895079395
ACT,114,9.515915368453739e-05,1204,0.002664259096984342,-4.80724813895489
AGG,123,0.00010267171844910614,212,0.00046912203368827286,-2.19192442558389
AGT,181,0.00015108602470966024,642,0.0014206431397541092,-3.23310207639903
ATG,407,0.0003397348732421642,221,0.000489037591722209,-0.5255360514851155
ATT,85,7.095200055426034e-05,160,0.00035405436504775306,-2.3190556351095903
CAG,314,0.0002621050373416205,472,0.0010444603768908717,-1.9945407768301457
CAT,244,0.00020367397806164144,618,0.0013675349849969463,-2.747244166701419
CCG,482,0.00040233957961357034,797,0.00176363330589412,-2.1320650541204405
CCT,1016,0.0008480850889779824,1158,0.0025624684670331127,-1.5952533275770016
CGG,204,0.0001702848013302248,579,0.0012812342335165564,-2.911512672377672
CGT,246,0.00020534343689821227,2955,0.00653894155447569,-4.9929463860855865
CTC,1197993,1.0,451908,1.0,0.0
CTG,918,0.0007662816059860116,675,0.0014936668525452083,-0.9629118248843156
CTT,649,0.0005417393924672348,886,0.001960576046451933,-1.855606696915812
GAG,24,2.0033506038849976e-05,141,0.0003120104091983324,-3.961107328037569
GAT,253,0.00021118654282621018,1250,0.002766049726935571,-3.7112372812150713
GCG,640,0.000534226827702666,777,0.0017193765102631509,-1.6863611698802785
GCT,40,3.3389176731416626e-05,525,0.0011617408853129398,-5.120763994026053
GGG,79,6.594362404454784e-05,385,0.0008519433158961559,-3.691452363765091
GGT,31,2.5876611966847888e-05,273,0.0006041052603627287,-4.545079306892907
GTG,7,5.84310592799791e-06,148,0.0003275002876691716,-5.808616919931277
GTT,27,2.2537694293706224e-05,187,0.0004138010391495614,-4.1985254340840985
TAG,443,0.00036978513230043913,3446,0.007625445887215982,-4.36606257402986
TAT,4,3.338917673141663e-06,370,0.000818750719172929,-7.937899936876244
TCG,272,0.00022704640177363306,447,0.0009891393823521601,-2.1231866562929085
TCT,690,0.0005759632986169368,297,0.0006572134151198916,-0.19038504549516588
TGG,204,0.0001702848013302248,121,0.0002677536135673633,-0.6529563716630289
TGT,40,3.3389176731416626e-05,252,0.0005576356249502111,-4.061870304972484
TTG,369,0.00030801515534731837,120,0.0002655407737858148,0.21406793409194513
TTT,17,1.4190400110852066e-05,157,0.0003474158457031077,-4.61367638400122
