site_2,count_x,proportion_x,count_y,proportion_y,ratio
AAG,386,0.00032202169558605026,207,0.00045756069310498034,-0.506805231879289
AAT,1078,0.0008993248389682958,685,0.0015141501196952248,-0.7515940267434296
ACG,632,0.0005272479575398544,506,0.0011184816942566185,-1.0849881381652526
ACT,1589,0.0013256281717259947,1669,0.003689221240542088,-1.4766401416621253
AGG,424,0.0003537233132862314,294,0.0006498688104969286,-0.8775272019212093
AGT,835,0.0006966013363066114,131,0.00028956739515339337,1.266434074175919
ATG,696,0.0005806401557717384,390,0.0008620708710673543,-0.5701621295489279
ATT,181,0.0001509998106245469,468,0.001034485045280825,-2.7762941441482454
CAG,261,0.00021774005841440188,599,0.0013240524404342184,-2.604281507866947
CAT,859,0.0007166234106435679,609,0.0013461568217436378,-0.9095594084159142
CCG,1021,0.0008517724124180242,292,0.0006454479342350447,0.4001672803497378
CCT,1260,0.001051158902690216,760,0.0016799329795158698,-0.6764229015917138
CGG,863,0.0007199604230330606,259,0.0005725034759139609,0.3306331498443562
CGT,656,0.0005472700318768109,459,0.0010145911021023476,-0.8905736504437698
CTG,812,0.0006774135150670281,306,0.0006763940680682318,0.0021727628444789815
CTT,852,0.0007107836389619556,296,0.0006542896867588124,0.1194809429488437
GAG,20,1.6685061947463747e-05,226,0.000499559017592877,-4.904026179175871
GAT,376,0.00031367916461231844,313,0.0006918671349848254,-1.1412053069030268
GCG,547,0.00045633644426313345,284,0.0006277644291875093,-0.46012540836017024
GCT,1011,0.0008434298814442924,274,0.0006056600478780899,0.4777598872944413
GGG,6,5.005518584239124e-06,81,0.00017904548860629666,-5.1606628138115145
GGT,29,2.419333982382243e-05,159,0.0003514596628197675,-3.8606772718048283
GTG,651,0.0005430987663899449,338,0.0007471280882583737,-0.46014101476459324
GTT,126,0.0001051158902690216,281,0.0006211331147946835,-2.562921708369055
TAG,1156,0.0009643965805634045,10958,0.024221981038861713,-4.650546517453345
TAT,1970,0.001643478601825179,929,0.002053497023645057,-0.3213301836869604
TCG,1491,0.0012438713681834222,1566,0.0034615461130550686,-1.4765792666556443
TCT,1198677,1.0,452399,1.0,0.0
TGG,97,8.092255044519917e-05,94,0.0002077811843085418,-1.3604513211385552
TGT,561,0.00046801598762635804,260,0.0005747139140449028,-0.29628616406770725
TTG,450,0.0003754138938179343,228,0.0005039798938547609,-0.42488413459575014
TTT,888,0.0007408167504673903,595,0.0013152106879104506,-0.8281053034932437
