site_2,count_x,proportion_x,count_y,proportion_y,ratio
AAG,1226,0.0005403801966966285,6129,0.00765633080745621,-3.8246064554394597
AAT,1397,0.0006157513334300082,11495,0.014359524005826256,-4.543516269871936
ACG,1241,0.0005469916999188548,665,0.0008307162647998661,-0.6028368599340528
ACT,1404,0.0006188367016003804,476,0.0005946179579620094,0.057595727320761014
AGG,2261,0.0009965739190302423,4088,0.005106718933085492,-2.3573479338619485
AGT,743,0.0003274897929409421,542,0.0006770649857466578,-1.0478443704911324
ATG,513,0.00022611341020013903,415,0.0005184169171307435,-1.1970662403030907
ATT,1119,0.000493218140378081,911,0.0011380188229062828,-1.2062266525015133
CAG,1699,0.0007488629316374975,12280,0.015340143957507301,-4.356466532749179
CAT,4342,0.0019138097993937693,11179,0.013964777630372486,-2.867273238529549
CCG,1859,0.0008193856326745778,13304,0.016619322085560027,-4.342175128043644
CCT,3906,0.0017216354390677251,19616,0.024504256015510036,-3.831180759479846
CGG,1626,0.0007166869492893296,7376,0.009214079953629793,-3.684425128030167
CGT,3347,0.0014752467523194254,8676,0.01083803656150923,-2.8770752316616024
CTG,1244,0.0005483140005633001,692,0.0008644445943481313,-0.6567711871819792
CTT,1292,0.0005694708108744242,1261,0.0015752379096430544,-1.4678759353101523
GAG,1402,0.0006179551678374169,4260,0.0053215808842818485,-3.1062808107784345
GAT,3115,0.001372988835815659,5170,0.006458350509797455,-2.2338458469667897
GCG,720,0.0003173521546668618,513,0.0006408382614170395,-1.0138756489532348
GCT,1560,0.0006875963351115339,774,0.0009668787803836036,-0.49177317207065663
GGG,735,0.00032396365788908807,807,0.0010081022942759277,-1.6377381532299111
GGT,1630,0.0007184500168152566,1911,0.002387216213582773,-1.7323695435348725
GTG,1472,0.0006488088495411397,804,0.0010043547021038983,-0.630403464797773
GTT,2268773,1.0,800514,1.0,0.0
TAG,1772,0.0007810389139856654,15178,0.01896031799568777,-4.601444920502925
TAT,1411,0.0006219220697707528,11916,0.014885436107301059,-4.581023865328123
TCG,671,0.00029575457747425593,341,0.00042597631022068324,-0.526372702499847
TCT,1168,0.0005148157175706869,303,0.00037850680937497657,0.443736845731209
TGG,1300,0.0005729969459262783,2760,0.003447784798267113,-2.589070373425571
TGT,929,0.00040947243289654806,342,0.00042722550761135973,-0.06123145817910114
TTG,594,0.000261815527600161,170,0.00021236355641500337,0.3020144549872068
TTT,1704,0.0007510667660449062,4616,0.00576629515536268,-2.9406316180955008
