site_2,count_x,proportion_x,count_y,proportion_y,ratio
AAG,121,8.537612770575295e-05,9379,0.012128932139277748,-7.150404092704618
AAT,287,0.00020250370786405864,11007,0.014234263360382788,-6.135275699511112
ACG,939,0.000662546974509934,390,0.000504348388348259,0.39360209768706333
ACT,704,0.0004967338339243808,481,0.0006220296789628528,-0.3245104013498459
AGG,597,0.0004212359358705331,5383,0.006961300960201739,-4.046656524971727
AGT,385,0.0002716513154273957,311,0.0004021855096828425,-0.56610507076544
ATG,63,4.445203343357384e-05,162,0.00020949856131389222,-2.236619015601809
ATT,304,0.00021449870101280076,659,0.0008522194562089813,-1.9902560777815665
CAG,1352,0.0009539547492411403,15220,0.01968251915553975,-4.366850238325825
CAT,1289,0.0009095027158075664,10316,0.013340661472309334,-3.8746084456446646
CCG,2302,0.0016242631899061426,19204,0.02483463192266658,-3.9344960387434647
CCT,1296,0.0009144418306335191,23680,0.030622999579709678,-5.065580393848788
CGG,2326,0.0016411972978808375,8744,0.01130774950696712,-2.784491240415787
CGT,740,0.000522134995886423,10333,0.013362645889237334,-4.677639030728251
CTG,378,0.00026671220060144307,341,0.0004409815395557855,-0.7254344410202016
CTT,788,0.0005560032118358126,941,0.0012169021370146455,-1.1300480294892612
GAG,207,0.00014605668128174262,2979,0.00385244576638324,-4.721174386967306
GAT,917,0.0006470240421997971,6281,0.0081225954543985,-3.6500495666221866
GCG,469,0.0003309206933388275,854,0.0011043936503831108,-1.738697083322215
GCT,609,0.0004297029898578805,635,0.0008211826323106269,-0.9343632999702969
GGG,426,0.00030058041655083267,894,0.0011561216902137015,-1.9434703371745812
GGT,1250,0.0008819847903486874,2018,0.002609679609453299,-1.5650470157740095
GTG,470,0.0003316262811711065,628,0.0008121302253402736,-1.292152738543729
GTT,1417258,1.0,773275,1.0,0.0
TAG,463,0.00032668716634515384,20737,0.02681710904917397,-6.359100128577543
TAT,805,0.0005679982049845547,12665,0.01637839061136077,-4.849763419814985
TCG,485,0.0003422100986552907,418,0.0005405580162296725,-0.6595671312234952
TCT,41,2.8929101123436946e-05,469,0.0006065112670136756,-4.3899410441143925
TGG,4,2.8223513291158e-06,3332,0.004308945717888203,-10.57622162158265
TGT,11,7.76146615506845e-06,141,0.00018234134040283212,-4.554168669978596
TTG,12,8.4670539873474e-06,210,0.000271572209110601,-5.003331953162068
TTT,555,0.0003916012469148172,5250,0.006789305227765025,-4.115806682420481
