site_2,count_x,proportion_x,count_y,proportion_y,ratio
TAT,5,1.7765776009096076e-05,2,9.688514266337258e-05,-2.4471747383526203
TTA,281440,1.0,20643,1.0,0.0
TTG,136,0.00048322910744741333,11,0.0005328682846485491,-0.1410716106269394
TTT,69,0.0002451677089255259,4,0.00019377028532674515,0.33942162353818617
