site_2,count_x,proportion_x,count_y,proportion_y,ratio
AAG,659,0.0006718984342421465,4320,0.013284949873915985,-4.305405805823644
AAT,386,0.0003935550768095122,1389,0.004271480410849376,-3.440098710494177
ACG,460,0.0004690034594102995,226,0.0006949996924780122,-0.5674137752516781
ACT,402,0.00040986824061508783,246,0.000756504090042438,-0.8841876779411759
AGG,844,0.0008605193907441148,4338,0.013340303831723969,-3.9544400127459527
AGT,956,0.0009747115373831442,939,0.0028876314656497938,-1.5668394034538906
ATG,438,0.000446572859177633,981,0.0030167907005350884,-2.7560471303989296
ATT,13,1.3254445592030203e-05,309,0.0009502429423703794,-6.163748173544146
CAG,404,0.0004119073860907848,1770,0.005443139184451688,-3.7240470259994307
CCG,285,0.00029057823028681603,669,0.0020573220985300447,-2.823769155370222
CCT,657,0.0006698592887664495,1002,0.0030813703179777352,-2.2016420966537424
CGG,922,0.000940046064296296,3622,0.011138446398917522,-3.5666727543016954
CGT,590,0.0006015479153306016,2842,0.008739774893904914,-3.860844558774442
CTG,1000,0.0010195727378484773,2054,0.006316501629866535,-2.631161045436972
CTT,972,0.0009910247011887198,1409,0.004332984808413802,-2.1283682564847206
GAG,2781,0.002835431783956615,4127,0.012691432437419275,-2.162214557441212
GAT,148,0.00015089676520157463,1799,0.005532320560920106,-5.196250969403398
GCG,491,0.0005006102142836023,315,0.0009686942616397073,-0.9523536678534512
GCT,731,0.0007453076713672368,130,0.0003997785841687681,0.8986349191431184
GGG,1622,0.00165374698079023,7692,0.023654591303278183,-3.8383098069034887
GGT,1546,0.0015762594527137458,4113,0.012648379359124178,-3.0043756163564
GTG,980803,1.0,325180,1.0,0.0
GTT,2537,0.0025866560359215866,1534,0.004717387293191463,-0.8668998272198589
TAG,421,0.0004292401226342089,4266,0.013118888000492036,-4.93371669105504
TAT,1504,0.0015334373977241096,3793,0.011664308998093363,-2.927259668397464
TCG,662,0.000674957152455692,568,0.0017467248908296944,-1.371784576478328
TCT,772,0.0007871101536190244,898,0.002761547450642721,-1.8108394612539325
TGG,604,0.0006158219336604802,6623,0.020367181253459623,-5.047589267348992
TGT,374,0.0003813202039553305,2119,0.00651639092195092,-4.0949982762653985
TTG,391,0.0003986529404987546,4024,0.012374684789962483,-4.95611465627904
TTT,1242,0.0012663093404078087,3423,0.010526477643151485,-3.0553209825702217
