site_2,count_x,proportion_x,count_y,proportion_y,ratio
AAG,1027,0.001049819935947695,3199,0.009898355431099834,-3.2370469480498016
AAT,740,0.0007564427970801308,2212,0.006844377059578879,-3.1776163469707166
ACG,279,0.0002851993788991304,159,0.0004919782786948652,-0.7866237807074903
ACT,13,1.3288859948705e-05,138,0.00042700001547101506,-5.0059468758894
AGG,1166,0.001191908515399233,4334,0.0134102758481984,-3.4919935021454993
AGT,555,0.0005673320978100981,251,0.0007766449556755419,-0.45306172996562566
ATG,363,0.00037106585856768576,2718,0.0084100437829726,-4.502366140023963
ATT,1261,0.001289019415024385,3048,0.009431130776490245,-2.8711567644174245
CAG,258,0.00026373275898199154,3112,0.009629159769172455,-5.19026122681526
CAT,622,0.0006358208375457316,2997,0.00927332642294661,-3.8663947356352937
CCG,955,0.0009762200962317904,2236,0.0069186379318347075,-2.825209687172401
CCT,582,0.0005949320377035623,1253,0.0038770363723563904,-2.7041574936658996
CGG,1280,0.0013084415949494155,5584,0.017278029611522812,-3.723017268574613
CGT,159,0.0001625329793726227,5386,0.016665377415412224,-6.679977696469639
CTG,1176,0.0012021307153597754,3321,0.010275848198400297,-3.095591799918667
CTT,1065,0.001088664295797756,4133,0.012788341043055835,-3.554198070513662
GAG,598,0.00061128755764043,6062,0.018757058650618066,-4.939438599838547
GAT,1312,0.0013411526348231508,5425,0.016786051332827946,-3.6457175548534426
GCG,434,0.00044364347828753617,5574,0.017247087581416215,-5.280808191911653
GCT,718,0.0007339539571669377,4928,0.015248232436530161,-4.376808644124172
GGG,1019,0.0010416421759792613,9616,0.029753856150502033,-4.836144981797694
GGT,1583,0.0016181742537538474,7056,0.021832696443213638,-3.7540514426726626
GTG,715,0.000730887297178775,6952,0.021510899330105047,-4.879275072400972
GTT,728,0.00074417615712748,5026,0.015551464331574795,-4.385262452934281
TAG,706,0.000721687317214287,3568,0.011040116342033201,-3.9352376639014466
TAT,1490,0.001523107794120804,4240,0.013119420765196404,-3.10661407135336
TCA,978263,1.0,323185,1.0,0.0
TCG,701,0.0007165762172340158,488,0.0015099710692018503,-1.0753288408045858
TCT,901,0.000921020216444862,960,0.002970434890233148,-1.6893694370473025
TGG,1086,0.0011101309157148947,6620,0.020483623930566085,-4.205669251142541
TGT,1113,0.001137730855608359,9716,0.030063276451567988,-4.723771034546229
TTG,962,0.00098337563620417,4450,0.013769203397434905,-3.8075586742234027
TTT,1254,0.0012818638750520055,4847,0.014997601992666738,-3.5484168716166833
