site_2,count_x,proportion_x,count_y,proportion_y,ratio
CAT,10,1.7873452382441836e-05,7,1.7477410446997257e-05,0.0323268852105727
CCA,559489,1.0,400517,1.0,0.0
CCG,95,0.00016979779763319743,87,0.0002172192441269659,-0.3553341751369654
CCT,174,0.00031099807145448794,124,0.0003095998422039514,0.006500897842666831
