site_2,count_x,proportion_x,count_y,proportion_y,ratio
AGT,122,0.00021761194083095656,128,0.00031889105635153755,-0.5513059136854306
CGT,75,0.00013377783247804704,95,0.00023667695588590676,-0.8230801690833829
GAT,118,0.00021047712309879403,112,0.00027902967430759536,-0.4067551239440803
GCT,161,0.00028717641371954104,107,0.0002665729924188634,0.10740664046515391
GGG,899,0.001603550285303524,4929,0.012279797005911941,-2.9369452114050993
GGT,560631,1.0,401391,1.0,0.0
GNT,9,1.605333989736565e-05,15,3.7370045666195803e-05,-1.219008845414523
GTG,1097,0.001956723763045568,7679,0.019130972044714506,-3.289398173305921
GTT,340,0.0006064595072338133,412,0.0010264305876315114,-0.759152842293835
TGG,65,0.00011594078814764078,69,0.0001719022100645007,-0.5681998949980311
TGT,414,0.0007384536352788198,635,0.0015819985998689558,-1.0991690754085184
TTT,21,3.7457793093853175e-05,12,2.9896036532956642e-05,0.32531167080928647
