site_2,count_x,proportion_x,count_y,proportion_y,ratio
AAG,846,0.0005349490565357685,3739,0.02784894979889766,-5.702077603954336
AAT,7,4.426292429964988e-06,8,5.958587814687919e-05,-3.7507997791585126
ACG,7,4.426292429964988e-06,151,0.0011246834500223447,-7.989204518483593
ACT,1113,0.000703780496364433,175,0.0013034410844629822,-0.8891279357064867
AGG,451,0.00028517969798774425,2917,0.021726500819305824,-6.251440748858915
AGT,2295,0.001451191589538521,1269,0.009451809921048712,-2.703352616756052
ATG,1114,0.0007044128238544281,291,0.0021674363175927303,-1.6214965267843695
ATT,22,1.3911204779889963e-05,10,7.448234768359899e-05,-2.4206511774661816
CAG,505,0.00031932538244747416,373,0.002778191568598242,-3.121046943832198
CAT,234,0.0001479646326588296,158,0.001176821093400864,-2.9915707298098155
CCG,2,1.2646549799899966e-06,60,0.00044689408610159393,-8.465045296824634
CCT,608,0.00038445511391695895,81,0.0006033070162371518,-0.6500771906571572
CGG,1042,0.0006588852445747883,6352,0.04731118724862208,-6.166010336080568
CGT,3025,0.0019127906572348698,9611,0.07158498435870699,-5.225906106371502
CTG,3,1.896982469984995e-06,2,1.4896469536719797e-05,-2.9731922004949602
CTT,2,1.2646549799899966e-06,10,7.448234768359899e-05,-5.880082796103478
GAG,581,0.000367382271687094,1775,0.01322061671383882,-5.169363657090995
GAT,395,0.00024976935854802433,1708,0.012721584984358707,-5.670538117772142
GCG,67,4.236594182966489e-05,32,0.00023834351258751675,-2.4920655107583443
GCT,469,0.0002965615928076542,38,0.00028303292119767615,0.06736189785567248
GGG,2685,0.0016977993106365703,25923,0.19308058990019367,-6.829393395045658
GGT,4413,0.0027904612133479276,28707,0.2138164754953076,-6.25972561962495
GTG,693,0.0004382029505665338,221,0.0016460598838075376,-1.909345718470334
GTT,841,0.0005317874190857936,25,0.00018620586920899747,1.5139510992643022
TAG,2285,0.001444868314638571,7995,0.05954863697303739,-5.3650585696383795
TAT,632,0.0003996309736768389,299,0.00222702219573961,-2.4783756272371207
TCG,854,0.0005400076764557286,252,0.0018769551616266945,-1.7973423650955436
TCT,3383,0.0021391638986530794,1067,0.007947266497840012,-1.8934117002465536
TGG,6557,0.004146171351897204,25115,0.18706241620735886,-5.495596176251281
TGT,1581459,1.0,134260,1.0,0.0
TTG,150,9.484912349924974e-05,199,0.00148219871890362,-3.9659606312638847
TTT,3801,0.0024034767894709885,2449,0.018240726947713393,-2.9239684499181298
