site_2,count_x,proportion_x,count_y,proportion_y,ratio
AAT,9,1.5300319776683332e-05,7,1.8423428284173486e-05,-0.26797974166614225
ACT,484,0.0008228171968794148,278,0.0007316732947143184,0.16937234350023722
CCT,142,0.00024140504536544814,71,0.00018686620116804535,0.36945017894914933
GAT,2,3.400071061485185e-06,5,1.3159591631552489e-05,-1.9524779159382142
GCT,182,0.00030940646659515186,132,0.00034741321907298575,-0.1671493002106068
TAT,332,0.0005644117962065407,203,0.0005342794202410311,0.07915369311089826
TCG,29,4.930103039153518e-05,12,3.1583019915725975e-05,0.642468673355566
TCT,588223,1.0,379951,1.0,0.0
TGT,26,4.4200923799307406e-05,16,4.211069322096797e-05,0.06988989709024196
TTT,97,0.00016490344648203148,80,0.00021055346610483983,-0.3525650737510855
