,Mean0,Mean1,Mean2,Mean3
*,-8.347133924079237,,-7.055700914420584,-7.326536126683536
A,-0.7242918146242733,,-0.6375398648565213,-0.9124691246618584
C,-2.7736858090539442,,,-1.236698934333433
D,-0.7455199095517013,0.0,-2.786258182494019,-0.36029888906453317
E,-1.8531976778984187,,-0.03643568759235638,-0.4965764175810863
G,-1.6414750150627053,,-0.7845882215103698,-1.655159280560439
K,-0.5658531426866571,,0.7537599965299075,-0.5908101713689682
L,-1.871334535157526,,-0.37259226965416137,-1.1767775565039023
M,-0.4156153017189843,,0.007920685454200438,-0.657727885235273
P,0.3235612657311515,,-3.6566124214230307,-2.7470414873129236
Q,-4.618782522527098,,,-0.49003388255237645
R,-1.3725958106096101,,-0.5920925846317395,-1.5363526341097993
S,-0.5507343764266946,,0.72602224772232,-0.46519678492190064
T,-0.894195458074757,,-1.7035366229953794,-0.8328399661252016
V,-1.7191822249262758,,-0.8543915679142646,-1.8534782583580491
W,-0.4483619445509118,,-1.6507964226628293,0.4130099797829567
I,,,-1.65025608138899,0.014630514578674703
N,,,-0.9148857006616211,0.7293945201330065
Y,,,0.9832851313846565,-3.9033911378068753
H,,,,-2.598421053322653
