,Mean0,Mean1,Mean2
*,-5.72708072205295,-5.640463179077809,
A,-4.603757390726601,-0.6050430727454923,
C,-4.953565798494282,-2.701918252108802,
D,-5.944054508008339,-3.7981737334968066,
E,-5.395327747657111,-3.089437664952861,
F,-4.654076925462378,-5.509986283274057,
G,-5.779982573530878,-4.514475918514274,
H,-6.1575779806056055,-4.661717888806607,
I,-4.426650583481058,-3.6195264771894724,
K,-5.604124029085888,-4.779779556757843,
L,-5.541844696512001,-2.6999242094252565,0.0
M,-4.753762300765567,-1.316212089457566,
N,-4.980838661396985,-2.5388971849999686,
P,-4.054352533130643,-4.026523350696226,
Q,-4.926800454206367,-2.884951643471318,
R,-4.936821149393292,-5.154851236682261,
S,-0.415157954572642,-0.3167224717072293,
T,-1.8342252545505453,-0.32576769921399595,
V,-5.4512108986880765,-0.12126043944633885,
W,-4.994620163775408,-5.408595221664406,
Y,-5.555211494459255,-4.129515839547493,
