,site_1,site_2,count_x,site_3,count_y,ratio
0,TAT,GGG,0.0005813637292795403,CCT,0.0004559260618192318,0.35064118649103193
1,TAT,GGT,0.00032256310140671267,CCT,0.0002996085549097809,0.10650259680684648
2,TAT,GGA,1.0,CCT,1.0,0.0
