,site_1,site_2,site_3,count_x,count_y,ratio
0,AAG,AAG,CCT,0.00033551334601456055,0.00019036740909956216,0.8175836445436016
1,AAG,ACG,AAG,0.0002316807947216334,0.001407225749618332,-2.6026434253537936
2,AAG,ACG,CCT,0.0010566904539742793,0.003784952016214824,-1.840722193818916
3,AAG,ACG,TAT,0.00010241986352023428,0.00027995207220523846,-1.4506843171841588
4,AAG,ACG,CCC,0.00011160233404273804,0.0006756176675886421,-2.5978398556093136
5,AAG,ACG,CGG,0.00016316543774602842,0.0005001810356733594,-1.6161148657449278
6,AAG,ACG,CCA,9.323739299773051e-05,0.0001381096889545843,-0.5668339629737087
7,AAG,ACT,TCG,0.0003079659344470493,0.00025382321213274954,0.27894676682337405
8,AAG,ACT,TTG,0.00015045124779179242,0.000436725232640172,-1.5374298160607776
9,AAG,ACT,GCT,0.00011795942901985603,0.00022396165776419078,-0.9249610198376796
10,AAG,ACT,CCT,0.0007317722662549153,0.003049611239889064,-2.059158697162342
11,AAG,ACT,GTG,0.00027476777178876645,0.0007017465276611311,-1.3527372233946569
12,AAG,ACT,TGG,0.00020130800760873635,0.00048151756419301017,-1.258183863074363
13,AAG,ACT,CCA,0.00046194890167057393,0.0007241426934375501,-0.6485407333922577
14,AAG,ACT,AAT,0.00011654674124716314,0.0005375079786340578,-2.20537750389971
15,AAG,ATG,CCT,0.00023591885803971206,0.0007465388592139692,-1.6619266140038853
16,AAG,ATT,CCT,0.00032350549994667106,0.006461293826496904,-4.319960937972908
17,AAG,CAT,CCC,9.323739299773051e-05,0.0015453354385729164,-4.050867554844084
18,AAG,CCG,CCC,0.00012926093120139913,0.007360873151849736,-5.831518714797082
19,AAG,CCT,CCG,0.00023945057747144427,0.0032847709805414647,-3.777992967091528
20,AAG,CGG,CCC,7.34597641800301e-05,0.0012691160606637477,-4.110725934699822
21,AAG,CTG,CCC,0.00012855458731505267,0.0013773641952497732,-3.4214570825649133
22,AAG,CTT,CCT,0.00027476777178876645,0.002325468546451514,-3.0812367247410215
23,AAG,GAT,CCG,0.00030584690278800996,0.0008174600508392963,-1.4183385615776611
24,AAG,GTT,CCG,0.00024015692135779073,0.00037700212390305446,-0.6505952633173049
25,AAG,TCG,CCT,8.758664190695897e-05,0.0002762193779091686,-1.657031771945288
26,AAG,TCT,CCA,0.00011301502181543093,0.0008211927451353662,-2.8612063353405084
27,AAG,TGT,CCC,8.617395413426608e-05,0.0005561714501144071,-2.6902058996024873
28,AAG,TTG,CCC,0.00010736427072465939,0.0005785676158908262,-2.429971608533865
29,AAG,ACA,CCT,1.0,1.0,0.0
