Translation,mean,std,len
SFL,0.03058669023844995,0.043256112163320676,2
