Translation,mean,std,len
P*S,-0.2468602801721449,,1
PAS,0.8274805690918345,0.9797236413380832,6
PCS,2.277304428140516,1.1872961954233374,4
PDS,0.872461477733756,1.09252999116172,2
PES,0.42348793066812185,0.42350675092855544,3
PFS,0.13014304263697665,1.3046136954857035,3
PGS,0.5782202511459993,1.0339445223341068,8
PHS,0.8122230194463613,1.684105982144218,3
PIS,1.021071496096839,1.920987351801419,3
PKS,0.7577054594207686,0.6767626859608434,2
PLS,1.2537262621879612,1.775776176394241,12
PMS,2.0431838752025344,0.8596182428007151,2
PNS,2.802824461529667,3.9795801713005194,4
PPS,1.1987488331146792,0.45747412480848043,5
PQS,2.315655601301174,,1
PRS,0.5091881856085042,1.8035383258232647,9
PSS,1.0669195481300309,0.21052746066592237,7
PTS,2.0150032996053477,1.7613166298614247,4
PVS,0.17577626768976878,1.4342918373402185,5
PWS,-0.42593156224223616,0.4557015573123905,2
PYS,-0.5282805020124437,2.153177555262527,2
