Translation,mean,std,len
V*M,-1.6427176366846483,0.3314623062759096,2
VAM,0.04283287282639964,0.9720144405868598,8
VCM,-0.561580668717367,0.9483058822271434,2
VDM,-0.2802134746796543,0.7501101932609937,4
VEM,-0.5451994305554367,0.49661184618559145,3
VFM,0.23345532004683664,1.2949968919553527,3
VGM,-0.03731727054336066,0.9159754956963155,8
VHM,0.5967179133131145,0.5168162448091506,3
VIM,0.8712632122120603,,1
VKM,1.1711765879576315,1.4770100494143437,4
VLM,1.1233748743556222,0.9506311975852164,8
VMM,2.05546703042998,0.9727012885818971,2
VNM,1.414770532188423,1.038078137814603,2
VPM,-0.24685126134472754,0.9215738401763328,7
VQM,-0.027131718041941255,0.6315822021662403,3
VRM,0.5116139513712157,1.3199806812179233,11
VSM,0.280793348126838,0.9281696169525484,8
VTM,0.5509839558537599,1.3627387508905582,4
VVM,-0.4294441846619633,1.2601477924747422,7
VWM,0.27764750435299446,0.37839274147433505,4
VYM,0.2895323270517258,0.8442658907771453,4
