Translation,mean,std,len
S*L,1.5787470491372027,1.0273228222924786,2
SAL,1.5870589342227641,2.4761541560867184,15
SDL,0.07298642032634665,0.8572429899378966,3
SEL,3.5068627889021338,0.5652755788028774,2
SFL,1.9171887558517706,1.5496340560409463,2
SGL,0.6409901250950625,0.6357231530583147,7
SHL,2.4560738167874083,0.3462511557279171,2
SIL,1.1925584248376873,1.3152811310997197,2
SKL,0.403800572136483,1.2294672652575847,2
SLL,0.5639194778965049,0.36385362372165175,3
SML,1.3062184327746618,,1
SNL,1.1453605840951795,,1
SPL,2.016287608210799,,1
SQL,2.86744440422444,,1
SRL,1.1094227848134721,1.3011044980392905,7
SSL,1.2763264787858561,0.7618053996193423,4
STL,-0.4995320612411741,,1
SVL,1.2239515849185976,1.6867169488923286,8
SWL,-0.43968354760440587,0.3805422621737062,2
SYL,2.042163372465408,,1
