Translation,mean,std,len
S*F,-0.6992682302139406,0.6949657968235883,4
SAF,-0.09797260317659884,0.9529229337378086,9
SCF,-0.37970672743844497,0.26549149397488686,5
SDF,-0.1649489353032973,0.9691349851976548,5
SEF,-0.6429250706059131,0.2620153948438623,4
SFF,-0.7620821609930193,0.4485523489567758,4
SGF,0.07227375136965104,0.30188681480398105,12
SHF,0.0005826911406514867,0.39726940267357513,4
SIF,-0.12136672505370183,0.7607931627154357,4
SKF,-1.2999624070100142,1.2108446870119585,4
SLF,0.13040743476717132,0.6591250465431685,12
SMF,-0.19542092248275234,0.7017919235167481,4
SNF,-0.6352190452563721,0.5907973021281644,4
SPF,0.2080847789792561,0.5355099369675536,7
SQF,-0.10174003633415828,0.32348337818303863,4
SRF,-0.2543944802374451,0.6602190536804231,13
SSF,-0.18023484156667238,0.6320863544808678,13
STF,-0.06636164007107798,1.191960718232095,8
SVF,-0.329368067016092,0.5488603386178168,9
SWF,-0.278602493015695,0.39679721809066054,4
SYF,-0.20676811798987405,0.8751687108920028,4
