Translation,mean,std,len
F*N,-1.095200597560858,0.7859192119511973,4
FAN,0.7372800294284774,1.507810812687236,7
FCN,0.31988349967998614,0.2602926397485672,2
FDN,0.5483234312173417,0.3756173477441982,2
FEN,0.8841070351500231,0.014109461154632259,2
FFN,0.8957455848214387,2.1878019071340087,3
FGN,0.23023347503667155,0.8002775155737556,5
FHN,1.5780177994752975,0.5385771562019583,2
FIN,1.3914352851877752,0.7834296564317025,3
FKN,-0.11781704769143742,0.41945097579944857,3
FLN,0.6504903821004934,1.0403491744225137,8
FMN,-0.19093660644248947,0.9223323859093522,3
FNN,-0.7639462684092354,0.4026502592127203,3
FPN,-0.27515693241163125,0.8265597055970635,5
FQN,0.7053844695565195,1.312528043143485,2
FRN,0.4015213468003568,1.0927956429921526,8
FSN,0.20338960346107815,0.8528435157062043,9
FTN,2.221758357516356,4.040244326655703,3
FVN,1.0304317291356522,1.3262107897792474,8
FWN,0.6789312246110463,0.8153017651613574,4
FYN,0.7571040389112329,1.2109568202784708,4
