Translation,mean,std,len
L*G,-1.9274391531356745,0.9192100184736275,3
LAG,0.29274035119205283,1.032286008405344,7
LCG,1.3222373967584768,3.6391239352164875,3
LDG,1.6675464044097978,1.8925572331240583,6
LEG,-0.19831805234439165,1.0281516794989447,7
LFG,1.6774870273026918,1.2274375954810823,2
LGG,-0.21554161400241587,1.1658664464082358,7
LHG,0.8330767945166535,,1
LIG,0.22773290804585855,0.14403794063805633,3
LKG,-0.30584630176036315,1.296484537315691,4
LLG,0.8676891329188502,0.762569129997493,7
LMG,1.0111840130409149,2.392780938319042,3
LNG,0.7137452399783498,0.8727303986381701,3
LPG,0.7912945799006075,0.8381305524496433,7
LQG,1.6425439388019527,0.3771158699255049,3
LRG,0.7546269532301652,0.9326565871686321,11
LSG,0.7977185745030992,1.2084969614678636,8
LTG,0.2505825365908856,1.0470610745308326,4
LVG,0.41683729506169953,0.9677842895799487,9
LWG,-0.3089927308100784,0.47321903945963695,4
LYG,0.15586193093033843,0.8952856461979194,4
