Translation,mean,std,len
V*V,-0.6199843217507441,0.5911672762507318,4
VAV,-0.12654291523153494,0.32693163449027285,8
VCV,-0.20878356631319916,0.5479285668025733,4
VDV,-0.5943140473053032,0.3384410599070518,4
VEV,-0.27779735559998153,1.1476266973938338,4
VFV,-0.6314702132210439,0.520086229909485,4
VGV,-0.16385694118999028,0.5248431704093575,8
VHV,-0.6386072248788259,0.11530389686705024,4
VIV,0.532017516420388,1.0468870549127842,4
VKV,-0.5478816102528858,0.9502399293842123,4
VLV,0.023976655186688605,0.9819315162002485,12
VMV,-0.32125848876712904,0.9429281412201141,4
VNV,0.053783567224702004,0.11674829654821274,7
VPV,-0.15874398534813972,0.9787344232836335,8
VQV,-0.8765797013450745,0.915831894098523,3
VRV,-0.30272064958965816,0.4762575134253852,12
VSV,-0.3745561565873545,0.5057268839969444,12
VTV,0.24115671276441528,1.704370854946454,7
VVV,-0.4607878376326672,1.1771174525874628,8
VWV,-0.33528293561863,0.7161030040893465,4
VYV,-1.1378211640043194,0.7895806258601032,4
