Translation,mean,std,len
N*F,-1.6762815949450625,1.1266871714839921,4
NAF,0.18961946163212615,1.202395340864111,6
NCF,0.6801726731985914,1.0611114691282566,4
NDF,-0.7132810141737174,0.7604537446800118,4
NEF,0.0206932176058756,0.22948444089612646,2
NFF,-0.7981657374324942,0.6998335996155832,4
NGF,0.08722904949256546,0.8061489141082726,8
NHF,0.694374599854423,1.1290985979572437,4
NIF,0.7273713414402133,0.8863031136483769,3
NKF,-0.308743966191364,0.833529700998227,4
NLF,0.6106652435029376,1.0212632759152038,9
NMF,-0.0957694340468533,0.12028417887459686,2
NNF,1.4796702587276511,2.124652954279251,2
NPF,0.488043373874777,1.590140028913187,6
NQF,0.5957356994588187,0.45002699109324024,3
NRF,0.27218969934970655,1.435897701414119,9
NSF,0.35733731480465847,1.092625713532121,7
NTF,1.3207405842492896,0.7343990581287511,4
NVF,0.8892668742050782,1.0614328058499585,8
NWF,-0.2538916261210928,1.341714470082495,3
NYF,0.11553617455973167,0.5796911888013074,4
