Translation,mean,std,len
G*A,1.5712310892552928,0.8367562293876876,3
GAA,1.911002394396534,1.00561481203935,2
GCA,0.7015795381424925,0.2781122896207051,2
GDA,5.205019340738271,5.636484377276376,2
GEA,0.5866732330234115,0.1955497935538987,2
GFA,2.5146682245287386,3.2576342147629456,3
GGA,1.0471892077754028,1.0495678189496884,6
GIA,2.8992649105204316,4.413038938108804,3
GKA,5.263635098020906,5.653887729889306,2
GLA,-0.18784897809623402,1.4187238061269265,2
GNA,0.4855962570930447,,1
GPA,1.1749542514762528,,1
GRA,0.8180001931005165,1.7181789282414186,7
GSA,0.706669107971925,1.41923898713671,11
GTA,1.3052964044585174,1.961343871344525,3
GVA,2.9535177006846625,2.445201053372987,6
GWA,1.0235347067081966,1.2922904459225668,2
GYA,4.603476949520941,4.861446351013076,2
