Translation,mean,std,len
D*D,-1.2171250285504482,0.22665482922730415,4
DAD,-0.01166070571489318,0.783706171723823,8
DCD,-0.012983728720716174,0.18274781220377143,4
DDD,-0.19139540716536857,0.4773601261105223,4
DED,-0.2269140155223744,0.8133910173467025,4
DFD,-0.3498668440904782,0.43097272508527656,3
DGD,-0.500991408885153,0.38971899217366507,8
DHD,1.0820205782176509,0.3483516826311154,3
DID,0.3236335797937831,1.4267493360443264,3
DKD,0.37436848697015,0.6041010878398771,3
DLD,-0.4796942937885314,0.7894586758125953,12
DMD,-0.32465596628601356,0.5919331354599932,4
DND,-0.025921263345894285,0.47845589036798775,4
DPD,-0.4089588008114782,0.5406019745537329,8
DQD,-0.9157678144529141,0.8968041960026611,4
DRD,-0.09856774946390827,0.73163593468131,12
DSD,-0.6176500199833803,1.0529552414139915,10
DTD,0.27379632681295707,0.8940870460505524,6
DVD,-0.0069761799785450496,0.7945996660051688,8
DWD,0.40021522325349856,0.6476503526220582,4
DYD,0.16247698715301495,0.5454951874762028,4
