Translation,mean,std,len
G*A,1.9030507613277774,3.4766910988551776,4
GAA,2.8192416564875193,3.2511636380925912,8
GCA,1.0373648858463012,1.2455793577959642,4
GDA,2.1263254775852527,2.055137114366078,4
GEA,2.5790510888134204,3.538167785129377,4
GFA,1.913536686820154,2.726524691387053,3
GGA,-0.05129977418932041,0.5512158881511651,8
GHA,6.551617501956541,0.04018574288123399,2
GIA,0.06482202404563749,0.4177456308671211,7
GKA,0.13031456111071704,1.372948541830342,4
GLA,0.8302954318848359,3.0383086486254163,6
GMA,-0.6133588071301995,0.8875312069435768,3
GNA,3.0733566151093927,2.430117703379585,4
GPA,-0.4702863607781982,1.573966658138924,5
GQA,4.194323383269553,1.610628474148279,4
GRA,1.5675914136525633,2.616334088302077,12
GSA,-0.16833918555169466,1.0777332160743736,12
GTA,1.690994502943047,3.6986182863294195,8
GVA,0.03765926337612318,2.2334705010014932,7
GWA,1.7442817483857924,4.128432232586204,3
GYA,0.235442946720815,4.1487173689107095,2
