Translation,mean,std,len
M*A,2.021752204791584,4.541367579596185,3
MAA,0.842902378906635,1.7366776513779079,6
MCA,0.1433882038781404,0.2694459427782758,4
MDA,2.531434954487395,3.695918280440779,4
MEA,0.37647537516751434,1.732160257546401,4
MFA,3.5706040011864535,2.266242991763736,4
MGA,1.2177397489542565,2.1668326463350724,8
MHA,3.0142026983007177,6.649129092511847,2
MIA,4.980521051484947,0.7425288972214293,2
MKA,5.787716770729405,,1
MLA,3.3916469873070407,3.2714067491854655,4
MMA,2.04277786138566,,1
MNA,6.430092486266723,,1
MPA,3.437164982053801,3.3818247118026634,7
MQA,6.025269119483925,0.3138978659779404,2
MRA,-0.35688911971057996,1.5023874419361627,9
MSA,0.6581352216434941,3.197747678952698,9
MTA,-2.887867126567613,,1
MVA,1.4507828795065034,3.205110120946423,6
MWA,0.8586269461984859,1.6497940347720448,4
MYA,2.2101364482379995,3.4832004807808645,3
