Translation,mean,std,len
T*V,-1.5995627469185594,0.6695770482411327,4
TAV,0.5630010981975058,1.2026508640211089,8
TCV,-0.271843864956053,0.8385484137115041,4
TDV,-0.6398428848758024,0.36381026129306204,4
TEV,-0.49312622346643753,0.4562966258256196,4
TFV,-0.1787613953773586,0.5638082943965022,4
TGV,0.10582104183368685,1.0997671133596076,11
THV,0.17306257985249562,0.9205031940025471,4
TIV,0.3660163654018986,0.530896805143139,4
TKV,0.7209216495798065,0.8088013344739223,3
TLV,0.1366181986530123,0.9403812547670618,12
TMV,0.2579869552929639,0.17810276694103597,4
TNV,-0.06806803823400265,0.48615969160559663,4
TPV,-0.13547458670706103,0.6181115599482737,8
TQV,0.3060306098673744,2.718100513882453,3
TRV,0.6743450520516164,0.937200383613128,9
TSV,-0.7885079222142447,0.5943619948069997,12
TTV,-0.18253914954177444,1.1699257455628131,6
TVV,0.47233384486468655,0.5584447493615781,8
TWV,-0.20712921391328698,0.5568180406835507,4
TYV,-0.6005755728206732,0.3424853859395444,4
