Translation,mean,std,len
N*R,-0.3181923173220715,0.3350233424057142,2
NAR,1.1357532033835593,0.4995103704095551,4
NCR,0.2825642372753157,0.6090423929793971,2
NDR,1.2560874251636203,1.6084047376123691,2
NER,0.6205953768061936,0.1067368606937708,2
NFR,0.3080886153198663,0.06719384971002058,2
NGR,0.1860207800806576,0.9168790153373834,9
NHR,1.1501165765644403,,1
NIR,-1.018035107513029,0.06510256904915418,2
NKR,-1.253205905504764,,1
NLR,1.2449359920851089,0.8132930276426633,5
NMR,1.4524052233522777,0.586784524386729,2
NNR,-0.3125618616520942,0.19909999426475986,2
NPR,1.963672959221609,0.8256858931765919,3
NQR,1.0573750003316071,2.1283378614309063,2
NRR,0.7685429932750666,1.0303527607020924,6
NSR,0.6873659935525133,1.3593696887031648,6
NTR,0.9029831741191966,2.1351478295322948,3
NVR,0.3569871190423308,0.31924897667775665,4
NWR,-0.18553678320124073,0.5285882498425832,2
NYR,0.5222362107451421,1.4858202235643085,2
