Translation,mean,std,len
T*L,-0.7042751627150902,1.7302580750192897,2
TAL,1.0317316958809477,0.7726558480483334,7
TCL,1.9174421261107453,0.10643813139586274,2
TDL,0.34609033433775266,0.6921656977737113,6
TEL,-0.3670954588065603,0.64836931804935,4
TFL,0.5995851740485773,0.826209904640252,3
TGL,0.03107086565750114,1.1458343497709134,8
THL,2.0430066453029543,0.543248724609199,2
TIL,0.0029184118558962507,0.036810708179120834,2
TKL,-0.4809805486315186,1.1589888383447393,2
TLL,1.4345008601412514,1.497116956576586,9
TML,2.121359864228717,0.221519865143551,2
TPL,1.7000742721711868,1.9525722487454886,2
TQL,2.7231678402289194,2.440127378981901,3
TRL,1.1851715998381758,1.1735667307908446,6
TSL,1.2377250920449412,0.7415536998546095,6
TTL,1.0905110693062672,1.1163647552693907,3
TVL,0.4944895826746039,0.6083128751780155,7
TWL,-0.12061997832441994,0.7788486004712319,4
TYL,0.7313707844387656,0.394616804222393,3
