Translation,mean,std,len
M*P,-1.8083139964987485,0.2704580771497567,4
MAP,-1.41793809202305,1.0124046236364102,7
MCP,-1.525953458412403,1.4293965637272301,4
MDP,-1.0131490752024406,0.47726618329868986,4
MEP,-1.5977134268696622,0.49388248361397485,4
MFP,-0.9860401373390554,0.26868327137127623,3
MGP,-1.3793648107227297,0.4718051835921977,8
MHP,2.6686037403345715,4.9912945664583415,2
MIP,0.43870072473214733,1.7349382983636714,3
MKP,-1.3064868837367392,0.5454169669440708,4
MLP,-0.8241115702510617,1.7966180406999679,12
MMP,-2.4646909241012236,0.9778659470490401,4
MNP,-0.9377989737495946,1.7542478278544487,2
MPP,-0.5772453822537298,0.7909639829219185,5
MQP,-2.1316023498181145,0.27920033137105693,4
MRP,0.23148842947894657,1.3349876370986482,11
MSP,-1.2691103446572025,1.0410187741931376,9
MTP,-1.3672888148431543,1.0030330993480792,3
MVP,-1.3372355345829245,0.8926301172140368,7
MWP,-2.044569307624281,0.7209182600825198,4
MYP,-0.4663095899557286,0.26735866195722807,2
