Translation,mean,std,len
T*T,0.009687159058727954,0.509570986425523,4
TAT,0.20008759722298833,1.2671030093924587,6
TCT,-0.3726880278966833,0.6312234618118634,3
TDT,0.1454388114676015,0.20568153967290564,2
TET,0.6577031884029125,1.4107478502105133,4
TFT,0.0506467040356835,0.7112170440881445,4
TGT,-0.1741914396811307,0.7139770598355974,8
THT,1.6476398819204752,0.36579548144522994,2
TIT,-0.9388586582805735,0.6616362109159731,3
TKT,-0.268135478638261,1.4059539455548504,4
TLT,0.6440409136406616,0.844247347788148,7
TMT,0.40402469868667357,1.788613390209586,4
TNT,0.5935590375019052,0.7528459025458211,3
TPT,0.441081481431789,1.0728009143931856,5
TQT,-0.21527790173374517,1.2328378422677257,3
TRT,0.07694599166036059,0.7309947514195826,11
TST,-0.12350857476534156,0.9102058879975564,9
TTT,1.2111617386845162,2.7183102372154457,6
TVT,-0.09058011110690112,0.789415809363053,8
TWT,-0.5635366226090613,0.8222593804220156,4
TYT,-0.5449737433760374,0.4426189445838644,3
