Translation,mean,std,len
F*I,-0.31611040896845094,0.8989231972214469,4
FAI,-0.7337206513818454,0.8870971866059121,12
FCI,-0.1567243718875503,0.5176312686870553,5
FDI,-1.1119956062473098,0.801143535693971,5
FEI,-1.6057746622869513,1.1375955466731815,4
FFI,-0.24504054132840292,0.9402713255309013,5
FGI,-1.066627981509072,0.4219429511464909,12
FHI,-1.0067485509466163,1.1694706838383977,4
FII,0.031690089547275944,0.9547659171048996,5
FKI,1.1572141285678899,2.771526690231697,5
FLI,0.10675699700488862,1.5079258524527008,13
FMI,-0.3631241807488811,0.9206113077648752,5
FNI,-1.3112579551343782,0.6438556108780037,4
FPI,-0.37081522981511456,1.0194089485940965,7
FQI,-0.4270150541397879,1.2210132689638418,4
FRI,-1.3727128375317226,1.25124895517312,14
FSI,0.08699153687857003,1.2018819543825536,13
FTI,0.43239705523197636,0.5588004721836494,9
FVI,0.6714752369297031,1.839875532048612,10
FWI,-0.28954602021613746,1.2005207323875964,6
FYI,-0.49261649036729094,1.3168775299726014,4
