Translation,mean,std,len
I*G,0.3894048376891523,1.5090027926263794,3
IAG,-0.7151319308743845,1.0394631999659905,3
ICG,1.0472364414724533,0.9479048822377222,3
IDG,-0.36717983854457986,1.0686394423651675,3
IEG,0.0142225897973655,0.0718579292278208,3
IFG,0.5927128092730903,0.7252744020212163,3
IGG,-0.16770815142025788,1.2644305271583274,8
IHG,0.7669202708724683,,1
IIG,0.7988604416869443,,1
IKG,1.7127896411250583,1.9459416120943107,4
ILG,0.4250427601795931,0.9975767026080933,10
IMG,4.212368123395813,4.882401525235333,4
ING,1.2970918675646743,1.5305101609508442,2
IPG,1.5890660291754477,0.6539996095576561,2
IQG,1.4127951787726447,,1
IRG,0.9145135725784388,1.5285202451055684,9
ISG,0.37750772571855296,0.7173620324989025,10
ITG,1.5008424258195745,1.6915340630075895,3
IVG,0.6487730174075607,1.534981589342449,8
IWG,-0.2930035327796884,0.13214309419022124,2
IYG,0.3021760920432195,0.7488559601351327,2
