Translation,mean,std,len
L*T,-0.9567869140192038,0.7155459565535266,4
LAT,0.9087990964093973,0.5542222563266023,5
LDT,0.7292993862832255,0.4905012899580005,2
LET,0.7373820274534758,0.29927909571219014,3
LFT,1.6512059948810967,0.02582769462613782,2
LGT,1.4918182213359679,1.3343204038402132,5
LHT,1.6485202746059444,2.980296588202088,3
LIT,2.308561578250407,1.9009165743230128,4
LKT,5.398631586819707,1.2718121851899753,3
LLT,1.560346940484356,0.905171765871966,7
LMT,1.2250566257253372,0.21046649416892133,2
LNT,1.8800132988597018,1.2193896897537533,4
LPT,0.05192003549427201,0.9198584248557807,12
LQT,0.975723217707825,0.6800353810556035,2
LRT,2.73594620862894,1.2203556398631217,3
LST,0.8299115670978043,0.5632750502311221,7
LTT,0.972657822143983,1.1632087527600417,6
LVT,1.1548994423489318,0.783185287302674,6
LWT,0.9321648016937565,1.3177395598758084,4
LYT,0.7760790933180877,0.7645745743348034,3
