Translation,mean,std,len
L*M,1.7504243854188914,1.9396991003861341,4
LAM,0.7710689066932516,1.4286408104938835,9
LCM,0.43304539404047104,0.35005521564559194,4
LDM,0.9051829105127087,1.1665440991605973,6
LEM,1.130806568608697,1.4681303289103755,5
LFM,0.10651348091465496,1.5935842476810478,4
LGM,0.9573327693687416,2.7728264175244917,9
LHM,1.01270467732853,2.149474933757838,5
LIM,-0.28105757028714073,0.9550223920733207,4
LKM,-0.5997874828988872,1.4950347446014576,4
LLM,2.197887143439537,2.300243225171534,12
LMM,0.3250491072469729,1.3362459577582502,4
LNM,1.5810895271268706,4.880460405299017,3
LPM,-0.5436560205293197,1.1885139604764097,7
LQM,-0.07211504608362262,1.8850020090427095,4
LRM,1.7367496164843033,2.4691400674941995,12
LSM,2.0797270286083074,2.7220196159303582,10
LTM,4.018676900129319,3.390625404724385,6
LVM,0.19595845628160458,1.1028060667357555,9
LWM,0.321136905621197,2.3977547483229316,4
LYM,1.9869414607862588,3.7846634386539337,5
