Translation,mean,std,len
F*L,-0.2588193927310917,1.2979419815534892,3
FAL,1.0520641241995592,1.263444171661029,4
FCL,-0.24534731935007012,0.8719876027768547,3
FDL,1.653938050447847,1.268441416384387,3
FEL,0.4805993800215766,,1
FFL,-0.29285310692160965,1.0006755992865057,3
FGL,0.1427835059540716,0.5896195666005317,8
FHL,0.5959763798602538,,1
FIL,0.7607721553218223,1.0028458887450338,3
FKL,0.6279644230090171,1.0563355369262555,4
FLL,0.028137603540251722,1.2211318731305678,11
FML,-0.1018861547715701,0.106319257490264,2
FNL,0.059763218236522093,0.0904482447264043,3
FPL,0.17821991537182472,0.892728597182919,8
FQL,1.7420147819027785,,1
FRL,0.024547990856360124,1.2975252386462768,10
FSL,0.9330825705882491,1.112225213380425,7
FTL,1.5463697090826618,1.3833432728018449,4
FVL,0.28811064419137394,0.5542976717265984,7
FWL,-0.8044329849750647,0.8737644079872418,4
FYL,-0.07811375287722824,0.19833862966788982,2
