Translation,mean,std,len
H*M,-0.7968130100200397,0.18558448297841423,2
HAM,-0.8069935208416252,0.783754507135573,4
HCM,1.9842028144566104,0.9903357983781566,2
HDM,-0.3866686149914784,0.39598918107155967,2
HEM,-0.6613709989436645,0.13006567320769305,2
HFM,-0.6441386425393798,0.08959917562387319,2
HGM,-0.5159618462159372,0.39077214995589155,4
HHM,-0.09892730333868105,0.1399043340705599,2
HIM,-0.8271537524322575,0.7171582924130522,2
HKM,-0.29054126534492036,0.0575639840536447,2
HLM,-0.543610283781829,0.3610669512112817,6
HMM,-0.2742955320369726,0.1718262409983925,2
HNM,-0.1039439810039737,0.07866408746402094,2
HPM,-0.06295600815464113,0.055679009296782114,4
HQM,-0.022425771038495412,0.32202035298930615,2
HRM,-0.2574729278374425,0.26211427071576815,6
HSM,-0.6920345998082825,0.31755917591556165,6
HTM,0.12232021591777142,0.6671531847016601,4
HVM,0.26817557820608506,0.42543530669297375,4
HWM,-0.4414298703905119,0.02349353072265791,2
HYM,-0.7211183007519283,0.4265401051940212,2
