Translation,mean,std,len
T*N,-0.9318805521536699,0.09988162336294311,4
TAN,0.9030579020012934,0.38728383270496397,8
TCN,0.7176479917324021,0.16205318576135053,4
TDN,-0.76116775184135,0.6075692823411215,4
TEN,1.4273803307083446,0.44202694593705544,4
TFN,-1.1754560467488948,0.3046365593067434,4
TGN,0.1554938904144263,0.3562924280343968,8
THN,-0.3392582185050006,1.0214240010834286,4
TIN,-0.21680271548000965,1.0986236565830334,4
TKN,-0.6994060742779042,0.8757197921642575,4
TLN,0.600204193021102,0.7606599142671155,12
TMN,-0.8170858030032901,0.7678387981393011,4
TNN,-0.03125057811088405,0.7832500704900478,4
TPN,-0.12002574516131348,0.7421196117442134,8
TQN,-0.18629341486561432,0.46495532743588847,4
TRN,-0.7421518668633231,0.5122589632962039,12
TSN,0.44522762636232355,0.6299309286341155,12
TTN,0.7147578380199183,0.8889021350037758,7
TVN,0.7224727747535273,0.7200219821268845,8
TWN,-0.722383654971152,0.20874233489346355,4
TYN,-0.5903899077938228,0.6476487161784857,4
