Translation,mean,std,len
F*V,1.1600803518866216,2.7802334392647867,3
FAV,1.8904252560370733,2.3726319780603857,8
FCV,1.536797751804652,5.1179250439654735,3
FDV,-0.11882409404385381,0.48002431365530457,5
FEV,1.0960492814746607,3.0038630562798616,4
FFV,0.25718646410321533,4.467486255094831,3
FGV,1.1673714004058287,2.2670112723012847,8
FHV,2.011976745743899,1.9966460627025564,2
FIV,4.98350918872789,3.416196888270982,2
FKV,6.665904004856786,1.0142192630883513,2
FLV,1.777706574281475,3.9097479304619753,8
FMV,0.5538148276023334,2.651727059187542,2
FNV,2.70274960773503,3.0429076811168425,2
FPV,3.1133040842374173,3.218915947419255,5
FQV,5.674528137556893,,1
FRV,-0.43963380047075945,1.4617754749750582,7
FSV,0.955486372953681,2.8424880087677256,7
FTV,4.321726574198399,2.762467765781402,5
FVV,-0.2728636606445831,2.1665534682955556,8
FWV,-0.9592391842946805,0.2252413847654237,2
FYV,2.5401537636692706,2.545152225902848,4
