Translation,mean,std,len
P*D,-1.0712067836601082,0.9988757374867913,4
PAD,2.746717513333049,3.1946633070195816,8
PCD,2.3433514773195503,3.5605836961188397,4
PDD,0.17732241552061323,2.0915806751545647,4
PED,2.439177644860865,3.466611193203142,4
PFD,-0.19016287490794886,0.31222798445861494,5
PGD,1.634621764370585,2.8421055240484536,8
PHD,0.6400195728975097,1.2277360726337447,3
PID,1.7465994668151874,2.074554434827525,4
PKD,1.4652846519967098,1.5536674950976113,4
PLD,2.0168424962248976,3.183101044481549,12
PMD,2.5728712770541726,2.670570485024688,4
PND,2.6182264911189064,4.693447489964284,4
PPD,1.8102747379570767,2.3181009073174326,6
PQD,2.237901972330128,1.686376338765221,4
PRD,0.17697427073195487,1.113514107336206,11
PSD,0.24785570506540913,1.8990838270048085,11
PTD,3.0428891706792403,3.535278563695984,6
PVD,2.2043020276457215,2.651743122924206,8
PWD,1.6795564638689098,3.1182366721793446,4
PYD,-1.1369407652719736,1.4212557962259036,4
