Translation,mean,std,len
G*T,1.313789527851706,0.9038676901428672,3
GAT,1.0878842915839495,1.0457476069579459,6
GCT,1.5514755781844116,1.679713707465793,4
GDT,2.6151798633682057,4.557130726441965,4
GET,0.04302738148587829,1.3143104410034772,3
GFT,2.443193369097617,2.872073775605282,3
GGT,0.24698324671565886,0.5248205084182711,8
GIT,0.2896882252638662,0.9297316810818844,3
GKT,0.645798204949112,0.2747152302139543,2
GLT,1.3694318769470193,1.3825062520167568,6
GMT,1.3879464023949266,1.4082940332261356,2
GNT,0.9192908400346003,0.15205170498763687,2
GPT,0.9652263613258049,1.7834685471799798,3
GQT,1.4800245827932041,0.8776177237896724,3
GRT,0.34526199013458403,1.2733005966918296,9
GST,1.8266474519446159,1.6662557084821776,4
GTT,1.7241069299885998,1.3242345417843413,4
GVT,0.6216048403207747,1.1932650666073583,12
GWT,-0.1152852291921529,1.1787783179235847,2
