Translation,mean,std,len
C*V,-1.1232760923529703,0.7743803878267744,4
CAV,-0.21251791266115239,0.8963942410528956,8
CCV,-0.41518512910381555,0.05124315896307864,4
CDV,-0.2958193586099205,0.3483512827541032,4
CEV,0.2117150007480897,0.7523098201132905,4
CFV,-0.2779218654392521,0.4868893002920006,4
CGV,-0.6206285550329167,0.7064784908607696,8
CHV,-0.2663199327808936,0.933723000533036,4
CIV,-0.02863044066402437,0.36127966447654053,3
CKV,-0.20953289378460868,1.0101465130288088,3
CLV,-0.12441916932245062,0.7463361038186759,11
CMV,0.2880189546101205,0.3938013526702646,5
CNV,-0.544594345741783,1.0423848979088794,4
CPV,0.025986199045861937,0.7266920328895402,7
CQV,-1.052858253220786,0.9409411302317594,4
CRV,-0.39556401452914997,0.4857485816584059,12
CSV,-0.1877088775442152,0.8054545615630013,12
CTV,0.0884849113713578,1.0237356011286467,5
CVV,-0.4290788069745157,0.49969461924885333,8
CWV,-0.3526603144688678,0.488229411467273,4
CYV,-0.6377362134759901,0.37370071055608134,4
