Translation,mean,std,len
R*V,-0.23274760787537255,0.42526672445008895,2
RAV,-0.8047122508463531,0.6832570801953924,4
RCV,-0.035433735425407065,0.7439743666633714,2
RDV,-0.5715327304748885,0.34418703348455043,2
REV,-0.7333916535148989,0.6242640208624591,2
RFV,-0.4931667499360337,0.025627805312400925,2
RGV,-0.6856894289860445,0.5288103130530967,4
RHV,-0.16315456425904346,0.2710826710519376,8
RIV,-0.7342832025385393,0.09867436546767708,2
RKV,-0.7149425994267249,0.07172435851785158,2
RLV,-0.666962306255564,0.6755395801879505,6
RMV,-0.5705422204216459,0.26641971248591306,2
RNV,-0.45439055643013404,0.27634195583903365,2
RPV,-0.4597764770858104,0.49506590411900453,4
RQV,-0.30432689440847893,0.5396414410704206,2
RRV,-0.4494846000167924,0.481809462122245,6
RSV,-0.8817584699405902,0.5516064543529134,6
RTV,-0.32945746951802635,0.4209057106283656,4
RVV,-0.5197591368793739,0.5684660553236001,4
RWV,-0.26537003105680895,0.3437669802450887,2
RYV,-0.24266463112068593,0.386933885154708,2
