Translation,mean,std,len
Y*D,-0.9161548464052589,1.7543509612962829,4
YAD,-1.9723249509343177,1.8065478143305622,5
YCD,-1.5340946683839487,2.49956290901067,2
YDD,-1.4984214384369707,1.6182093280431324,2
YED,-0.6038385625442915,1.672328890152378,4
YFD,-0.8240591018139263,,1
YGD,-1.733632805542287,0.7159427376574116,6
YHD,0.1622014309924129,,1
YLD,-1.8600676834070782,1.3206508563230857,3
YMD,0.5148595670163321,,1
YND,-1.4324966125327145,1.4696704657743196,2
YPD,-1.5155486692045317,2.347649172327428,2
YQD,-1.1343712409479876,0.5794617760192892,2
YRD,-2.432867243691491,1.3623912531787936,10
YSD,-2.148539864481152,1.7875030778948802,6
YTD,-1.4254160878076743,1.7008015122077178,2
YVD,-1.624756065906286,0.6908637064171771,3
YWD,-1.0865811408382624,1.2824344648863955,3
YYD,-1.909008974233647,,1
