Translation,mean,std,len
M*N,-1.015501223587504,0.44919872792778515,2
MAN,0.1520650704977753,1.4751290267018922,3
MCN,-0.14849716696163556,0.9210786158499487,2
MDN,0.5283827932226899,0.6935486335875779,2
MEN,1.43997028482086,0.8741637286582562,2
MFN,0.4064930382720564,0.024322955016583457,2
MGN,-0.5544485824755455,0.9166756496321062,4
MHN,0.44020569618524785,0.9614578946468343,2
MIN,-0.8977414411212071,0.78856820619808,2
MKN,-0.5767411364188906,2.1660603042537114,2
MLN,-0.3010381416744735,1.4859549122275815,6
MMN,0.6635102967471156,3.309830385437285,2
MNN,-0.12426106231539391,1.3424216303044199,2
MPN,0.4494252386918995,1.5724048686254484,3
MQN,1.807050425299944,2.339055693474307,2
MRN,-0.5839115310168864,0.8399368160927708,5
MSN,-0.4334381906402882,0.8121767701492892,5
MTN,0.11457321041045443,0.9158893438914482,2
MVN,0.23900785152409898,1.0199409695406971,4
MWN,1.0063605079897782,0.23455376507868386,2
MYN,0.7447211995290024,1.7059250864024618,2
