Translation,mean,std,len
S*D,-1.623729085569936,1.5606858432537656,4
SAD,-1.873498810765305,1.6016998100975322,8
SCD,-2.079185867343767,0.9951687656892073,3
SDD,-0.7763408948108295,0.37799753799709795,4
SED,-1.0755344477081403,0.9307480768872914,6
SFD,-1.5758228752822157,1.4317354026688645,2
SGD,-1.7985364941397588,0.6545336434371715,8
SHD,-0.5096808615321903,0.16175973378484984,3
SID,-2.041964456013879,0.41502936032991733,2
SKD,-2.303872081751527,0.6677738019220464,3
SLD,-1.9115018816689122,1.0119538919982336,6
SMD,-1.5035396011359687,2.202272190737314,3
SND,-0.7482652379331522,0.9178020399836851,3
SPD,-2.295425382865626,0.5655445125648344,4
SQD,-1.8596950929517917,,1
SRD,-1.2165959849834858,0.5271803971235371,10
SSD,-1.118238308488056,1.467723339928534,6
STD,-1.8893847614385557,1.3338634069615767,5
SVD,-1.9358121386685008,1.102472846791861,7
SWD,-1.1664675585163953,1.9658238340905656,4
SYD,-0.7666956842399629,1.1340491154563865,3
