Translation,mean,std,len
I*K,-0.138807258712662,0.4090064704598833,6
IAK,0.4228015415036834,0.7171057151517678,11
ICK,0.23411596389552067,0.9104281883140919,6
IDK,0.3923184137050881,0.41554766783432895,3
IEK,0.3401294075263843,0.7283931442188014,6
IFK,0.474222282818598,0.6968500923457217,3
IGK,0.1823908665387793,0.5914087038453415,11
IHK,0.3882923096420552,0.8487854992592866,4
IIK,0.2581181665271477,1.4377982679307866,4
IKK,1.3006923140348725,0.09693726470956661,3
ILK,0.2951659912754858,0.7173339281251154,12
IMK,0.6978653351299112,1.2162010743641318,5
INK,1.1911603563301723,0.6225344743160864,3
IPK,1.3425648622929673,0.8376962292128091,7
IQK,1.1795299292111994,0.23238447674121146,3
IRK,0.48905164659993194,0.7255923834482996,15
ISK,0.7143885550551684,0.8582874675581703,14
ITK,0.8055898867352366,0.7982128318408932,6
IVK,0.6604018689452255,0.8423223319879131,11
IWK,0.5572647735746301,0.5918049758072753,5
IYK,0.6157368732998707,0.35652448578143103,4
