Translation,mean,std,len
S*H,-0.33140574982246274,0.10151534666313818,4
SAH,-0.01871776581141426,0.5536388163075314,8
SCH,0.05928826862912538,0.2898911165041896,4
SDH,-0.03441932856778698,0.2618435297373486,4
SEH,-0.21078619678288082,0.7236925476607079,4
SFH,-0.4564706460506107,0.25954907380093095,4
SGH,-0.12243575778696025,0.28229890673869484,8
SHH,-0.35054903145214245,0.44812108274868684,4
SIH,-0.5025879535868831,0.5340457393612575,4
SKH,-0.46818173045393396,0.3043949942345634,4
SLH,-0.24428512822311074,0.44331948090542417,12
SMH,-0.0646788262236684,0.7486319715724185,4
SNH,-0.08199981720798381,0.42281101964629075,6
SPH,-0.08966561184352574,0.3538323131676547,8
SQH,-0.4197052242309738,0.7836977715777844,4
SRH,-0.33716799491475147,0.25573149217437563,12
SSH,0.0540413185137222,0.3088217864778801,12
STH,-0.12370784828844286,0.46730437064553293,8
SVH,0.01930742691963591,0.3768666743457841,8
SWH,-0.07276245669406214,0.33058660477688184,4
SYH,-0.7759757330056967,0.39193496221723206,4
