Translation,mean,std,len
G*V,-1.4440913649876788,0.9412867508488499,2
GAV,0.5659428096906463,1.5050818093928011,4
GDV,0.09112681088075249,0.3643705854739965,3
GEV,1.1899234457446024,,1
GGV,0.8293024776082457,1.6429077633720732,6
GHV,-0.8086572586287937,0.6028721791699608,4
GIV,0.19563161681058322,0.5841867038794089,2
GKV,1.1190590546664856,1.3400150365540688,4
GLV,1.4258670374373423,2.3322946818685235,8
GMV,0.3165892776220633,0.8381107064029125,3
GNV,-0.14680924321010005,0.157946816263045,6
GPV,-0.5893289542378364,0.7957092345247702,7
GQV,0.37014502900929447,1.276139209314077,4
GRV,0.2501466269609093,1.2393751039151262,8
GSV,-0.5820838266438777,0.6933533542075548,8
GTV,-0.05256098036020884,1.481247017836336,8
GVV,1.8651650944997744,,1
GWV,0.6239429438566568,0.9639719514749658,2
GYV,1.6630242051437858,1.9836685987451683,3
