Translation,mean,std,len
N*V,-1.2235423457012944,,1
NAV,-0.359388299992974,0.12295442280643346,2
NCV,0.0147210841467298,0.020818756853140847,2
NDV,0.3151330704975094,,1
NEV,-0.5664245185190406,,1
NFV,-0.5054941964582813,,1
NGV,-0.818032482552923,1.2583227787497462,2
NHV,-0.5056946251197321,,1
NIV,-1.3323027179557334,,1
NKV,-0.3268344552361171,,1
NLV,-1.0433411539294575,0.7550789472761216,3
NMV,-1.1883508229794906,,1
NNV,-0.813314835950818,,1
NPV,-0.6068216808974077,0.29228332391192025,2
NQV,-0.6953114874268822,,1
NRV,-0.8494677173053304,0.21358243782660938,3
NSV,-0.46615569297420006,0.17482636808786153,3
NTV,-0.15623831247282366,0.07372395177248701,2
NVV,-1.0231991373558078,0.22177303916880764,2
NWV,-1.0739626282653232,,1
NYV,-0.5889543702599065,,1
