Translation,mean,std,len
A*N,-2.089725040316502,0.7055974573647883,4
AAN,-0.1468262448103108,1.2019282489496521,8
ACN,-0.07012267872115113,0.19249297691703585,3
ADN,0.5723384364764501,0.776564735782819,4
AEN,0.7449336361029275,0.5347374632131334,4
AGN,-0.019402857502156597,0.6497850921254873,8
AHN,0.3919120825571281,0.5623684647474622,3
AIN,0.8667518114889653,1.302379289474883,3
AKN,0.5855665458796184,0.4865469306777381,4
ALN,0.06758753011604579,0.8944001529233189,7
AMN,0.09589050090432327,1.437520514529982,4
ANN,1.0429413333586641,0.9385835526328786,4
APN,-0.20114101209336754,0.6577682320171073,8
AQN,-0.4151723831788566,0.8429140395998725,4
ARN,0.8202200290055877,1.6530088375320426,11
ASN,0.05737774505069521,0.7271272613219651,9
ATN,0.044034181341683166,0.7975708618614773,7
AVN,0.45896674552514405,0.8500354459029809,7
AWN,0.51292128638515,0.9161190113673889,4
AYN,1.156370233837395,,1
