Translation,mean,std,len
C*L,-0.6855362556550819,0.37087072112244174,4
CAL,0.533609921695404,1.2189936727393562,7
CCL,1.8515907015870865,1.3850319405214306,4
CDL,-0.014291220710658655,0.3593067078982084,3
CEL,1.7845468036389829,0.960208631931024,3
CFL,0.7747777299262797,0.3091396690723697,2
CGL,2.42139462608615,2.6223373597903663,3
CHL,0.3739857254700943,0.6358153683973464,3
CIL,1.5926274913854392,2.136731933158497,2
CKL,0.8051833164323643,0.9189752089195229,2
CLL,1.1739957346275716,1.4006469547685687,7
CML,1.966806416886417,2.3516772233325502,2
CNL,-0.6025186046734824,0.39142495664192617,3
CPL,-0.3853451084565458,0.5567949049922947,8
CQL,0.3450343490840743,0.857898079025504,3
CRL,0.6763550581049933,0.933821822155423,8
CSL,0.2807309167369892,1.6159899177355168,8
CTL,0.13067483182931738,0.7301698060485461,6
CVL,0.6530185779179236,1.2345444629790603,8
CWL,1.6220554641188412,0.002181404788417075,2
CYL,-0.21091214430455052,1.3289204505152155,2
