Translation,mean,std,len
Y*F,-0.4030679403417876,0.06940031983611118,2
YAF,0.9170114710634039,0.35145233808629284,3
YCF,1.5576494169097492,0.6509827919711908,3
YDF,1.3909588230342802,,1
YEF,1.673303533644152,2.0263504550318925,3
YFF,-0.1395244139734349,0.32931502027322207,2
YGF,0.4495002010555531,0.4779725219317994,7
YHF,2.5765163838149885,2.1780839909005225,3
YIF,0.8223661718658809,0.7009651316258051,3
YKF,1.9969134543933469,3.5601067248583647,4
YLF,1.157221305214374,1.4681204355236688,8
YMF,-0.5510699447675185,,1
YNF,0.9675390903669946,1.4824744056521695,3
YPF,2.2843565252618103,1.4288956541119464,6
YQF,2.076269031946913,3.279127670440733,2
YRF,0.7904615881191618,0.8642384301608687,9
YSF,0.798771618212349,1.1090074544077644,7
YTF,1.828903575299334,1.0599794518768013,3
YVF,0.795251868217424,0.9200769322090919,4
YWF,1.8970204073051324,3.754672237135796,3
YYF,1.3406671756593136,0.35681470976953855,3
