Translation,mean,std,len
S*L,-0.464806239884759,0.6098486019997705,4
SAL,0.5397932083281721,0.7496192875414426,7
SCL,0.15025396108509814,0.9472518600871354,4
SDL,0.6330629894729531,1.6135958577356253,3
SEL,0.6211871863584852,0.8745182862788268,4
SFL,0.0989385760561543,0.8484404028397474,4
SGL,0.30105226067634605,0.7720529306522957,8
SHL,-0.3602902218198123,0.7614186358633164,4
SIL,0.5058252038081505,0.1469874652445379,2
SKL,0.8108272451361591,0.8920369126964437,3
SLL,-0.7318876976668937,0.8877490803902949,11
SML,0.04062586303734729,0.7072349711951132,4
SNL,0.6209729557405721,0.3008834696291363,2
SPL,1.892755278445993,0.937047313641371,4
SQL,0.9143099214353594,0.6947448106816282,3
SRL,0.712142469472479,0.8130726432588541,10
SSL,0.4220721867736001,0.5730153017467726,11
STL,1.030777328175979,0.5102605890810233,5
SVL,0.16571173684942192,0.6823957315342322,16
SWL,-0.5466998050631864,0.7659798859445803,4
SYL,-0.15113656531125574,0.9666423937589854,4
