Translation,mean,std,len
V*A,-0.9450359940127102,0.7523365031572187,3
VAA,-0.3120714519974598,1.0280138367417593,5
VCA,-0.4653176683279445,0.618077934375275,4
VDA,-0.37694101919583534,0.9572966672390723,4
VEA,-0.6817367426869989,0.6931715710954,3
VFA,-0.0009843897938361878,0.7257530888548007,4
VGA,-0.08770234963904146,0.7177788046164737,8
VHA,-0.3659479284606877,0.5764027169419899,2
VIA,-0.42606008529703,0.5909816442915278,4
VKA,-0.17651256634223447,0.3838845572825472,4
VLA,0.3825514813603824,0.7089596111795575,8
VMA,0.5436939916373085,0.5373982063156265,3
VNA,-1.0517768979658355,0.6735843111943407,4
VPA,1.028410988964889,1.0961069447999705,7
VQA,-0.5176911191808915,0.5365619833706048,4
VRA,0.027500348995194084,0.6899234824661342,12
VSA,-0.43222473051892224,0.7279795981492679,11
VTA,-0.6616508640529548,0.7854810799220291,6
VVA,-0.6191371429673793,0.8416722030705825,8
VWA,-0.5467514947413118,0.1909597941543813,3
VYA,-0.01092642247068315,0.6678006866849056,3
