Translation,mean,std,len
V*Q,-2.222227273849407,0.9871542998172463,4
VAQ,-1.1130862813010842,0.5623030016825884,5
VCQ,-1.2467726836008473,0.7555374362683137,4
VDQ,-1.0937911868924246,0.41710320979717036,2
VEQ,-0.7737942657731426,0.4564027117933841,4
VFQ,1.6340131471543753,0.74499742530303,2
VGQ,-0.6967345660986689,0.7771800264803144,7
VHQ,-1.5044239521202745,0.8387044720586493,3
VIQ,-0.39970008268733,0.27328851613341293,2
VKQ,-1.0970922180583205,0.21715857501712074,4
VLQ,0.45485312622116936,0.9211106121539636,7
VMQ,1.793550460091697,0.4351155747768923,3
VNQ,-1.62319422865907,0.3539533947207799,3
VPQ,-1.360748471737574,0.5174386955071502,4
VQQ,-0.6660523151258044,0.946462513609052,4
VRQ,-1.3907026459418081,1.0573000164335458,11
VSQ,-0.5317126817660649,2.807891053769527,10
VTQ,-0.17712099191001746,1.1498985872264156,5
VVQ,-1.359166096371765,0.4625250359094267,6
VWQ,0.31663119010740703,0.8099544404512624,4
VYQ,0.8797182174274139,1.2083944627608243,6
