Translation,mean,std,len
L*C,-0.2380952039432721,0.9663427786687551,2
LAC,-0.01150558404513613,1.0680855854557256,12
LCC,2.4371077696503445,1.1381254624050494,3
LDC,0.44505286489938334,0.7241381298598079,5
LEC,2.565384926304308,,1
LFC,0.6481682929249606,0.8729861545434331,4
LGC,-1.0651424395129667,0.8804408164408608,7
LHC,-0.6809528788479495,1.1710977084490246,2
LIC,1.0395966154471203,1.7542688041019023,2
LKC,0.36895316752884416,0.7849870260794618,3
LLC,3.7751705609498227,2.9786545334124948,3
LMC,2.279777209964198,,1
LNC,1.8196302703415146,1.2836951618103705,4
LPC,0.4285885600663157,0.7610842343567962,5
LQC,1.828011393227861,0.5609224012397547,2
LRC,-0.7089538836004107,1.0113803642294903,12
LSC,0.3297788767016785,0.628580843390134,8
LTC,1.336730450450561,2.0317736161417503,5
LVC,1.5337965092544799,2.477057149762532,8
LWC,-0.22576119644291234,1.5262482170205276,3
LYC,0.423273341206283,1.122394907914873,4
