Translation,mean,std,len
V*F,-0.6532498672486513,,1
VAF,1.292920753946337,2.454862935686123,6
VCF,0.6137892614026124,2.2206500433842575,4
VDF,2.8604040401776545,5.5440516530078785,2
VEF,2.76369060723791,3.6620122593124624,2
VFF,1.0477980628163255,1.6363881079034237,3
VGF,0.5545240330295843,1.5726724245769441,6
VHF,-2.102908236528326,0.3665066737571536,2
VIF,5.132025310273588,1.2289441826902328,3
VKF,4.156820442716735,2.4442177825661493,2
VLF,0.19890173238877346,3.5140771917180644,7
VMF,6.717948202779263,,1
VNF,6.237496178415528,0.4155667000561126,2
VPF,1.3856535106300747,3.2173240840328607,7
VQF,-2.389503088436691,0.16492851514965462,2
VRF,-0.15106922443572066,3.4541837689325687,3
VSF,3.9771314894827614,2.4903727755982845,8
VTF,0.8163145555250719,3.8010872783659853,6
VVF,0.6030300841104138,1.0515570626144128,3
VYF,5.009875087927436,0.7524581760544204,3
