Translation,mean,std,len
S*L,0.5258500887369089,1.9871729169612729,4
SAL,1.4846979205343542,2.3579626659827406,8
SCL,3.0260173285440817,4.082125033091632,4
SDL,2.216622011715781,2.553391365538468,4
SEL,0.3345529594146712,1.2757391771748776,4
SFL,0.81189322615449,1.892799247567675,7
SGL,0.2674356526977738,1.9467543920577455,8
SHL,-0.651602547612354,2.461508785808876,4
SIL,1.1783712603726357,4.069660662530142,4
SKL,1.184699658979929,1.924727675634127,4
SLL,0.45964464189436827,2.2700570849977804,12
SML,2.090998346893669,4.373944607224291,4
SNL,1.8377685198224907,2.990247408327922,5
SPL,1.6023950184860198,2.0499989239432885,8
SQL,3.362055509248703,2.5010969382296797,4
SRL,0.36666817689021936,2.7095727841074826,12
SSL,0.28229426488487847,2.734409327856543,12
STL,2.556440846931466,3.1572957649507987,8
SVL,-0.17959925440586297,1.132813980688602,8
SWL,-0.27174160063007924,0.8326361357350469,4
SYL,-0.15824209132930966,0.5357175182309041,4
