site_2,count_x,proportion_x,count_y,proportion_y,ratio
AAG,3418,0.005510343582335947,3724,0.005210118598752314,0.08082606371430678
AAT,3302,0.005323333677259595,2348,0.0032850049596859377,0.6964344514001661
ACG,1009,0.0016266637432934378,979,0.0013696847766322543,0.24807214909962205
ACT,1802,0.0029051021460998762,1756,0.0024567583940411017,0.24183290587514072
AGG,6406,0.010327460792406108,6838,0.009566807459255726,0.11037611493824961
AGT,3159,0.005092795604622369,2419,0.0033843385849575314,0.5895839073639086
ATG,2643,0.004260923957903426,1425,0.001993667831155222,1.095741245299064
ATT,1677,0.002703582851836566,1173,0.0016411034146982986,0.7202064151327985
CAG,3647,0.005879526929426331,2276,0.003184272269269674,0.8847363816264906
CAT,4026,0.006490533429632687,2406,0.003366150738076817,0.9472372693422244
CCG,1694,0.0027309894758563765,1983,0.002774346181881267,-0.022724063299687458
CCT,2331,0.0037579317994222037,2305,0.0032248451584651135,0.22070899340912575
CGG,5728,0.009234420140321916,5876,0.008220906790082867,0.16772383630493692
CGT,5065,0.008165561803549319,5452,0.007627703168742646,0.09830344648025235
CTG,1703,0.0027454988650433346,1507,0.0021083911730181894,0.38092575767767833
CTT,2380,0.0038369273627734215,2184,0.0030555582759600034,0.3285154568724131
GAG,7482,0.01206213887742468,9156,0.012809840464601553,-0.08676675740789896
GAT,13601,0.02192691137020223,13269,0.018564195404630626,0.24017981962010015
GCG,2800,0.004514032191498143,2908,0.004068481440701323,0.14992629750969577
GCT,620288,1.0,714763,1.0,0.0
GGG,773,0.0012461953157243087,1004,0.0014046614052490127,-0.17269221042896454
GGT,1236,0.0019926227816756087,1436,0.0020090575477465958,-0.011850266321715708
GTG,1566,0.002524633718530747,1285,0.0017977987109013757,0.48984259280675957
GTT,2161,0.0034838655592241024,2311,0.0032332395493331356,0.10770855198883744
TAG,3520,0.005674783326454808,3821,0.005345827917785336,0.08615191076410955
TAT,2966,0.004781649814279819,1530,0.002140569671345607,1.1595136844715777
TCG,2354,0.003795011349566653,1913,0.002676411621754344,0.5038041862892921
TCT,3822,0.006161653941394965,4565,0.006386732385420062,-0.05176034229716642
TGG,8954,0.014435230086669418,6217,0.00869798800441545,0.73084047896306
TGT,847,0.0013654947379281883,1330,0.0018607566424115407,-0.44646563145939133
TTG,3029,0.004883215538588527,2494,0.003489268470807806,0.48490685256266364
TTT,3192,0.005145996698307883,2953,0.004131439372211488,0.31680603468535296
