site_2,count_x,proportion_x,count_y,proportion_y,ratio
AAG,2013,0.0032429297526319605,1557,0.0021765325892769776,0.575266151110009
AAT,1369,0.0022054499907367877,1808,0.002527405858325482,-0.19658430788958015
ACG,1953,0.0031462701474864476,1580,0.002208684323094171,0.5104553140900343
ACT,2112,0.003402418101122057,1694,0.0023680450907098264,0.5228638832939634
AGG,1615,0.002601754371833391,2408,0.0033661467405131417,-0.37161330391070635
AGT,548,0.0008828243936623519,584,0.0008163744586626556,0.1128954473482171
ATG,1551,0.0024986507930115105,1381,0.0019305019305019305,0.3721732900457475
ATT,3523,0.005675529815460704,3349,0.004681572024077455,0.27776202205595624
CAG,828,0.001333902551008079,1203,0.0016816754687862582,-0.3342460464090422
CAT,1282,0.0020652935632757942,1406,0.0019654494672597497,0.07148759081391276
CCG,4454,0.007175364688635247,3511,0.0049080320622681235,0.5479074851747425
CCT,2559,0.004122532159456129,3654,0.005107931972522848,-0.3092085633203343
CGG,1564,0.002519593707459705,1649,0.0023051395245457518,0.1283370371375927
CGT,1256,0.002023407734379405,1402,0.0019598578613784987,0.04603803814871199
CTG,1035,0.0016673781887600989,1652,0.00230933322895669,-0.4698949957650509
CTT,1669,0.002688748016464353,1480,0.0020688941760628942,0.3780747021139934
GAG,9520,0.015336657349754727,6401,0.008947967311472018,0.7773521881973391
GAT,12917,0.020809201994409852,12597,0.01760936482152992,0.24087876928607876
GCG,3616,0.0058253522034362485,3416,0.00477523142258841,0.2867746260624049
GCT,620735,1.0,715358,1.0,0.0
GGG,1055,0.0016995980571419367,1426,0.001993407496666005,-0.23004305958163407
GGT,1558,0.0025099277469451536,2182,0.0030502210082224567,-0.28126794499423013
GTG,5872,0.009459753356907538,4571,0.0063898076207996556,0.5660300725068854
GTT,6103,0.009831892836717763,5245,0.00733199321179046,0.423263740876469
TAG,6735,0.010850040677583833,7200,0.010064890586251918,0.10836896240033589
TAT,7024,0.011315617775701387,5999,0.008386010920406287,0.43225873663296177
TCG,316,0.000509073920433035,191,0.0002669991808297384,0.9310398434090601
TCT,1391,0.0022408918459568094,1398,0.0019542662554972476,0.19744598243451073
TGG,9911,0.01596655577661965,8474,0.011845817059430382,0.43067542435465356
TGT,1187,0.0019122491884620652,1463,0.0020451298510675772,-0.09692191122887195
TTG,2100,0.0033830861800929544,2355,0.003292057962586565,0.03935019132104678
TTT,9355,0.015070843435604565,8631,0.012065287590269487,0.3208978549354109
