site_2,count_x,proportion_x,count_y,proportion_y,ratio
AAG,583,0.0018052218286308801,681,0.0014280501767762555,0.3381294571438058
AAT,222,0.0006874086551561842,186,0.0003900401363882283,0.8175454271974569
ACG,201,0.0006223835121008695,123,0.00025792976761157034,1.270825557795071
ACT,130,0.000402536599866234,218,0.00045714381576684825,-0.1835281397930899
AGG,758,0.0023470980207585027,1413,0.0029630468425621862,-0.3362033402074669
ATG,286,0.0008855805197057147,495,0.001038010040388027,-0.22912500623320042
ATT,61,0.00018888255839877134,78,0.00016356521848538607,0.20762349065601882
CAG,238,0.0007369516212935668,542,0.001136568569475375,-0.6250429060905454
CAT,88,0.00027248631375560457,541,0.0011344715794947933,-2.0577647932341367
CCG,7043,0.021808194406599122,6642,0.013928207451024799,0.6468607318420121
CCT,3036,0.009400777824568357,2286,0.004793719095610161,0.9716347591563697
CGG,264,0.0008174589412668137,1670,0.0035019732675717276,-2.0989498960475803
CGT,19,5.883227228814189e-05,76,0.00015937123852422232,-1.4377116280446174
CTG,185,0.0005728405459634868,247,0.0005179565252037226,0.14530260088701574
CTT,80,0.00024771483068691325,370,0.0007758862928152929,-1.6471649936735684
GAG,367,0.0011363917857762143,557,0.001168023419184103,-0.03960889254143751
GAT,227,0.0007028908320741163,567,0.0011889933189899219,-0.7583680656959313
GCG,449,0.0013902994872303004,972,0.0020382742611255804,-0.5519524969092515
GCT,150,0.0004644653075379623,456,0.000956227431145334,-1.0417829517134791
GGA,322952,1.0,476874,1.0,0.0
GGG,2937,0.009094230721593302,3841,0.008054538515414973,0.1751496737491678
GGT,1238,0.003833387004879982,995,0.0020865050306789635,0.877531255738635
GTG,884,0.002737248879090391,1213,0.002543648846445812,0.10582709622630304
GTT,4,1.238574153434566e-05,495,0.001038010040388027,-6.388996343011591
TAG,20537,0.06359149347271421,14228,0.029835973443718886,1.0917809437570307
TAT,83,0.00025700413683767245,393,0.000824117062368676,-1.6810576989563
TCG,66,0.00020436473531670342,246,0.0005158595352231407,-1.3358320140254047
TCT,198,0.0006130942059501103,398,0.0008346020122715854,-0.44497962850865846
TGG,599,0.0018547647947682628,889,0.001864224092737285,-0.007339044085600932
TGT,347,0.001074463078104486,725,0.0015203177359218577,-0.500756960368653
TTG,179,0.0005542619336619684,471,0.0009876822808540622,-0.833479100393145
TTT,460,0.001424360276449751,103,0.0002159899679999329,2.721277895716538
