site_2,count_x,proportion_x,count_y,proportion_y,ratio
AAT,153,0.0003294665871352988,157,0.0002867338999828325,0.20041968003899058
ACG,1113,0.002396707918180311,297,0.000542420180222301,2.1435713427791594
ACT,464387,1.0,547546,1.0,0.0
AGT,80,0.00017227011092041766,90,0.00016436975158251545,0.06772758479565333
ATT,93,0.00020026400394498555,93,0.00016984874330193262,0.23765258623796726
CCT,25,5.383440966263052e-05,32,5.844257834044993e-05,-0.11849122398730927
CGT,2,4.306752773010442e-06,3,5.478991719417181e-06,-0.3473099144831906
GCT,127,0.0002734788010861631,144,0.0002629916025320247,0.05641227156782058
TCT,142,0.0003057794468837414,190,0.0003470028088964215,-0.18245590258830013
