site_2,count_x,proportion_x,count_y,proportion_y,ratio
AAG,876,0.001761650320455455,974,0.0011878410927162414,0.5685857364456925
AAT,150,0.0003016524521327834,136,0.00016585871520473185,0.8629324881724045
ACG,377,0.0007581531630270622,663,0.0008085612366230678,-0.09286770791706012
AGG,1653,0.003324210022503273,1605,0.0019573767492911368,0.7640900662095103
AGT,263,0.0005288972994061469,495,0.0006036769413701637,-0.19078908674780592
ATG,497261,1.0,819975,1.0,0.0
ATT,1448,0.0029119516712551355,1809,0.0022061648220982346,0.4004458333888259
CAG,295,0.0005932498225278074,128,0.0001561023201926888,1.9261477831760665
CAT,53,0.00010658386642025013,306,0.00037318210921064666,-1.8078907492025902
CCG,544,0.0010939928930682277,528,0.0006439220707948413,0.7646453608187489
CCT,158,0.0003177405829131985,485,0.0005914814476051099,-0.8964835499705242
CGG,380,0.0007641862120697179,1068,0.0013024787341077472,-0.7692636844297436
CGT,191,0.00038410412238241087,597,0.0007280709777737126,-0.9225816543021939
CTG,563,0.0011322022036717137,639,0.0007792920515869386,0.5388956300600984
CTT,52,0.00010457285007269824,8,9.75639501204305e-06,3.422016357067955
GAG,612,0.0012307420047017563,1504,0.0018342022622640933,-0.5756243700581223
GAT,865,0.0017395291406323843,1288,0.001570779596938931,0.14721608333633185
GCG,518,0.0010417064680318785,606,0.0007390469221622611,0.49521094314046543
GCT,348,0.0006998336889480574,697,0.0008500259154242507,-0.28049471109283175
GGG,1160,0.0023327789631601916,3498,0.0042659837190158235,-0.8708288449798562
GGT,496,0.000997464108385737,1522,0.0018561541510411902,-0.8959796941898066
GTG,1073,0.0021578205409231773,1419,0.001730540565261136,0.3183521256228339
GTT,1609,0.00323572530321099,563,0.0006866062989725297,2.2365341375700805
TAG,22410,0.04506687634863784,18661,0.02275801091496692,0.9856929888103174
TAT,464,0.0009331115852640766,415,0.0005061129912497332,0.8825901078201479
TCG,325,0.000653580312954364,112,0.0001365895301686027,2.2585176247850764
TCT,263,0.0005288972994061469,177,0.00021586023964145247,1.2928900781361676
TGG,405,0.0008144616207585152,1567,0.0019110338729839325,-1.23043472777373
TGT,182,0.00036600497525444384,635,0.000774413854080917,-1.0812415025339703
TTG,1049,0.0021095561485819318,1000,0.0012195493765053812,0.7905913168420433
TTT,437,0.0008788141438801756,560,0.0006829476508430135,0.3637830914824942
