site_2,count_x,proportion_x,count_y,proportion_y,ratio
AAG,1184,0.008902991976780034,1801,0.011156192894973209,-0.3254826236430599
AAT,1073,0.008068336478956906,947,0.005866138074147489,0.45986022192240306
ACG,1087,0.00817360834354721,993,0.006151082479016323,0.4101327941332018
ACT,568,0.004271029934806638,1030,0.0063802768916282095,-0.5790350259316321
AGG,2586,0.019445217273609094,2683,0.01661969213615387,0.2265216971839994
AGT,2504,0.018828624923865885,2897,0.01794530306315235,0.06932135429648145
ATG,1743,0.013106347141492905,1612,0.009985443057577353,0.3923673022319836
ATT,1641,0.012339366413763545,1578,0.00977483197571778,0.33612451013452116
CAG,1125,0.008459346261720894,1250,0.007743054480131322,0.1276433831892163
CAT,980,0.007369030521321312,1350,0.008362498838541827,-0.1824592763013566
CCG,893,0.006714841077081563,1036,0.00641744355313284,0.06535455406893487
CCT,791,0.005947860349352202,1015,0.006287360237866634,-0.08008365096547987
CGG,2189,0.016460007970584032,2166,0.013417164803171556,0.2948851882068846
CGT,2201,0.016550240997375724,2847,0.0176355808839471,-0.09163687121644148
CTG,1153,0.008669889990901503,1106,0.006851054604020194,0.33968760405133125
CTT,1557,0.011707735226221717,1493,0.009248304271068852,0.34020125557876213
GAG,1736,0.013053711209197754,1897,0.011750859479047294,0.15169374566727
GAT,2452,0.018437615141101895,1973,0.01222163719143928,0.5932144996014888
GCG,1723,0.012955958763506756,1912,0.01184377613280887,0.1294866548784661
GCT,2600,0.0195504891381994,2258,0.013987053612909221,0.4831126137770818
GGG,2585,0.01943769785470979,2952,0.01828599746027813,0.0881180357761675
GGT,132989,1.0,161435,1.0,0.0
GTG,2772,0.020843829188880284,2293,0.014203859138352898,0.5533373791906868
GTT,4626,0.03478483182819632,4381,0.027137857341964257,0.3581515279475065
TAG,4346,0.032679394536390224,4509,0.027930746120729707,0.2265271411780283
TAT,1419,0.010670055418117289,1483,0.0091863598352278,0.21600246824018754
TCG,1216,0.009143613381557874,1290,0.007990832223495524,0.1944186397672354
TCT,1244,0.009354157110738483,1547,0.009582804224610525,-0.034840234684166305
TGG,3483,0.026190136026287888,3062,0.01896738625452969,0.4655026667212008
TGT,4124,0.03101008354074397,4538,0.02811038498466875,0.14163420033003682
TTG,2072,0.015580235959365061,2174,0.013466720351844395,0.2103185392935112
TTT,1743,0.013106347141492905,2088,0.01293399820361136,0.019097334190067095
