site_2,count_x,proportion_x,count_y,proportion_y,ratio
AAG,347,0.0017572467437762067,762,0.0022376751670914923,-0.34868384060362345
AAT,337,0.0017066056272408694,469,0.0013772567629473883,0.30933216297792043
ACG,433,0.002192760345980108,533,0.0015651979843304008,0.4864029862789856
ACT,297,0.00150404116109952,454,0.0013332080391857447,0.17394212782128626
AGG,648,0.0032815443514898615,838,0.0024608553674838195,0.41521506349671
AGT,1329,0.006730204387546336,1532,0.004498842986855861,0.5810963016626545
ATG,1739,0.008806490165495168,730,0.0021437045563999857,2.038461057850645
ATT,575,0.002911864200781899,569,0.0016709149213583452,0.8013047978365933
CAG,714,0.0036157757206230884,795,0.002334582359367108,0.6311407081688181
CAT,475,0.0024054530354285252,415,0.0012186813574054714,0.9809876712954608
CCG,480,0.002430773593696194,616,0.001808934255811495,0.4262755492250534
CCT,571,0.002891607754167764,325,0.0009543890148356102,1.5992225217584632
CGG,446,0.0022585937974760467,508,0.0014917834447276614,0.5983867074595768
CGT,1016,0.005145137439990277,1123,0.003297781118955047,0.6417139686830016
CTG,450,0.002278850244090182,940,0.0027603866890629956,-0.27656426103652443
CTT,962,0.004871675410699455,547,0.0016063101265079347,1.600667555288922
GAG,2830,0.014331435979500476,2041,0.005993563013167631,1.2576973649979628
GAT,3514,0.017795288350517552,3161,0.00928253438737035,0.9389046504153145
GCG,1141,0.005778151396681994,800,0.0023492652672876557,1.2983983808253932
GCT,951,0.004815970182510584,1597,0.004689720789822983,0.0383244277607675
GGG,2974,0.015060668057609335,4395,0.012906276062161558,0.2227129763330895
GGT,197468,1.0,340532,1.0,0.0
GTG,785,0.003975327648023983,869,0.002551889396591216,0.6395079712760259
GTT,1788,0.009054631636518321,2241,0.006580879329989546,0.4603755819843611
TAG,4818,0.024398889946725545,4441,0.0130413588150306,0.9037213165827946
TAT,917,0.004643790386290437,713,0.002093782669470123,1.1491911514626025
TCG,685,0.00346891648267061,507,0.001488846863143552,1.2202897351559852
TCT,501,0.002537119938420402,690,0.002026241293035603,0.32438573584111374
TGG,1058,0.005357830129438694,1265,0.0037147757038986057,0.5283737368437906
TGT,2109,0.01068021147730265,2381,0.0069920007517648855,0.6111629688347939
TTG,1530,0.007748090829906617,850,0.0024960943464931344,1.634168400866387
TTT,900,0.004557700488180364,688,0.002020368129867384,1.1736879308263761
