site_2,count_x,proportion_x,count_y,proportion_y,ratio
AAG,9636,0.012969760107892898,8225,0.007677716978349305,0.7564025107761303
AAT,8585,0.011555146380890466,7601,0.00709523729512864,0.7036126959115672
ACG,287,0.00038629318710722935,1111,0.0010370752052214077,-1.4247523786657794
ACT,458,0.0006164539362198991,825,0.0007701053504119363,-0.32106272498860733
AGG,14620,0.019678071064486734,11352,0.010596649621668244,0.8929806128268751
AGT,16455,0.022147924717245502,12041,0.01123980427189106,0.9785546102186169
ATG,735,0.000989287430396563,709,0.0006618238708388641,0.5799424185318358
ATT,1077,0.0014496089286219025,1191,0.0011117520876855955,0.38282863272771905
CAG,7381,0.009934599352050382,6782,0.006330732710901518,0.6500893018596763
CAT,3258,0.0043851679567782345,3486,0.003254045153376982,0.4303978304474603
CCG,8297,0.01116750722449018,4320,0.004032551653066139,1.4695422698178122
CCT,5758,0.007750091189419605,5223,0.004875466963880659,0.6686728812388036
CGG,12269,0.01651369725651079,10079,0.009408353729456856,0.8116489539690193
CGT,12985,0.017477411270339277,9846,0.00919085730927991,0.9272201653785279
CTG,174,0.0002341986569918394,413,0.00038551940572136934,-0.7190706795230906
CTT,698,0.0009394865665534706,890,0.0008307803174140889,0.17740549640351944
GAG,12534,0.016870379119170775,10173,0.009496099066352277,0.8290855040893037
GAT,13310,0.017914851290582658,12758,0.011909095830976345,0.589092183667467
GCG,2333,0.003140146360700927,3026,0.0028246530792079023,0.15275811581508947
GCT,2133,0.0028709525020896172,2551,0.0023812590895767875,0.26980486278572613
GGG,18963,0.025523615704231322,14653,0.013678004484346792,0.8999749499236165
GGT,21373,0.028767401700497606,17228,0.016081666638662836,0.8390179920284098
GTG,814,0.0010956190045480303,1534,0.0014319292212508004,-0.38621398718906086
GTT,1306,0.0017578358967318519,1527,0.001425394994035184,0.3024386307972051
TAG,20044,0.026978608510025454,12380,0.011556247561333057,1.2231429243755771
TAT,2071,0.002787502405920111,2225,0.0020769507935352225,0.4245060135270151
TCG,9267,0.012473097438755033,5692,0.00531326018732696,1.2311505058699383
TCT,11100,0.014940259152927685,7841,0.007319267942521203,1.0294339076800778
TGG,495,0.0006662548000629914,486,0.0004536620609699407,0.5544560074088167
TGT,2337,0.003145530237873153,3592,0.0033529920226420306,-0.09214581991069615
TTG,530,0.0007133637253199706,705,0.0006580900267156547,0.11635289821203187
TTT,742959,1.0,1071282,1.0,0.0
