site_2,count_x,proportion_x,count_y,proportion_y,ratio
AAG,5046,0.016205800173427112,4048,0.008551775422941067,0.9222143843120261
AAT,5362,0.017220669942512125,4002,0.008454596156771282,1.0263335201068546
ACG,5074,0.01629572534283971,4798,0.010136219980057124,0.6849738298005406
ACT,4070,0.013071265696759482,4366,0.009223579915158275,0.5030001321928532
AGG,8718,0.02799884381925041,7112,0.015024759586945867,0.8980253475542632
AGT,6646,0.02134438128271831,7049,0.014891666244148118,0.5193511556576773
ATG,7080,0.022738221408613545,4987,0.01053550000845037,1.1098606253352807
ATT,5177,0.01662652150175033,4190,0.008851763592421708,0.909449542304249
CAG,4034,0.01295564762180043,4730,0.00999256367354527,0.37465436841623934
CAT,5613,0.01802678485403218,6962,0.014707870675522655,0.2935537132682926
CCA,311370,1.0,473352,1.0,0.0
CCG,1142,0.003667662266756592,1917,0.004049840287988642,-0.14300421827527376
CCT,1928,0.006191990236695893,3209,0.006779310111713904,-0.13073527002181073
CGG,7842,0.02518547066191348,7550,0.015950075208301644,0.6590284654468208
CGT,7544,0.024228409930307993,6214,0.01312765130389224,0.8840909025832904
CTG,6182,0.01985419276102386,5389,0.011384762291064578,0.8023395354985112
CTT,5991,0.019240774641102226,4707,0.009943974040460376,0.9522724485059104
GAG,6727,0.021604521951376177,7105,0.015009971437746118,0.5254120767312473
GAT,6939,0.02228538394835726,5580,0.011788267504943467,0.9187461126708314
GCG,8479,0.027231268266050036,7187,0.015183204042657472,0.8427879075951079
GCT,7718,0.024787230625943412,5908,0.01248119792458889,0.9898406858065005
GGG,13103,0.042081767671901596,11858,0.025051124744376277,0.7483199283047774
GGT,11936,0.038333815075312326,9798,0.020699183694164174,0.8890437120024215
GTG,8089,0.02597873912066031,7801,0.01648033598674982,0.656585755980414
GTT,8847,0.02841314192118701,7140,0.015083912183744866,0.9135477168964661
TAG,7725,0.024809711918296562,6205,0.013108637969206848,0.9203871906914154
TAT,5490,0.01763175643125542,5108,0.010791123730331762,0.708331092219872
TCG,5738,0.018428236503195555,5385,0.011376311920093292,0.6958850913671304
TCT,4300,0.013809936731220092,3723,0.00786518278152411,0.8121545116553444
TGG,8640,0.027748337990172463,7151,0.015107150703915903,0.8771697771064186
TGT,7722,0.02480007707871664,8515,0.017988727205124306,0.4632514924059885
TTG,8018,0.025750714583935512,5610,0.011851645287228109,1.1195251146846505
TTT,6214,0.019956964383209687,5213,0.01101294596832801,0.857691849555863
