site_2,count_x,proportion_x,count_y,proportion_y,ratio
AAG,60,0.00016188040275844206,236,0.00037330844610359307,-1.2054398064358391
AAT,82,0.00022123655043653748,221,0.00034958121435972063,-0.6600379074558624
ACG,5,1.3490033563203506e-05,177,0.0002799813345776948,-4.3753648078781495
ACT,849,0.002290607699031955,187,0.0002957994890736098,2.9530389309828866
AGG,518,0.0013975674771478832,358,0.0005662899309537556,1.303305157739782
AGT,696,0.001877812671997928,1162,0.0018380695524253185,0.030861789761685188
ATG,196,0.0005288093156775774,157,0.0002483450255858649,1.090401742541065
ATT,1327,0.0035802549076742103,2222,0.0035147939289923045,0.026622201298584613
CAG,1077,0.002905753229514035,316,0.0004998536820709127,2.539334433684589
CAT,69,0.00018616246317220838,68,0.00010756345057222174,0.7913742628453146
CCG,5633,0.015197871812305069,4673,0.007391823595941062,1.0398670816922326
CCT,2816,0.0075975869027962144,4546,0.0071909330338429415,0.07936229713693432
CGG,205,0.0005530913760913437,348,0.0005504717764578407,0.006849250974202192
CGT,288,0.000777025933240522,321,0.0005077627593188703,0.6138081616374933
CTG,241,0.000650219617746409,630,0.0009965437332426425,-0.6160060348398329
CTT,67,0.00018076644974692697,542,0.0008573439736785909,-2.245747203578615
GAG,393,0.0010603166380677956,137,0.00021670871659403498,2.2906660666155645
GAT,316,0.0008525701211944616,623,0.0009854710250955022,-0.20899495752941277
GCG,555,0.001497393725515589,466,0.0007371259995096372,1.0224704639006728
GCT,466,0.0012572711280905667,249,0.00039387204694828253,1.6744968599036838
GGG,2848,0.007683923117600717,3031,0.0047944826277118244,0.6804679414995531
GGT,370644,1.0,632185,1.0,0.0
GTG,2084,0.005622645989143221,3108,0.00491628241733037,0.19368142118828313
GTT,3180,0.008579661346197429,5507,0.008711057680900369,-0.021927195661676002
TAG,18026,0.048634269002061276,14249,0.02253928834122923,1.1095312691556671
TAT,319,0.0008606641413323836,348,0.0005504717764578407,0.6447817652336258
TCG,208,0.0005611853962292658,364,0.0005757808236513046,-0.03704227474012001
TCT,8,2.1584053701125607e-05,584,0.0009237802225614337,-5.419511911562532
TGG,807,0.0021772914171010456,749,0.0011847797717440306,0.8779156021365147
TGT,1822,0.004915768230431357,1808,0.002859922332861425,0.7814409287043471
TTG,259,0.0006987837385739416,172,0.0002720722573297373,1.3608561803019406
TTT,798,0.0021530093566872795,260,0.000411272016893789,2.388189770511376
