site_2,count_x,proportion_x,count_y,proportion_y,ratio
AAG,748,0.0023860029665544904,607,0.001274024384868704,0.905202945670279
AAT,478,0.0015247452112473884,571,0.0011984644542998848,0.347381064656231
ACG,613,0.0019553740889009393,707,0.0014839130808932024,0.398038050919709
ACT,768,0.0024497998373179796,885,0.0018575149598168091,0.3992900477891226
AGG,856,0.0027305060686773313,1540,0.0032322859187772723,-0.2433864571427904
AGT,2163,0.006899631573071341,2659,0.0055809404272914075,0.30601108014263634
ATG,1374,0.004382845021451698,771,0.0016182418463488812,1.4374404309413915
ATT,1342,0.004280770028230115,1222,0.0025648398654193683,0.7390015784197796
CAG,1122,0.003579004449831736,1072,0.002250006821382621,0.6696289621893445
CAT,507,0.0016172506738544475,759,0.0015930552028259415,0.021747053626199886
CCG,1107,0.003531156796759119,1057,0.0022185235169789462,0.6705410374371947
CCT,1010,0.0032217419735561972,875,0.0018365260902143594,0.8108615629577915
CGG,920,0.002934656055120496,1080,0.0022667979170645806,0.37253564593186894
CGT,1570,0.00500805435493389,1548,0.0032490770144592324,0.6242202796729037
CTG,1809,0.005770426960557584,1330,0.002791519657125826,1.0476273542710146
CTT,1486,0.0047401074977272365,1143,0.0023990277955600143,0.9824699043624427
GAG,4579,0.014606293561300818,3290,0.006905338099205991,1.0808061730892682
GAT,6170,0.01968133463053637,4743,0.00995502085244195,0.9833318129955781
GCG,1456,0.0046444121915820025,1579,0.003314142510226827,0.4868603763767849
GCT,2241,0.007148439369048948,2274,0.004772868947597089,0.5827715866564711
GGG,3136,0.010003349335715082,6405,0.01344337098036911,-0.42641181907547576
GGN,2,6.379687076348905e-06,2,4.197773920489964e-06,0.6038611920383268
GGT,313495,1.0,476443,1.0,0.0
GTG,1308,0.004172315347932184,1578,0.0033120436232665818,0.3331265275229489
GTT,3181,0.010146892294932933,2519,0.00528709625285711,0.9404904418435978
TAG,5419,0.01728576213336736,4486,0.00941560690365899,0.8764582187380823
TAT,850,0.0027113670074482847,857,0.0017987461249299496,0.592028828950891
TCG,1287,0.0041053286336305206,1086,0.0022793912388260505,0.8488491424546663
TCT,994,0.003170704476945406,922,0.0019351737773458735,0.7123402931712732
TGG,1541,0.004915548892326831,2067,0.004338399346826378,0.18018966512766355
TGT,2913,0.00929201422670218,3112,0.006531736220282384,0.5085248331924825
TTG,1760,0.0056141246271870365,1909,0.004006775207107671,0.48661951815904736
TTT,1028,0.003279159157243337,791,0.001660219585553781,0.9819518567594105
