site_2,count_x,proportion_x,count_y,proportion_y,ratio
AAG,58,0.0006771429238564457,103,0.0007984743712983348,-0.23778572798011055
AAT,3,3.502463399257478e-05,3,2.3256535086359267e-05,0.5907338040755352
ACG,28,0.0003268965839306979,39,0.0003023349561226705,0.11268650727089202
AGG,12,0.0001400985359702991,14,0.00010853049706967658,0.36834138273908756
ATG,85654,1.0,128996,1.0,0.0
ATT,116,0.0013542858477128914,119,0.0009225092250922509,0.5538970358951634
GTG,9,0.00010507390197772434,27,0.0002093088157772334,-0.9942286966456191
TTG,31,0.0003619212179232727,31,0.00024031752922571242,0.590733804075537
