site_2,count_x,proportion_x,count_y,proportion_y,ratio
AAG,444,0.0009015960687162409,403,0.0004948817195850362,0.865397473315678
AAN,78,0.00015838849855825854,101,0.00012402742848160957,0.3528083716039916
AAT,492460,1.0,814336,1.0,0.0
ACT,514,0.001043739593063396,946,0.0011616826469663627,-0.1544541886519788
AGG,258,0.000523900418308086,251,0.00030822657969192075,0.7653013369660204
AGT,601,0.001220403687609146,860,0.0010560751336057843,0.2086459666152649
ANN,3,6.09186532916379e-06,12,1.4735932096824898e-05,-1.2743823645064616
ATG,2,4.06124355277586e-06,376,0.00046172587236718014,-6.828971216184097
ATT,470,0.0009543922349023271,847,0.0010401112071675574,-0.1240835772736606
CAG,134,0.00027210331803598263,2,2.4559886828041495e-06,6.791706825951309
CAT,234,0.00047516549567477563,79,9.701155297076392e-05,2.292201606899839
CCT,2,4.06124355277586e-06,68,8.350361521534109e-05,-4.361845205756799
GAG,307,0.0006234008853510945,328,0.00040278214397988056,0.630160476245635
GAT,539,0.0010945051374730943,902,0.0011076508959446715,-0.01722452500933791
GCG,592,0.0012021280916216545,85,0.00010437951901917636,3.525680064984785
GGG,452,0.0009178410429273444,462,0.0005673333857277586,0.6940475564926682
GGT,194,0.0003939406246192584,145,0.00017805917950330084,1.1456213876657326
GTT,13,2.639808309304309e-05,326,0.0004003261552970764,-3.922670800596446
TAG,9251,0.01878528205336474,7474,0.009178029707639108,1.0333463960052356
TAT,461,0.0009361166389148357,531,0.0006520649952845017,0.5216725251187224
TCG,75,0.00015229663322909474,2,2.4559886828041495e-06,5.954436325989418
TGG,240,0.0004873492263331032,85,0.00010437951901917636,2.2231172949643554
TGT,155,0.0003147463753401292,169,0.00020753104369695066,0.6008626044855916
