site_2,count_x,proportion_x,count_y,proportion_y,ratio
AAG,8551,0.043659404565575904,6406,0.018943191126330326,1.204613070379759
AAT,10209,0.05212476449654595,8582,0.025377843622567415,1.038399473036356
ACG,644,0.0032881132663116455,1686,0.004985672844051347,-0.6005282207288882
ACT,905,0.004620718177037329,1503,0.0044445233004799375,0.0560884101527801
AGG,13128,0.0670284952797194,11626,0.03437926007410496,0.9632360523804029
AGT,335,0.001710431590395033,591,0.0017476468866158637,-0.03105331273382106
ATG,10435,0.053278667599319915,7974,0.0235799260133247,1.1759988121484426
ATT,9854,0.050312217587321365,9889,0.029242775062173057,0.7828285542590159
CAG,6135,0.031323874050965754,6421,0.018987547646295195,0.7222090672851085
CAT,9010,0.04600295113271417,7928,0.023443899352099097,0.9725138656129895
CCG,5374,0.027438386169501217,5410,0.015997918200662983,0.7783114493975649
CCT,4737,0.024186013264779916,4370,0.012922532816432021,0.9042841142920084
CGG,9089,0.046406306642090916,8970,0.026525198938992044,0.8069573103170002
CGT,9237,0.047161960001429616,9358,0.02767255425541667,0.769167861504239
CTG,8312,0.04243912650556273,6223,0.018402041582758915,1.2055291301154138
CTT,8585,0.043833000607586145,8160,0.02412994686088908,0.8611927041292144
GAG,12453,0.06358210326922194,12285,0.03632798985122823,0.807539202173813
GAT,12873,0.06572652496464257,11206,0.03313727751508861,0.9880206313379283
GCA,195857,1.0,338169,1.0,0.0
GCG,1831,0.009348657438845689,2631,0.007780133601838134,0.26496426473002455
GCT,2550,0.013019703150768162,2944,0.008705706318438413,0.5806632977877833
GGG,28023,0.1430788789780299,23862,0.07056235196011462,1.0198401657591614
GGT,23917,0.12211460402232241,18857,0.055762059798503114,1.130879987409382
GTG,1243,0.0063464670652567945,2981,0.008815119067685092,-0.4740263568401071
GTT,1827,0.009328234375079777,4362,0.01289887600578409,-0.46756941391468576
TAG,11379,0.05809851064807487,9518,0.02814569046837528,1.0455871399534784
TAT,11747,0.059977432514538666,11185,0.03307517838713779,0.8586708277906929
TCG,445,0.002272065843957581,685,0.002025614411729047,0.1656450701044463
TCT,300,0.0015317297824433132,840,0.0024839651180327,-0.6974831050716652
TGG,14584,0.07446249049051093,13831,0.04089966850894079,0.864424719526808
TGT,648,0.0033085363300775564,850,0.002513536131342613,0.3964746939581367
TTG,13322,0.06801901387236606,9391,0.027770138599339383,1.2924037126680266
TTT,15876,0.08105914008690014,13170,0.03894502452915554,1.0575358439545326
