site_2,count_x,proportion_x,count_y,proportion_y,ratio
AAG,1273,0.0020246198867612444,1103,0.0014614091269836013,0.4702909513512452
AAT,628760,1.0,754751,1.0,0.0
ACG,295,0.0004691774285896049,562,0.0007446164364141286,-0.6663638529304503
ACT,412,0.0006552579680641262,384,0.0005087770668737106,0.36502934950333454
AGG,764,0.0012150900184490108,880,0.0011659474449189204,0.059560437552361734
AGT,1105,0.0017574273172593676,1365,0.0018085434799026434,-0.04136325848715039
ATG,601,0.0009558496087537376,668,0.0008850601059157259,0.11100821127840454
ATT,1085,0.0017256186780329537,1699,0.0022510735328605063,-0.38349948681110746
CAG,293,0.00046599656466696357,453,0.0006001979460775805,-0.36511906258271587
CAT,810,0.0012882498886697628,914,0.0012109954143816968,0.08921906575518967
CCG,8377,0.01332304853998346,9667,0.012808197670490002,0.056856754903676254
CCT,9203,0.014636745340034353,10517,0.013934396907059414,0.0709442256508499
CGG,674,0.0010719511419301482,617,0.0008174881517215611,0.39096942507371146
CGT,548,0.0008715567148037407,603,0.0007989389878251238,0.12550921410171334
CTG,672,0.001068770278007507,566,0.0007499161975273965,0.5111505029881496
CTT,560,0.000890641898339589,829,0.0010983754907247555,-0.30245395150951104
GAG,813,0.0012930211845537248,1333,0.0017661453909965008,-0.44985819997267384
GAT,872,0.0013868566702716458,1644,0.0021782018175530737,-0.6513189358634843
GCG,782,0.0012437177937527832,523,0.0006929437655597674,0.8438489841016832
GCT,807,0.0012834785927858007,702,0.0009301080753785023,0.4645889660144924
GGG,783,0.001245308225714104,1113,0.0014746585297667708,-0.24387805700964726
GGT,1292,0.0020548380940263377,989,0.0013103659352554683,0.6490549669760846
GTG,768,0.0012214517462942934,1037,0.0013739630686146823,-0.1697463550507976
GTT,674,0.0010719511419301482,905,0.001199070951876844,-0.16167787774743836
TAG,21412,0.034054329155798715,33477,0.0443550256972167,-0.3812593675400766
TAT,1620,0.0025764997773395255,1684,0.002231199428685752,0.2075929977468629
TCG,761,0.0012103187225650488,821,0.00108777596849822,0.1540055547670125
TCT,598,0.0009510783128697754,649,0.0008598862406277037,0.145418329240238
TGG,1344,0.002137540556015014,1259,0.0016680998104010461,0.3577461781010154
TGT,784,0.0012468986576754247,867,0.0011487232213007999,0.11831298393464529
TTG,1132,0.0018003689802150264,1340,0.0017754199729447195,0.020132280528018853
TTT,1968,0.0031299700998791273,2358,0.0031242091762713796,0.002657825400747882
