site_2,count_x,proportion_x,count_y,proportion_y,ratio
AAG,8816,0.015381126018458747,8680,0.022080333748823483,-0.5216008552139284
AAT,6443,0.01124099307360818,7418,0.018870036376586706,-0.7473277095348232
ACG,6901,0.0120400579234782,5892,0.014988171249777416,-0.31598203384810297
ACT,6409,0.011181673848945339,4773,0.012141639744600748,-0.11882710298644561
AGG,17177,0.02996842123628243,15222,0.038721986212510495,-0.3697098730038624
AGT,15955,0.027836418514576827,11588,0.029477754318129785,-0.08265301755697418
ATG,8886,0.015503253833941065,8653,0.022011650683014933,-0.5056962977692754
ATT,9138,0.015942913969677407,6408,0.016300780951896417,-0.03202574165350658
CAG,8348,0.014564614337805537,6942,0.01765917936455445,-0.2779508011220564
CAT,6273,0.01094439695029398,6556,0.01667726590521737,-0.6076903282419677
CCG,5646,0.009850480660188076,5339,0.013581440309328178,-0.46337045666806365
CCT,5123,0.008938011410227332,3934,0.01000737707003129,-0.16303810227721094
CGG,16738,0.029202505364900464,8791,0.0223626974638142,0.3849979258641323
CGT,12126,0.02115602700769405,9385,0.02387372491160235,-0.17435495907059018
CTG,6745,0.011767887363260465,5556,0.014133448653048764,-0.26425819259900774
CTT,4443,0.007751626916970533,6746,0.017160591183129403,-1.1465282134613677
GAG,14015,0.02445173334263831,15911,0.040474676299254664,-0.727082803408841
GAT,573170,1.0,393110,1.0,0.0
GCG,13716,0.02393007310222098,12079,0.03072676858894457,-0.3606712483891261
GCT,11626,0.02028368546853464,12312,0.03131947800869986,-0.6267403595495695
GGG,36309,0.06334769789067816,35326,0.08986288825010812,-0.5044332401867537
GGT,34309,0.05985833173404051,26902,0.06843377171783979,-0.19315639235766158
GTG,18361,0.032034126001011916,14953,0.03803769937167714,-0.2478203610817289
GTT,15397,0.026862885356874925,14859,0.03779858054997329,-0.49271778420569223
TAG,13508,0.023567179021930666,14254,0.036259571112411286,-0.6215827814747747
TAT,8187,0.014283720362196207,7369,0.018745389331230444,-0.3921639947787874
TCG,9642,0.016822234241150095,8631,0.021955686703467224,-0.38422532851743796
TCT,7477,0.013044995376589843,6584,0.01674849278827809,-0.3605348391702341
TGG,14760,0.025751522235985834,14972,0.03808603189946834,-0.5646042684054482
TGT,18072,0.03152991259137777,13411,0.03411513316883315,-0.11369067736368876
TTG,9199,0.016049339637454856,9359,0.023807585663045968,-0.5689073859739766
TTT,9587,0.01672627667184256,7606,0.019348274019994404,-0.210088543101425
