site_2,count_x,proportion_x,count_y,proportion_y,ratio
AAG,95,0.0001352438303900005,162,0.00013193342736983382,0.035752642127457435
AAT,216,0.00030750176172884326,403,0.000328204760679278,-0.09400148968336453
ACG,443,0.0006306633353975813,1170,0.0009528525310043554,-0.5953828892346138
ACT,154,0.00021923736715852713,370,0.0003013294328817192,-0.4588478831402778
AGG,907,0.001291222675407689,1448,0.0011792568076019715,0.13085989012645172
AGT,2116,0.0030123783695288533,3747,0.0030515713108318974,-0.01864931353395427
ATG,290,0.0004128495875063173,1124,0.0009153899528623039,-1.1487701935248573
CAG,382,0.0005438225600945283,1008,0.0008209191036345216,-0.5941040587830351
CCG,218,0.0003103490002633696,193,0.00015717994742208598,0.9814743241899784
CCT,14,1.9930669741684286e-05,293,0.0002386203346874155,-3.58165489568351
CGG,291,0.00041427320677358046,1376,0.0011206197287709342,-1.4356423751126801
CGT,963,0.001370945354374426,1125,0.0009162043567349571,0.5814297384201943
CTT,131,0.00018649412401147437,950,0.0007736836790206305,-2.0526136649997255
GAG,946,0.0013467438268309523,4270,0.0034775045362295705,-1.3685769444873248
GAT,1487,0.0021169218504203235,4717,0.0038415430673055936,-0.8597179167960451
GCG,396,0.0005637532298362126,1551,0.0012631404064852609,-1.1638793142753485
GCT,8952,0.012744239680539837,10191,0.008299589866209732,0.6187333540571709
GGG,3376,0.004806138646280439,6091,0.004960533988331221,-0.045617163695356844
GGN,80,0.00011388954138105304,99,8.062598339267623e-05,0.4983185114888862
GGT,702435,1.0,1227892,1.0,0.0
GNN,13,1.8507050474421122e-05,7,5.700827108573066e-06,1.698831832764622
GTG,664,0.0009452831934627403,2533,0.002062885009430797,-1.1258448936844427
GTT,2334,0.0033227273697922226,2921,0.0023788737120202753,0.4820892395593024
TAG,698,0.000993686248549688,5256,0.00428050675466572,-2.106919297431544
TAT,273,0.0003886480599628435,812,0.0006612959445944758,-0.7668317395841893
TCG,61,8.684077530305295e-05,1332,0.0010847859583741893,-3.6428939928272435
TCT,756,0.0010762561660509512,797,0.0006490798865046763,0.7295535469117347
TGG,1379,0.001963170969555902,4443,0.0036183964061985907,-0.882164647814891
TGT,2404,0.003422380718500644,3656,0.0029774605584204474,0.2009178623342489
TTG,568,0.0008086157438054767,1753,0.0014276499887612266,-0.8201161245737225
TTT,206,0.0002932655690562116,1626,0.001324220696934258,-2.1748639782106753
