site_2,count_x,proportion_x,count_y,proportion_y,ratio
AAG,343306,1.0,510774,1.0,0.0
AAT,1028,0.0029944131474544575,1081,0.00211639590112261,0.5006637589932836
ACG,440,0.0012816554327626083,1082,0.002118353714167127,-0.7249350527680996
ACT,256,0.0007456904336073357,437,0.0008555643004538211,-0.19829945196654108
AGG,818,0.00238271396363594,1072,0.0020987755837219594,0.1830578600180317
AGT,532,0.0015496379323402445,735,0.0014389925877198134,0.10687201331151996
ATG,967,0.0028167290988214597,1128,0.0022084131142148973,0.351010744612104
ATT,246,0.0007165619010445492,303,0.0005932173524885761,0.2725305394003463
CAG,419,0.0012204855143807566,268,0.0005246938959304899,1.2179072607756343
CAT,349,0.0010165857864412506,391,0.0007655049004060505,0.40924844643635616
CCG,422,0.0012292240741495924,1079,0.0021124802750335766,-0.7811899432467762
CCT,521,0.0015175965465211794,818,0.001601491070414704,-0.07762745312918362
CGG,589,0.0017156705679481278,671,0.0013136925528707414,0.3851448851643333
CGT,261,0.000760254699888729,292,0.0005716814089988919,0.4112714552239236
CTG,716,0.002085602931495517,551,0.001078754987528731,0.9510972862271565
CTT,223,0.0006495662761501402,124,0.00024276881752007738,1.4198936070674861
GAG,1175,0.00342260257612742,2089,0.004089871449995497,-0.25696171808068957
GAT,734,0.0021380342901085327,2252,0.004408994976251728,-1.044164841702961
GCG,489,0.0014243852423202624,1031,0.0020185052488967724,-0.5029479448818179
GCT,230,0.0006699562489440907,403,0.0007889986569402515,-0.23595596004953556
GGG,1961,0.005712105235562443,5038,0.009863462118275402,-0.7880715690080358
GGT,582,0.0016952805951541774,1480,0.0028975633058847946,-0.7733161000739717
GTG,488,0.0014214723890639837,806,0.001577997313880503,-0.15070867343102456
GTT,257,0.0007486032868636144,585,0.0011453206310423005,-0.6134782477428331
TAG,26459,0.07707118430787693,18255,0.03573987712765333,1.108656885725415
TAT,456,0.0013282610848630667,952,0.0018638380183799489,-0.48873773160914524
TCG,214,0.0006233505968436322,674,0.0013195659920042916,-1.0819477772466541
TCT,354,0.001031150052722644,779,0.0015251363616785507,-0.5646839504446142
TGG,562,0.0016370235300286042,959,0.0018775427096915662,-0.19777066726314807
TGT,426,0.001240875487174707,504,0.0009867377744364435,0.3306197142599778
TTG,527,0.0015350736660588514,717,0.0014037519529185119,0.12901986046936642
TTT,269,0.0007835575259389582,528,0.0010337252875048455,-0.3997417392677729
