site_2,count_x,proportion_x,count_y,proportion_y,ratio
AAG,278,0.0008157659984036809,312,0.0006139979730195121,0.4099214831638722
AAT,203,0.0005956852434386591,237,0.0004664023064282833,0.3529752975895306
ACG,169,0.0004959153011878492,270,0.000531344399728424,-0.0995535314660323
ACT,145,0.00042548945959904223,158,0.00031093487095218886,0.4525109711404447
AGG,608,0.001784121320249777,848,0.0016688150035914946,0.09638968818300064
AGT,1812,0.005317151039954927,1814,0.0035698471892865223,0.5747911288203253
ATG,194,0.0005692755528428565,393,0.0007734012929380393,-0.4420900307688651
ATT,144,0.00042255504953284193,495,0.0009741313995021106,-1.2049770842220475
CAG,314,0.0009214047607868914,224,0.0004408190575524703,1.0636484561366366
CAT,803,0.0023563312831588338,966,0.001901032185695028,0.30975942798415446
CCG,125,0.0003668012582750364,240,0.0004723061330919324,-0.3647236816438184
CCT,278,0.0008157659984036809,482,0.0009485481506262976,-0.21756563420384012
CGG,507,0.0014877459035635475,561,0.001104015586102392,0.43036760569716037
CGT,340784,1.0,508145,1.0,0.0
CTG,125,0.0003668012582750364,235,0.0004624664219858505,-0.33435003260029994
CTT,1289,0.0037824545753321753,1104,0.002172608212222889,0.7998947208860958
GAG,406,0.0011913704868773182,465,0.0009150931328656191,0.3806316404923944
GAT,115,0.00033745715761303346,327,0.000643517106337758,-0.9312741452510949
GCG,415,0.0012177801774731207,473,0.0009308366706353502,0.38765378219750524
GCT,339,0.0009947650124418987,446,0.0008777022306625077,0.18062419251865158
GGG,808,0.002371003333489835,810,0.001594033199185272,0.5728160142824201
GGT,550,0.0016139255364101602,1112,0.0021883517499926204,-0.43927063500887087
GTG,411,0.0012060425372083195,462,0.00090918930620197,0.4076281715682377
GTT,391,0.0011473543358843138,469,0.0009229649017504846,0.31396331409458966
TAG,12401,0.03638961923094981,9418,0.018534079839415914,0.9733464638478164
TAT,504,0.0014789426733649467,282,0.0005549597063830206,1.4141112004037364
TCG,189,0.000554603502511855,415,0.0008166960218047998,-0.558342472710601
TCT,370,0.0010857317244941077,355,0.0006986194885318167,0.6360888754268803
TGG,256,0.0007512089769472746,409,0.0008048883684775015,-0.09957440363913683
TGT,847,0.0024854453260716464,1006,0.0019797498745436834,0.32818619882928424
TTG,247,0.0007247992863514719,1085,0.0021352173100197777,-1.558729466444552
TTT,309,0.0009067327104558899,273,0.0005372482263920731,0.7550885162871346
