site_2,count_x,proportion_x,count_y,proportion_y,ratio
AAG,264,0.0009948261503619435,323,0.000995426584977996,-0.0008704865003874573
AAT,341,0.0012849837775508435,257,0.0007920267255088078,0.6981291286653786
ACG,99,0.0003730598063857288,274,0.0008444175984023865,-1.1785497140458343
ACT,170,0.0006406077483391302,190,0.0005855450499870564,0.12966107664183824
AGG,910,0.0034291355940506384,785,0.0024192256012623117,0.503299640142151
AGT,1443,0.005437629299137441,1196,0.003685851998865892,0.5609796591281757
ATG,409,0.0015412268768864956,280,0.0008629084947177673,0.8367997648318664
ATT,217,0.0008177169493505368,249,0.0007673721970883002,0.09167504921147973
CAG,258,0.0009722164651264447,288,0.0008875630231382749,0.1314280028160244
CAT,588,0.0022157491530788737,590,0.0018182714710124382,0.2852269494222419
CCG,281,0.0010588869251958563,165,0.00050849964867297,1.0582298548101932
CCT,263,0.0009910578694893603,274,0.0008444175984023865,0.23101265516685743
CGG,529,0.00199342058159647,626,0.0019292168489047226,0.04723081401649054
CGT,265373,1.0,324484,1.0,0.0
CTG,326,0.0012284595644620967,229,0.0007057358760370311,0.7996501149692161
CTT,847,0.0031917338990779015,709,0.002185007581267489,0.5467020909277647
GAG,343,0.0012925203392960098,423,0.0013036081902343412,-0.012323338112054216
GAT,288,0.0010852648913039383,373,0.0011495173876061686,-0.08298106997784238
GCG,316,0.0011907767557362656,404,0.0012450536852356357,-0.06430498573960897
GCT,296,0.0011154111382846031,316,0.0009738538726100516,0.1957983662869296
GGG,788,0.0029694053275954977,585,0.001802862390749621,0.7198847538206916
GGT,548,0.002065017918175549,702,0.0021634348688995453,-0.06716938850895104
GTG,421,0.001586446247357493,652,0.0020093440662713722,-0.34092598232959936
GTT,384,0.0014470198550719177,409,0.001260462765498453,0.1991312166144894
TAG,6787,0.02557532228222163,4111,0.012669345792088362,1.0134103900578602
TAT,347,0.0013075934627863421,248,0.0007642903810357368,0.7747212910264683
TCG,214,0.0008064121067327875,252,0.0007766176452459906,0.054312811736313193
TCT,298,0.0011229477000297694,270,0.0008320903341921327,0.4324786722464147
TGG,367,0.0013829590802380046,376,0.001158762835763859,0.2551731500006582
TGT,653,0.0024606874097967764,710,0.0021880893973200526,0.1693897159894675
TTG,553,0.0020838593225384647,701,0.002160353052846982,-0.052009214940833104
TTT,413,0.0015563000003768282,352,0.0010847992505023361,0.5206921016172323
