site_2,count_x,proportion_x,count_y,proportion_y,ratio
AAG,889,0.002379308314464803,685,0.0013138310931074695,0.8567624166747976
AAT,755,0.0020206724155465987,782,0.0014998772478978704,0.4299910225980046
ACG,1249,0.0033428077443943068,762,0.0014615172159823237,1.1935935598075513
ACT,1425,0.00381385191013762,1183,0.0022689958878045788,0.7491948312925931
AGG,1526,0.004084167027978953,1462,0.002804118333026453,0.5424946365750101
AGT,279,0.0007467120581953656,429,0.0008228226845884735,-0.14002953997744072
ATG,481,0.0012873422938780316,349,0.0006693825569262874,0.9434928432533045
ATT,705,0.001886853050278612,889,0.0017051034186460444,0.14612282414930178
CAG,1385,0.0037067964179232304,1572,0.003015098508561959,0.29796774437085993
CAT,2296,0.006144985253105947,1898,0.003640367028785368,0.7553256353474938
CCG,1332,0.0035649478907391645,1484,0.0028463143681335544,0.32478597614337446
CCT,2038,0.005454477328323136,2547,0.0048851500644448535,0.15903807758453414
CGG,3091,0.008272713160866935,2569,0.004927346099551955,0.7475497496503225
CGT,4530,0.012124034493279591,3268,0.006268029215000307,0.9517860524808297
CTG,582,0.0015576574117193648,936,0.0017952494936475786,-0.20480639098220443
CTT,1218,0.0032598397379281553,824,0.001580433314920518,1.0444808764160296
GAG,866,0.002317751406441529,524,0.0010050328361873198,1.2054831988821917
GAT,1148,0.0030724926265529736,1333,0.002556696127171178,0.26512884727963026
GCG,870,0.002328456955662968,951,0.0018240195175842386,0.3522530455684425
GCT,826,0.0022106959142271397,1001,0.001919919597373105,0.2034546982763672
GGG,503,0.0013462228145959458,233,0.00044689437181611737,1.590911430844164
GGT,619,0.001656683742017675,824,0.001580433314920518,0.06797805772396259
GTG,653,0.0017476809103999058,1067,0.0020465077026944087,-0.227722293585078
GTT,373638,1.0,521376,1.0,0.0
TAG,7780,0.020822293235698723,6351,0.012181228134781808,0.7734693708377245
TAT,608,0.0016272434816587177,1104,0.00211747376173817,-0.37991395764166924
TCG,750,0.0020072904790198,696,0.0013349291106610202,0.5884862752274316
TCT,1245,0.003332102195172868,751,0.001440419198428773,1.2099439151340867
TGG,1048,0.0028048538960170006,1107,0.0021232277665255016,0.4016664804488137
TGT,1065,0.002850352480208116,451,0.0008650187196955748,1.7203370775507345
TTG,162,0.0004335747434682768,505,0.0009685908058675505,-1.1596065890616156
TTT,954,0.0025532734893131855,1167,0.0022383078622721414,0.18993959599107946
