site_2,count_x,proportion_x,count_y,proportion_y,ratio
AAG,530,0.001424007695015167,461,0.0008862385038909907,0.6841900290887146
AAT,529,0.0014213208880434402,682,0.0013110947064070622,0.11646040315734396
ACG,408,0.001096217244464506,220,0.00042293377626034264,1.374030048514328
ACT,1614,0.004336506452366943,1399,0.0026894743317646334,0.6892090361805181
AGG,204,0.000548108622232253,196,0.00037679554612285075,0.5406799179237787
AGT,268,0.0007200642684227637,163,0.0003133554796837993,1.2003254562941876
ATG,462,0.0012413048209377494,335,0.0006440127956691582,0.9466961761384134
ATT,433,0.0011633874187576743,495,0.000951600996585771,0.28990291982724514
CAG,487,0.0013084749952309177,83,0.0001595613792254929,3.035702950802909
CAT,651,0.0017491113385941013,309,0.0005940297130202086,1.5580151253287529
CCG,853,0.002291846346882901,597,0.0011476884746701116,0.997779230120976
CCT,1877,0.0050431366859310725,1074,0.002064685798652764,1.2883990769129543
CGG,419,0.0011257721211535,126,0.0002422257082218326,2.216490930266925
CGT,321,0.0008624650379242804,385,0.0007401341084555997,0.22067927160753165
CTG,240,0.0006448336732144152,187,0.00035949370982129127,0.8429605557883733
CTT,578,0.0015529744296580502,538,0.0010342653255821107,0.5864277400115459
GAG,596,0.0016013369551491313,238,0.0004575374488634616,1.8073151772217084
GAT,136,0.0003654057481548353,251,0.0004825289901879364,-0.40111629263294013
GCG,432,0.0011607006117859474,83,0.0001595613792254929,2.8628124908840356
GCT,453,0.001217123558192209,356,0.0006843837470394636,0.8305982291473288
GGG,204,0.000548108622232253,63,0.0001211128541109163,2.1781098385390703
GGT,697,0.001872704459293531,307,0.0005901848605087508,1.6658844205657353
GTG,15,4.030210457590095e-05,160,0.00030758820091661285,-2.932073079211353
GTT,261,0.0007012566196206766,171,0.00032873488972963,1.0930179017514767
TAG,10779,0.028961092348242425,8153,0.015673541262957152,0.8857848411116347
TAT,1070,0.0028748834597476015,762,0.0014648888068653687,0.9727123138626776
TCG,1383,0.003715854041898068,1431,0.002750991971947956,0.4337419044913169
TCT,372189,1.0,520176,1.0,0.0
TGG,446,0.0011983159093901217,264,0.0005075205315124111,1.2394702006293432
TGT,388,0.0010424811050299713,444,0.0008535572575436006,0.2884613959045126
TTG,164,0.00044063634336318375,301,0.0005786503029743779,-0.3931032520741251
TTT,615,0.001652386287611939,811,0.0015590876933960812,0.08384891607682121
