site_2,count_x,proportion_x,count_y,proportion_y,ratio
AAG,700,0.0012963010974114718,1007,0.001257756372465752,0.04354835900057452
AAT,1044,0.001933340493853681,931,0.0011628313632230539,0.7334538541861217
ACG,757,0.0014018570439149774,910,0.001136602084353361,0.30261197007470386
ACT,1958,0.0036259393553309456,1170,0.0014613455370257496,1.3110574503079597
AGG,465,0.0008611143004233349,348,0.00043465662126919734,0.986328625321697
AGT,1610,0.0029814925240463854,1280,0.0015987369977717603,0.8991020932896472
ATG,1374,0.0025444538683476606,3691,0.004610108014668412,-0.8574445182524766
ATT,988,0.0018296364060607633,765,0.0009554951588245286,0.9372365091796944
CAG,368,0.0006814840054963166,752,0.0009392579861909092,-0.4628416804455924
CAT,1495,0.0027685287723287866,2545,0.0031787387963508828,-0.1993349567025593
CCG,1314,0.0024333423457123917,966,0.0012065468280058754,1.0120553966615873
CCT,539998,1.0,800632,1.0,0.0
CGG,892,0.0016518579698443327,257,0.00032099641283386127,2.363460565901457
CGT,1339,0.002479638813477087,3207,0.004005585587385965,-0.6918831779423051
CTG,611,0.0011314856721691563,576,0.0007194316489972922,0.6532887835514476
CTT,529,0.000979633257900955,809,0.0010104517431229329,-0.04468676514091996
GAG,307,0.0005685206241504598,595,0.0007431629013079667,-0.3864657976500947
GAT,419,0.0007759287997362954,632,0.0007893763926498066,-0.024789099302720885
GCG,350,0.0006481505487057359,838,0.0010466731282286993,-0.6914101066919915
GCT,1346,0.002492601824451202,802,0.0010017086501663685,1.3151894833304265
GGG,96,0.00017777843621643043,304,0.0003797000369707931,-1.0947797975473996
GGT,519,0.000961114670795077,286,0.0003572177979396277,1.4279046067545238
GTG,418,0.0007740769410257075,119,0.00014863258026159333,2.38072658394797
GTT,490,0.0009074107681880303,427,0.0005333286703504232,0.7667308945571119
TAG,18405,0.03408345956836877,15535,0.019403421297175233,0.8127607234372514
TAT,680,0.0012592639231997155,714,0.0008917954815695601,0.4977958872836332
TCG,594,0.0011000040740891633,518,0.0006469888787857593,0.765696048289243
TCT,1396,0.0025851947599805926,1208,0.0015088080416470987,0.7768637020596056
TGG,631,0.0011685228463809126,296,0.0003697079307347196,1.6602280445286297
TGT,400,0.0007407434842351268,797,0.0009954635837688226,-0.4263945090407155
TTG,405,0.0007500027777880659,427,0.0005333286703504232,0.4918710533265287
TTT,597,0.0011055596502209267,545,0.0006807122373325074,0.6996599167755484
