site_2,count_x,proportion_x,count_y,proportion_y,ratio
AAG,837,0.0015382268673283922,1709,0.0021246388486918988,-0.46594933257018134
AAT,411,0.0007553300387956621,1062,0.0013202846444182543,-0.8056699305668573
ACG,596,0.0010953204455528337,1002,0.0012456922916262625,-0.18559473617743372
ACT,1430,0.0026280339549338123,1478,0.0018374582904427306,0.516272414075214
AGG,1822,0.0033484460600625215,1858,0.0023098765247920117,0.535675993975012
AGT,639,0.001174345242799095,611,0.0007595987925984494,0.628547087683879
ATG,775,0.0014242841364151778,892,0.0011089396448409443,0.3610561367969076
ATT,173,0.00031793697496751715,1012,0.0012581243504249278,-1.984461810501971
CAG,1266,0.0023266370538085356,1441,0.0017914596728876688,0.3771106058092073
CAT,1917,0.003523035728397285,2145,0.0026666766123137056,0.4017762258368567
CCG,3045,0.005596058316624796,2702,0.0033591422873993624,0.7363180900236239
CCT,544133,1.0,804372,1.0,0.0
CGG,3709,0.006816348208985671,4373,0.005436539312656333,0.32631045597741615
CGT,7798,0.014331055091310397,9431,0.011724674653021239,0.289596938571985
CTG,4851,0.008915099800967777,6778,0.008426449453735337,0.08132607926643676
CTT,2359,0.004335337132649554,4205,0.005227680724838756,-0.27002684534742993
GAG,778,0.0014297974943625915,896,0.0011139124683604105,0.3601749594842012
GAT,1971,0.0036222761714507297,1871,0.0023260382012302767,0.6390217543583141
GCG,452,0.0008306792640769812,507,0.0006303053810923304,0.3982405619674605
GCT,1310,0.0024074996370372684,1331,0.0016547070261023506,0.5409597770685348
GGG,465,0.0008545704818491068,496,0.0006166301164137986,0.4707941321641318
GGT,768,0.0014114196345378796,752,0.0009348908216596302,0.5942771855991325
GTG,1474,0.0027088965381625446,1784,0.0022178792896818886,0.2885244457303777
GTT,1378,0.00253246908384531,1115,0.0013861745560511804,0.8694357144522371
TAG,11547,0.021220914739594914,7583,0.009427230187027893,1.1705809855083933
TAT,937,0.001722005465575512,1286,0.001598762761508357,0.10713384688685146
TCG,438,0.0008049502603223844,320,0.0003978258815572894,1.0167625012694241
TCT,1645,0.0030231579411651196,2127,0.002644298906476108,0.1931710872175465
TGG,833,0.0015308757233985074,1833,0.0022787963777953484,-0.573914848618724
TGT,833,0.0015308757233985074,403,0.0005010119695862113,1.6114401933931948
TTG,2532,0.004653274107617071,3300,0.004102579403559547,0.18171491685077612
TTT,1531,0.002813650339163403,1641,0.002040100848860975,0.46380258054168877
