site_2,count_x,proportion_x,count_y,proportion_y,ratio
AAG,738,0.0027547283904995465,979,0.0012688480311470439,1.118390790432528
AAT,371,0.001384829583841913,1598,0.002071112516622039,-0.5806974823313471
ACG,492,0.0018364855936663642,777,0.0010070428194088386,0.8668225509073579
ACT,238,0.0008883812424646234,221,0.00028643045442645215,1.6329940378923382
AGG,143,0.0005337752843379881,281,0.00036419437870512697,0.5515238505332913
AGT,198,0.0007390734706218295,543,0.0007037635147220069,0.07062706625107396
ATG,421,0.0015714642986454053,578,0.0007491258038845672,1.0688295745415441
ATT,502,0.0018738125366270628,968,0.0012545913116959533,0.5787591506520045
CAG,387,0.0014445526925790306,1088,0.001410119160253303,0.03480574886989807
CAT,702,0.002620351395841032,695,0.0009007654562279831,1.5405368866695195
CCG,406,0.0015154738842043576,1300,0.001684885026037954,-0.1528811567548125
CCT,816,0.0030458785455929945,1207,0.001564350943406008,0.9612942151923018
CGG,242,0.0009033120196489028,229,0.00029679897766360884,1.605738283153478
CGT,384,0.001433354609690821,1404,0.0018196758281209904,-0.34428588560757767
CTG,427,0.0015938604644218242,1131,0.00146584997265302,0.12078787960649784
CTT,292,0.001089946734452395,573,0.0007426454768613444,0.553512064098939
GAG,310,0.0011571352317816524,1061,0.0013751253943278994,-0.24900570166470004
GAT,330,0.0012317891177030492,736,0.0009539041378184109,0.3688390921646292
GCC,267903,1.0,771566,1.0,0.0
GCG,647,0.0024150532095571905,1300,0.001684885026037954,0.5194048280525188
GCT,866,0.0032325132603964867,2237,0.0028992983101899256,0.1569525076434335
GGG,74,0.0002762193779091686,164,0.00021255472636171112,0.37798019498669255
GGT,252,0.0009406389626096012,337,0.00043677404136522344,1.1067539762938843
GTG,176,0.000656954196108293,626,0.000811336943307507,-0.3045083943194946
GTT,235,0.0008771831595764138,825,0.0010692539588317786,-0.2856545285923513
TAG,9184,0.034281064415105464,21893,0.02837475990388379,0.2728037203899598
TAT,234,0.000873450465280344,701,0.0009085418486558506,-0.056827080451393286
TCG,174,0.0006494888075161533,581,0.0007530140000985009,-0.2133720235799732
TCT,210,0.0007838658021746677,323,0.00041862912570019933,0.9049339969480243
TGG,56,0.0002090308805799114,200,0.000259213080928916,-0.31042243374129264
TGT,729,0.002721134141834918,695,0.0009007654562279831,1.594984670691895
TTG,353,0.0013176410865126558,414,0.0005365710775228561,1.2961162497476817
TTT,256,0.0009555697397938806,554,0.0007180202341730973,0.41233666792664003
