site_2,count_x,proportion_x,count_y,proportion_y,ratio
AAG,8743,0.08670428513343316,7811,0.05818812994926883,0.5753784151674775
AAT,679,0.006733639437904737,1062,0.007911380617862437,-0.23254300977634212
ACG,9234,0.09157352955760287,7041,0.05245200652577158,0.8039326665881203
ACT,309,0.0030643513789581204,602,0.004484605585643302,-0.5493993720722479
AGG,4977,0.04935688289020895,4347,0.03238302405447083,0.608013568182014
AGT,5172,0.051290696867221354,3246,0.02418111250996372,1.0848165520453623
ATG,100837,1.0,134237,1.0,0.0
ATT,1454,0.014419310372184814,1507,0.01122641298598747,0.3611051291048497
CAG,188,0.0018643950137350377,368,0.0027414200257753077,-0.5562158275962954
CAT,519,0.005146920277279174,1034,0.007702794311553447,-0.5816724651739742
CCG,460,0.004561817586798496,20,0.00014899021879213629,4.936319232840092
CCT,2,1.983398950781955e-05,176,0.0013111139253707993,-6.046674341854217
CGG,2861,0.028372521990935866,2515,0.01873552001311114,0.5987183744133739
CGT,935,0.009272390094905639,2204,0.01641872211089342,-0.8243286770130789
CTG,165,0.001636304134395113,119,0.000886491801813211,0.8842617277209524
GAG,10315,0.10229380088657933,8647,0.06441592109478013,0.6672295035941755
GAT,834,0.008270773624760752,810,0.00603410386108152,0.4548827524557568
GCG,551,0.005464264109404286,801,0.005967058262625059,-0.12699264705447266
GCT,100,0.0009916994753909774,94,0.0007002540283230406,0.5020246148801686
GGG,8102,0.080347491496177,7823,0.05827752408054411,0.463313396840074
GGT,1845,0.018296855320963534,1500,0.011174266409410221,0.7114155923475955
GTG,344,0.0034114461953449627,428,0.0031883906821517168,0.09755504508403057
GTT,6,5.950196852345865e-05,4,2.979804375842726e-05,0.9977197775042352
TAG,13003,0.1289506827850888,13242,0.09864642386227344,0.38648075580126173
TAT,573,0.005682437993990301,583,0.004343064877790773,0.38779653233948785
TCG,4387,0.043505855985402186,3296,0.024553588056944062,0.8252757406190927
TCT,979,0.009708737864077669,1269,0.009453429382361048,0.03844597254566917
TGG,15187,0.15060939932762776,12693,0.0945566423564293,0.6715610970585613
TGT,238,0.0023602447514305264,697,0.00519230912490595,-1.137439805777401
TTG,353,0.003500699148130151,442,0.003292683835306212,0.0883790906628299
TTT,2475,0.024544562015926693,1714,0.012768461750486081,0.9428186925249147
