site_2,count_x,proportion_x,count_y,proportion_y,ratio
TAC,264414,1.0,324337,1.0,0.0
TAG,30,0.0001134584401733645,36,0.00011099566191954664,0.0316606427403503
TAT,183,0.0006920964850575235,212,0.0006536411201928858,0.08247443229498685
