site_2,count_x,proportion_x,count_y,proportion_y,ratio
AAG,1804,0.018050469272177863,1973,0.01471674187893932,0.2945780341760784
AAT,99942,1.0,134065,1.0,0.0
ACG,112,0.0011206499769866522,200,0.0014918136724723081,-0.4127316160728647
ACT,157,0.0015709111284545037,287,0.0021407526199977624,-0.4465165261398045
AGT,678,0.006783934682115627,476,0.0035505165404840933,0.934093351472657
ATT,822,0.008224770366812751,809,0.006034386305150487,0.4467683428959619
CAG,11,0.00011006383702547478,262,0.001954275910938724,-4.150221731255897
CAT,31,0.00031017990434451984,34,0.0002536083243202924,0.29050312078079266
CCG,1950,0.01951131656360689,1608,0.011994181926677358,0.7019763691023009
CCT,10,0.00010005803365952253,94,0.0007011524260619849,-2.808891105146019
CTG,524,0.005243040963758981,473,0.003528139335397009,0.5714962798423118
GAT,3977,0.03979307998639211,4240,0.031626449856412935,0.33138594899890617
GCT,487,0.004872826239218747,1316,0.009816133964867788,-1.0103961600086429
GGG,122,0.0012207080106461747,41,0.0003058218028568232,1.996954984589058
GGT,1801,0.018020451862080008,965,0.007198000969678887,1.3239669853950895
GTG,645,0.006453743171039202,627,0.004676835863200686,0.46460336915283396
GTT,2575,0.02576494366732705,848,0.006325289971282587,2.026205914039
TAG,3706,0.03708150727421905,2814,0.020989818371685377,0.8210102044349892
TAT,245,0.002451421824658302,415,0.0030955133703800394,-0.3365599355874611
TCG,76,0.0007604410558123712,26,0.00019393577742140007,1.9712574469467494
TCT,539,0.005393128014248264,1454,0.01084548539887368,-1.0079004395228326
TGG,182,0.0018210562126033099,125,0.0009323835452951926,0.9657800071808644
TGT,4,4.0023213463809006e-05,5,3.729534181180771e-05,0.10184155675689333
TTT,150,0.001500870504892838,104,0.0007757431096856003,0.9521486239990438
