site_2,count_x,proportion_x,count_y,proportion_y,ratio
AAG,1685,0.005420899901555171,1712,0.004274475240751329,0.3427850500986622
AAT,3233,0.010401050078176776,3549,0.008861047096627609,0.23118009349572866
ACG,4310,0.013865922003384443,3300,0.008239350639298707,0.7509410052738703
ACT,4876,0.01568682962610268,3720,0.009287995266118542,0.7561146650554065
AGG,1164,0.0037447640862968657,1023,0.002554198698182599,0.5520040735935439
AGT,1264,0.0040664792139856,1341,0.0033481724870604744,0.28040638670321627
ATG,1945,0.00625735923354588,1631,0.004072236634150361,0.6197325335922583
ATT,3229,0.010388181473069226,2769,0.006913564218247914,0.5874415476776385
CAG,2011,0.0064696912178204445,2833,0.007073357685191889,-0.1286983596421587
CAT,4154,0.013364046404190017,5088,0.012703580622046006,0.07312170599088041
CCG,35292,0.11353970286390806,25908,0.06468639283725784,0.811662701295147
CCT,52419,0.16863985278315757,37358,0.09327444278270336,0.8543917710791229
CGG,1771,0.005697574911367483,1626,0.004059752769545363,0.4889561151074746
CGT,1814,0.005835912416273638,2240,0.005592771343039122,0.061394884014143614
CTG,2580,0.008300250294369342,2130,0.005318126321729165,0.642236795628004
CTT,7397,0.02379726799513567,2230,0.005567803613829126,2.095615726070595
GAG,1235,0.003973181826955867,1559,0.003892468983838389,0.029609274204844382
GAT,1009,0.0032461056383793277,1541,0.003847527071260396,-0.24522152697783994
GCG,1693,0.00544663711177027,1552,0.0038749915733913916,0.49117257613910237
GCT,1352,0.004349588526351686,1746,0.004359365520065316,-0.0032392469166682147
GGG,774,0.0024900750883108027,513,0.001280844508472799,0.9590939009679449
GGT,1245,0.00400535333972474,1158,0.002891263042517546,0.4702296493967948
GTG,1124,0.0036160780352213723,1114,0.0027814050339935634,0.3786119633114815
GTT,1593,0.005124921984081535,1934,0.004828758829213242,0.08587763247905666
TAG,16466,0.05297361292522697,12686,0.031674061275801024,0.7419720443474613
TAT,3526,0.011343675402304767,3170,0.007914770159568757,0.5192687947239998
TCA,310834,1.0,400517,1.0,0.0
TCG,3057,0.009834831453444604,1788,0.0044642299827472995,1.1394889761342402
TCT,2841,0.009139926777636939,2142,0.005348087596781161,0.7731595118698742
TGG,1220,0.003924924557802557,950,0.0023719342749496278,0.7266008896625262
TGT,1285,0.004134039390800234,1556,0.00388497866507539,0.08964545952563707
TTG,1341,0.004314199862305926,1236,0.0030860113303555156,0.483349654430687
TTT,3162,0.010172632337517775,1889,0.004716404047768259,1.1089338264005892
