site_2,count_x,proportion_x,count_y,proportion_y,ratio
AAG,3,3.065791894046232e-05,63,0.00047739931042321826,-3.960864807234806
ACG,100,0.001021930631348744,85,0.0006441101807297389,0.6659178691809782
ACT,41,0.00041899155885298506,22,0.00016671087030652068,1.3295730015247411
CAG,15,0.0001532895947023116,194,0.0014700867654302277,-3.2615696310346554
CAT,5,5.10965315674372e-05,46,0.00034857727427727047,-2.7701812456256967
CCG,7339,0.07499948903468433,5940,0.04501193498276058,0.7365731817381658
CCT,5437,0.05556236842643121,3918,0.02968969044822491,0.9041460460744686
CGG,45,0.0004598687841069348,118,0.00089417648618952,-0.959337337488213
CTG,2,2.0438612626974883e-05,3,2.2733300496343727e-05,-0.15350988517720232
GCG,14,0.00014307028838882416,275,0.002083885878831508,-3.864480270810464
GCT,10,0.0001021930631348744,129,0.0009775319213427803,-3.2578465449919385
GGG,206,0.0021051771005784125,192,0.0014549312317659986,0.5329906420060162
GTG,5,5.10965315674372e-05,43,0.00032584397378092675,-2.6728840442707824
TAG,4130,0.04220573507470313,4988,0.0377979009585875,0.1591329320210919
TAT,2,2.0438612626974883e-05,6,4.5466600992687455e-05,-1.1535098851772023
TCA,97854,1.0,131965,1.0,0.0
TCG,868,0.008870357880107099,918,0.006956389951881181,0.3506535045746251
TCT,600,0.006131583788092464,997,0.007555033531618232,-0.30117838835836164
