site_2,count_x,proportion_x,count_y,proportion_y,ratio
AAG,4420,0.008779282482352053,4913,0.011942206816756522,-0.44389451845123684
AAT,3405,0.006763225532219172,4929,0.011981098595520639,-0.8249768317508099
ACG,3470,0.006892332627547879,1532,0.003723887816664155,0.8881827165616532
ACT,4878,0.00968899093866817,4418,0.010738992411241668,-0.1484403095381044
AGG,5286,0.010499386244731438,7684,0.018677776751466948,-0.8310177430029695
AGT,5703,0.011327657917840217,8038,0.019538257356623026,-0.7864521936680502
ATG,4543,0.009023592831974068,4360,0.010598009713221746,-0.23201947858655814
ATT,9279,0.01843053442392414,5660,0.013757966737806212,0.42183063211216343
CAG,4523,0.008983867571872927,3823,0.009292704388451086,-0.0487618531822509
CAT,2669,0.005301335960497202,5677,0.013799289252743086,-1.3801660851119228
CCG,6612,0.013133170989437053,5574,0.013548923426949086,-0.044962926790508284
CCT,3181,0.006318302619086398,3698,0.008988862366856426,-0.5086015018436951
CGG,7308,0.014515610040956743,10197,0.024786216753605997,-0.7719328776143524
CGT,8804,0.017487059496522052,10478,0.02546925361815079,-0.5424689657565152
CTG,4853,0.009639334363541745,3351,0.008145396914909649,0.24294852458071414
CTT,4296,0.008532985869724983,8511,0.02068799556633722,-1.2776713069891148
GAG,4921,0.009774400247885623,8477,0.020605350536463472,-1.075938919600806
GAT,10106,0.020073173929106302,8234,0.020014681646483453,0.004210082317670505
GCG,6500,0.012910709532870667,7457,0.018125999640251047,-0.4894922723620727
GCT,7006,0.013915758613429521,5805,0.014110423482856018,-0.020041727929878128
GGG,11193,0.022232241815603286,11961,0.029074035362349843,-0.38707789415956384
GGT,12757,0.025338757155512474,14994,0.036446458174322675,-0.5244328586385496
GTG,9091,0.01805711697897342,8535,0.020746333234483397,-0.20028880421632422
GTT,9041,0.01795780382872057,10786,0.026217920359360037,-0.5459423288538705
TAG,5382,0.010690067493216911,8396,0.020408460906470135,-0.9328964246307496
TAT,9236,0.01834512511470669,10409,0.025301532822230542,-0.46382804531492017
TCG,3391,0.006735417850148374,5793,0.01408125464878293,-1.0639365296253889
TCT,1677,0.003330963059480632,2644,0.006426866440770252,-0.9481761369223589
TGG,6633,0.013174882512543252,8783,0.021349155805327202,-0.6963889268585168
TGT,503458,1.0,411398,1.0,0.0
TTG,10704,0.021260959206130404,9182,0.022319019538257358,-0.07006696504991794
TTT,7001,0.013905827298404236,11406,0.02772497678646955,-0.9954966750574501
