,Mean0,Mean1,Mean2,Mean3
*,-5.173750333242351,,-5.106052229088647,-4.573230858019687
A,-0.7948226760593521,,-1.2370118947482052,-1.3780708290796437
C,-3.527599858011668,,-0.5289743586792603,-1.6406482732946013
E,-2.320428557396236,,0.061050558880193284,-2.089163525636618
G,-1.2318484703078072,,-0.9706553381356734,-1.1589986271370987
K,-0.9684851713967773,,-1.1645477715814319,-2.046608531461228
L,-2.124378408411443,,-0.011592553328528599,0.7821418268545122
M,-1.2640048479754562,,-2.325809680962622,-2.4885563435678035
N,-0.20632592476466982,,-2.0323989391174035,0.7241713337359021
P,-1.0915076455666317,,-2.733255240559977,-0.625112294323956
Q,-1.3788030259788098,,,-4.376350711900139
R,-2.2746777474450455,,-1.4293101359608285,-0.008252525111164985
S,-0.951789239492352,,-3.881281072593602,-1.0257173172222696
T,-1.0940620521580715,,-0.08690897494892358,-0.22297469081794263
V,-2.0918908679129826,,-1.4688740588666214,-1.815637147843404
W,-0.19210156028214195,,-2.4865891110551086,-2.258997703772389
D,,-1.1565099179222837,-1.5154462864195566,-2.6938434425100235
F,,,0.8672741890560278,-1.6793372903621702
I,,,-0.04161872294465763,-0.42640963847241276
Y,,,-0.699930356213375,-2.6976191601170103
H,,,,-3.3706549198845677
