,Mean0,Mean1,Mean2
*,-6.2292236016630405,-5.869987854158566,
A,-5.5771131076631475,-0.028003884501664623,
C,-5.8247012638356095,-1.7248435966105284,
D,-5.594298090199993,-5.305306279109258,
E,-5.483819551350194,-3.0133956806716995,
F,-6.964468430847207,-5.716359507828985,
G,-6.552650276413863,-4.610910339454395,
H,-6.5024795666714414,-5.071611017340251,
I,-6.189495077011321,1.4616736905030752,
K,-6.265852696756948,-5.486814616711007,
L,-4.766545694426727,-1.5434827659487487,-0.20958680510841177
M,-4.742161663530054,-1.255700007285074,
N,-6.053583323489693,-2.01446630372345,
P,-3.799404991663502,-2.8134032479883584,
Q,-5.014305971246049,-1.8280378216678637,
R,-5.924522011576132,-5.569438000755916,
S,-0.00981496676130067,0.4432637026893758,
T,0.7065215245984593,2.5533547084259838,
V,-5.463276009623408,-0.3425510024663473,
W,-5.2921970647552605,-6.011151694873697,
Y,-5.754450261255092,-5.754764974651386,
