Translation,mean,std_err_of_mean,len
A*K,-0.5058436767000145,0.722326931552939,4
AAK,0.10346493127880929,0.6373262881640249,8
ACK,-0.3820577879967171,0.8304689673364011,4
ADK,0.18372063470111377,0.22720323005228613,4
AEK,0.2906032849933462,0.31266590585503384,4
AFK,-0.3665212301183627,0.5857794042859079,4
AGK,-0.15957615813947512,0.3858790448785382,8
AHK,-0.19374591646293626,1.3844763068108064,4
AIK,0.3470809141603659,0.9953794170844376,4
AKK,0.5290410099638281,1.043148883404808,4
ALK,0.13691938172231768,0.6322547645133988,12
AMK,-0.06760058856506763,0.37150741278845745,5
ANK,0.8832727060573076,0.7311463494292468,3
APK,-0.08523274894975907,1.0552125159508856,8
AQK,0.24299602504041196,0.5799517609920735,4
ARK,0.08989664959352443,0.4811770197866244,12
ASK,-0.25068139527452216,0.8418651452891235,12
ATK,0.09449630725819602,1.2145244020702064,8
AVK,-0.16318264768855273,0.29826673163413175,8
AWK,0.1469006659761385,0.7353882759896606,4
AYK,0.11288687201331027,1.2401722258519556,4
