Translation,mean,std_err_of_mean,len
F*G,0.11777233624088268,,1
FCG,0.5286870513116817,,1
FDG,0.8147157814168651,,1
FFG,-0.3509548026544076,,1
FHG,-0.00559582185100016,,1
FNG,-0.06525810782763397,,1
FYG,0.0866831055572466,0.2784173191771619,5
