Translation,mean,std_err_of_mean,len
A*G,-1.1485718794313984,0.9145555224471339,4
AAG,0.21014018479587224,0.5934411462145455,15
ACG,0.5873655337958978,0.402024145322099,4
ADG,-0.5005263378924271,0.39074245534647584,5
AEG,-1.0557503309546177,0.6719340830093592,4
AFG,-0.034574500115752915,0.1238808693212309,4
AGG,-0.6166516566661903,0.7530724041661216,8
AHG,-0.6483500650956202,0.9591473283032893,4
AIG,0.6260765110144981,0.45881923855866663,4
AKG,-1.394099423790006,1.2112691293765054,2
ALG,0.0698339190382428,1.264568854876017,12
AMG,-0.8164501683304419,0.8589060010967032,4
ANG,0.13595230762461474,0.6011096033590319,4
APG,0.17752053654951683,1.246463100576067,8
AQG,-0.16163995066707434,1.0372468012258236,3
ARG,-0.6084361617250693,0.7334467614298444,12
ASG,-0.09282348401695055,1.1643695481933412,12
ATG,0.24330607672755697,0.8600764464681296,7
AVG,0.2874355561366426,0.6993510257992922,8
AWG,0.6113130287977404,0.7641167436082894,4
AYG,-0.3051749281971263,0.9178115075628873,4
