Translation,mean,std_err_of_mean,len
T*T,-1.9862489790239397,0.3382309708861029,4
TAT,-0.002791260104931692,0.23805562327357382,8
TCT,-0.25053524357128265,0.45186122733387435,4
TDT,0.5155313595702646,0.6290819837176145,4
TET,-0.17670162508652254,0.36359717441142037,4
TFT,-0.054949433374299916,0.5883076449804485,4
TGT,-0.2638054654909987,0.39953824189137316,8
THT,-0.33216413293573077,0.43327212707763946,4
TIT,-0.5447714250555884,0.20759273578769652,4
TKT,-0.962764762284698,0.47041698781380925,4
TLT,-0.07590305680370402,0.7360314566741208,12
TMT,0.009104978265345398,0.3799366459917407,4
TNT,0.25434453013401503,0.4054427471482381,4
TPT,-0.4467508775812098,0.9745036499447997,8
TQT,0.018499910516941664,0.5024636151490603,4
TRT,-0.4569854985898143,0.57027633271903,12
TST,-0.06808556944065458,0.2954191579885514,12
TTT,0.024782692707306223,0.6927360587811783,11
TVT,-0.308582819739849,0.6126966160042263,8
TWT,-0.34290484737613935,0.641738334267344,4
TYT,-0.3900237937939359,0.425812511662978,4
