Translation,mean,std_err_of_mean,len
V*R,-1.8114264436884862,0.9866857591375021,4
VAR,-2.1539442396173385,0.6796457531300293,7
VCR,-1.117080324860651,1.637542827320558,4
VDR,0.2361514561048354,0.7921644302963614,5
VER,-2.705503479113913,0.48613338361840686,4
VFR,-0.8970818775439469,1.2738571214610925,3
VGR,-2.348862581969419,1.1729267012819184,8
VHR,-2.1086547618964513,,1
VIR,-1.440165225010854,0.3721217501175441,3
VKR,-1.484528792178045,0.27871546525857654,2
VLR,-1.0211211399380347,1.456195839619184,7
VMR,-1.8091923325255221,1.3750045023246065,3
VNR,-0.4001250682001738,2.1731819316790406,4
VPR,-1.8093818710849803,0.5479776197659174,2
VQR,-1.3732796908129081,1.2414274983707458,3
VRR,-1.6006144553126498,0.9979279731415858,11
VSR,-1.5024340876873972,0.8838144462145754,7
VTR,-2.7487365095472134,0.8366919133889255,5
VVR,-1.931091702575614,1.2528074371216575,8
VWR,-1.877839115030034,0.3149009701954146,4
VYR,-1.7354175396100775,1.2138695529579502,2
