Translation,mean,std_err_of_mean,len
A*L,-0.33554320859114894,0.14481089486183168,4
AAL,-0.08409737789822791,0.2399366335146785,8
ACL,-0.2389232537919752,0.14430121003062407,4
ADL,-0.019223376689728067,0.2677758742402484,4
AEL,-0.03953102910322248,0.11812018936725621,4
AFL,0.1572195500367286,0.2789511079281614,4
AGL,-0.017423341908541112,0.16289763734414608,8
AHL,0.1418789513322769,0.36082635768497345,4
AIL,-0.16700905071372651,0.4415975837966082,4
AKL,-0.2667007212963317,0.2720908973203237,4
ALL,0.00796509349661926,0.30399474009696065,12
AML,0.21519004891971427,0.4880055629954334,4
ANL,-0.34982722812738887,0.21333834701059765,4
APL,0.1640361917357026,0.46599886447229383,8
AQL,0.03465169712968286,0.5506316484749596,4
ARL,-0.211050863767663,0.20292451683898485,12
ASL,-0.1293046067639599,0.2807956443513994,12
ATL,0.0011055613005984677,0.46097812872817856,8
AVL,-0.06207276995547906,0.2790091117375522,16
AWL,0.02514727408641826,0.18187945031081068,4
AYL,0.06462987617063742,0.34233462953330296,4
