Translation,mean,std_err_of_mean,len
NFT,0.2828386614020859,0.7184616833944824,3
NLT,-0.026371432751769674,,1
