Translation,mean,std_err_of_mean,len
Y*A,-0.03289161728812662,1.2647249533987333,3
YAA,0.1805664348051198,0.5123015591176453,8
YCA,-0.11575685031243266,1.1293867609556154,2
YDA,-0.6974315070598953,0.5649878333876881,3
YEA,-0.4977115387923803,0.41602294306676296,3
YFA,-0.49382671768250547,1.1070687365579799,3
YGA,-0.24273918059821087,0.5853544629004882,6
YHA,-0.013101950398864007,0.6506853648128634,3
YIA,-0.6408380850839931,0.3616628366229543,3
YKA,-0.13884169635836852,1.1773086434447146,2
YLA,-0.613705179486855,0.8870840000794423,9
YMA,-1.0240246450006465,1.2600232149543078,3
YNA,-0.5480783972648666,0.8282651536515296,3
YPA,-0.24007541182585027,0.7972339106659866,5
YQA,0.20438170957481727,1.5589774925052005,3
YRA,-0.3211922075983955,1.0682688571799874,9
YSA,0.13807803645621894,1.0294927106287894,9
YTA,-0.28969090076933846,0.5110497165330637,6
YVA,-0.20029975386611612,0.3137774406140488,6
YWA,-0.20100868650304093,0.4244223959053896,3
YYA,0.3327314789141799,0.8645835393282509,3
