Translation,mean,std_err_of_mean,len
L*D,-0.20429948675397713,1.262123534683633,4
LAD,0.8359353653439952,1.3805196847195682,7
LCD,0.27587776271357467,1.603833555392876,4
LDD,-0.07543085123158984,0.17746614165265726,6
LED,-0.32035366482290173,0.797391426838056,4
LFD,-0.1385542055326603,0.7963155018241115,3
LGD,0.43686658580350834,0.49552503750198995,8
LHD,0.5415845384860534,1.5913698989723843,4
LID,0.012880735103384833,0.7131946268650846,4
LKD,0.6785533294308022,0.9082293191170067,4
LLD,0.2774347897636831,0.46762069180253985,9
LMD,1.973975774408754,0.8800611232796424,3
LND,0.8597899679094501,0.7126192047921034,4
LPD,1.5539887446043137,1.991534857696421,6
LQD,0.03257573884778853,1.097776937773116,4
LRD,0.7029403203973749,0.9282244442650759,10
LSD,1.1113525224231235,1.9617786747556023,10
LTD,0.9692430330571314,1.0636332617044546,6
LVD,0.9647630910183895,1.2664832222859979,8
LWD,-0.35091602629679897,1.6780304378957318,4
LYD,-0.07540779104617723,1.2646927085965505,4
