Translation,mean,std_err_of_mean,len
V*C,-1.012268206051583,1.2809279585759141,4
VAC,-0.3887003021910709,0.889919883669432,8
VCC,-0.051351861307015856,0.8854456204972457,4
VDC,0.03207958415029055,0.3552971406396872,4
VEC,-0.24476113525382281,0.27575836087899375,4
VFC,0.3002214252230937,2.2140711761338663,4
VGC,-0.33276222957455937,0.4573780369338025,8
VHC,-0.16907640343136454,0.414338246813587,4
VIC,0.46328986277831063,2.8252244271479348,3
VKC,0.9150089203074951,3.5047764215709782,4
VLC,0.19061148942890335,1.022632245495175,12
VMC,-0.30270302993447773,1.6363933672494384,4
VNC,-0.40910889051323274,1.0893601557871018,4
VPC,0.8446063293756781,1.7760562620845923,8
VQC,-1.1301603329261023,0.8381568953899257,4
VRC,-0.28676148993818956,0.7583420394339724,12
VSC,-0.04203052314782855,1.1421029946861732,12
VTC,1.8388273917573348,2.56761177038388,8
VVC,0.8877164070955089,0.7009879690554206,7
VWC,0.027038423270357992,1.5233651785487436,4
VYC,-0.03425353986563486,0.629266114057082,5
