Translation,mean,std_err_of_mean,len
V*Y,-0.997235496380978,0.7006083908458925,4
VAY,0.11675844979507033,0.9752591198069176,8
VCY,0.8934202319208002,0.7914517051149446,4
VDY,0.7987868261023634,1.0784906913177745,4
VEY,0.9634665252772701,0.6004278834957827,4
VFY,1.2619497182257602,0.3437421239760196,4
VGY,1.3944470982588246,0.730055685881457,8
VHY,1.3654277776832902,1.050453808833013,4
VIY,0.8879841937903463,0.7596263620226621,4
VKY,0.5839238539588172,0.7255816544616635,4
VLY,0.1848354451724143,0.8806764209710994,11
VMY,0.6883687153011813,1.0089102318807497,4
VNY,0.5612632248313141,0.9422808360917033,4
VPY,1.9691114653870887,1.9238993263392483,8
VQY,1.8373730855467059,1.0731419322761921,4
VRY,1.3821768438654842,1.1217286248545988,12
VSY,1.823362116641519,1.2465448409185549,12
VTY,0.17947706750974224,0.9334351072164923,8
VVY,0.5365677430192048,0.7825665790405466,10
VWY,1.8392076105611777,1.211495116181791,4
VYY,0.6555124845493665,0.26346733439590836,4
