Translation,mean,std_err_of_mean,len
R*I,-1.0073819521106122,,1
RAI,-0.9033163700281506,1.3474405886599425,3
RCI,0.24386863940725423,0.516143774239022,2
RDI,-0.017092648502083325,0.19015513115707908,3
REI,-0.6738910640408218,0.3397636111875215,2
RFI,0.5528604933515626,0.3168558124280568,2
RGI,-0.16770605170509567,0.5460603004067127,4
RHI,-1.1922573769661788,,1
RII,0.6348431292548118,0.510409674202522,2
RKI,-0.2071896275426064,1.1412611005173254,2
RLI,0.8184399750224122,1.2630718298797359,5
RMI,0.5879830237243548,2.3490794535994706,2
RNI,-0.32142393470454556,1.5578818592791546,2
RPI,5.78251354907043,,1
RQI,-0.3875609712906143,0.07732242020587299,2
RRI,0.19940608857512165,0.6724823276699295,6
RSI,-0.096829347741701,0.7127620956805588,5
RTI,2.39085952937538,1.60509888583668,2
RVI,-0.47119451657629574,1.3011302435432996,8
RWI,0.16450333389613192,1.1855855147828864,2
RYI,-0.921795493122326,1.1464515374328663,2
