Translation,mean,std_err_of_mean,len
G*S,-1.777709033791501,1.81083154550261,4
GAS,0.5195869011136729,2.3954728516154375,7
GCS,1.0859479961365945,1.947934449156807,4
GDS,0.29066714155398254,1.9343513360754108,4
GES,0.8623351958051411,2.4407753966867096,4
GFS,2.8495622663401114,1.464064390443661,2
GGS,0.3413264121179783,0.9165801063608762,8
GHS,0.08373253339681697,0.7540150247886,8
GIS,5.494256329761882,1.9734237388943998,4
GKS,1.0161101070060683,0.7244255716415017,3
GLS,0.8448632561362853,1.8667365063672283,10
GMS,0.9852577089658756,2.386277649253217,4
GNS,0.6035451010876214,0.8747711609356627,3
GPS,-0.0686467878893852,2.0393539522243302,6
GQS,0.8959749332654869,0.7372256536217268,4
GRS,0.3422530177713478,1.303803318169823,11
GSS,1.464323966698532,1.8736593118537246,10
GTS,1.0785273944581395,1.2817386667190758,5
GVS,1.9186595887262428,1.2599862513008198,6
GWS,0.0006618969413716425,1.0515986639880661,4
GYS,0.6071644528200638,0.9916129244528102,3
