Translation,mean,std_err_of_mean,len
D*A,-0.9100274672878536,1.0558190454924476,3
DAA,1.6008399471073027,1.4953013472168464,5
DCA,-0.3986935788177555,0.6690654808114848,3
DDA,0.9750352887727184,1.812907924324649,3
DEA,2.593291549685114,2.5644965042206747,2
DFA,0.35037509407444983,1.447484749205001,3
DGA,0.34648717037256127,1.5451367743223166,8
DHA,0.7812271825722874,0.22067290701054063,2
DIA,3.868579674215807,,1
DKA,1.3682531158673168,0.7186367984623931,2
DLA,0.9504551162465259,0.4636778148957532,7
DMA,1.6194589053639714,1.8848378927425393,3
DNA,0.8732060400698014,0.35732451604573523,2
DPA,1.407199822127558,1.1540020214391757,5
DQA,1.6205605820894027,1.4499471928707541,3
DRA,0.6367210181702546,1.7668442822204717,8
DSA,2.3727542811148497,2.7749120023689544,6
DTA,1.5127972990201086,2.958769124470082,8
DVA,0.4557067224351048,0.9223749618255497,5
DWA,0.9062489925204962,1.4669674699887567,4
DYA,1.802386428573966,1.1575781845419402,3
