Translation,mean,std_err_of_mean,len
V*A,-0.5832287176782405,,1
VFA,-0.22193819052010433,,1
VLA,-0.007288455944237882,0.010307433245100014,2
