Translation,mean,std_err_of_mean,len
F*R,-0.033019819141411055,0.3784079050929144,2
FAR,-0.08862931770277402,0.5537307857986035,5
FCR,-0.4834083126674096,0.07713186335643506,2
FDR,0.22709651137968923,0.6001748359522432,3
FER,0.8840156314384,0.55361377530479,2
FFR,-0.36069350738735445,0.695636706117441,3
FGR,-0.198366231991721,0.2533024057246957,5
FHR,0.2108897959632583,1.2173241826789023,2
FIR,-0.02498511842146763,0.4937928052596912,3
FKR,0.05011042484410311,0.39844394059485805,2
FLR,0.41585328856802245,0.8705320267358725,7
FMR,0.18480310955190182,1.0001220146211103,2
FNR,0.3008036632956026,0.11488148746628389,2
FPR,1.628521380028882,0.9622953337351936,4
FQR,0.16397781464159777,0.04918629960626063,2
FRR,0.34411111290290686,0.43724287975309745,6
FSR,0.07084620119377627,0.7112812930694986,6
FTR,-0.03350093422439193,1.6523061739043912,4
FVR,-0.11958798671946062,1.137075974605602,12
FWR,-0.0003364213135332861,0.021228502886689506,2
FYR,0.47084617788591565,0.3490014556823499,2
