Translation,mean,std_err_of_mean,len
SAV,-0.17002345184052192,,1
SCV,-0.22513409765351255,,1
SDV,0.018900489803094445,,1
SGV,0.11117074268005762,0.20110122089347968,5
SRV,0.12162388871574592,,1
SSV,-0.22744889833700466,,1
SVV,0.175153854112307,0.44048107255147156,2
