Translation,mean,std_err_of_mean,len
Y*C,-1.993380929694311,1.0421935631114576,2
YAC,0.3238788720353057,2.1402950073487252,5
YCC,2.2213988088090404,1.8738008127314767,2
YDC,-0.7978179213853777,0.7627048688377747,3
YEC,0.3801570030450539,0.8524915731697347,3
YFC,-1.1401836166282155,0.004802467827105893,2
YGC,0.1514543908398036,0.7419114776839699,4
YHC,-0.7646361710477526,1.0475538029618532,3
YIC,-0.7672265420288853,1.8050714142398592,2
YKC,-0.6734239675446835,1.0058789315762708,3
YLC,-0.2706335781813686,1.6690163686694461,9
YMC,-0.4264816395166364,2.2427704783751725,2
YNC,3.952636553888347,4.334135224539612,2
YPC,-0.3193003608492766,1.371652103108134,4
YQC,0.23775606269181138,0.32054347421190005,4
YRC,-0.21785713849292787,1.4619649462654254,8
YSC,-0.5041805480339343,0.9859319633027305,7
YTC,0.3372118870780955,2.4691069435590576,5
YVC,0.3282807090665827,0.6979433663654249,5
YWC,-0.1394030549784997,0.46120500760059135,2
YYC,-1.219270513569182,1.4746474804464216,3
