Translation,mean,std_err_of_mean,len
V*F,-0.12776302233552794,0.6635050794376967,3
VAF,0.8800664264618399,1.1925792150531995,8
VCF,1.5821503743664682,0.9143783711821497,4
VDF,1.006089968332706,1.0463551966533453,4
VEF,1.065854940507579,0.889351810724846,4
VFF,0.18693591341233717,1.318456531126293,4
VGF,0.06896404419721325,0.6576928319479287,8
VHF,-0.5626457090604331,1.0511603733467287,4
VIF,-0.10703014306040497,0.8086170604565118,3
VKF,2.7236185992594466,2.749569318949708,4
VLF,0.07309877780670676,0.8756728884624537,11
VMF,0.9165269600668994,1.6096828265796495,3
VNF,0.4544130674444049,0.49953140149721514,4
VPF,0.7927314157393586,0.5945986151626708,8
VQF,0.5248681392658443,0.5763327882995698,4
VRF,0.9803915526037194,1.3726303749979152,12
VSF,0.36896793612592743,0.8714661358753496,12
VTF,0.337501123908338,0.9879871840466635,8
VVF,1.1510314292124837,1.095957935041816,7
VWF,1.74807475357807,0.3480153113533137,2
VYF,0.4022370112347329,0.5288612250981337,4
