Translation,ratio_x,ratio_y,all_ratios,len,mean,std
*,[0.4861803717734094],[-0.0490632976200764],"[0.4861803717734094, -0.0490632976200764]",2,0.2185585370766665,0.2676218346967429
C,[0.0773748262060802],[-0.1346410993101905],"[0.0773748262060802, -0.1346410993101905]",2,-0.028633136552055148,0.10600796275813534
D,[0.526319762626624],[-0.0327614852909761],"[0.526319762626624, -0.0327614852909761]",2,0.24677913866782397,0.2795406239588001
F,[-0.1184491624038237],[0.0403019768987462],"[-0.1184491624038237, 0.0403019768987462]",2,-0.039073592752538744,0.07937556965128495
H,[0.2353353749475299],[-0.6331540265817388],"[0.2353353749475299, -0.6331540265817388]",2,-0.19890932581710447,0.43424470076463434
N,[0.126815708240036],[0.2026684591482173],"[0.126815708240036, 0.2026684591482173]",2,0.16474208369412663,0.03792637545409065
S,[1.0267487531361148],[0.2302729205428164],"[1.0267487531361148, 0.2302729205428164]",2,0.6285108368394656,0.39823791629664923
Y,[0.0],[0.0],"[0.0, 0.0]",2,0.0,0.0
