Translation,ratio_x,ratio_y,all_ratios,len,mean,std
A,[0.9148099822971184],[0.5306995458637775],"[0.9148099822971184, 0.5306995458637775]",2,0.7227547640804479,0.19205521821667043
C,[1.1617894916756306],[1.40402335652497],"[1.1617894916756306, 1.40402335652497]",2,1.2829064241003003,0.1211169324246697
D,[1.4332770712313678],[0.6618464024139499],"[1.4332770712313678, 0.6618464024139499]",2,1.0475617368226589,0.385715334408709
F,[-0.5397558811683627],[0.2097282510828169],"[-0.5397558811683627, 0.2097282510828169]",2,-0.1650138150427729,0.3747420661255898
G,"[2.8285164859834984, 0.0]","[2.8526140069633774, 0.0]","[2.8285164859834984, 0.0, 2.8526140069633774, 0.0]",4,1.420282623236719,1.4203081764824308
R,[0.8111512806907655],[0.4822229861656772],"[0.8111512806907655, 0.4822229861656772]",2,0.6466871334282214,0.16446414726254413
S,[0.5007231881867078],[-0.169787335357487],"[0.5007231881867078, -0.169787335357487]",2,0.1654679264146104,0.3352552617720974
V,"[3.3426285212608366, 1.3111691868168265]","[3.809916103872803, 1.385639119354776]","[3.3426285212608366, 1.3111691868168265, 3.809916103872803, 1.385639119354776]",4,2.4623382328263106,1.1264266802467786
W,[3.50463823819009],[8.510538374066599],"[3.50463823819009, 8.510538374066599]",2,6.007588306128344,2.5029500679382544
X,[0.782172213718999],[0.5829455746670344],"[0.782172213718999, 0.5829455746670344]",2,0.6825588941930167,0.09961331952598229
