Translation,ratio_x,ratio_y,all_ratios,len,mean,std
A,[0.2223341753558365],[0.0056923647049327],"[0.2223341753558365, 0.0056923647049327]",2,0.1140132700303846,0.1083209053254519
C,[0.1542366589724277],[-0.7241311602172527],"[0.1542366589724277, -0.7241311602172527]",2,-0.2849472506224125,0.4391839095948402
D,[-0.6651910953857545],[0.97630855792384],"[-0.6651910953857545, 0.97630855792384]",2,0.15555873126904274,0.8207498266547972
F,[0.6567369995016108],[-0.2253253032458122],"[0.6567369995016108, -0.2253253032458122]",2,0.21570584812789928,0.4410311513737115
P,[0.2459996376563928],[0.2688620506776882],"[0.2459996376563928, 0.2688620506776882]",2,0.2574308441670405,0.011431206510647704
S,"[0.8873499276430277, 0.0]","[-0.3456195369635235, 0.0]","[0.8873499276430277, 0.0, -0.3456195369635235, 0.0]",4,0.13543259766987603,0.456474206383155
T,[-0.1433999210536765],[-0.1637643254382297],"[-0.1433999210536765, -0.1637643254382297]",2,-0.1535821232459531,0.010182202192276599
Y,[-0.0476607322081648],[-0.0201159878523338],"[-0.0476607322081648, -0.0201159878523338]",2,-0.0338883600302493,0.013772372177915502
