Translation,mean,std
*,-5.519602479269379,
A,-5.372677489784179,0.09995481978150114
C,-5.586278080015614,
D,-6.781297324459341,
E,-5.21216243581631,
F,-2.8270155063317204,
G,-4.997780350083717,0.09997600592174712
H,-5.02837168712499,
I,-4.28854414245731,
K,-5.45832118455786,
L,-5.260026877725906,0.17560454512219648
M,-5.315801626196196,
N,-5.728286911240492,
P,-5.189573061678187,0.17830224130156305
Q,-5.875696985873171,
R,-1.7737457621813315,1.2672661700947896
S,-5.1286274374407705,0.6716921368283706
T,-6.020556611680908,1.4065301469910347
V,-4.8890095950517845,0.525965763450955
W,-5.475511128019036,
Y,-4.388759085215834,
