Translation,mean,std
*,-4.436434865408538,
A,-1.670740432045498,0.47238678865753686
C,-1.5216415287311689,
D,-3.7822632945867216,
E,-3.3683162191582454,
F,-0.5528824367976172,2.8075327365447715
G,-3.3322483502356803,0.21214059611079525
H,-2.5275749163186143,
I,-0.5545174346369839,
K,-3.6911357945818732,
L,-0.5119333438223542,0.5648953621654431
M,-0.6928758289144454,
N,-3.5154276861044695,
P,-3.1825482621979306,0.0016279333667879022
Q,-3.420620484968546,
R,-3.3354233127166997,0.04933061229219228
S,-3.5996873310796698,0.21050839903921756
T,-1.2634379879304616,0.6039214319271101
V,-0.8445785202249008,0.09595408854290827
W,-0.16162465023892647,
Y,-0.8727428211382104,
