Translation,mean,std
*,-3.3430605440882384,
A,-0.8793673928471373,0.041678184383452235
C,0.7027704996509065,
D,-1.7592739437396978,
E,-1.8113724462513687,
F,-1.1151987865784214,
G,-0.6797306816298603,0.3876099116169176
H,0.5290395852800742,
I,-0.8355374368131292,
K,-0.42910349382366153,
L,-0.6217345949266925,0.4900910764897903
M,-0.4338975278059589,
N,-0.1558729847584548,
P,0.22047009185517252,0.09170874008719741
Q,-0.04719565876204079,
R,-1.2668449851653598,0.4850963712494697
S,0.2767058085068032,0.8973009070824574
T,0.5267673611317099,0.4578164082434991
V,-1.3600403505041,2.172297541413703
W,1.2230713220945093,
Y,-0.6664969774329901,
