Translation,mean,std
*,-3.7557054407640207,
A,-2.8399827243634572,0.48035387777107896
C,-2.5693608377725523,
D,-3.2811356801196374,
E,-3.2485757486907807,
F,-2.5029749673241595,
G,-3.40321368409166,0.055356937096957944
H,-2.517363359496579,
I,-3.0332283078688826,
K,-3.880898745683376,
L,-2.388497822556771,0.15363948453937395
M,-1.4704675253561401,
N,-2.983847203056266,
P,-3.7821418957657302,0.4096182398213073
Q,-0.16418978379344207,0.232199419043792
R,-3.3836454387448054,0.6107636485256512
S,-3.5094230801746633,0.13540484530992922
T,-3.3639668813757555,0.42306212399507903
V,-2.4088666466659574,0.5928988918715926
W,-3.1184842934297623,
Y,-3.6199785994424416,
