Translation,mean,std
A,-1.089178084544339,0.8418898385387277
C,-1.3252618760106802,
D,-1.2163608189361614,
F,-0.8525435691004386,
G,-1.2648176853291324,0.09998298024774883
H,-0.9024226078950885,
I,-0.7387399794914709,
L,-0.774784836280469,2.9413546511159456
M,-0.6831427892374577,
N,-1.0236344904327934,
P,-1.578350698735623,0.8264839759628714
R,-0.5406920413416861,0.40854957564972594
S,-1.6162539346511944,0.9808829226569511
T,-1.4169623294540163,1.2349435843579246
V,-0.6074869116096759,0.02219008304261361
W,-1.5007740914090526,
Y,0.26446949751082993,
