Translation,mean,std
*,-0.10606405223626414,
A,0.2881100629707145,0.06326975895236644
C,-0.11368411909106779,
D,-0.023949180455590913,
E,-0.30095280385072254,
F,0.12257733176095176,
G,-0.05138018322583715,0.22329317302660165
H,-0.4927852640675354,
I,-0.1168413114807425,
K,-0.1755288608270078,
L,0.13135017492036116,0.22416117996898188
M,0.2737978701165247,
N,-0.21779362360827026,
P,-0.3541525335020501,0.3660314704686068
Q,0.09570037042677892,
R,0.22226589753712625,0.1301146726252359
S,-0.03399940079113928,0.10953478785345795
T,-0.023602949173285204,0.17581317725002785
V,0.16747290012843674,0.5346575330084079
W,0.020859953496845662,
Y,-0.3108785399506573,
