Translation,mean,std
*,-2.4568634628415196,
A,-1.5339648622823088,0.13758322752573934
C,-2.420106100263638,
D,-1.2594331241218368,
E,-1.2706550459664747,
F,-1.9404874143461495,
G,-1.1911998348450972,0.20259516733802013
H,-1.381979455482246,
I,-1.8035107933500951,
K,-1.711804959008668,
L,-1.3062543043127743,0.36334473559769187
M,-1.4389675161544826,
N,-1.8565923702749734,
P,-1.438621044159889,0.021446726813848953
Q,-0.7628742563526973,
R,-1.5909329814732531,0.19442890182790823
S,-1.6409197216711213,0.36394803468283027
T,-1.7412107375815409,0.30537283477524774
V,-1.5770071535438928,0.1288193741541424
W,-2.3347238709461458,
Y,-0.6267371394522714,0.88634016265632
