Translation,mean,std
*,-4.903485898723119,
A,-0.43540308947383566,2.596860343408934
C,-0.6084288642935807,
D,-2.0789104440586,
E,-3.4047561924338887,
F,0.12427756949870528,
G,-0.6461899959316524,0.20409833387964807
H,-0.6528013299947606,
I,-0.9310208894409158,
K,-3.018718104105809,
L,-0.22449350048717984,0.33444140650858895
M,0.2833187345138466,
N,-1.1612163346186346,
P,-3.0741889666310884,0.47057236387987916
Q,-1.6596108648411105,
R,-0.512866083293822,0.3674552910557769
S,-0.25115356955469953,0.42820755776572333
T,-0.4809775473367157,1.5780670243675787
V,-0.7155431000396897,0.6715299522454156
W,-0.7108738873364304,
Y,-0.7657394267029503,
