Translation,mean,std
*,-7.643211234096244,
A,-0.24688815461001345,0.01694748694538358
C,0.07793606713199708,
D,-3.376435617836689,
E,-0.3806968266189146,
G,-0.08355685990371109,1.3240136737729997
H,-2.30326114666532,
I,-2.367270111675359,
K,0.07355839648427764,
L,0.806404771236857,0.44328925271032504
M,1.5469990921886994,
N,0.6077593858136083,
P,-3.879248309964755,0.3857008225972072
Q,3.4095608405014852,
R,-0.11600527198500805,2.2644133823017656
S,1.353942556894986,0.6205030699514744
T,-1.7854131243292881,1.5643296298111753
V,-0.17741197122941288,1.1855267581322704
W,-0.6733987968523829,
Y,-0.5464494088342708,
