Translation,mean,std
*,-0.13444926378138256,
A,-0.16886472413869358,0.07291219959193523
C,-0.26687249598865836,
D,-0.22622762666197982,
E,-0.3655275612682338,
F,0.13990110179843196,
G,0.03484410836139462,0.11747854039704092
H,0.07643330309472152,
I,-0.152129672929747,
K,0.2323844644332702,
L,0.10758911390942527,0.13849054638909025
M,-0.040021114546567205,
N,-0.17241828380508117,
P,0.13569134489423584,0.1438156027332877
Q,-0.37331189523678,
R,0.18934368833614337,0.03811504583037383
S,-0.037638821365669095,0.10265938263039534
T,-0.08166995651950071,0.06504263098809325
V,-0.11148136710275125,0.1552765858732747
W,-0.16189759427507422,
Y,-0.06773014588648962,
