Translation,mean,std
*,-3.6334225505070803,
A,-1.166101101648659,0.3757956922250746
C,-1.5614784827236425,
D,-1.532678185432344,
E,-1.37145153866825,
F,-0.24691761471239193,
G,-0.24174257306769498,0.02189665930187783
H,-0.8801740811491587,
I,-1.5503570561055575,
K,-1.1101128464084438,
L,-0.4479251894179675,0.35258757177254396
M,-0.6640704639067048,
N,-0.6780220129840435,
P,-0.9047605161372156,0.22018823066225723
Q,-0.7882977488758858,
R,-0.5506704909652846,0.40699214835605285
S,-0.7800472805095712,0.7041052662880033
T,-0.7459755184432422,2.209506464101872
V,-0.8312828533760417,0.07884538175361584
W,0.04930794854059517,
Y,-1.2843980957975107,
