Translation,mean,std
*,-3.9729223791810617,
A,-0.16388638306814718,0.5958305060664304
C,-0.7007399244808683,
D,-1.3813484795324482,1.953521754118242
E,-0.4911268428125313,
F,-0.8807715240869936,
G,-1.1119216033356008,0.07435053520530654
H,-0.19927177212760938,
I,-0.012006055495184853,
K,-0.7709608667026888,
L,-0.41051668635908306,0.15916894805963863
M,0.05837480466012668,
N,0.8730768642838171,
P,-0.7153456012314723,0.0022032517670447925
Q,0.15967916838270213,
R,-0.2536188951300013,0.5580101772890129
S,-0.564726109453531,1.1444715323327865
T,-0.5853683520013555,0.223160241729208
V,-0.32257135193135955,0.2714042957895926
W,-0.6926173186717941,
Y,-0.5665922209166787,
