Translation,mean,std
*,-3.7127701360731717,
A,-0.8234308044707941,0.27817172461788386
C,-0.11535672504105143,
D,-0.46305839904735535,
E,-0.03639838309788779,
F,0.05517254841336783,
G,0.00587655861720604,0.03276254959071564
H,1.0737683090175674,
I,-0.27855448277589545,
K,-0.9309538358914056,
L,-0.46567271226403645,0.9877573998758387
M,0.2705960482100789,
N,-0.2046985311217755,
P,-2.2706037042152607,0.6862326323448835
Q,-0.6273013985366687,
R,0.0305033227708158,1.6253563408174425
S,0.42650751889721644,0.7679983479540208
T,-0.44866606134080617,0.39754185802957276
V,-1.3197532922214066,0.8606402063687655
W,-0.13300167989957767,
Y,0.6826751005671152,
