Translation,mean,std
S,-2.10079412440359,1.8196656722976994
