Translation,mean,std
E,-0.6884770633384205,
K,-0.5766988820247461,3.877013210069005
M,-4.629152113547191,
N,-0.9516348668051284,
R,-0.636050672780434,
