Translation,mean,std
*,-4.811647828865123,
A,-0.11291663235443172,0.019001552858298354
C,-0.6506228513980341,
D,-0.35240497718642594,
E,0.15642490584625524,
F,-1.5992810719161081,
G,0.16531363304293967,0.6547655797860116
H,0.559890567286045,
I,-0.9292752044090173,
K,-0.7348110725541046,
L,-0.47768138920471426,1.286692328151322
M,0.06233982392746018,
N,-0.7452220636872504,2.6870206403177064
P,-0.3706349723233311,0.6480322130266797
Q,-0.07808027607597268,
R,0.11228946361495347,0.8465671720542309
S,0.27480805398783154,0.5522728480484052
T,0.5916915263005227,0.1544347233301615
V,-0.687439218967473,0.23303056458157606
W,0.03629651205974138,
Y,-0.5356742510321997,
