Translation,mean,std
*,-2.8933522292580616,
A,-2.44235739321696,0.37853661649648235
C,-2.7476827522432123,
D,-2.5932431351750838,
E,-3.0014240518393973,
F,-0.9044632660074587,2.086882892262037
G,-2.5551694732318477,0.1744127228612961
H,-2.8960809210514156,
I,-0.431192072355695,
K,-2.889378937685058,
L,-0.15763233592932538,0.33967137059298136
M,-0.4790887971522748,
N,-2.881803778888004,
P,-2.1029369505765523,0.3539952270518791
Q,-3.0240302824484875,
R,-2.8158744215403764,0.2299643863259064
S,-2.4384826096640713,0.29978033643976704
T,-2.945780405391366,0.5983497041839934
V,-1.8352586775044204,0.5973467305697019
W,-1.3712776236274462,
Y,-2.096337737161489,
