Translation,mean,std
*,-3.1093076795189782,
A,-3.128213718137865,0.4361973338361761
C,-1.997811088819104,
D,-3.1691923528475234,
E,-3.2489140555392106,
F,-0.4326969810166732,
G,-2.5452644292002375,0.14826294929349026
H,-1.087634058199269,
I,-1.6709569450540913,
K,-2.122552742006699,
L,-1.7162697623406438,1.0041909656924373
M,-2.925522984728219,
N,-2.358392364099632,
P,-2.4385768345033365,0.5770812757231527
Q,-1.5805568106496803,
R,-3.0851389269247913,0.45041133118905
S,-2.8691484039821256,0.7820758231289949
T,-2.3510009703132324,0.407185311766953
V,-2.8033357701461945,0.36473690372876005
W,-2.412224808324639,
Y,-1.1804306012710277,1.9228106898033506
