Translation,mean,std
*,-0.10028909273801645,
A,-0.04976689975886606,0.2251686177259302
C,-0.20135292233178337,
D,-0.20900886466169144,
E,0.1292568410928272,
F,-0.07860649501519834,
G,0.13991386826810004,0.1674864919252896
H,-0.15089909459025996,
I,-0.1435268282783113,
K,0.05316286045837604,
L,-0.03786195364452205,0.09798157310538855
M,-0.08752708832870493,
N,-0.10406871847132315,
P,-0.2542083166201894,0.10470985247468509
Q,0.026463088160840087,
R,0.03449058822217962,0.22308954865681774
S,0.24847069568610416,0.22092680071330015
T,-0.05440189404682272,0.4824259335073948
V,0.03526833944644059,0.15598199430281415
W,-0.008698568800685536,
Y,-0.08749531828599455,
