Translation,mean,std
*,-4.221459473021374,
A,-3.3735844505588424,1.1414837641961644
C,-2.0467090949949265,
D,-2.2788503630133246,
E,-3.420559984525079,
F,-3.9678493551839686,
G,-2.897931133980221,0.5372661227199829
H,-4.583021239707097,
I,-3.915425736146247,
K,-2.7059266022562625,
L,-3.3774065679817937,0.8644517141384943
M,-3.9195825553983985,
N,-3.7323636305114807,
P,-3.5615242617323633,1.1505462250224598
Q,-4.073985809080017,
R,-3.0752702227205493,0.7192826867332615
S,-1.1454399368057413,1.170407522145727
T,-1.4865671667317013,1.2974546056150804
V,-2.606754634873604,1.849535489875104
W,-3.742435063842687,
Y,-3.9818527561788395,
