Translation,mean,std
*,-2.7665915489461197,
A,-0.3737945327509742,0.6632588453103404
C,0.026311196422985184,
D,-0.2696123247622739,0.38128940626174723
E,-0.4726664612686813,
F,-0.27027965157106326,
G,-0.05873519858837595,0.15495365201145844
H,0.2535994776963131,
I,-0.05363424342080414,
K,-0.41559897228074405,
L,-0.19931881305894006,0.23564106325000583
M,0.2029442364035443,
N,0.02961460191780141,
P,-0.5489924826779689,0.2665449910125964
Q,-0.3697473600688177,
R,-0.2586795532362543,0.24644152004900444
S,-0.1990222625212296,0.5078243924849645
T,-0.17983798282566976,0.1009871187443542
V,-0.18649823023565038,0.13976936037299856
W,-0.6605631158660019,
Y,-0.12177980004535627,
