Translation,mean,std
I,-0.012954007880952467,
K,-0.06847255656743911,
L,-0.11613250768602867,
M,-0.08769221234068078,3.934391120654328
Y,-4.1066057364365625,
