Translation,mean,std
*,-3.270235750504668,
A,-2.65036425086402,0.4896245527542446
C,-3.8047750258368174,
D,-2.1814711285781554,
E,-3.6568608619726652,
F,-1.3628819139008068,
G,-2.448363555107433,0.5446233152739289
H,-1.9662417646222856,
I,-0.6844173305187065,
K,-4.431847126277837,
L,-1.0537809818353625,0.9287795838860633
M,-0.6134705992044607,
N,-4.290294670398998,
P,-3.938310144498838,0.44046051247787116
Q,-4.0534105504469515,
R,-4.263494702756578,0.22673079257483592
S,-3.6734193094874192,1.1354162327963686
T,-2.2230095708537165,0.06813238865323526
V,-1.801839141038608,0.5784984970115314
W,-2.8783225426538097,
Y,-4.787672761143573,
