Translation,mean,std
*,-0.167728405707412,
A,0.03338063257870456,2.65778670683035
C,0.40878122699745845,
D,0.13345913149191002,
E,-0.08113312826834651,
F,0.18337297718339318,
G,-0.030333442383043696,0.0052618041630134674
H,0.23514861604273118,
I,0.22899420536880477,
K,-0.372404629526752,
L,0.3331512557152078,0.20979364126831018
M,-0.5920938672766178,
N,0.3869122591099172,
P,-0.2686217114665985,0.22512454572747131
Q,0.048022075372300854,
R,-0.21598992687241836,0.24388611920730532
S,-0.10597977316981044,0.4164206445216614
T,0.1620546948349184,0.27122787962873096
V,-0.0728507537847487,0.33954633974861803
W,0.24221604230737803,
Y,-0.07153945811166995,
