Translation,mean,std
*,0.14529502926291826,
A,-0.2213334150991666,0.19672427774353465
C,-0.29235193719496877,
D,0.03347935846902761,
E,0.27236899083945243,
F,0.16399628032538338,
G,0.01478932331818387,0.04576915299639226
H,0.10016208940173055,
I,-0.6342270370891727,
K,-0.12374363093328622,
L,0.17145426781632267,0.417635350133465
M,-0.06604882416718194,
N,-0.3540106305802375,
P,-0.3613494794239509,0.24935580939204532
Q,0.07572754841787344,
R,-0.15034367409888136,0.24526623742578102
S,-0.03554332123792895,0.02449554947060034
T,-0.09055992675842184,0.1311802388997313
V,-0.19939268646420816,0.18230279349926967
W,0.052004153552330123,
Y,-0.10976056694538183,
