Translation,mean,std
*,-3.5705222769670595,
A,-1.4950670253927547,1.74773841168833
C,-0.06400528175970166,
D,-2.0185335500023966,
E,-4.017978313965573,
F,-5.032583490850594,
G,-1.5642577011889172,0.03782046832457274
H,-3.3660964796291286,
I,-3.8876931880711156,
K,-4.669107665714455,
L,-3.8528952186852656,0.5490552073118993
M,-3.093241521942691,
N,-3.712710987823474,
P,-3.4535238921648297,1.0691307753610413
Q,-4.413225902913142,
R,-3.9232760134659563,0.2691301636532856
S,-0.1986715895402842,1.1426200405299407
T,-0.5538763956953692,0.9753244247385804
V,-1.5449836906253496,0.030503158018327706
W,-5.995390230174631,
Y,-5.162284843071809,
