Translation,mean,std
*,-3.2542232731982446,
A,-1.0338321511263564,2.394374929281788
C,-1.1929324797095946,
D,-2.686701581989989,
E,-2.5173683737503127,
F,-4.054851432717319,
G,-0.2425303029568351,0.5761147437061369
H,-3.37238498660534,
I,-3.3986247264898615,
K,-3.8270350423450914,
L,-3.585014146338722,0.47657232656971393
M,-3.616483862434468,
N,-2.8148638739433163,
P,-3.022058346861045,0.27176761320904275
Q,-3.9393239389248125,
R,-3.6054926521162147,0.2827584461980788
S,-0.8468567103162886,0.5600269998770574
T,-0.49445527212015694,0.15290787668530212
V,-2.190331341294787,0.536744331776116
W,-3.542979783839073,
Y,-3.92431450643638,
