Translation,mean,std
*,-0.08428104052216767,
A,0.03490101799187206,0.21198966457825805
C,-0.08235887335804293,
D,0.1351192406775268,0.19108746270371277
E,0.170066495129916,
F,-0.05313056103683955,
G,0.19481039608962103,0.26704104396179207
H,0.10397489523617942,
I,-0.0495387268730898,
K,-0.14983418034456086,
L,0.047423183113350774,0.41910383938563717
M,-0.14211758551844333,
N,0.088254706350682,
P,0.10434059493178705,0.4450258091573407
Q,0.4465648392578263,
R,-0.3425097337993668,0.247345717422136
S,-0.1335161078349595,0.45246773208957325
T,-0.0803206976479598,0.18815605447752642
V,0.10761228374564125,0.06883337512217899
W,-0.017671487877829684,
Y,0.06760323532402701,
