Translation,mean,std
*,-4.145195409760218,
A,-0.9593958583125914,0.0005261789632350387
C,-2.071778523548784,
D,-1.2568707089333304,
E,-0.3308189675924753,
F,-1.0365368447745609,
G,-1.4966224110447008,0.02374372680578375
H,-1.9935244627275885,
I,-1.8454239732901927,
K,-0.3132798382311597,
L,-0.6954916824483567,0.11495387048950152
M,0.09975515901396115,
N,-0.348008192905656,
P,-1.0168108130116433,0.7680591291713671
Q,-0.8955033405557185,
R,-0.14973605926309977,0.34104947531196744
S,-0.6174114538291784,0.4420425520949853
T,-0.8103294615779633,0.5311648726736579
V,-1.4069820979318652,1.6888046645498138
W,0.7774023452816365,
Y,0.378416892978108,
