Translation,mean,std
*,-4.293598067588247,
A,-1.6401990587156232,1.425015869165125
C,-0.8199231154924718,
D,-1.4752310595750622,
E,0.06421174340574876,
F,0.04394950128886954,
G,-1.5255173892737464,0.12245213042356143
H,-1.4174514912526437,
I,-0.43779712820926253,
K,0.5918365777686478,
L,-0.0016629587101843295,0.593115242696239
M,-0.4650109794878814,
N,0.8488707235093713,
P,0.06368316553829878,0.48862358305234094
Q,-0.5071632813914455,
R,-0.11379379412743873,0.4462669388396159
S,0.18123707304235617,0.38813525360069157
T,0.39805522393561343,0.04470724399082033
V,-0.3489887713170905,0.5069475490433165
W,1.027426635687985,
Y,-0.5298573792807408,
