Translation,mean,std
*,-4.001205872875962,
A,-1.195065129286533,0.4006220752904044
C,-1.795335790595698,
D,-3.6405020425314283,
E,-2.9862579698644147,
F,-2.825419680162708,
G,-3.676378964310695,0.6867339122468424
H,-3.9247782102607607,
I,-0.947814360757417,
K,-2.8598051277095355,
L,-1.6285397014699006,0.9337791402912659
M,-0.8676044826365981,2.3245141203692894
N,-3.989667851190759,
P,-3.753974151780139,0.09756048329994352
Q,-3.504195899241483,
R,-2.882494693802279,0.17291726762510012
S,-2.4729798328550716,0.5561929190645823
T,-0.9593396143514812,0.11128831833507218
V,-1.173054523845428,1.731467173193449
W,-3.1505880536614725,
Y,-3.345035800121832,
