Translation,mean,std
*,0.1958707948854519,
A,0.022012608996568428,0.21775102703068108
C,-0.34558689191725644,
D,-0.009007999836782687,
E,0.0765149484530161,
F,0.0037686708820670323,2.207310241331891
G,-0.02957582471434561,0.07376654170971272
H,-0.03933310111698152,
I,-0.021752123484855446,
K,-0.06119894318786834,
L,-0.08199464420425029,0.0494161826051878
M,0.029228592350247773,
N,-0.24682543545824487,
P,-0.46416350227368897,0.026362529786894042
Q,-0.34712599319747195,
R,-0.020237520513947633,0.10388760383934076
S,-0.20477724396788086,0.20437316170723185
T,0.05680079333271415,0.04619997800096688
V,-0.16097323430545218,0.19404084957120357
W,-0.14227318791226606,
Y,0.050755326357964314,
