Translation,mean,std
*,-3.603901877313906,
A,-0.07627555569706645,0.13848214033453768
C,-0.8945078998798559,
D,-1.779441488134804,
E,-2.38345539787145,
F,-2.566595064928111,
G,-3.2527362241206834,0.1068278161687877
H,-2.04144218962242,
I,-0.3572186645977009,
K,-2.449352489293169,
L,-3.5298205709088495,0.5388602805031546
M,-3.0645882844763586,
N,-2.7200455286307785,
P,-2.984313475819187,0.4701569779708756
Q,-3.1506610296691755,
R,-2.7896241484379867,0.218448600017109
S,-2.192394006419716,0.14380292438440184
T,-1.369832588974358,0.15726658291409534
V,-1.1602093239843592,2.2884093776772247
W,-3.170508095360987,
Y,-2.2676674693954557,
