Translation,mean,std
*,-0.31637378657310844,
A,-0.062268316785569766,0.170231418149909
C,0.10073608887639551,
D,0.04614232766344806,
E,0.21852401216250517,
F,0.35813313504442856,
G,-0.022125758532848927,0.05954321846891335
H,0.026142139533157582,
I,-0.07790828674442274,
K,-0.07299874408453277,
L,-0.21961627341510562,0.27674829628012143
M,-0.08381537685452933,
N,-0.1947686731470979,
P,-0.0023263588164232907,0.5218026857226424
Q,0.3305464332686867,
R,-0.09863480752565697,0.3034413884193956
S,-0.17265407542438607,0.40601384899116605
T,0.05454163418481617,0.3891906030378405
V,0.022679110645504274,2.9932408860818516
W,-0.0616336626220626,
Y,-0.17512261992369993,
