Translation,mean,std
*,-3.522968390716607,
A,-0.20990417695544616,0.647710789686095
C,-0.6957061601409338,
D,0.7802932200818589,
E,-0.7092219811291054,
F,0.05649629708338999,
G,-1.1363515275811613,1.5075798959102173
H,0.15009637968202405,
I,-0.0627779795774499,
K,-0.06672756513390965,
L,0.46163401564747275,0.26647708650597085
M,0.643436279421957,
N,0.40926245906505887,
P,0.028187196791724656,0.04245190104764406
Q,-0.0056549114730284344,
R,-0.21411233868369303,0.8395180278346789
S,0.2630140254241014,0.2710040685632441
T,-1.1439663901661195,1.0040634789202778
V,-0.20433042626071085,0.5042371926307572
W,0.15707255263244058,
Y,0.3505733130935891,
