Translation,mean,std
*,-3.7842930488191673,
A,-0.3092507363704389,0.4807623764374239
C,-1.3777541522536612,
D,-0.8630998599693651,
E,-1.7071440836393004,
F,-1.2735786858358198,
G,-1.2245268192413779,2.2014892282490695
H,-0.4652623080804865,
I,-0.30613322581335733,
K,-2.75885227318237,
L,-0.6216552798435071,0.869365150269491
M,-0.32100882078226345,
N,-0.1300328984121064,
P,1.7145469116851655,1.9880702976321105
Q,-1.5494504164146656,
R,-0.2386884089818461,0.20736797721127082
S,-1.1186782572653744,0.8311175806846303
T,-0.42517075499357926,1.0299638939199953
V,-0.42345568465164085,0.5148406971682661
W,-1.9142092322052218,
Y,-2.2358148288539965,
