Translation,mean,std
*,-2.6637841165661214,
A,-1.7172985093239537,0.1785626972956624
C,-1.3257834612914006,
D,-2.2874040866003966,
E,-2.0074399426592597,
F,-2.6328424761387907,
G,-1.6640618649599044,0.24721149743544663
H,-1.9960325197761066,
I,-1.1239156049356596,
K,-2.1111784498172446,
L,-1.3725321309866239,0.444218214732624
M,-2.4658789325823145,
N,-2.317033285729196,
P,-2.1508126458625325,0.07640275832974786
Q,-2.4358915356994957,
R,-2.219872523009421,0.06027206006397365
S,-1.6131255433521419,0.08333646885826065
T,-1.586079368773526,0.23167495251732
V,-1.0198023433179826,2.0470533786913796
W,-2.001483159370337,
Y,-2.2916977985048987,
