Translation,mean,std
*,-2.830361979758041,
A,-2.0204164939822693,0.1497841477173851
C,-1.5419415423818945,
D,-2.8982585144207778,
E,-2.7131608051227714,
F,-2.5784670800961584,
G,-1.8718769013022936,0.5865210389309605
H,-2.4698035946569474,
I,-2.091834109288578,
K,-2.679948921497445,
L,-2.472661803272187,0.0867611310382878
M,-2.2440570396258317,
N,-0.13142237258872802,0.18585930171422926
P,-2.279046574085328,0.23469964941603544
Q,-2.0335978321779344,
R,-2.218838322203316,0.06945142059803845
S,-2.5841461534641432,0.10533183001224683
T,-2.136897242298276,0.014372201550377764
V,-2.5001809000260615,0.14295640846765192
W,-2.723909592924118,
Y,-2.5072045517859807,
