Translation,mean,std
*,-2.268547769945457,
A,-2.427885509299095,1.2099353988243564
C,-1.3024904277470801,
D,-2.7059948559293163,
E,-2.0319116132105535,
F,-2.8724353637173294,
G,-1.7321358406799592,0.024178576724532747
H,-2.223340616339442,
I,-3.455777735101826,
K,-1.5809478820157175,
L,-2.861673224495419,0.8821035102556307
M,-2.7929631122579406,
N,-2.7159310822887255,
P,-2.2678819766948464,0.31506000867983697
Q,-2.3383733321546387,
R,-1.6682648578932724,0.17306112699503576
S,-1.946971995717581,0.25489581722863636
T,-2.408180161356319,0.8550763162143176
V,-1.5107351073322421,0.13795605448358034
W,-0.5194287882345112,2.3514916344521066
Y,-2.1450474466929714,
