Translation,mean,std
*,-4.98640556484984,
A,-1.2407345104227727,1.0267355776645624
C,-1.717925384265552,
D,-0.7121645814127358,1.007152809675649
E,-1.510099934349408,
F,-0.95748892021623,
G,-3.00644371727431,0.44192638500065545
H,-1.3213065790316305,
I,-2.940083007102391,
K,-2.7377293503481983,
L,-1.9673142084837145,0.8918377712210863
M,-0.48109766646698837,
N,-2.024899823001797,
P,-2.843349136891379,1.2370798395089877
Q,-2.428231448529316,
R,-3.827785779174885,0.29177795329522566
S,-1.164921326933828,0.3514258456145597
T,-2.016208220728296,0.23999546332913485
V,-2.3571378586150407,0.07687539504801447
W,-3.1280274059456037,
Y,-2.6474062449006004,
