Translation,mean,std
*,-5.4781528934818695,
A,-1.43924635784603,0.3281787450674331
C,-2.290092627730229,
D,-2.6819454799430362,
E,-1.5820286515331272,
F,-1.7964504324849893,
G,-1.570106332043241,0.2928226965185962
H,-1.7834140847365303,
I,-2.6129128626663993,
K,-3.3154295332335613,
L,-2.3699674229543244,0.028446279200984977
M,-4.319678264093409,
N,-2.1695829445197825,
P,-2.6023569907219675,0.11050820907233579
Q,-2.4216867407304603,
R,-2.5120306223212183,0.8953876588496181
S,-1.313336864639676,1.258113766961282
T,-2.4670077903728607,2.139328384501591
V,-2.290912101736315,0.3663890003537247
W,-2.8447727130895215,
Y,-3.201323068897512,
