Translation,mean,std
*,-3.4970768442706746,
A,0.0904449307295132,0.1910033948376413
C,-0.6198133164595774,
D,-0.28738525799442094,
E,-0.3602557482596245,
F,-0.19324869043899007,
G,-0.15888194118026133,0.6277686649326346
H,-0.8690730704115985,
I,-0.6851102737751766,
K,-0.7714980484795655,
L,-0.7122399142355844,0.950808133518431
M,-0.3184435771748495,
N,-0.2004170192489303,
P,-0.1293283230817419,1.1060117773509905
Q,-0.09178324332387877,
R,-0.4525358138176421,2.7917235562848433
S,-0.6613077366572074,0.18032033257248864
T,-0.007751465888359288,0.021834216449280547
V,-0.26609352297408817,0.42444644356474703
W,-0.42401550475042527,
Y,-0.2961039317439367,
