Translation,mean,std
*,-3.5590972324275163,
A,-0.690849990949935,0.27391209371148034
C,-0.6982790749672301,
D,-1.8584179097220894,
E,-1.2607596497963272,
F,-0.837490412918739,
G,-0.9867047835811857,0.05884362154234531
H,-0.9115806320281212,
I,-0.8063766258583973,
K,-0.4772887080362517,2.244411427341824
L,0.006915266833376954,0.3524305836740406
M,-0.40696816006884706,
N,-0.5549427025204157,
P,-1.5677342413323117,0.2213150832596848
Q,0.39794465519874844,
R,-0.02667021642829089,0.2237826819969239
S,-0.8780786580461702,0.4455673087519374
T,-0.5629746711695525,0.37217521169649204
V,-0.5359943029928527,0.04729576052124534
W,-0.19923928576121952,
Y,-1.5569302972583454,
