Translation,mean,std
*,-4.370497595071775,
A,0.20303489587621693,0.1879246753332389
C,-0.9274575778871608,
D,-0.986523796261908,
E,-0.2333275637361787,
F,0.4477437584534485,
G,-0.9795083354150123,
H,-0.8082237832037369,2.7071159652659613
I,-0.5091493798928184,
K,0.09605803400292245,
L,-0.890682507055665,0.28743437988105713
M,-0.9020322535331955,
N,-1.0472439162648444,
P,-0.9124240678139128,0.4937603980031893
Q,-0.29664021430413534,
R,-0.013176178131790136,0.9236563502979056
S,-0.18048675866926325,0.4948197880880961
T,-0.3926195786833424,0.16758397960688123
V,-0.6633482030449649,0.37080035872962336
W,-1.9034476842807866,
Y,-0.9781205289637285,
