Translation,mean,std
*,-4.846861476487158,
A,-2.6814435004400052,0.9587138741638198
C,-1.5469109456814305,2.264485266210727
D,-3.7148267221063627,
E,-3.9972930751914895,
F,-2.147736609366729,
G,-3.0552704180780514,0.2296911743733524
H,-2.4845544674465767,
I,-4.070463507895307,
K,-2.0740672946901064,
L,-4.291689529620823,0.8214211257933735
M,-3.6264114706952935,
N,-2.4775052651421228,
P,-2.490386282892326,0.40684041696365036
Q,-3.0460188437575324,
R,-3.2018706875153473,0.18314493418167618
S,-1.864505794493286,0.3474754300260873
T,-2.0490920977712763,0.27477777795870917
V,-3.924015462342987,1.1495040005955164
W,-4.126186230447743,
Y,-3.043694229368094,
