Translation,mean,std
*,-5.827810202133327,
A,-1.1350412221073705,0.059754552667315636
C,-0.04577753286248054,
D,-3.269732938811072,
E,-4.560128404427225,
F,-3.969115671020555,
G,-2.270930053085771,0.03415770139197276
H,-4.552481961039366,
I,-1.8033464639316703,
K,-5.9269869376149344,
L,-0.910089599998383,1.0003050187315103
M,-1.2083722126915895,
N,-6.134766688963823,
P,-4.931138211461034,0.2794052476242683
Q,-5.164157944550121,
R,-3.905818101159408,0.37006266181871184
S,-0.4619410654842646,0.8439663665283388
T,-0.415042043255752,0.0683051620864041
V,-0.8592734110330914,2.9103740765885564
W,-2.585780229978635,
Y,-5.180054803233647,
