Translation,mean,std
*,-4.929469269964805,
A,-3.0213747396840245,0.33092098671726883
C,-1.3097422764406428,
D,-3.3137707389852817,
E,-1.8921017612685844,
F,-5.022712785333344,
G,-4.336250254169163,0.820393284182593
H,-3.143377509470654,
I,-3.3868610157992984,
K,-2.556347231566722,
L,-5.03024577392723,1.225248092788545
M,-4.269647670975903,
N,-1.090731239981032,2.918240044931749
P,-5.403996860066008,0.6400267182181121
Q,-0.9868348304032306,
R,-4.480589398468788,0.09673081301416718
S,-2.04124051542443,0.7864095253143083
T,-3.919346171064913,0.5312276768334517
V,-3.2963150990227676,0.4476244275726916
W,-2.835025371042452,
Y,-4.323332316975119,
