Translation,mean,std
*,-4.349310475291042,
A,-1.1442458967508844,0.17759618971695051
C,-1.407241957738953,
D,-3.4147880181853596,
E,-1.1608549192700206,
F,-3.188720008137345,
G,-1.8113496838575474,0.3181370556197372
H,-1.7725357495000829,
I,-1.620912593050054,
K,-4.354260384777168,
L,-3.9269174133769167,0.3681270872552224
M,-2.383570121325622,
N,-2.539217741631231,
P,-1.4538960346280745,2.9250104156440413
Q,-3.2528128278660065,
R,-3.500525999265685,0.6446018517116325
S,-2.015645812459273,1.1891194215346317
T,-1.483487589698933,0.4042672926662121
V,-3.697270683737693,1.6650053818993273
W,-3.819123367828804,
Y,-2.712141317724826,
