Translation,mean,std
*,-4.683265612037521,
A,-4.9009137004923575,0.19172041839977944
C,-2.6926488799432944,
D,-3.126777409080685,
E,-3.99468634900173,
F,-3.7641661757078726,
G,-3.358264190019431,0.01775751575347112
H,-4.05364301772374,
I,-3.854089715028753,
K,-3.1661831717788793,
L,-1.3961642388281608,1.6921857602132617
M,-3.164555577165181,
N,-4.485969108991004,
P,-3.495560481970397,0.42988552476128805
Q,-3.432020001225278,
R,-3.1540032044565325,0.2365916981485819
S,-3.754561668197592,0.09646356104014972
T,-5.108365487417183,0.7273227744490162
V,-3.282699484932407,0.8152604432055284
W,-4.328434337411899,
Y,-3.2555106775963583,
