Translation,mean,std
*,-3.637858085579167,
A,-0.6030767885338575,0.11957223433991135
C,0.3331604867556157,
D,-3.4678285024903595,
E,-1.9127249182038821,
F,-0.7386785560287334,2.7542176167660464
G,-2.1496569856100702,0.6882639235056947
H,-0.5485873127122645,
I,-1.1046909646409384,
K,-1.004480760556632,
L,-0.5510876453975658,0.41730381960643465
M,0.43973891652597796,
N,-0.14436533420822428,
P,-1.4181083112011974,0.37370578762768936
Q,0.6223221277976592,
R,-0.08669721625625766,0.47351278238185446
S,-0.7192708995943787,0.3618937417509686
T,0.1171716171514876,0.5823079988724793
V,-0.10246706036312192,1.0899191796020704
W,0.2041419301312981,
Y,-1.3128472038074164,
