Translation,mean,std
*,-5.651824763463592,
A,-4.969597173190289,0.07540401775746822
C,-5.771768779659079,
D,-5.749374691734883,
E,-5.793613304727861,
F,-4.5555016949314595,
G,-5.9170105547405525,0.020451813331114548
H,-5.952959887809691,
I,-4.466149267508621,
K,-5.7858125321392375,
L,-5.816829355993375,0.31440656887804735
M,-5.235339863974902,
N,-5.981053048214376,
P,-3.9856256871591853,0.6205022472003691
Q,-5.507717760825955,
R,-5.843023066428382,0.5965055531335728
S,-2.342623816485758,1.9878728253202942
T,-1.129768899822509,0.9723506864838722
V,-5.527285302042659,0.3318336334920919
W,-5.576608345354943,
Y,-5.183463239303093,
