Translation,mean,std
*,-6.942147137334918,
A,-2.709184255862443,1.2048308119257283
C,-2.7060623642827766,
D,-4.711469226856644,
E,-6.0977010130257625,
F,-5.362523070234047,
G,-5.683485321026325,0.6592669149712895
H,-4.936862557304219,
I,-2.6329045704056284,
K,-4.965224514038119,
L,-0.804765706732002,0.4284231502957288
M,-2.1418728018926476,2.1419703622047828
N,-3.612961479990391,
P,-4.964651121760669,0.17524741322143786
Q,-1.6417712586515503,
R,-5.618365616024097,0.09811461384124366
S,-4.990607310061296,0.6608836461229031
T,-5.7907743801845095,
V,-1.5155632466686457,0.062088057859206486
W,-5.681755977104071,
Y,-3.374909699104603,
