Translation,mean,std
A,0.02128277188863059,
C,-2.8329177589223784,
D,-0.927223419470919,
G,-0.3774242752338518,3.8498302075173783
R,-0.015311204989457039,
S,-0.6600394549111588,
V,-3.225249205170238,1.7673512579948445
