Translation,mean,std
*,-8.118670886721384,
A,-0.5927043199272486,0.7287658464181772
C,-0.7601077761070165,
E,-0.3650341692213237,
G,-1.707048901205305,
H,0.43735757895757565,
K,0.9206757162894732,
L,-0.36276665616409787,2.9808528597711317
P,-5.70883200470658,0.9269425969135493
Q,-1.1720388953921068,
R,-0.8710072936954965,0.7631584560792962
S,-2.5856628951241176,2.727805424423508
T,-0.4384140385834896,1.0940837881264462
V,0.15718567106103487,0.9872193162055048
W,0.29848313425941875,
Y,-1.5004027238031536,
