Translation,mean,std
*,-6.915065893384227,
A,-4.080428847854845,
C,-0.6745055921803154,
D,-4.3737341470137885,
E,-1.4644459409831718,
F,-1.5561864612202507,
G,-2.0595784552443726,1.5363117007669305
H,-3.8936326219273045,
I,-3.174320839642331,
K,-3.3020245053893587,
L,-3.206190799050314,1.9461434029578912
M,-2.4542943020884938,
N,-2.6275607592267747,1.9495054614001122
P,-5.240309518140408,0.518748816034574
Q,-1.886806484980605,
R,-2.5406128710650573,0.6758620409339957
S,-3.5317390774126456,1.3793121871346816
T,-1.8167661111692794,0.20468693339118718
V,-3.444363818562788,
W,-1.0275342468179698,
Y,-2.0369661238999655,
