Translation,mean,std
*,-6.687439680446651,
A,-2.67576727467923,2.0400438128713034
C,-0.48350953908985517,
D,-1.2665582990374067,
E,-1.892873832088208,
F,-1.607355608913407,
G,-2.7602585099482457,0.341309763856758
H,-5.252012721149306,
I,0.9198980529658805,
K,-4.559948199563316,
L,-2.4202324650714098,
M,-1.6841409070918436,
N,-1.269985486702478,
P,-1.1432975352518526,0.8021743054863234
Q,-0.11675339861853828,
R,-4.721604619579633,0.619014712275948
S,-1.55178558108857,1.968586894108501
T,-0.9313415872671231,0.5069498421086309
V,-1.4871934288549613,0.6554460210056736
W,-5.585344050779213,
Y,-2.204124731776221,
