,site_1,site_2,site_3,count_x,count_y,ratio
0,TCA,TTT,CTT,0.00017999622303007412,0.00017252354351460203,0.06117338047689991
1,TCA,TTC,CTT,1.0,1.0,0.0
