,site_1,site_2,site_3,count_x,count_y,ratio
0,ACT,AAT,AAG,0.00040490837042169765,0.00045061033436673303,-0.15428493367290486
1,ACA,ATT,AAG,0.0004099909022679951,0.0004672482544048893,-0.18859737764510243
2,AAT,ATT,AAG,0.00032189368359883917,0.0002967095740137873,0.11753278819196389
3,ACT,ATT,AAT,0.0009910937100280047,0.0011494029759692975,-0.21379131076282043
4,ACT,ATT,ATG,0.0003710248247797146,0.0003577152808203604,0.05270397044008135
5,ACC,ATT,AAG,0.0001745002600562128,0.0001344898536417634,0.37573185125825326
6,ACT,ATT,TAG,0.00020668962841609672,0.0002467958138993184,-0.2558519271413484
7,TCT,ATT,AAG,0.0003168111517525417,0.00031334749405194357,0.015859663734611118
8,GCT,ATT,AAG,0.00028462178339265775,0.0002689797072835268,0.08154874685379632
9,ACT,ATT,AGG,0.0002625974787253688,0.000278685160639118,-0.08578311964252805
10,ATT,ATT,AAG,0.00017619443733831196,0.00015667374702597178,0.16940492198806645
11,ACT,TTT,AAG,0.0002727625424179637,0.0003258259340805608,-0.25645590218822
12,ACT,ATT,AAG,1.0,1.0,0.0
