,site_1,site_2,site_3,count_x,count_y,ratio
0,TCA,CCT,TCT,0.00030563603573975537,0.00028808672175156726,0.08531148649727172
1,TCA,CCA,TCT,1.0,1.0,0.0
