,site_1,site_2,site_3,count_x,count_y,ratio
0,GTG,GAT,ATG,0.000615087676506302,0.0006357441470385392,-0.04765420350481797
1,TAG,GCT,ATG,0.000978307554443213,0.008528621258262545,-3.123952546112938
2,GCG,GCT,ATG,0.006638704922292156,0.005718859179833288,0.21517444694250276
3,GGG,GCT,ATG,0.020539156163337593,0.022375923460945725,-0.12357031328321888
4,GGT,GCT,ATG,0.006402744563632411,0.0026650167592374477,1.2645458494945752
5,GAG,GCT,ATG,0.00423933273592059,0.005537217994965133,-0.38532411570347946
6,AGT,GCT,ATG,0.0015615803511302236,0.000854281197583037,0.8702238704959733
7,AAG,GCT,ATG,0.0008218843953316967,0.0006584492951470585,0.31986313357188045
8,AGG,GCT,ATG,0.001980476268750895,0.0026508260416696233,-0.4205945834952107
9,GAT,GCT,ATG,0.0007503009157382908,0.001373661460565415,-0.8724852710174975
10,GTT,GCT,ATG,0.0038469492181493286,0.004217481261157452,-0.13266687304663627
11,TCG,GCT,ATG,0.000737044715813586,0.000638582290552104,0.2068796049316841
12,CGG,GCT,ATG,0.001845263029518906,0.0028438198005920367,-0.6240035739212662
13,GTG,GCT,ACG,0.00027307771844891856,0.0003235483605463994,-0.24466976355630976
14,TTG,GCT,ATG,0.0019460101489466623,0.003195749596274085,-0.7156351358118034
15,GTG,GCT,ATT,0.0009120265548196891,0.0010245698083969313,-0.16787054875985952
16,TGT,GCT,ATG,0.0017948894698050278,0.0021484746397686344,-0.25941774298551934
17,TGG,GCT,ATG,0.002722823464534363,0.0017341056867881581,0.6509116199246812
18,ATG,GCT,ATG,0.001041937314081796,0.0008514430540694721,0.29128653518794145
19,AAT,GCT,ATG,0.0005169917970634866,0.0001674504673003295,1.6264069878129845
20,CCG,GCT,ATG,0.0004241983975905531,0.0011778295581294364,-1.4733197079217106
21,CAG,GCT,ATG,0.0006628099962352393,0.0005335709805502025,0.31291515640966416
22,CGT,GCT,ATG,0.00042154715760561214,0.0007265647394726161,-0.7853973212904304
23,GCT,GCT,ATG,0.00042154715760561214,0.0009365873594764192,-1.1517195355362464
24,ACG,GCT,ATG,0.00048252567725925414,0.0009309110724492895,-0.9480376409941744
25,GTG,GCT,TTG,0.0003261025181477377,0.00030084321243788013,0.11631377420125588
26,GTG,GCT,AAG,0.0006548562762804164,0.0007152121654183565,-0.12719296849002504
27,GTA,GCT,ATG,0.0003261025181477377,0.0004512648186568202,-0.4686487265199002
28,TTT,GCT,ATG,0.0005700165967623057,0.0006130389989300199,-0.1049749291487938
29,GTG,GCT,GTG,0.0002783801984188005,0.0001731267543274593,0.6852279035284514
30,GTG,TCT,ATG,0.0002757289584338595,0.0003462535086549186,-0.3285778959965793
31,GTG,GCT,ATG,1.0,1.0,0.0
