,site_1,site_2,count_x,site_3,count_y,ratio
0,ACG,AAG,0.00035547414165804667,TAC,0.00025565670904075167,0.47553673107079675
1,ATT,AAG,0.0012297483819521614,TAC,0.00131480593220958,-0.09648671394286268
2,TTG,AAG,0.00032985438370070996,TAC,0.0003408756120543356,-0.047416107374935734
3,AAG,AAG,0.0009799557418681288,TAC,0.0009934089265583495,-0.01967111689202916
4,ATG,AAT,0.0004995852801680656,TAC,0.0004017462570640384,0.3144463870032457
5,ATG,AGG,0.0007237581622947617,TAC,0.000569749237290818,0.34518062521859605
6,ACC,ATG,0.0005188000986360681,TAC,0.0020087312853201917,-1.9530339238617387
7,ATG,ATG,0.0004995852801680656,TAC,0.0005307920244846082,-0.0874157235278652
8,ATG,GAG,0.000477167991955396,TAC,0.00034331043785472366,0.47498355045018137
9,ATG,AAG,1.0,TAC,1.0,0.0
