Translation,mean,std
*,-1.8621730840041524,
A,-0.386088084415555,0.0006611209440274739
C,-0.23681044074210966,
D,-0.3244006188314579,
E,-0.1100562024788303,0.15564297416884126
F,-0.10698136284366289,
G,0.06308765601564303,0.23605564771093923
H,0.8583044957024732,
I,-0.2865417302441182,
K,0.05969243176572281,
L,-0.10835720603573791,0.3129153758850255
M,0.0942296411154695,
N,0.16321351027744502,
P,0.047504161182403415,0.7690217041246924
Q,-0.34225372465197523,
R,-0.04473045313607985,0.18914664774838577
S,0.13993444780317432,0.4495255380189681
T,0.3382726660226245,0.12263606795521714
V,0.12752514820017025,0.5326208243113564
W,0.17764912559423962,
Y,-0.42987591251739055,
