Translation,mean,std
*,-5.697992636553828,
A,0.8937073085948275,1.2809098596952568
C,0.3364405313207879,
D,-0.6494113008521261,
E,-0.16850354737430528,
F,-1.3605420458796598,
G,7.94611003347434e-05,0.7866922898552484
H,-0.2478714504256736,
I,-1.0067495322394322,
K,-1.0334107209494237,
L,-0.302886486025525,1.5933556484064637
M,0.04017022586100527,
N,-0.9602246987423875,2.599905601659197
P,0.7150151464341734,0.19880370461157887
Q,-0.38390608379836166,
R,0.14419254545323135,0.9207679144912281
S,-0.4038310219541848,0.9477262395949829
T,0.5224298292090377,0.13931272216376597
V,-0.7210872239174573,0.4214589106589865
W,0.3941514714107974,
Y,-0.871230617214577,
