Translation,mean,std
*,-2.8768666784454764,
A,-0.1549241882783141,0.13083961804052138
C,-0.28985822273557016,
D,-0.11607187398424212,
E,-0.053206282678220695,
F,-0.14577495314141675,
G,-0.1291533290762179,0.04003674901269317
H,-0.040341307074887034,
I,-0.053218211556209205,
K,-0.06923255434802211,
L,0.14154788172088958,0.36900311511119993
M,0.4130590097131046,
N,0.011733473477576695,
P,-0.3788612521625363,0.19295144963897906
Q,0.25145721777089847,
R,0.11384245630189464,0.15014321165871578
S,-0.0031812743581243197,0.128769008231113
T,-0.21694432026590546,0.23475333544258395
V,-0.09830982470759198,0.15504312579028462
W,0.1118379668490963,
Y,0.30282013604244806,
