Translation,mean,std
*,-3.856428490002145,
A,-1.0986415958770683,0.9666057640985776
C,-0.4313861391309617,
D,-1.7811854940089091,
E,0.4738484327371264,
F,-0.959521367243334,
G,-0.6384563397685667,0.09311092985864988
H,-0.39035541911269434,
I,0.5140556499302731,
K,-1.7715100479861805,
L,-0.7471133545537656,0.44579399839052697
M,-0.9772031375896271,
N,0.10024462607790419,
P,-0.7490284179691855,1.3880594161386952
Q,-0.7703237528146616,
R,-0.7636128704643742,1.1886144607824616
S,-1.0202991497086769,0.17680765307845506
T,-0.22825974779728453,0.6544939296293191
V,-0.011384513360667814,0.46149726516958195
W,-1.0508959296580782,
Y,-1.9374193191137046,
