Translation,mean,std
*,-5.584077237127816,
A,-0.6201915194625442,0.010040871072228409
C,0.12772822258836847,
D,-0.5842734587989575,
E,-0.335293812735431,
F,-1.7502975615554348,
G,0.4007620759898769,0.8464381926548499
H,-0.32111087098402713,
I,-1.0126611680920528,
K,-0.9837268221000484,
L,0.37439200340823425,0.5499446936057296
M,-0.791662077946552,
N,-1.0222746660893605,2.4021141625718556
P,-0.894868347896951,1.5390418574950067
Q,-0.3423653351418725,
R,-0.6099966634095209,0.8998009106323497
S,-0.529466214578191,0.4978412206407478
T,-0.3341001621101318,1.0654726344263385
V,-1.386081532696799,0.12215858019494498
W,-0.07014386261615968,
Y,-0.7493201382113446,
