Translation,mean,std
*,-3.974829114078447,
A,0.06499029018926938,0.4764434759667949
C,0.29487735714577745,
D,-3.304849973513667,
E,-3.925185033669134,
F,-3.6169585227517866,
G,0.6808758219282414,0.06987453717400298
H,-3.588386646675176,
I,-1.4150842150897924,
K,-3.7677631349160636,
L,-1.540147859094876,0.4130476493244027
M,-2.273142474145918,
N,-3.370302637718075,
P,0.5509742446644017,1.431482576460172
Q,-3.9745938125452422,
R,-3.228537572450243,0.3083458909255954
S,0.4988536985917105,1.359265768879827
T,-0.7501413644150895,0.6644061500689581
V,-0.6833236700642811,0.5453729640138228
W,-3.122186250058937,
Y,-3.104485606399293,
