Translation,mean,std
*,-3.9454500989886423,
A,-0.3739598856869417,0.05143386201611798
C,-0.7042974027190052,
D,-0.7167440853409861,
E,-0.9042448681737545,
F,-0.7157353513221771,
G,-1.3870964692856853,0.6013779248059701
H,-0.3805945863482014,
I,0.6923387873140321,
K,-0.3092596087325328,
L,0.24388240520081203,0.6153044950077534
M,-0.22902829351797216,
N,-1.2354071935279372,
P,-4.401478992725316,0.3443143149610577
Q,0.744643457216517,
R,-0.5024423702688058,0.2771373885245613
S,0.14165173807248296,0.9274830794374641
T,-0.6552195573540716,0.5727089046574945
V,-1.1819315296405244,0.7819716187942148
W,-0.031444529431561286,
Y,-2.98643958804775,
