Translation,mean,std
*,-4.178027508447617,
A,-0.054889379818682915,0.02110184281194025
C,-0.07985557456179393,
D,-3.9168212393136472,
E,-3.9291017595092064,
F,0.7382859522058371,
G,-3.3122273015330137,0.24994126203781517
H,-0.19298604938738606,
I,-0.15727368717302603,
K,-1.3402928462004295,1.8954603206482843
L,-0.11584432137336027,0.24605463857295243
M,0.1422624699376236,
N,-0.7577407009737067,
P,-0.5402590173172279,0.2767604562361219
Q,-1.3925891866584816,
R,-0.41911266659211205,0.38222870465286635
S,0.08561480709404752,0.5878934655427727
T,-0.9065146852180233,0.6333190189860646
V,-1.740306091096278,0.07649698928659594
W,0.4445459502418778,
Y,0.07669328404403863,
