Translation,mean,std
*,-3.4755000859735095,
A,-0.5612478695779521,0.19729627268042157
C,0.021120172207772292,
D,-0.5228416409616506,2.687311084603812
E,-0.5130226371069515,
F,0.022895362386016416,
G,-0.05366998159565162,0.202270810356376
H,-0.5739010428788669,
I,0.4248676016318669,
K,-0.9198712088317187,
L,-0.04262070622009192,0.10357510987497867
M,-0.6060114184707999,
N,-0.28732920257969674,
P,-0.9110314518339853,0.26135782303884775
Q,-0.08845428954666001,
R,-0.11975660068410399,0.2860496091726929
S,-0.3654454562158798,0.4723366259311556
T,-0.5235016114905533,0.46417011027285193
V,-0.2659530919237625,0.0310476952706519
W,0.051834298759202646,
Y,-0.4370748791273593,
