Translation,mean,std
*,-2.601345574705873,
A,-0.8172862520633242,0.15165910043213945
C,-0.200168734140167,
D,-1.9899863069680719,
E,-2.083411174746189,
F,-0.26914241177341314,
G,-1.8855109778513246,0.07364073327295871
H,-2.1514790472213714,
I,-0.09115812116969924,0.1289170512786386
K,-2.212050871469139,
L,-0.17280003607898356,0.297363084051197
M,-0.09663760054702575,
N,-2.042664351369171,
P,-1.2947302900754822,0.3009898591709632
Q,-1.910176535290375,
R,-2.3235861844903933,0.05134653274813244
S,-1.9491649406677134,0.10054386081406591
T,-0.7775368321457292,0.02271566655452387
V,-0.19839265002647588,0.17414149312709126
W,-0.709881866571155,
Y,-1.8124366449051394,
