Translation,mean,std
*,-1.7972855137016093,
A,-0.2438690815365443,0.2112017489461567
C,-0.22687420908780176,
D,0.49125245990089805,
E,0.16889788277473095,
F,-0.3721075581665172,
G,0.013093139946956267,0.0958059613673437
H,-0.09183854733553698,
I,-0.06494489201909648,
K,-0.5467293846150989,
L,0.06456332188692156,0.10140932133014277
M,-0.20607260246651649,
N,0.19112252988352108,
P,-0.22283617647340703,0.35059753615760797
Q,-0.4263272082440972,
R,-0.1646005051866526,0.2892214795269665
S,-0.0839252795845115,0.24708115579489703
T,0.19396547787383733,0.2722571860461205
V,0.06175433565389721,0.00714947236857164
W,0.1624438778274948,
Y,-0.137638376551525,
