Translation,mean,std
*,-2.2178830043387308,
A,-0.06606809620220844,0.10498842736799827
C,0.08951723589619043,
D,-0.08542543364058197,
E,-0.011899957964090824,
F,-0.2560839631392309,
G,-0.03200445196045054,0.0768963906320002
H,-0.09250983358519971,
I,-0.03082215837849489,
K,-0.0373586929803178,
L,-0.04874131085391231,0.14102638066522444
M,0.06850636332904525,
N,0.2609780620197295,
P,0.17072734487379337,0.09874166388851623
Q,-0.35806439600453466,
R,0.04935795744113373,0.12411209946611973
S,-0.04488303912183126,0.26007132581569886
T,0.11839557482886942,0.13143239609406648
V,-0.0575696986617622,0.0681674446075355
W,0.2092303642895832,
Y,-0.15390706252652464,
