Translation,mean,std
*,-4.664009206911906,
A,-2.8143952181913647,0.0700652698870898
C,-2.321626962902252,
D,-2.746307637402529,
E,-2.6702403068011997,
F,-3.3711466907347893,
G,-0.7924871415265713,2.5284917084798617
H,-3.3557119305788783,
I,-2.4551123944248414,
K,-2.9324389602629557,
L,-3.4003184682831047,0.6895360178969535
M,-4.186536624174917,
N,-3.827073799211385,
P,-3.877993320640965,0.37026826198614127
Q,-3.064444084696236,
R,-2.933070029362117,0.3298403932351566
S,-3.226070616208025,0.3890490706264295
T,-2.7083235462873008,0.482288347277502
V,-2.4525467913126278,0.598820588388872
W,-3.2356996387981147,
Y,-3.0492820254039987,
