Translation,mean,std
*,-3.0579893544251897,
A,0.03541813440269692,0.2793569044816394
C,-0.12084679468081738,
D,0.29624085102416764,
E,-0.23873965653394524,
F,-0.14073514241961105,
G,-0.07481319212723503,0.14112627259762162
H,0.5338924999310155,
I,-0.3693517930069543,
K,-0.6024028058533508,
L,-0.12572980710660508,0.5003879251468301
M,0.16993766693527768,
N,-0.1864504715355464,
P,-0.29428023792197067,0.014662222742454618
Q,0.3828791389246007,
R,-0.5488172225605155,0.16641299351059527
S,-0.15054915040282335,0.17688113564442862
T,0.06311123996842793,0.10218932264793527
V,-0.14119800620953038,0.018570831840726186
W,0.022939508527640484,
Y,-0.4766118615302597,
