Translation,mean,std
*,-3.5294241954028047,
A,-0.8674109226057225,0.3543647233979019
C,-0.8646067630364485,
D,-0.9162141374074793,
E,-0.28010411908753774,
F,-2.367482963933578,
G,-0.665014395212807,2.803042152525592
H,0.04644475643777124,
I,-0.05971609192254235,
K,-1.7921033482534714,
L,-0.4113974414232893,0.5453789102228177
M,-0.45655820296481586,
N,-0.25424705976861883,
P,-0.5686948216298111,0.6696230302124028
R,-0.30042872143173377,0.7544353637031952
S,-0.07691302433805773,1.1262285266131085
T,-0.42486837775312214,0.3388514922948211
V,-0.8352934836923644,0.7805673631856782
W,-0.652752539495955,
Y,-1.970605293966008,
