Translation,mean,std
*,-3.8331206508597115,
A,-0.1644833023423833,1.2264522927847574
C,-1.1177121438705377,
D,-0.7922048396264039,
E,-0.12565242777657737,
F,-0.20816573247708625,
G,0.693687796512485,0.09829401030293536
H,0.3232533119464387,
I,-0.9206116597773324,
K,-1.8070699228902978,
L,-0.2852559594923161,1.1110783461716613
M,1.8961358083323319,
N,-0.9060572194701555,
P,-0.9630819549595326,0.11863404903547617
Q,1.772098102456729,
R,-0.5559653225322148,0.8229213087245921
S,0.3006048489138049,1.6727504236511421
T,-1.3227763125487335,2.3907115077536276
V,1.0876777619966114,0.6209676367219155
W,0.04278985176853922,
Y,0.7947873294548735,
