Translation,mean,std
*,-4.6516716386911865,
A,-0.8226196770165002,0.7125695059586709
C,-0.3469218597267112,
D,-3.933991529686441,
E,-3.6113018304945315,
F,-0.49554961297684486,
G,-0.44376256482167076,0.1191930168593645
H,-0.5089402481152003,
I,-0.10317010982611219,
K,-1.3078023895049284,
L,-0.34576474655463824,0.4633742422011239
M,-2.657103112604098,
N,-0.5251250468849431,
P,-4.041872345816471,0.10171716211819484
Q,-0.6209180950134874,
R,-3.3311232136690427,0.40012260749438616
S,-0.23741076094599092,0.7106187473910417
T,0.1227420322275421,1.7652919090288408
V,-0.6353417304863407,0.19303101286457042
W,-1.4631805946759249,
Y,-0.5481629190564181,2.496507954618046
