Translation,mean,std
*,-3.640269444604309,
A,-0.8517844782846691,1.5294831954807717
C,-0.1362236552874574,
D,-2.4214470689443597,
E,-3.8698814738776184,
F,-3.046416082927298,
G,-1.5994467855036338,0.39324453666837844
H,-3.15492885396568,
I,-0.43128869774756673,
K,-3.6944015800404992,
L,-1.029838156952911,0.28385198564299674
M,-2.90740877320366,
N,-2.5405916826674577,
P,-4.0191915901901325,0.5046794969328361
Q,-1.5995710583881229,
R,-3.607287710620214,0.467936832806085
S,0.01004506637524738,1.3952897110819351
T,-0.4230019319867573,1.4740300958713233
V,-1.481617994503301,2.156582010212178
W,-3.5950339559788325,
Y,-3.5872650588963126,
