Translation,mean,std
*,-3.367628218416314,
A,-0.19737945499288934,2.578335302562638
C,0.6880027052867987,
D,-0.1433955035049328,
E,-0.6332572261366165,
F,-0.40477103328227937,
G,-0.11337872119929093,0.12231745537612351
H,-0.4008857168175144,
I,-0.4805097218186134,
K,-0.5955905490256912,
L,-0.2641952064438821,0.43175264566698224
M,-0.6561831823620796,
N,-0.22715513521765462,
P,-0.02075301405441632,0.11043825892274761
Q,-0.16854874958842725,
R,-0.3533567986519426,0.5386398843647022
S,0.13658776910370118,0.3637353046734404
T,-0.07749992581563614,0.5001439262889745
V,-0.5868697156144616,0.4486806748047039
W,-0.40897468527100234,
Y,-0.0380455120499521,
