Translation,mean,std
*,-5.625007602713335,
A,-1.0594900233434092,0.3296513994451208
C,-1.0924624351777688,
D,-0.22857024074825105,
E,-1.9499605292991422,
F,-1.320267426775258,
G,-0.9867774147528312,0.09290740428148057
H,-1.8193501416841533,
I,-1.0011094696663383,
K,-1.5473715699888029,
L,-1.444010560037696,0.9511642029378838
M,-0.4749095081240151,
N,-0.5338584976993213,
P,-0.6401036120319574,0.5455010374918721
Q,0.06345463003936747,
R,-1.28403517771397,1.015378606748397
S,-0.8918454891763385,0.25067245260410015
T,-1.2248067516657852,0.6749995709661568
V,-0.9572812490677305,0.897074849704353
W,0.04345625175593515,
Y,-1.9143305929025125,
