Translation,mean,std
*,-5.194996290590046,
A,-1.1029389243349663,0.4246858914482708
C,-0.508990415490782,
D,-0.3357000789715565,
E,-0.07842221650947856,
F,-2.9483287698141307,
G,-0.33639380517597095,0.13197641063141533
H,-1.0057084762388442,
I,-1.2990149176967964,
K,0.5540495855813017,
L,-1.0750755110030015,0.5949241519424376
M,-1.8630357423463995,
N,-1.7064466704845227,2.413280024865624
P,-3.2689691057388712,0.3698282953280041
Q,-0.4709671108893225,
R,-0.16171657706982678,0.538519246029114
S,-0.2062506622194397,1.0690857486494156
T,0.177257582556674,0.5366680926903697
V,-0.6006986413419106,0.525259607358802
W,-1.8604637422574593,
Y,-1.8468895463682493,
