Translation,mean,std
*,-2.6378824618870684,
A,-0.5092900167207004,0.21266907356957246
C,-0.16213007711244565,
D,-0.2560868539551491,
E,0.5217449349812986,
F,-0.05309757087309297,
G,-0.21879494785069356,0.19000678451527944
H,-0.23540823094597219,
I,-0.4070264467387483,
K,0.06012741379785336,
L,-0.07843695362979108,0.18064943114805884
M,-0.21967925765956853,
N,-0.6679256226044732,
P,0.24605766961856634,0.14330027590792652
Q,-0.21748523269947118,
R,-0.1038006319282078,0.14642106933658203
S,-0.007476012685795415,0.4216658122884527
T,-0.3066971051994112,0.24116070361919595
V,-0.19162500246910374,0.12509565314100599
W,0.12477067757283766,
Y,-0.7929306227434916,
