Translation,mean,std
*,-3.3193348866585164,
A,-0.5780254523284603,0.3700802881382756
C,-0.4950096873594232,
D,-0.0760978039572322,
E,0.5464073165285344,
F,-0.09012744851355414,
G,0.13782769208476564,0.3608407848521101
H,0.16121654685808995,
I,-0.7467612972565112,
K,-0.24337042573737744,
L,-0.7642372091885479,0.2560243031589066
M,-0.16656198463598937,
N,-0.2956485511786866,
P,-1.297557741652676,0.7988629567564997
Q,-0.6547116572504681,
R,-0.27531830339024194,0.20471753654847832
S,-0.8129901538007511,2.069827625527026
T,-0.8887244298876527,0.3537048716092485
V,0.3249118989862261,0.025794262410161535
W,-0.01803310392610502,
Y,-0.6513367871362528,
