Translation,mean,std
*,-4.304111231443832,
A,-1.796402406744412,1.5598322509810638
C,-0.2965999914075441,
D,-1.2006292435476604,
E,0.11718799391857893,
F,1.4173611060474833,
G,-0.9603598969542664,0.07524914410404553
H,-0.7045403163686323,
I,-1.3902559668817602,
K,0.19950388978508293,
L,0.08037361866807391,0.23686958643011813
M,-0.23781927587083995,
N,0.23341035519733744,
P,0.8560036176777137,0.009714891226021156
Q,0.31004487504247,
R,-0.145186366676767,0.1876461980200998
S,0.4114062122191635,0.10995763268401867
T,0.12828664153789981,0.44048515815580414
V,-0.3180502633120561,0.4931378461205591
W,-0.6066743557733281,
Y,0.004148287416480656,
