Translation,mean,std
*,-3.0209643613187827,
A,-0.07039607741465792,0.035054038752033154
C,-0.20449724622773235,
D,-0.03721561547109076,
E,0.4821902886013669,
F,-0.49713870852322817,
G,-0.1335992693117669,0.14425898698191636
H,-0.4031242775771977,
I,-0.7188511338276644,
K,-0.23247534518117607,
L,-0.3374035790800021,0.21682675312885283
M,-0.4638237452511307,
N,-0.38990902674827144,
P,0.17004194710755227,0.20405479431610013
Q,0.2674282798810186,
R,-0.1004758588405411,3.0297156008059947
S,-0.15862965452896086,0.17431296437349422
T,-0.2054607648740827,0.9513428695345378
V,-0.0038460763771022144,0.3955450015971799
W,0.27062165094191837,
Y,0.3887456283292341,
