Translation,mean,std
*,-5.085526285706232,
A,-5.278148827186412,0.3119485473560922
C,-4.399626987052805,
D,0.023976487121820433,0.033907873265742315
E,-5.467333481083205,
F,-5.308420643542539,
G,-5.478920072804167,0.0562179512584366
H,-6.031730929531044,
I,-4.4430114152888684,
K,-5.469651420798259,
L,-5.008954724436517,0.18476144768964126
M,-5.5470024004250185,
N,-4.392049467497181,
P,-5.496132285466853,0.2857973029604662
Q,-5.532922079970583,
R,-5.352789979303322,0.21180488845391976
S,-5.4400401961968505,0.6664669781741626
T,-5.274051462209011,
V,-5.275888518561253,0.36206977993781075
W,-4.599792102786976,
Y,-4.64348137629879,
