Translation,mean,std
*,-3.3391455045193363,
A,-0.6322447337886081,0.10774539196425888
C,-0.9252431786973996,
D,-3.731090784611536,
E,-3.997910508496507,
F,-1.6102692152814404,
G,-0.4240792081688194,0.12220473491556752
H,-0.6093230494705475,
I,-0.9783719096929042,
K,-0.4084924304570956,
L,-2.4149172734840008,0.4344011959557531
M,-2.9253969194460967,
N,-1.1171725319372632,
P,-0.12303944391137867,0.5836248722123449
Q,-2.026168218554209,
R,-0.8967651994277906,0.6184780206124965
S,-1.528495364898992,1.3637114558219423
T,-0.8176440112742793,1.1258804309386998
V,-0.5322687524959517,0.2754291032926135
W,-2.8331356928420393,
Y,-1.9132846668286345,
