Translation,mean,std
*,-3.156975489465917,
A,-0.15632997349445743,0.2928059713178296
C,0.2961802132346065,
D,-0.05441306514872979,0.07695169470362447
E,0.9183741069899929,
F,-0.8794383253459213,
G,0.23433429723259325,0.5432686996846171
H,0.3082898757143946,
I,-0.24179215411124932,
K,-0.031852416968701114,
L,-0.08668431188172428,0.2823664391648913
M,-0.3313917811092555,
N,-0.1462028525974084,
P,0.029654029089435152,0.41824117689143225
Q,0.6152687475404122,
R,-0.36490116843305714,0.45696693419507
S,0.19687682817428995,0.4160337691604623
T,-0.21999712996504295,0.14725404105081058
V,0.07909228933902579,0.014246999666789533
W,0.10972355769252307,
Y,-0.27673101814595835,
