Translation,mean,std
*,-4.06789567547586,
A,0.17346515663248807,0.5466747812411972
C,0.46956585311780596,
D,0.8934713216333492,
E,-0.618608770826377,
F,-0.1297770384673802,
G,-0.3612251367018753,1.3038419172631965
H,1.1313830880682412,
I,0.403195799319489,
K,-0.008572990382188728,
L,0.44876159842521535,0.2401998203133768
M,0.5091237963819868,
N,-0.33123670940663796,
P,0.5813357993412773,1.101982247595402
Q,-0.7355100111253314,
R,0.18481715609085972,0.485025433202446
S,0.8808677268320464,0.8711330764262446
T,-1.3353370940498575,1.1660069208821415
V,0.6422143577980135,0.08089074118840432
W,0.351146728486432,
Y,0.3390581099592067,
