Translation,mean,std
*,0.2646680897200886,
A,-0.09443751338765916,0.3317811698026774
C,0.08344480062377801,
D,-0.11662118693332868,
E,-0.14654297662040427,
F,-0.11298655712353955,
G,-0.09792691770878603,0.08983648611184615
H,-0.10064470873320275,
I,-0.6044668510871976,
K,-0.38697116502032003,
L,-0.15165442736464088,0.14224332203788304
M,-0.12583705534780787,
N,-0.3506001785928241,
P,-0.17993075076886011,0.2775445271932099
Q,0.13154470783432481,0.1860323098777085
R,-0.007635683338383122,0.1986899949350569
S,-0.00873386339738739,0.2138205007200121
T,-0.3036938809455867,0.0008056659874999995
V,0.03025994827583478,0.21924548130244512
W,0.1583016810039135,
Y,-0.36613173611663274,
