Translation,mean,std
*,-0.965753740381115,
A,-1.2573267965654076,0.0769065958806708
C,-1.142334353913872,
D,-0.22287168425194004,
E,-0.3920614985877331,0.5544586885870922
F,-1.4478494988214008,
G,-1.3031890572760894,0.04296157702139867
H,-1.2724718704201323,
I,-0.8156452696547265,
K,-1.1928984053038474,
L,-1.3900767036012667,0.1034815419360836
M,-1.5240639901571993,
N,-1.2998775715756499,
P,-1.3703853270208648,0.15089379881380938
Q,-0.34042713095156873,
R,-1.6230877524022926,0.09112476098966875
S,-1.4836541901496922,0.03497349431436459
T,-1.1320390859282332,0.02024520793336525
V,-1.3028830624660563,0.06784765201934251
W,-1.3679009274648144,
Y,-0.8614857224220267,
