Translation,mean,std
*,-5.984567693111016,
A,-1.7682906188441003,0.14632523666577127
C,-1.9187907758257658,
D,-2.470455281068891,
E,-1.9331925502422829,
F,-1.2619396193685821,
G,-1.6018988427286218,0.5358068090093429
H,-1.5899433142649482,
I,-2.578186402161812,
K,-2.8931255413225694,
L,-1.6540531988466196,0.4200350711089231
M,-3.187793436445989,
N,-1.978241728559933,
P,-2.065574512679937,0.4235084126082937
Q,-1.1575869804476193,
R,-2.19060261269979,0.9498714301722904
S,-0.9627944280411539,0.6949616702470185
T,-2.5999042217457933,2.2559075059364253
V,-1.9787948914556197,0.595508348157283
W,-2.27545661132587,
Y,-2.9046294977392453,
