Translation,mean,std
*,-5.977134375895106,
A,-0.8937112790096338,0.4286612434971028
C,-1.2109352646882696,
D,-2.1976785171915374,
E,-2.298179433845969,
F,-1.2762181092733762,
G,-1.671341702704202,0.5301864075998984
H,-1.806161618399397,
I,-1.6650461644083192,
K,-0.7691131031130745,
L,-1.2539726115567247,2.3186073814707284
M,-1.5573395827720633,
N,-1.6521284276060504,
P,-1.8768871013008122,1.5071264937447955
Q,-0.9384647681380809,
R,-1.911394594548127,0.2301375699608336
S,-1.0545535673391415,0.32438565222695004
T,-0.7663679617274912,0.33193533603966613
V,-1.3108045541930853,0.7057074638633252
W,-0.1681470360596471,
Y,-1.4076129707550358,
