Translation,mean,std
*,-5.666876674120616,
A,-1.1890364480802331,1.9556424675705864
C,-1.5852457593985454,
D,-1.3230728786675705,
E,-0.8402110745808278,
F,-0.7543146614867542,
G,-1.5305920543952563,0.021135914988679543
H,-1.5019022073141501,
I,-1.5365476013308346,
K,-1.7747611809426456,
L,-1.5403567837963437,0.7492190077647204
M,-0.8373832394370329,
N,-1.1809335212680172,1.6700922020382458
P,-4.261052838696282,0.06795015606028948
Q,-1.6511436415939365,
R,-1.7593846368134545,0.45903934496993465
S,-2.0571373687316337,0.777804966673333
T,-1.535288978871315,0.2611545259220858
V,-1.220989779225485,0.07118280488647824
W,-1.0047116037924138,
Y,-1.6221497234493363,
