Translation,mean,std
*,-6.066049445782981,
A,-1.7815073220602207,0.14721485634188564
C,-2.617121465126935,
D,-1.468076980841725,
E,-1.3760896713154747,
F,-1.2805079505469807,
G,-1.7526178484063828,0.34044748692113264
H,-1.276043278012449,
I,-1.5791732330688975,
K,-2.268752739820557,
L,-1.9170882361297685,0.8756513796274212
M,-1.5488966616602724,
N,-1.7577068160678793,2.0489223810973547
P,-1.9605274978274467,1.50680004861165
Q,-2.121296447843017,
R,-0.6900395964070878,1.1242260724929454
S,-2.1366925517236264,0.869507938323559
T,-0.9378413050664189,0.8664379403139278
V,-1.9371160137296712,1.0586981356102907
W,-1.0969034634935264,
Y,-1.6990223913131457,
