Translation,mean,std
*,-5.775790479862366,
A,-1.266445195129855,0.46038918628270786
C,-3.3375496951064623,
D,-1.8115884582704762,
E,-1.463021620605235,
F,-1.80532328528054,
G,-1.4303259325001219,0.07894595103915752
H,-2.131975446659186,
I,-1.5596041919323582,
K,-2.4910714028646606,
L,-2.8052918846912926,1.56986771457805
M,-2.0100065057347773,
N,-1.527986965885833,
P,-1.5178354426025096,0.054241269698234194
Q,-1.3642508855924538,
R,-1.4663376890640123,0.5399177744535457
S,-1.199612895545707,2.4865969086878317
T,-1.7450340594459344,0.0016835702754258994
V,-2.358719536309086,0.33825279291156174
W,-1.572678052407971,
Y,-1.6839035334465073,
