Translation,mean,std
*,-4.509808452861721,
A,-1.0687864355848924,2.6065779974279866
C,-0.6808687477772719,
D,-0.9144251863347961,
E,-0.7272099436211912,
F,-0.6207226645369204,
G,-0.9560226131438281,0.08925192367082271
H,-0.6355742005982661,
I,-0.9371716801808296,
K,-0.8825467923102739,
L,-1.108012038349372,0.5954973110481973
M,-0.7227149742125665,
N,-1.0182997622333745,
P,-0.5859163521780415,0.40809072301302524
Q,-0.6463133080019414,
R,-0.9491954837541386,0.2683478753147628
S,-0.6570468959535217,0.24813883370993844
T,-0.7756872600554456,0.4716224648968365
V,-1.1344782515951521,0.13515558902137367
W,-1.2706475149812375,
Y,-0.935548371961183,
