Translation,mean,std
*,-6.090238892075531,
A,-2.0941175308122473,0.19504040315116605
C,-1.5392863485475585,
D,-2.0652330112505566,
E,-2.146245018973546,
F,-2.573558798566909,
G,-2.0579966170390853,2.156748019951878
H,-1.2640986273058843,
I,0.4873587501094878,
K,-2.1523647851620105,
L,-1.8136369743390908,1.0264101058903938
M,-2.5014733503273376,
N,-1.882056038010195,
P,-1.7895067461630132,0.08746338519540656
Q,-1.6653315179660844,
R,-1.4062395136033137,0.6531103505782961
S,-1.8165181529518621,0.2640423215180024
T,-1.251348142005091,0.05115597081371639
V,-1.9891026904185853,0.19473755212870383
W,-1.6223386702794818,
Y,-1.9745211126340294,
