Translation,mean,std
*,-5.4951437368526985,
A,-3.050826674958425,0.7422184964406314
C,-4.24180777227247,
D,-3.7056674890890626,
E,-2.945556948717498,
F,-3.462101106470847,
G,-1.7682730238942996,0.30259054415725617
H,-2.8224054459776395,
I,-4.0853786547393645,
K,-2.128505384503625,2.4745618249284136
L,-4.0847983271371895,0.6556638186973195
M,-2.285148410695074,
N,-3.5434936572446825,
P,-3.5248857753181793,0.37949794681267873
Q,-4.126474806961813,
R,-3.025701897771681,1.0166713664246358
S,-3.1129268887348363,0.298870096489402
T,-3.3554385678271843,0.015434957529806758
V,-3.1443879431651434,0.4415401640710434
W,-4.312357817049284,
Y,-3.8895446545824246,
