Translation,mean,std
*,-5.829743560493142,
A,-3.413673988114814,0.293623267140456
C,-2.7848024771159006,
D,-6.71132444729464,
E,-4.777556297431261,
F,-2.2872772825416554,
G,-4.736204501878614,0.49989364385510227
H,-5.034453022724943,
I,-2.944121243884097,
K,-6.05205854075127,
L,-1.9136166499590996,2.6238000707058973
M,-2.815262153241246,
N,-5.57014208290893,
P,-4.759744797403302,0.1214529495514483
Q,-4.312252649244974,
R,-5.672566667408359,0.5643023016986963
S,-3.2339799655194703,0.6380086213166652
T,-2.2828528315142225,0.7383691175074929
V,-2.3597561134722294,0.356063633249946
W,-4.963031002436332,
Y,-3.9130902846500017,
