Translation,mean,std
*,-6.121439328108368,
A,-1.1990309399958865,0.19308824050219003
C,-1.0869347570021635,
D,-1.6114995120108162,2.5613960477379787
E,-1.1765681654344036,
F,-0.8251244993329028,
G,-0.399416883637306,0.7143969615659174
H,-0.44496871057026244,
I,0.4790137359798674,
K,-1.4724926570043149,
L,-0.5957697126921234,0.9211770309784122
M,-1.6387231748888862,
N,-1.066275236377754,
P,-1.0837959690260042,0.5420943670778285
Q,-0.19993475572436203,
R,0.1603000303462553,0.885304912895859
S,-0.6193093650668567,0.5435797235529559
T,-0.3889464950858157,0.45734305485542015
V,-1.0509585811537199,0.486652417966988
W,0.34064623621878987,
Y,-1.3277877538621352,
