Translation,mean,std
*,-5.2380709364937825,
A,-0.7342038627378606,0.16090156091811378
C,-2.0048805101349103,
D,-1.8570090112236883,
E,-2.5911830050194364,
G,0.47678864008718946,0.11497167686606374
H,-1.336252527453718,
I,-0.040882007115580876,
K,-1.3780538676171359,
L,-1.1832278388094117,0.8707331830745179
M,1.003763584274342,
N,1.2743610536655954,
P,-1.9539184963538117,0.4702276167706801
Q,1.476957889110242,
R,-1.5507535468375035,
S,-1.1751989083045746,0.6392526844182962
T,-1.8540216485628056,1.6098880715325845
V,-1.6493897736838212,0.08231680166708626
W,-2.025030497913546,
Y,-1.3817375308830009,
