Translation,mean,std
*,-4.606041899816351,
A,-3.6396542126807474,0.6407554615406186
C,-4.901722309229553,
D,-6.110844238369556,
E,-5.058112846513094,
F,-5.85729951190026,
G,-1.4525270313064909,1.2590042944445428
H,-5.8425347435977955,
I,-5.2898035671307255,
K,-5.739100513375989,
L,-5.334815604031147,0.5608208876654457
M,-5.751339008479265,
N,-6.142086095029198,
P,-6.230030297694908,0.8775967592610254
Q,-5.900651058263854,
R,-5.276418956407387,0.4399484315421504
S,-2.8603897121119624,0.3916881589357872
T,-3.595945706777659,0.14924978304505512
V,-5.209557883713782,0.010725791509841699
W,-5.868085834474813,
Y,-3.58387304929623,
