Translation,mean,std
*,-5.491352410378363,
A,-1.5933764630130014,0.4028935791549787
C,-0.19744312513258144,
D,-1.9076485057722157,
E,-0.4346818239219514,
F,-1.9569238213661593,
G,-0.995861111281116,0.004060223817563847
H,-0.933230074083804,
I,-1.550408389650678,
K,0.37840671210092935,
L,-1.0206755060305766,0.8362828024988744
M,-0.3008285363853842,
N,-0.5344641348100643,
P,-0.23033834272065956,0.47870917307508565
Q,-1.2690350066014418,
R,-0.3099023764889906,1.139553014638844
S,0.01413496980471122,0.5325625873011384
T,-0.9920753694831381,0.30725100847892256
V,-1.1336404948012397,2.303418518140889
W,-1.2814923759935608,
Y,-1.5501705478063261,
