Translation,mean,std
*,-4.608500097486242,
A,-0.3809543325750249,3.1413031821952155
C,0.27603143593671975,
D,-0.3167361969336109,
E,0.4424829998897155,
F,-1.034800145423492,
G,-0.6023873883194553,0.2114142101838288
H,-2.122286060945265,
I,0.32487974928179364,
K,-2.6253335623480485,
L,-1.065797546212855,1.622626124025201
M,0.6382387670074916,
N,0.4256303053001016,
P,0.17405108908463207,0.3503052580235557
Q,0.4062049294876946,
R,-4.241227421188799,0.2515471802633617
S,-0.13918576556642245,0.04396796605523649
T,0.6432679498945315,0.44829859755068585
V,-0.530376646966517,0.7696881153268981
W,-2.8463281906902904,
Y,-1.5513870850916,
