Translation,mean,std
Y,-0.22612823887798417,0.3197936222567882
