Translation,mean,std
A,-0.515811516233958,
C,-3.318298886285637,
D,-1.3153060484754837,
G,-0.5492548928179745,3.791923514775438
R,-0.10387739942078689,
S,-0.7063789939400289,
V,-3.7141179672934017,1.903597966975642
