Translation,mean,std
*,-6.196366603497776,
A,-1.2812135325269676,2.2644621350756573
C,0.8309275866881443,
D,-7.362927444575234,
E,-5.920134612658416,
F,-3.0942820269231266,
G,-1.723404611439805,0.2613792479777071
H,-2.023842970810243,
I,-5.2396250988771325,
K,-3.3800691768464053,
L,-5.804099717939973,0.6491614211216479
N,-1.998969085313509,
P,-2.4649021228530397,1.5829806486912816
Q,-0.5827645397847796,0.8241535158337505
R,-6.137572435932405,1.1719166159347456
S,-2.8669796166238894,0.07597470855989352
T,-1.1777294171450539,1.2895816665315654
V,-0.6010948077092397,
W,-3.8499424369430453,
Y,-7.106198066213459,
