Translation,mean,std
*,-4.532120504476344,
A,-1.596185992579564,0.12126871326876122
C,-1.56466555949598,
D,-0.887437295097306,
E,-0.9425929757652987,
F,-1.8607216311911614,
G,-1.3013687178977367,0.41508776282515236
H,-1.575211180526496,
I,-1.8388570377686118,
K,-1.8796831429830556,
L,-2.3669130663021,0.2867918325841383
M,-1.985051997542083,
N,-1.3174045367140943,
P,-4.675277932462137,0.27813971674899984
Q,-1.7975728430559692,
R,-2.0020769909771725,0.07311215014210962
S,-1.2156671620719433,0.8830953758802549
T,-1.8271947844724394,0.258255290607014
V,-2.1182823048078827,0.3957893996788753
W,-1.8427620540348277,
Y,-2.078957133919355,
