Translation,mean,std
*,-1.931571873511634,
A,-1.322400166074295,0.12126132612967976
C,-0.46186704918855376,2.187731983622178
D,-1.7387801396182199,
E,-1.590151742622254,
F,-1.4854395187060385,
G,-1.4737409161459973,0.25363388814346616
H,-1.4007831255361998,
I,-0.9588039292198052,
K,-1.773112036633533,
L,-1.2432655701170645,0.31041861471851756
M,-1.4913738878092553,
N,-1.6189000239224258,
P,-1.1481752246886514,0.35855827814756847
Q,-1.1215778027084022,
R,-1.416381039032163,0.11745667003973302
S,-1.1325290970485937,0.05610974816360053
T,-1.7255143931684076,0.3828134865489619
V,-1.6696890017343866,0.08888773829942374
W,-1.564899135458619,
Y,-1.6872889634611066,
