Translation,mean,std
*,-1.387934179294016,
A,-0.3057731023572583,0.08086407128714748
C,-1.628653948746961,
D,-1.0454159746245288,
E,-1.6489295705988725,
F,-1.2344496350752814,
G,-0.7939982042362901,0.24595406802844072
H,-1.5898699412586805,
I,-1.234037563054169,
K,-1.9117725526258247,
L,-1.6079227118869823,0.20956877647100255
M,-1.3798780010460883,
N,-1.3686898280888027,
P,-1.108180866215356,0.030453038785343778
Q,-1.752558821808559,
R,-1.5544246941626163,0.19518507973744645
S,-0.810990705773643,0.6063772333978044
T,-1.9204462844258257,0.5124728222017326
V,-1.4972876400908597,0.05566673094331428
W,-1.9023432273621341,
Y,-1.2073908544448932,
