Translation,ratio_x,ratio_y,all_ratios,len,mean,std
F,[0.0197200119341651],[0.0051646831074343],"[0.0197200119341651, 0.0051646831074343]",2,0.0124423475207997,0.007277664413365399
I,[0.0],[0.0],"[0.0, 0.0]",2,0.0,0.0
M,[-0.148957522901334],[-0.1398568099265151],"[-0.148957522901334, -0.1398568099265151]",2,-0.14440716641392454,0.004550356487409438
N,[-0.0384520349895041],[0.338190486878128],"[-0.0384520349895041, 0.338190486878128]",2,0.14986922594431196,0.18832126093381607
S,[-0.182510082612362],[0.396196090313694],"[-0.182510082612362, 0.396196090313694]",2,0.106843003850666,0.28935308646302804
T,[-0.148957522901334],[0.7483291867441331],"[-0.148957522901334, 0.7483291867441331]",2,0.2996858319213995,0.44864335482273354
V,[-0.4281970026150929],[0.2703636730545522],"[-0.4281970026150929, 0.2703636730545522]",2,-0.07891666478027035,0.3492803378348226
