Translation,ratio_x,ratio_y,all_ratios,len,mean,std
A,[0.0564122715678205],[-0.017145100741283],"[0.0564122715678205, -0.017145100741283]",2,0.019633585413268748,0.03677868615455175
I,[0.2376525862379672],[0.0354776418727649],"[0.2376525862379672, 0.0354776418727649]",2,0.13656511405536606,0.10108747218260115
N,[0.2004196800389905],[-0.1015453839407083],"[0.2004196800389905, -0.1015453839407083]",2,0.049437148049141094,0.1509825319898494
P,[-0.1184912239873092],[0.2983852229479264],"[-0.1184912239873092, 0.2983852229479264]",2,0.0899469994803086,0.2084382234676178
R,[-0.3473099144831906],[1.239491533894359],"[-0.3473099144831906, 1.239491533894359]",2,0.44609080970558423,0.7934007241887748
S,"[0.0677275847956533, -0.1824559025883001]","[-0.3599705365219119, 0.0674307881080569]","[0.0677275847956533, -0.1824559025883001, -0.3599705365219119, 0.0674307881080569]",4,-0.10181701655162545,0.18064887284620304
T,"[2.1435713427791594, 0.0]","[0.2463779194795989, 0.0]","[2.1435713427791594, 0.0, 0.2463779194795989, 0.0]",4,0.5974873155646896,0.8982811101971849
