site_2,count_x,proportion_x,count_y,proportion_y,ratio
AAG,491,0.0009619001347835627,604,0.000807438055197214,0.2525355362697148
AAT,121,0.00023704667272670283,446,0.0005962208155926448,-1.3306756013656091
ACG,399,0.00078166630097483,768,0.0010266762026348683,-0.3933565032187101
ACT,694,0.0013595900072093533,2623,0.0035064735410302856,-1.366849178406623
AGG,479,0.0009383913738519889,3053,0.004081305269068037,-2.1207689671904992
AGT,340,0.0006660815597279253,454,0.0006069153593700914,0.13420351012688592
ATG,175,0.00034283609691878507,570,0.0007619862441430663,-1.1522459359396766
ATT,180,0.0003526314139736075,141,0.00018849133407749534,0.9036628052109812
CAG,449,0.0008796194715230542,1223,0.0016349283799771404,-0.8942759925061399
CAT,2312,0.004529354606149892,4207,0.005623993208964701,-0.3122893589880107
CCG,1777,0.0034812556812838917,4008,0.005357966432500719,-0.6220777658864298
CCT,510448,1.0,748045,1.0,0.0
CGG,1026,0.002009999059649563,1617,0.0021616346610163826,-0.10492788658650731
CGT,685,0.001341958436510673,1642,0.002195055110320903,-0.7099171726498152
CTG,882,0.0017278939284706767,1667,0.0022284755596254234,-0.367042482148797
CTT,390,0.0007640347302761496,972,0.0012993870689597552,-0.7661211285760707
GAG,697,0.0013654671974422468,1247,0.00166701201130948,-0.2878698426811468
GAT,691,0.00135371281697646,621,0.000830163960724288,0.7054535034478775
GCG,761,0.001490847255743974,1394,0.0018635242532200602,-0.3219011410847781
GCT,700,0.0013713443876751403,1423,0.001902291974413304,-0.47214777341405423
GGG,2798,0.005481459423878632,4196,0.005609288211270712,-0.03325765413241477
GGT,1150,0.002252922922609159,2314,0.003093396787626413,-0.457393941995651
GTG,1147,0.0022470457323762656,1676,0.002240506921375051,0.004204303596573311
GTT,762,0.0014928063191549383,969,0.0012953766150432125,0.20465539335834038
TAG,1118,0.0021902328934582955,48287,0.06455092942269516,-4.881281679208655
TAT,205,0.0004016079992477197,372,0.0004972962856512643,-0.3083176503224845
TCG,589,0.0011538883490580824,927,0.0012392302602116183,-0.10294064351496957
TCT,415,0.0008130113155502617,900,0.0012031361749627362,-0.565452603702651
TGG,1188,0.0023273673322258097,2707,0.0036187662506934745,-0.636798990134098
TGT,306,0.0005994734037551327,1186,0.0015854661150064501,-1.4031393905732514
TTG,493,0.0009658182616054916,1268,0.0016950851887252772,-0.8115341324813965
TTT,340,0.0006660815597279253,716,0.0009571616680814657,-0.5230637798464546
