site_2,count_x,proportion_x,count_y,proportion_y,ratio
AAG,469,0.00026621514156799017,570,0.0012755273298513674,-2.2604292757815223
AAT,2030,0.0011522744933539872,1066,0.0023854598835465926,-1.0497829899314315
ACG,797,0.00045239545379464424,861,0.001926717598249171,-2.0904887926511684
ACT,1761733,1.0,446874,1.0,0.0
AGT,954,0.000541512249586061,204,0.00045650451805206836,0.24636483478922067
ATG,230,0.00013055326771990988,786,0.0017588850548476752,-3.7519507305590274
ATT,640,0.0003632786580032275,2917,0.006527567054695507,-4.16739685525561
CAG,467,0.0002650798957617301,287,0.0006422391994163903,-1.2766834662108213
CAT,601,0.00034114136478115585,246,0.0005504907423569059,-0.6903486038728506
CCG,403,0.0002287520299614073,132,0.0002953852763866325,-0.3688133700752818
CCT,1764,0.0010012868011213959,1173,0.002624900978799393,-1.3904077317157828
CTG,213,0.00012090367836669915,152,0.00034014062129369797,-1.4922731724625429
CTT,452,0.00025656555221477943,520,0.0011636389675837037,-2.1812441298580616
GAG,899,0.0005102929899139086,121,0.00027076983668774645,0.9142587889950562
GAT,691,0.00039222742606285967,178,0.0003983225696728832,-0.02224680982293492
GCG,1168,0.0006629835508558902,254,0.0005683928803197322,0.22208459286305526
GCT,621,0.0003524938228437567,851,0.0019043399257956382,-2.433621142710276
GGT,438,0.00024861883157095883,174,0.00038937150069147006,-0.6472117154923485
GTG,169,9.592827062897726e-05,131,0.0002931475091412792,-1.6115988445000617
GTT,364,0.00020661473673933565,517,0.0011569256658476438,-2.4852811093610327
TAG,2576,0.0014621965984629908,28598,0.063995667682613,-5.451765036390487
TAT,560,0.00031786882575282404,363,0.0008123095100632392,-1.3535980002955803
TCT,1702,0.0009660941811273331,929,0.0020788857709331935,-1.105574743941487
TGG,1136,0.0006448196179557288,1754,0.003925043748349647,-2.605741192184846
TGT,559,0.00031730120284969405,576,0.001288953933323487,-2.0222758078439185
TTG,662,0.0003757663618720884,241,0.0005393019061301396,-0.5212572086675387
TTT,566,0.0003212745631716043,730,0.0016335700891078916,-2.346149690180292
