site_2,count_x,proportion_x,count_y,proportion_y,ratio
AAG,348,0.0002550672629963367,368,0.0006116939934309384,-1.2619323636188557
AAT,1024,0.0007505427508857724,1019,0.0016937939655057778,-1.1742522395763864
ACG,1027,0.0007527416066012581,891,0.0014810308373558862,-0.9763750586142983
ACT,1364346,1.0,601608,1.0,0.0
AGG,128,9.381784386072155e-05,247,0.000410566348851744,-2.1296811349952502
AGT,968,0.0007094974441967067,506,0.0008410792409675403,-0.24544424083028815
ATT,616,0.00045149837357972243,771,0.001281565404715363,-1.5051144126307054
CAG,304,0.00022281737916921368,38,6.316405366949908e-05,1.8186860965894294
CAT,259,0.00018983454343692876,53,8.80972327495645e-05,1.1075739297127836
CCG,229,0.00016784598628207214,79,0.00013131474315501124,0.3541091365092708
CCT,1369,0.0010034111581666235,1133,0.001883286126514275,-0.9083393179731871
CGG,496,0.000363544144960296,375,0.0006233294770016356,-0.7778643784069406
CGT,260,0.00019056749534209063,212,0.000352388930998258,-0.8868665449453168
CTG,239,0.000175175505333691,64,0.00010638156407494581,0.7195529045701772
GAG,145,0.00010627802624847362,304,0.0005053124293559927,-2.249332326839223
GAT,271,0.0001986299662988714,400,0.0006648847754684113,-1.743021051831425
GCG,966,0.0007080315403863829,268,0.0004454727995638356,0.6684762849674293
GCT,842,0.0006171455041463089,801,0.0013314317628754936,-1.109295912752886
GGG,424,0.0003107716077886401,54,8.975944468823553e-05,1.79171904898916
GGT,777,0.0005695036303107863,289,0.00048037925027592717,0.2455312024964602
GTG,217,0.0001590505634201295,37,6.150184173082804e-05,1.3707839634049588
GTT,366,0.0002682603972892507,198,0.0003291179638568636,-0.29497068520613823
TAG,367,0.00026899334919441257,4779,0.007943710854908845,-4.884170702813825
TAT,630,0.0004617597002519889,96,0.00015957234611241872,1.532931614255551
TCT,726,0.00053212308314753,862,0.0014328266911344265,-1.4290322245039189
TGG,147,0.00010774393005879741,366,0.0006083695695535963,-2.49734139685825
TGT,348,0.0002550672629963367,204,0.00033909123548888975,-0.41079574953333875
TTG,229,0.00016784598628207214,251,0.0004172151966064281,-1.313653669264399
TTT,266,0.00019496520677306196,92,0.0001529234983577346,0.35040657603360614
