site_2,count_x,proportion_x,count_y,proportion_y,ratio
AAG,651,0.0013588941815950203,10682,0.08719928816907617,-6.003811336415003
AAT,319,0.0006658790229321221,3245,0.026489579676900597,-5.314021049810135
ACG,407,0.0008495697878789143,8245,0.06730557301573048,-6.307849694747085
AGG,770,0.0016072941932844327,12025,0.09816246397988587,-5.932465538651006
AGT,920,0.001920403451716465,8006,0.06535456853413442,-5.088806750131666
ATG,254,0.0005301983442782414,7009,0.05721585946237174,-6.753739122849513
ATT,607,0.0012670487991216241,3383,0.027616101093052303,-4.44596565622681
CAG,847,0.0017680236126128759,7563,0.06173827152431409,-5.125955644936001
CCG,494,0.0010311731577694932,4904,0.04003232626672435,-5.278806932794606
CCT,120,0.00025048740674562587,1225,0.009999918368013323,-5.319106338969917
CGG,646,0.0013484572063139526,10948,0.08937069901470192,-6.050420265359535
CGT,452,0.0009435025654085241,6267,0.05115876605088938,-5.76081121606158
CTG,131,0.0002734487523639749,3271,0.026701822842262513,-6.609523943233832
GAC,479066,1.0,122501,1.0,0.0
GAG,2706,0.005648491022113863,33920,0.2768956988106219,-5.615333326162528
GAT,1330,0.00277623542476402,436,0.003559154619145966,-0.3584046950768762
GCG,1304,0.002721963153302468,27211,0.22212879894858,-6.35060510238613
GCT,1127,0.00235249422835267,10169,0.08301156725251223,-5.141049294366896
GGG,4900,0.01022823577544639,56812,0.4637676427131207,-5.502772938612834
GGT,1989,0.004151828766808749,33430,0.2728957314634166,-6.038459074359524
GTG,679,0.0014173412431689996,16286,0.1329458535032367,-6.55150782343029
GTT,935,0.0019517143775596682,10187,0.08315850482853201,-5.413049975950443
TAG,1832,0.0038241077429832216,7758,0.06333009526452846,-4.04969617312297
TCG,262,0.0005468975047279498,6556,0.05351793046587375,-6.612608038250512
TCT,235,0.000490537838210184,2027,0.016546803699561637,-5.076044327590402
TGG,2236,0.004667415345693495,15002,0.12246430641382519,-4.713593654631888
TGT,1127,0.00235249422835267,6575,0.0536730312405613,-4.511934279583309
TTG,933,0.0019475395874472411,7132,0.05821993289850695,-4.901788617461738
TTT,702,0.0014653513294619112,6970,0.05689749471432886,-5.279046621139727
