site_2,count_x,proportion_x,count_y,proportion_y,ratio
AAG,357,0.0002808180063337439,657,0.0013370289872768565,-2.251323393143929
ACT,403,0.00031700183908262974,552,0.0011233485555202814,-1.825242525100899
AGG,1730,0.0013608267533820083,2190,0.004456763290922855,-1.7115129288151483
ATG,406,0.0003193616542619049,435,0.0008852475029915261,-1.4708897704016142
ATT,497,0.00039094271469991803,263,0.0005352186052569456,-0.45317104458071533
CAG,493,0.0003877962944608845,280,0.0005698144846842006,-0.5551932774177537
CAT,458,0.000360265117369341,523,0.0010643320553208463,-1.5628174450006949
CCG,523,0.0004113944462536361,141,0.00028694229407311535,0.5197616869974482
CGG,743,0.0005844475594004811,1894,0.0038543879785424146,-2.7213563117804878
CGT,1886,0.0014835371427043167,921,0.0018742826442648172,-0.337297482266937
CTG,255,0.00020058429023838854,164,0.0003337484838864604,-0.7345526646099252
GAG,1555,0.0012231708679242908,1471,0.0029935610963230685,-1.2912367630875643
GAT,711,0.0005592761974882127,1719,0.003498253925614789,-2.645002176709344
GCG,3009,0.002366894624812985,1492,0.0030362971826743837,-0.35931752577259957
GCT,1271286,1.0,491388,1.0,0.0
GGG,2227,0.0017517694680819265,641,0.0013044681595806165,0.4253511993183512
GGT,1513,0.0011901334554144387,611,0.0012434166076501665,-0.06318639445269092
GTG,1056,0.000830654943104856,1302,0.002649637353781533,-1.6734737106578805
GTT,1060,0.0008338013633438896,762,0.0015507094190334318,-0.8951527348934594
TAG,1553,0.001221597657804774,15672,0.03189333072846712,-4.706413664730985
TAT,510,0.0004011685804767771,1699,0.003457552890994489,-3.1074707971760613
TCG,1130,0.0008888637175269766,312,0.0006349361400766807,0.48535074158960256
TCT,6220,0.004892683471697163,4562,0.00928390599689044,-0.9241059631448714
TGG,152,0.00011956396908327473,166,0.0003378185873484904,-1.4984660147540367
TTG,770,0.0006056858960139575,110,0.00022385569041165026,1.4360008252069054
TTT,2215,0.0017423302073648259,396,0.0008058804854819409,1.1123802665120728
