site_2,count_x,proportion_x,count_y,proportion_y,ratio
AAG,3455,0.002725070729585434,3759,0.007686032032289922,-1.4959453132622214
AAT,175,0.000138028184566556,1582,0.003234717391615498,-4.550604881135287
ACG,1724,0.001359774801101386,455,0.0009303390728097671,0.5475392155082162
ACT,1782,0.0014055212851291589,171,0.0003496439152757586,2.0071469981412005
AGG,4231,0.0033371271365777054,4172,0.00853049365222494,-1.3540225806582402
AGT,3558,0.002806310175358893,1043,0.002132623413056235,0.39604524425256926
ATG,1165,0.0009188733429716443,142,0.00029034757876700426,1.6620850115421355
ATT,1075,0.0008478874194802726,1428,0.002919833397741423,-1.7839414280471022
CAG,659,0.000519774706453488,97,0.00019833602211548882,1.389939704326098
CCG,830,0.0006546479610870942,223,0.000455968380739732,0.5217855178191577
CGG,2354,0.0018566762655409877,4733,0.009677571058480501,-2.381922710194744
CGT,3172,0.0025018594368292324,1745,0.0035680036968198763,-0.51211637388786
CTG,549,0.00043301413329736713,1080,0.0022082773596363704,-2.3504353665404576
CTT,2218,0.0017494086478206927,178,0.0003639568240882166,2.265028110700486
GAG,2346,0.001850366405675088,1481,0.003028202564464319,-0.7106507357551628
GAT,1593,0.0012564508457972785,1273,0.0026029047026084255,-1.050768260870873
GCG,1323,0.0010434930753231634,94,0.00019220191833872112,2.440726386106215
GCT,1477,0.0011649578777417327,829,0.0016950573436468066,-0.5410562892257857
GGG,3948,0.0031139158438215036,4435,0.009068250083321577,-1.5420942232268535
GGT,3263,0.0025736340928038414,2985,0.006103433257883857,-1.2458140525551276
GTG,1710,0.0013487325463360615,1992,0.00407304490777375,-1.5945034307896453
GTT,571,0.0004503662479285913,1628,0.0033287736495259362,-2.8858201573982285
TAG,2763,0.00217926785118511,54531,0.1114996043503064,-5.677051253351587
TAT,2288,0.001804619921647315,248,0.0005070859122127962,1.8313929178966895
TCG,1328,0.0010474367377393506,1240,0.002535429561063981,-1.2753670824221377
TCT,1237,0.0009756620817647416,1603,0.003277656118052872,-1.7482110336730035
TGG,1758,0.0013865917055314598,2435,0.004978847565476446,-1.8442688103211244
TGT,1758,0.0013865917055314598,1064,0.002175562139493609,-0.6498451888526091
TTA,1267857,1.0,489069,1.0,0.0
TTG,1853,0.0014615212914390187,4491,0.00918275335382124,-2.651455949247132
TTT,2338,0.0018440565458091882,1917,0.003919692313354557,-1.0878575156313195
