site_2,count_x,proportion_x,count_y,proportion_y,ratio
AAG,1542,0.0011662786634537277,1928,0.0038880060659347753,-1.7371179313793235
AAT,1313,0.0009930764494907552,3007,0.006063918174411757,-2.6102735967455137
ACG,481,0.0003638002834768113,349,0.0007037936291552057,-0.9520057875040084
ACT,2537,0.0019188385014151151,1356,0.0027345104903566154,-0.5110493041368027
AGG,3186,0.002409704164567819,3872,0.007808277742375233,-1.6961483308136813
AGT,2629,0.00198842192361858,5840,0.011776947834574215,-2.5662698722137307
ATG,1024,0.0007744937427863925,666,0.0013430560372990458,-0.7941940121356605
ATT,1322154,1.0,495884,1.0,0.0
CAG,796,0.0006020478703691098,800,0.001613280525284139,-1.4220472142954748
CAT,629,0.0004757388322389071,395,0.0007965572593590436,-0.7436082812495748
CCG,536,0.0004053990684897523,2518,0.005077800453331827,-3.646789022325642
CCT,370,0.0002798463719052395,2505,0.00505158464479596,-4.174029072630655
CGG,2324,0.0017577377521831798,3281,0.006616466754321575,-1.912341170178288
CGT,1526,0.0011541771987226904,1556,0.00313783062167765,-1.4429027432160577
CTG,560,0.0004235512655863084,169,0.00034080551096627435,0.3135879355983846
CTT,478,0.0003615312588397418,34,6.856442232457591e-05,2.3985883216660113
GAG,1423,0.0010762740195166373,534,0.0010768647506271627,-0.0007916302254695751
GAT,2150,0.0016261343232331484,6248,0.012599720902469125,-2.9538734387295538
GCG,1782,0.0013478006344192885,1416,0.0028555065297529263,-1.0831395736254716
GCT,1037,0.0007843261828803604,1354,0.0027304772890434053,-1.7996274898261682
GGG,4034,0.0030510817953128,22361,0.045093207282348294,-3.88551736398437
GGT,2960,0.002238770975241916,14248,0.028732526155310516,-3.6819059856497036
GTG,957,0.0007238188592251734,491,0.0009901509223931404,-0.4520197448930645
GTT,1360,0.0010286245021381775,1078,0.0021738955078203772,-1.0795661716792022
TAG,1992,0.0015066323590141543,8914,0.01797597825297852,-3.57667095860897
TAT,759,0.0005740632331785859,404,0.0008147066652684903,-0.5050710524007265
TCG,832,0.0006292761660139439,2753,0.005551701607634044,-3.141164821518866
TCT,893,0.0006754130003010239,2350,0.004739011543022158,-2.8107443213955365
TGG,1332,0.0010074469388588621,549,0.0011071137604762404,-0.13609961699833484
TGT,928,0.0007018849544001682,679,0.001369271845834913,-0.9641024141815571
TTG,627,0.00047422614914752745,291,0.0005868307910721056,-0.3073693551706427
TTT,1107,0.000837270091078649,479,0.0009659517145138782,-0.2062579840190253
