site_2,count_x,proportion_x,count_y,proportion_y,ratio
AAG,1000,0.0006337625595895246,260,0.000975719593199985,-0.6225241659850855
AAT,560,0.0003549070333701338,108,0.00040529890794460915,-0.19154512283722092
ACG,272,0.0001723834162083507,102,0.00038278230194768644,-1.1509031383398742
ACT,354,0.00022435194609469173,80,0.0003002214132923031,-0.4202631824230849
AGG,2435,0.0015432118326004925,214,0.0008030922805569108,0.942298432949837
AGT,571,0.0003618784215256186,301,0.0011295830675122902,-1.642213379015578
ATA,1577878,1.0,266470,1.0,0.0
ATG,2872,0.001820166071141115,513,0.0019251698127368934,-0.08091561940272207
ATT,1239,0.000785231811331421,449,0.001684992682103051,-1.1015518002192657
CAG,434,0.0002750529508618537,82,0.00030772694862461064,-0.1619414097923233
CAT,252,0.00015970816501656023,33,0.00012384133298307503,0.36694516652274345
CCG,396,0.00025096997359745177,218,0.0008181033512215259,-1.7047683423160365
CCT,709,0.000449337654748973,42,0.00015761624197845912,1.5113837568420347
CGG,1546,0.0009797969171254051,66,0.00024768266596615006,1.983989846947674
CGT,280,0.0001774535166850669,222,0.0008331144218861411,-2.2310734870238598
CTG,1320,0.0008365665786581726,71,0.000266446504296919,1.650634457122413
GAG,2367,0.0015001159785484048,220,0.0008256088865538334,0.8615436395912361
GAT,848,0.0005374306505319169,292,0.0010958081585169062,-1.027844741935537
GCG,2750,0.0017428470388711928,256,0.0009607085225353698,0.8592752656806653
GGG,4212,0.0026694079009910777,635,0.0023830074680076556,0.163736301747468
GGT,2437,0.0015444793577196717,408,0.0015311292077907458,0.012524556133126197
GTG,2671,0.0016927797966636204,244,0.0009156753105415244,0.886486285453504
GTT,1436,0.0009100830355705575,87,0.0003264907869553796,1.4789559003556043
TAG,920,0.0005830615548223627,10548,0.03958419334259016,-6.085132442538905
TAT,1885,0.001194642424826254,190,0.0007130258565692198,0.7445525622063585
TCG,569,0.00036061089640643956,90,0.00033774908995384096,0.09449110835818786
TCT,601,0.0003808912983133043,40,0.00015011070664615154,1.3433524482051027
TGG,1143,0.0007243906056108267,539,0.002022741772056892,-1.4814724121567462
TGT,255,0.0001616094526953288,231,0.0008668893308815251,-2.4233362421759193
TTG,251,0.00015907440245697068,157,0.0005891845235861448,-1.8890178325595741
TTT,1617,0.0010247940588562613,78,0.0002927158779599955,1.807761106992693
