site_2,count_x,proportion_x,count_y,proportion_y,ratio
AAT,176,8.250852158324477e-05,355,0.0005755325702798223,-2.802282539501869
ACA,2133113,1.0,616820,1.0,0.0
ACG,2646,0.0012404406142571913,761,0.0012337472844589994,0.007805759028009618
ACT,2718,0.0012741941003594278,1195,0.00193735611685743,-0.6045041058478411
AGG,996,0.0004669232244142715,414,0.0006711844622418209,-0.5235239691783669
AGT,1080,0.0005063022915335474,300,0.00048636555234914564,0.05795796280782817
ATG,493,0.00023111762011670267,263,0.00042638046755941764,-0.8835140966615125
ATT,619,0.00029018622079561655,273,0.0004425926526377225,-0.6090004854527091
CAG,310,0.0001453275096068516,41,6.64699588210499e-05,1.1285334569090324
CAT,246,0.00011532441084930803,179,0.0002901981129016569,-1.3313402156721388
CCG,311,0.0001457963080249382,336,0.0005447294186310431,-1.9015855963952806
CCT,193,9.047809469071727e-05,321,0.0005204111410135858,-2.524011393601345
CGT,302,0.00014157712226215864,142,0.00023021302811192894,-0.7013813239267268
CTG,396,0.00018564417356230073,253,0.0004101682824811128,-1.1436758983618223
CTT,245,0.00011485561243122142,44,7.133361434454136e-05,0.6871673766181505
GAG,432,0.000202520916613419,179,0.0002901981129016569,-0.5189672188479104
GAT,1170,0.0005484941491613431,311,0.000504198955935281,0.12148310059304102
GCG,307,0.00014392111435259172,184,0.0002983042054408093,-1.0515060544339558
GCT,495,0.0002320552169528759,208,0.000337213449628741,-0.5391939469212428
GGG,858,0.00040222904271831824,601,0.0009743523232061217,-1.2764262869587633
GGT,984,0.00046129764339723214,336,0.0005447294186310431,-0.23984186118664397
GTG,972,0.0004556720623801927,298,0.00048312311533348464,-0.08439496060350216
GTT,509,0.00023861839480608858,155,0.00025128886871372526,-0.0746415029456653
TAG,1373,0.0006436602280329265,4349,0.0070506792905547806,-3.4533910270640886
TAT,358,0.00016782983367500924,117,0.00018968256541616679,-0.17658788606627063
TCG,113,5.2974221243787835e-05,116,0.00018806134690833631,-1.8278409764595072
TCT,216,0.0001012604583067095,121,0.00019616743944748873,-0.9540146788582486
TGG,716,0.0003356596673500185,171,0.00027722836483901303,0.275924318631235
TGT,827,0.0003876962917576331,437,0.0007084724879219221,-0.8697848940764459
TTG,604,0.0002831542445243173,268,0.0004344865600985701,-0.6177233948798158
TTT,631,0.000295811801812656,200,0.0003242437015660971,-0.13239893853929807
