site_2,count_x,proportion_x,count_y,proportion_y,ratio
AAT,341,0.00043947489837948466,213,0.00045861287905538665,-0.061496105283861624
ACT,135,0.0001739856635813209,52,0.0001119618296285451,0.6359614648275418
ATT,775926,1.0,464444,1.0,0.0
TTT,250,0.0003221956732987424,153,0.00032942615256091156,-0.03201797211275981
