site_2,count_x,proportion_x,count_y,proportion_y,ratio
AAG,707,0.0006343987703252124,1111,0.008371826655715222,-3.7220805601978793
AAT,396,0.0003553350962500482,1150,0.008665707159381194,-4.6080653893703145
ACA,1114441,1.0,132707,1.0,0.0
ACG,527,0.0004728828174842814,256,0.0019290617676535526,-2.0283447119809708
ACT,1217,0.0010920273033745169,435,0.00327789792550506,-1.585762001640548
ATT,1077,0.0009664037844982372,1768,0.013322582832857347,-3.785103888465411
CAG,277,0.0002485551052052105,984,0.007414831169418342,-4.898776202908238
CAT,128,0.00011485578868688427,1165,0.008778738122329644,-6.25611810315983
CCT,550,0.0004935209670139559,584,0.004400672157459666,-3.1565406140861807
CGG,1155,0.0010363940307293073,1200,0.009042477035876028,-3.125145417810648
CGT,2049,0.0018385899298392647,1141,0.008597888581612123,-2.2253826708956206
CTG,463,0.0004154549231408392,973,0.007331941796589479,-4.141431475139061
CTT,1144,0.0010265236113890283,1227,0.009245932769183238,-3.171052060502701
GAG,135,0.00012113696463069826,839,0.006322198527583323,-5.705715267007179
GAT,2437,0.0021867465392963826,782,0.005892680868379211,-1.4301381252021983
GCG,214,0.00019202452171088465,927,0.006985313510214231,-5.184962405842569
GCT,863,0.0007743792627873526,351,0.002644924532993738,-1.772114334743792
GGG,945,0.0008479587524148878,1227,0.009245932769183238,-3.4467528781726564
GGT,2924,0.0026237369228160126,1046,0.007882025816271938,-1.5869434039126897
GTG,208,0.00018664065661618695,512,0.0038581235353071053,-4.369564145477094
GTT,1806,0.001620543393504008,371,0.002795632483591672,-0.7866970627581313
TAG,1236,0.0011090762095077263,2301,0.017338949716292282,-3.9665861039379013
TCG,224,0.0002009976302020475,83,0.0006254379949814252,-1.6376883729075065
TCT,872,0.0007824550604293992,83,0.0006254379949814252,0.3231410298118149
TGG,520,0.00046660164154046737,1116,0.008409503643364706,-4.17175736241892
TGT,509,0.00045673122220018825,345,0.002599712147814358,-2.508934569208023
TTT,1151,0.0010328047873328422,1586,0.01195114048241615,-3.532508801189935
