site_2,count_x,proportion_x,count_y,proportion_y,ratio
AAT,943,0.0013114216060533999,5143,0.015788617337086825,-3.5896813609144154
ACG,278,0.0003866120959521157,1307,0.004012390211855431,-3.3755032363089805
ACT,331,0.00046031871856169174,1159,0.003558041511507609,-2.950378327436308
AGG,188,0.00026144990661509986,16943,0.05201371641887266,-7.636213758147657
AGT,1380,0.0019191535698342436,6703,0.020577698232644954,-3.4225395500782785
ATG,837,0.0011640083608342477,258,0.0007920403019576903,0.5554556738900338
ATT,513,0.0007134244792209905,545,0.0016731083897943459,-1.2296982872942905
CAG,335,0.0004658814825322258,1385,0.004251844256633337,-3.1900538588284713
CAT,894,0.0012432777474143577,361,0.0011082424380105666,0.16587511105909059
CCG,816,0.001134803849988944,1339,0.004110627768687393,-1.8569157865898696
CCT,779,0.0010833482832615041,1467,0.004503577996015239,-2.0555745208487757
CGG,1915,0.0026631732508931713,13054,0.04007478334013833,-3.911476530388769
CGT,1840,0.002558871426445658,11682,0.03586284809096798,-3.80891050173413
CTG,1633,0.0022709983909705213,1332,0.004089138303130401,-0.8484701747466232
CTT,719067,1.0,325741,1.0,0.0
GAG,514,0.0007148151702136241,13641,0.04187682852327462,-5.872438123508873
GAT,825,0.0011473200689226457,8993,0.027607823393432207,-4.588737327468242
GCT,344,0.00047839770146592737,1722,0.005286408527019933,-3.466005555931801
GGG,2189,0.003044222582874753,31917,0.09798275316892868,-5.008382077154448
GGT,737,0.0010249392615708968,20848,0.06400176827602297,-5.96450144271012
GTG,183,0.0002544964516519323,228,0.0006999425924277263,-1.4595910591177539
GTT,428,0.0005952157448471421,615,0.0018880030453642617,-1.6653764970625105
TAT,257,0.00035740758510681203,2781,0.008537457673427663,-4.578164363389864
TCG,191,0.00026562197959300037,2637,0.008095388667683836,-4.929653911065867
TCT,249,0.00034628205716574393,3217,0.009875944385263138,-4.833899171821713
TGT,1518,0.002111068926817668,229,0.0007030125160787251,1.5863514040814675
TTT,664,0.0009234188191086506,439,0.001347696482788473,-0.5454385814254898
