site_2,count_x,proportion_x,count_y,proportion_y,ratio
AAG,579,0.00036567320183834466,80,0.00029853642517557673,0.29264793437361725
ACT,867,0.0005475624628563814,548,0.0020449745124527007,-1.900987408466948
AGG,1115,0.0007041893265108019,278,0.0010374140774851292,-0.5589565866440989
AGT,754,0.00047619619030416557,86,0.000320926657063745,0.5693124498383071
ATG,357,0.00022546689647027468,47,0.00017539014979065133,0.36234790362320624
CAG,412,0.00026020269284524695,178,0.0006642435460156583,-1.3520764125114368
CAT,268,0.0001692580623362286,152,0.0005672192078335958,-1.7446818317140718
CCG,1652,0.0010433370111173495,2540,0.009478531499324561,-3.1834583189683396
CCT,712,0.00044967067307236856,1359,0.00507138752267011,-3.495439818529251
CGG,1131,0.0007142942854562483,40,0.00014926821258778836,2.258611610374201
CGT,208,0.0001313644662908043,292,0.0010896579518908552,-3.052228349467182
CTG,317,0.00020020449910665848,53,0.0001977803816788196,0.017575066847950183
GAG,1177,0.000743346042424407,150,0.0005597557972042064,0.40923640581430654
GAT,3171,0.0020026765510006753,302,0.001126975005037802,0.829473914050503
GCG,3083,0.0019470992768007194,888,0.0033137543194489017,-0.7671402009711894
GCT,1583381,1.0,267974,1.0,0.0
GGG,2213,0.001397642134142067,457,0.001705389328815482,-0.28710612798531443
GGT,2162,0.0013654325775034563,556,0.0020748281549702583,-0.6036337737171156
GTG,545,0.00034420016407927086,220,0.000820975169232836,-1.2540908025886282
GTT,1034,0.000653032971849479,371,0.001384462671751737,-1.084098415034127
TAG,1393,0.0008797629881879346,6269,0.023394060617821132,-4.732883580562726
TCG,1176,0.0007427144824903166,168,0.0006269264928687111,0.2445114133293469
TCT,12673,0.008003759044727707,4488,0.016747893452349855,-1.06523000470888
TGG,126,7.957655169539107e-05,216,0.0008060483479740572,-3.340451087391811
TTG,797,0.000503353267470053,164,0.0006119996716099323,-0.28195959935587034
