site_2,count_x,proportion_x,count_y,proportion_y,ratio
AAG,1684,0.0005511836538042964,426,0.0005842867997816468,-0.08414359291278295
AAT,1026,0.0003358161691230452,438,0.0006007455828740876,-0.8390824397474592
ACG,1210,0.0003960405113439422,156,0.0002139641802017298,0.8882787175463669
ACT,1881,0.0006156629767255829,244,0.0003346619228796287,0.8794364002069681
AGG,1429,0.0004677205708351185,420,0.0005760574082354264,-0.3005657123236478
AGT,1534,0.0005020877226459564,447,0.0006130896701934182,-0.2881586494337256
ATG,791,0.00025889921030831264,160,0.00021945044123254342,0.2384953938320873
ATT,329,0.00010768374234062561,467,0.000640520975347486,-2.5724453617277607
CAG,1052,0.0003443261305238241,259,0.00035523540174517963,-0.044999694147593416
CAT,588,0.00019245605014069257,228,0.00031271687875637435,-0.7003280650817167
CCG,912,0.0002985032614427068,202,0.00027705618205608605,0.10756813565960499
CCT,492,0.000161034654199355,108,0.00014812904783196679,0.12051660742243087
CGG,581,0.0001901649066866367,216,0.00029625809566393357,-0.6396035445122799
CGT,841,0.00027526452069442594,213,0.0002921433998908234,-0.08585802572403622
CTG,1022,0.0003345069442921561,162,0.0002221935717479502,0.5902190822996563
GAG,2715,0.000888636353965953,678,0.0009299212447229026,-0.06551537619796122
GAT,642,0.00021013058535769496,811,0.0011123394239974543,-2.4042390128483095
GCA,3055243,1.0,729094,1.0,0.0
GCG,4417,0.0014457115195092502,1472,0.0020189440593393992,-0.48182123477020156
GCT,8657,0.0028334898402516593,3046,0.004177787774964545,-0.5601591780958497
GGG,3392,0.0011102226565939271,2037,0.0027938784299418183,-1.3314202061560305
GGT,1876,0.0006140264456869715,1128,0.001547125610689431,-1.3332176356367569
GTG,2217,0.0007256378625202643,397,0.0005445114073082483,0.4142874619710071
GTT,636,0.00020816674811136135,428,0.0005870299302970536,-1.4956944268701324
TAG,1787,0.0005848961931996899,11871,0.016281851174197018,-4.798940327405708
TAT,326,0.0001067018237174588,77,0.00010561052484316151,0.014831217782834472
TCG,1836,0.0006009341973780809,56,7.68076544313902e-05,2.9678850256028646
TCT,1554,0.0005086338468004018,241,0.0003305472271065185,0.621771056424409
TGG,2025,0.0006627950706375892,298,0.0004087264467956121,0.6974272764438467
TGT,598,0.00019572911221791523,507,0.0006953835856556219,-1.8289506585585773
TTG,1658,0.0005426736924035175,408,0.0005595986251429857,-0.044307446229085556
