site_2,count_x,proportion_x,count_y,proportion_y,ratio
AAG,2223,0.0047437560817385665,1172,0.010054389787759724,-1.0837237902623142
ACG,468616,1.0,116566,1.0,0.0
ACT,693,0.0014788227461290267,332,0.0028481718511401267,-0.945587058076768
AGG,4438,0.009470440616624273,231,0.0019817099325703893,2.2566857419138975
AGT,1127,0.0024049541628967,336,0.002882487174647839,-0.26130479147359686
ATG,1535,0.0032756030523925775,192,0.0016471355283701936,0.9918012706693293
CCG,857,0.0018287894566126636,617,0.005293138651064633,-1.533234453903975
CGT,113,0.00024113559929665228,3382,0.029013606025770806,-6.910741150861853
CTG,284,0.000606039913276542,48,0.0004117838820925484,0.5575254499164704
GAG,1917,0.004090769414616658,3572,0.030643583892387145,-2.905140912320128
GAT,132,0.00028168052307219556,122,0.0010466173669852273,-1.893602387071489
GCG,3379,0.007210594601976885,2660,0.022819690132628724,-1.6620890640918065
GGG,4820,0.010285606978848354,3460,0.0296827548341712,-1.5289980602738193
GGT,836,0.0017839766461239053,115,0.0009865655508467307,0.854609912269451
GTG,2253,0.004807774382436792,3088,0.02649142974795395,-2.4620846078997083
GTT,127,0.00027101080628915786,66,0.000566202837877254,-1.0629686014533437
TAG,1528,0.0032606654488963245,204308,1.7527237788034247,-9.070216511431086
TCG,1957,0.0041761271488809605,215,0.0018444486385395399,1.1789760221702865
TGG,2244,0.004788568892227325,164,0.0014069282638162072,1.767045787123653
TGT,285,0.0006081738566331496,663,0.005687764871403325,-3.2253061199275397
TTG,1150,0.0024540348600986736,890,0.007635159480466002,-1.6375025488890778
