site_2,count_x,proportion_x,count_y,proportion_y,ratio
AGG,1717,0.0010663218664917825,1111,0.003007840419310823,-1.4960850494042521
AGT,4189,0.0026015272561060432,2332,0.006313486820731628,-1.279078176351267
ATG,1572,0.0009762713885411077,1510,0.004088063936237032,-2.066063603971127
ATT,1166,0.0007241300502792186,3376,0.009139936323666371,-3.6578633875239825
CAT,373,0.00023164709155587353,372,0.0010071256849537588,-2.120243262870087
CGT,1514,0.0009402511973608379,1219,0.0033002317472006237,-1.8114491926517733
CTG,2659,0.001651339454281683,2703,0.0073179051785752965,-2.147794006694321
CTT,388,0.0002409626582404261,2199,0.0059534123150895586,-4.626835318685133
GAG,706,0.00043845267195294027,164,0.00044400164605488295,-0.01814390336419791
GAT,1292,0.0008023808104294601,593,0.0016054449762838146,-1.0006142118693724
GCG,2595,0.001611593036427592,961,0.0026017413527972106,-0.6909900695458013
GCT,1941,0.0012054343289811006,393,0.0010639795542656647,0.1800826284377628
GGG,11492,0.007136966155925197,6996,0.018940460462194886,-1.4080885684064226
GGT,1610208,1.0,369368,1.0,0.0
GTG,3362,0.0020879290128977125,4612,0.012486192631738537,-2.5801890604328985
GTT,3365,0.002089792126234623,3958,0.010715600701739186,-2.358281379567126
TAG,1173,0.0007284773147320098,13615,0.03686025860388555,-5.661038335919943
TAT,4034,0.002505266400365667,1155,0.0031269628121548157,-0.3197980397077522
TCT,339,0.00021053180707088773,417,0.0011289554049078426,-2.4228783823256137
TGG,3065,0.001903480792543572,2571,0.006960538000043317,-1.870558808272805
TGT,4200,0.0026083586716747153,1765,0.004778432349310173,-0.8733951276223513
TTG,3406,0.0021152546751724,3569,0.009662450455913886,-2.1915577383877745
TTT,2711,0.0016836334187881317,2185,0.005915509735548288,-1.812924438567543
