site_2,count_x,proportion_x,count_y,proportion_y,ratio
AAG,429,0.0005986327729814284,218,0.0006750229136218385,-0.17326521187260546
AAT,387,0.0005400253686335963,146,0.0004520795660036166,0.25645047266916876
ACT,752,0.0010493516207040424,49,0.00015172533379573434,2.7899642829672047
AGG,584,0.0008149220033127138,650,0.00201268299933117,-1.304386073631024
AGT,955,0.0013326207417185645,178,0.0005511654982783819,1.273708767361489
ATA,716633,1.0,322952,1.0,0.0
ATG,1385,0.001932648929089227,1050,0.0032512571527657363,-0.75041807621216
ATT,958,0.0013368069848862668,662,0.002049840223934207,-0.616720285666263
CAG,312,0.00043536928944103886,146,0.0004520795660036166,-0.05433706461299259
CAT,727,0.00101446626097319,413,0.0012788278134211895,-0.3341011420950757
CCG,1179,0.0016451935649070026,259,0.0008019767643488815,1.0366249906979839
CCT,847,0.0011819159876812818,203,0.0006285763828680423,0.9109675175517964
CGG,690,0.0009628359285715283,110,0.0003406078921945057,1.4991781135456481
CGT,195,0.0002721058059006493,401,0.0012416705888181525,-2.1900428373005347
GAG,501,0.0006991026090062835,547,0.0016937501548217693,-1.276644954192573
GAT,350,0.0004883950362319346,772,0.0023904481161287124,-2.2911606500309762
GCG,306,0.00042699680310563426,392,0.0012138026703658747,-1.5072367260177817
GCT,152,0.00021210298716358304,212,0.0006564443013203201,-1.629907665714839
GGG,1740,0.0024280210372673323,1074,0.00332557160197181,-0.4538214118445474
GGT,1062,0.0014819300813666131,487,0.0015079640318065842,-0.02512463587341429
GTG,1369,0.0019103222988614815,664,0.0020560330947013796,-0.10604742468424888
GTT,655,0.0009139964249483348,332,0.0010280165473506898,-0.16960305951733723
TAG,1228,0.0017135688699794734,17304,0.05358071787757933,-4.966637829187024
TAT,1181,0.0016479843936854708,355,0.0010992345611731775,0.5842033104098885
TCT,472,0.0006586355917184947,88,0.00027248631375560457,1.2732967061293188
TGG,988,0.0013786694165632896,718,0.0022232406054150462,-0.6893875268335989
TGT,474,0.0006614264204969629,582,0.0018021253932472938,-1.4460468186052502
TTG,1207,0.0016842651678055573,338,0.0010465951596522083,0.6864157998776115
