site_2,count_x,proportion_x,count_y,proportion_y,ratio
AAG,5349,0.0008458252931965065,1270,0.002812310390490405,-1.7333242234336268
AAT,33067,0.005228810052370327,3838,0.008498934865119823,-0.7007993836517041
ACG,2242,0.0003545223980831123,174,0.00038530866767348855,-0.12013786316355102
ACT,1436,0.00022707143784449118,183,0.0004052384263462552,-0.8356247345812395
AGG,3540,0.000559772207499651,3322,0.007356295367881201,-3.7160676431122646
AGT,4464,0.0007058822413215937,898,0.00198854703201605,-1.494215253032209
ATG,2909,0.00045999360215154934,391,0.0008658372934501955,-0.9124821463272941
ATT,4259,0.0006734660541641281,2340,0.005181737254919329,-2.9437587300406785
CAG,7167,0.0011333015285734458,721,0.0015965951114516393,-0.49446674018358294
CAT,6324001,1.0,451586,1.0,0.0
CCG,2675,0.000422991710469369,1160,0.0025687244511565905,-2.602350843959311
CCT,6634,0.001049019441964035,1675,0.003709149530764904,-1.822047013564724
CGG,3662,0.0005790637920518988,3076,0.006811548630825579,-3.556188642284738
CGT,7557,0.0011949713480437464,3344,0.007405012555747964,-2.6315261547457327
CTG,3977,0.0006288740308548338,3678,0.008144628044270637,-3.695005847726975
CTT,7577,0.0011981339028883772,3705,0.008204417320288938,-2.7756117247602594
GAG,3638,0.0005752687262383418,295,0.0006532532009406846,-0.18340624671796668
GAT,9587,0.0015159706647737722,2010,0.0044509794369178846,-1.5538809992041278
GCG,1277,0.00020192912682967634,162,0.0003587356561097997,-0.829072123302149
GCT,1307,0.00020667295909662255,134,0.00029673196246119234,-0.5218106947825873
GGG,4968,0.0007855786234062898,1054,0.0023339961823440054,-1.5709746235369817
GGT,5023,0.0007942756492290245,1183,0.0026196560566536607,-1.7216657287882082
GTG,2091,0.00033064510900614977,222,0.000491600713928244,-0.5722034498807744
GTT,3091,0.0004887728512376896,234,0.0005181737254919328,-0.08427171084542984
TAG,4248,0.0006717266489995812,3285,0.007274361915559827,-3.4368745345257876
TAT,7061,0.0011165399878969027,4607,0.010201822022826218,-3.1917200112972672
TCG,2794,0.00044180891179492225,703,0.001556735594106106,-1.8170295037833206
TCT,3055,0.00048308025251735413,705,0.0015611644293667209,-1.6922877127003115
TGG,4618,0.0007302339136252508,3552,0.007865611422851904,-3.4291283386962386
TGT,3683,0.0005823844746387612,159,0.0003520924032188775,0.7260177964951353
TTG,5977,0.0009451295153179134,4177,0.009249622441794033,-3.2908105308574367
TTT,6202,0.00098070825732001,4015,0.008890886785684234,-3.180431391912304
