site_2,count_x,proportion_x,count_y,proportion_y,ratio
AAG,1700522,1.0,137221,1.0,0.0
AAT,1870,0.0010996623389759146,786,0.005727986241172998,-2.3809674276950616
ACG,681,0.0004004652688997849,552,0.004022707894564243,-3.3284179489775534
ACT,714,0.0004198710748817128,154,0.0011222772024690097,-1.4184107568772575
AGG,2469,0.001451907120284242,560,0.004081008008978218,-1.4909763760136405
ATG,2675,0.0015730463939896103,372,0.002710955320249816,-0.7852401151436155
ATT,747,0.0004392768808636407,32,0.00023320045765589815,0.9135599525777813
CAG,2640,0.0015524644785542322,105,0.0007651890016834158,1.0206722163682365
CAT,195,0.00011467067171139215,41,0.0002987880863716195,-1.3816261710799278
CTG,1087,0.0006392154879501706,78,0.0005684261155362517,0.1693295259536054
GAG,2154,0.0012666698813658395,1469,0.010705358509266074,-3.0792206262235267
GAT,2199,0.0012931323440684684,1434,0.010450295508704936,-3.014601900058392
GCG,431,0.0002534515872185129,158,0.001151427259675997,-2.1836411692994595
GCT,718,0.0004222232937886131,141,0.0010275395165463012,-1.2831157987871968
GGG,6010,0.0035342089076177787,10968,0.07992945686155908,-4.499268060392132
GGT,2877,0.001691833448788078,3512,0.025593750227734822,-3.9191321040075255
GTG,1033,0.0006074605327070159,306,0.002229979376334526,-1.8761677840390476
GTT,901,0.0005298373087793042,182,0.0013263276029179206,-1.323815824596613
TAG,4077,0.0023974991208581837,34406,0.250734217065901,-6.708484794113525
TAT,527,0.0003099048409841213,39,0.00028421305776812585,0.12485245256351085
TCT,403,0.00023698605487021044,57,0.0004153883151995686,-0.80965846584823
TGG,2164,0.0012725504286330903,298,0.0021716792619205514,-0.7710882168468025
TGT,280,0.00016465532348302462,39,0.00028421305776812585,-0.7875236821287377
TTG,2177,0.0012801951400805164,302,0.0022008293191275387,-0.7816835273483278
TTT,879,0.0005169001047913523,46,0.0003352256578803536,0.6247529188749361
