site_2,count_x,proportion_x,count_y,proportion_y,ratio
AAT,1012,0.000641367710304599,115,0.00043156828160768564,0.5715628861312148
ACG,434,0.0002750529508618537,71,0.000266446504296919,0.045863475321077374
AGG,1411,0.0008942389715808193,223,0.0008368671895522948,0.09566173505823983
AGT,554,0.0003511044580125967,396,0.0014860959957969002,-2.0815550916491414
ATG,688,0.000436028640997593,102,0.00038278230194768644,0.18789877511188458
ATT,295,0.00018695995507890978,92,0.0003452546252861485,-0.8849314494265297
CAA,1577878,1.0,266470,1.0,0.0
CAG,1591,0.0010083162323069337,471,0.0017675535707584343,-0.809805766900455
CAN,123,7.795279482951154e-05,51,0.00019139115097384322,-1.2958514742509735
CAT,1161,0.0007357983316834382,428,0.0016061845611138215,-1.1262553671543003
CGG,1072,0.0006793934638799705,136,0.0005103764025969152,0.4126857115887148
GAG,529,0.00033526039402285854,243,0.0009119225428753705,-1.4436292291104742
GAT,1056,0.000669253262926538,234,0.0008781476338799865,-0.39191123784367043
GCG,513,0.00032512019306942615,150,0.0005629151499230683,-0.791944312507546
GGG,943,0.0005976380936929217,332,0.0012459188651630577,-1.0598661082905476
GGT,575,0.0003644134717639767,316,0.0011858745825045972,-1.7023032399640847
GTT,534,0.00033842920682080615,80,0.0003002214132923031,0.17282719918147116
TAG,2155,0.0013657583159154257,5639,0.021161856869441213,-3.953692111255629
TCT,1201,0.0007611488340670191,176,0.0006604871092430667,0.20464817944961666
TGT,836,0.0005298254998168426,132,0.0004953653319323001,0.0970243751037092
TTT,621,0.00039356654950509483,45,0.00016887454497692048,1.2206557242720866
