site_2,count_x,proportion_x,count_y,proportion_y,ratio
AAG,220,0.00019740838680558235,690,0.005199424295628716,-4.719096701759058
ACG,960,0.0008614184151516321,60,0.00045212385179380137,0.9299961363818134
AGG,2383,0.002138291753444103,1113,0.008386897450775015,-1.9716785047698737
ATG,806,0.0007232325443877244,914,0.006887353342325575,-3.2514181901482893
CCG,113,0.00010139612595014002,501,0.0037752341624782415,-5.218491694398207
CGG,1152,0.0010337020981819585,1185,0.008929446072927578,-3.110750205961496
CGT,138,0.0001238288971780471,639,0.004815119021603985,-5.281151527787011
CTG,1741,0.0015622181883114493,544,0.004099256256263799,-1.391766217217424
CTT,513,0.00046032046559665337,836,0.006299592334993632,-3.7745479800920148
GAC,1114441,1.0,132707,1.0,0.0
GAG,926,0.0008309098462816784,370,0.002788097086061775,-1.7465169408742618
GAT,1379,0.0012373916609313548,225,0.0016954644442267552,-0.4543783133212429
GCG,238,0.00021355998208967545,988,0.007444972759537929,-5.12355333189492
GCT,911,0.0008174501835449342,723,0.005448092414115307,-2.7365484567672533
GGG,2909,0.0026102772600792683,232,0.001748212226936032,0.5783227223545477
GGT,121,0.0001085746127430703,140,0.0010549556541855365,-3.280423643288559
GTG,1024,0.0009188463094950742,1582,0.011920998892296563,-3.697537748090979
GTT,702,0.0006299122160796309,1222,0.009208255781533755,-3.869705213132356
TAT,881,0.0007905308580714457,854,0.006435229490531773,-3.0250979143182626
TCG,1191,0.0010686972212974935,40,0.0003014159011958676,1.826025739358565
TGG,662,0.0005940197821149797,1308,0.00985629996910487,-4.05246328230905
TGT,487,0.00043699038351963,43,0.00032402209378555764,0.43150934376205896
TTG,1613,0.0014473623996245652,638,0.004807583624074088,-1.731885754227414
TTT,1090,0.000978068825536749,735,0.005538517184474067,-2.501491883677625
