site_2,count_x,proportion_x,count_y,proportion_y,ratio
AAT,773,0.0004656921070308664,70,0.00011109347722583716,2.06760231786609
ACG,567,0.00034158787152199386,104,0.00016505316616410095,1.049325937687346
ACT,444,0.00026748679886378355,223,0.00035391207744802413,-0.4039233026839888
AGG,1138,0.0006855855340247426,392,0.0006221234724646882,0.14013572907758132
AGT,1970,0.0011868220580217423,1630,0.0025868909696873514,-1.1241156038884927
ATG,1221,0.0007355886968754047,180,0.000285668941437867,1.3645551195439367
ATT,487,0.00029339205190689774,122,0.00019362006030788762,0.5996013554056656
CAG,885,0.000533166254492001,380,0.0006030788763688303,-0.17776123247437958
CAT,318,0.00019157838297000713,182,0.00028884304078717664,-0.5923509540281309
CCT,470,0.0002831504402386898,73,0.00011585462624980162,1.2892531185711924
CGG,954,0.0005747351489100214,135,0.00021425170607840025,1.4235905898408898
CGT,1320,0.0007952310236490862,485,0.0007697190922075861,0.047042008057534446
CTT,305,0.00018374656228255403,70,0.00011109347722583716,0.72594314639149
GAG,486,0.000292789604161709,794,0.0012601174416759244,-2.105621962650968
GAT,1082,0.0006518484602941752,2191,0.0034772258371687033,-2.415328254277197
GCG,1951,0.001175375550863157,316,0.0005015076971909221,1.2287780453181334
GCT,9728,0.00586061166519569,8114,0.012877321060149183,-1.1357093428764777
GGG,7471,0.004500887104304791,2854,0.0045294397714648466,-0.009123241972717189
GGT,1659895,1.0,630100,1.0,0.0
GTG,2171,0.0013079140548046713,571,0.0009062053642279003,0.5293578061385098
GTT,3533,0.0021284478837516833,2131,0.0033820028566894146,-0.6680761130058421
TAG,1314,0.000791616337177954,688,0.001091890176162514,-0.4639544634935593
TAT,1071,0.0006452215350970995,198,0.00031423583558165373,1.0379468755568553
TCG,581,0.0003500221399546357,157,0.00024916679892080624,0.4903343353991101
TCT,578,0.0003482147967190696,249,0.0003951753689890494,-0.18251551868119265
TGG,2287,0.0013777979932465608,1710,0.0027138549436597366,-0.9779792284753785
TGT,2989,0.0018007163103690295,2007,0.0031852086970322172,-0.8228169887983139
TTG,234,0.0001409727723741562,303,0.00048087605142040947,-1.770248533003338
TTT,689,0.0004150864964350155,1128,0.0017901920330106332,-2.1086304488082934
