site_2,count_x,proportion_x,count_y,proportion_y,ratio
AAG,4438,0.00148224000598507,8816,0.015381126018458747,-3.3753101492112236
AAT,3969,0.0013255995006207172,6443,0.01124099307360818,-3.0840526252586766
ACG,2238,0.0007474657803953553,6901,0.0120400579234782,-4.009690989501675
ACT,2946,0.0009839294857214998,6409,0.011181673848945339,-3.506437432320232
AGG,8318,0.00277811454929784,17177,0.02996842123628243,-3.4312650914251996
AGT,6711,0.002241395376332989,15955,0.027836418514576827,-3.634504539223477
ATG,5070,0.0016933206016999335,8886,0.015503253833941065,-3.19464398695638
ATT,3881,0.0012962085315971286,9138,0.015942913969677407,-3.620545602260078
CAG,4503,0.0015039492444684026,8348,0.014564614337805537,-3.2756397156550685
CAT,2814,0.0009398430321861169,6273,0.01094439695029398,-3.541628826911281
CCG,2965,0.0009902752631243202,5646,0.009850480660188076,-3.314292616853405
CCT,2757,0.0009208056999776562,5123,0.008938011410227332,-3.278985217281452
CGG,7204,0.002406051600521957,16738,0.029202505364900464,-3.601352659072182
CGT,3554,0.0011869943626117484,12126,0.02115602700769405,-4.1556837339092905
CTG,2455,0.0008199412381012499,6745,0.011767887363260465,-3.843191011470653
CTT,3428,0.0011449118387825191,4443,0.007751626916970533,-2.759262624734583
GAG,18745,0.006260610390308729,14015,0.02445173334263831,-1.9655615115814813
GAT,2994117,1.0,573170,1.0,0.0
GCG,6859,0.0022908256424181155,13716,0.02393007310222098,-3.384885241441956
GCT,5502,0.0018376035405430048,11626,0.02028368546853464,-3.464422361752753
GGG,16959,0.005664107314443624,36309,0.06334769789067816,-3.4833716868815476
GGT,16158,0.005396582698672096,34309,0.05985833173404051,-3.4714340336257
GTG,7718,0.002577721578682463,18361,0.032034126001011916,-3.635441278618412
GTT,9590,0.0032029476470024384,15397,0.026862885356874925,-3.0681421515347074
TAG,6109,0.0020403344291488944,13508,0.023567179021930666,-3.5299015317643097
TAT,6468,0.0021602362232337616,8187,0.014283720362196207,-2.7251108093587124
TCG,5708,0.0019064051271209508,9642,0.016822234241150095,-3.1414426877575643
TCT,2349,0.0007845384799592,7477,0.013044995376589843,-4.055508412529519
TGG,12325,0.004116405604724198,14760,0.025751522235985834,-2.6452006676322
TGT,9151,0.0030563267901688547,18072,0.03152991259137777,-3.3668504571975335
TTG,5376,0.0017955210167137758,9199,0.016049339637454856,-3.1600394926885427
TTT,3265,0.0010904717484320084,9587,0.01672627667184256,-3.9390920333856965
