site_2,count_x,proportion_x,count_y,proportion_y,ratio
AAG,677,0.00035227390987615777,997,0.0012902607957427864,-1.8728931668815019
AAT,1098,0.0005713393693412426,444,0.0005745995920860554,-0.008209023403210836
ACG,974,0.0005068165261733792,199,0.00025753450185838966,0.9766978454803894
ACT,489,0.0002544489541055261,294,0.0003804781082731988,-0.5804371859424347
AGG,1823,0.0009485898636694765,490,0.0006341301804553313,0.5810054109782605
AGT,1729,0.0008996773857841607,723,0.0009356655519779685,-0.056585179367139915
ATG,980,0.0005099385992298886,159,0.00020576877284162793,1.3092994876599118
ATT,1404,0.0007305650952232283,650,0.0008411930965223784,-0.2034241836695596
CAG,679,0.00035331460089499427,318,0.00041153754568325587,-0.22007068709792676
CAT,1139,0.000592673535227391,366,0.00047365642050336995,0.3233966973657676
CCG,940,0.0004891247788531585,162,0.00020965120251788505,1.2222114476220725
CCT,356,0.00018524300135289832,295,0.00038177225149861783,-1.0432932093411083
CGG,1243,0.0006467894682068894,513,0.0006638954746399693,-0.03765993061287176
CGT,1494,0.000777396191070871,375,0.00048530370953214135,0.6797621513476919
CTG,923,0.0004802789051930482,188,0.0002432989263787802,0.9811424899098338
CTT,510,0.0002653762098033094,500,0.0006470716127095218,-1.285886343861531
GAG,1617,0.0008413986887293162,2378,0.0030774725900464856,-1.8708845323302974
GAT,1894,0.0009855343948381725,1277,0.0016526208988601185,-0.7457776902926412
GCG,1595,0.0008299510875221147,201,0.00026012278830922774,1.673833521415002
GCT,1538,0.0008002913934852743,798,0.0010327262938843967,-0.3678606443188226
GGG,5111,0.0026594858986366946,1905,0.002465342844423278,0.10935909756122264
GGT,1921800,1.0,772712,1.0,0.0
GTG,2796,0.0014548860443334374,560,0.0007247202062346644,1.005410132372166
GTT,2576,0.0013404100322614216,1082,0.0014002629699034052,-0.0630234017705007
TAG,798,0.00041523571651576644,8171,0.010574444294899005,-4.670507496523332
TAT,990,0.0005151420543240712,726,0.0009395479816542257,-0.8669965190870812
TCG,756,0.0003933812051201998,257,0.0003325948089326942,0.24216237896889048
TCT,621,0.00032313456134873555,1182,0.0015296772924453094,-2.243020358015354
TGG,638,0.0003319804350088459,1370,0.0017729762188240896,-2.4170030601413224
TGT,3384,0.0017608492038713706,3293,0.00426161364130491,-1.2751284395337006
TTG,1119,0.0005822666250390259,307,0.0003973019702036464,0.551443979547912
TTT,1107,0.0005760224789260069,365,0.0004723622772779509,0.2862313569558701
