site_2,count_x,proportion_x,count_y,proportion_y,ratio
AAG,2472,0.0010411643182205862,6447,0.013542439067426516,-3.7012179194295936
AAT,675,0.00028429850922285425,5194,0.010910412364853937,-5.2621552859252425
ACG,624,0.00026281817741490525,299,0.0006280734110687961,-1.256868134520884
ACT,567,0.00023881074774719755,88,0.00018485103737141825,0.36950462711990184
AGG,2446,0.0010302135608282984,8237,0.017302477213958774,-4.0699632640396874
AGT,2051,0.0008638462850608504,4472,0.009393793626420255,-3.4428613755483664
ATG,2374265,1.0,476059,1.0,0.0
ATT,2653,0.0011173984369899736,1148,0.0024114658057089564,-1.1097666456320194
CAG,693,0.0002918798028021303,1863,0.00391338048435173,-3.744969095989452
CAT,1397,0.0005883926183471517,2482,0.005213639485862047,-3.147439773905921
CCG,335,0.000141096297169861,2539,0.005333372544159443,-5.240296073487398
CCT,420,0.0001768968501831093,2544,0.005343875444010091,-4.91690611680326
CGG,1843,0.0007762402259225487,4860,0.0102088186548306,-3.717168922047458
CGT,1365,0.0005749147630951053,3602,0.00756628905240737,-3.7181659092840906
CTG,688,0.0002897738879189981,189,0.0003970096143545233,-0.4542463487040038
CTT,1605,0.0006759986774854534,1363,0.002863090499286853,-2.0824809439805723
GAG,2051,0.0008638462850608504,4068,0.008545159318487835,-3.3062608665626767
GAT,419,0.00017647566720648285,2492,0.005234645285563344,-4.890550598509678
GCG,2042,0.0008600556382712123,611,0.001283454361749279,-0.5775300981259566
GCT,1108,0.0004666707381021074,709,0.0014893111988219948,-1.6741683303753554
GGG,1548,0.0006519912478177457,10818,0.022724074116863665,-5.123225105194116
GGT,1932,0.0008137255108423028,7314,0.015363641901529012,-4.238834211690623
GTG,3042,0.001281238614897663,344,0.000722599509724635,0.8262710038373715
GTT,1062,0.0004472963211772907,468,0.0009830714260207244,-1.13606534796428
TAG,585,0.00024639204132647366,5378,0.011296919079357811,-5.518829904587135
TAT,972,0.0004093898532809101,4014,0.008431728000100829,-4.364281076941865
TCG,1055,0.0004443480403409055,613,0.0012876555216895385,-1.5349846592812622
TCT,917,0.0003862247895664553,820,0.0017224755755063973,-2.1569708550954214
TGG,1756,0.0007395973069560474,9318,0.019573204161669036,-4.7259961647581274
TGT,1278,0.000538271844128604,465,0.0009767696861103352,-0.8596834642334272
TTG,2179,0.0009177577060690361,804,0.0016888662959843213,-0.8798698892480505
TTT,851,0.00035842671310910954,2350,0.004936362929804919,-3.7836983989514277
