site_2,count_x,proportion_x,count_y,proportion_y,ratio
AAG,1623,0.0005421410261463627,3356,0.005857803393546293,-3.4336196814957134
AAT,1577,0.0005267753531933543,3211,0.00560470998113145,-3.4113799705391212
ACG,1370,0.00045762982490481636,466,0.000813389863347012,-0.829765932410254
ACT,2418,0.0008076999391385737,312,0.0005445872046443514,0.5686563447830135
AGG,5731,0.0019143624281237244,6457,0.011270511475604414,-2.557617096435406
AGT,4749,0.0015863387142138487,4349,0.007591056900635526,-2.258599918209594
ATG,1356,0.00045295331574520507,2373,0.004142004604554634,-3.192894887661466
ATT,2254,0.0007529179746974131,853,0.0014888874537231785,-0.9836700967499308
CAG,1427,0.00047666989791180506,3407,0.005946822455843927,-3.641056578224446
CAT,1280,0.0004275665517358868,1687,0.0029446109430609642,-2.783856129004066
CCG,1410,0.0004709912796465628,1719,0.003000466040973205,-2.6714143477957677
CCT,1487,0.0004967120800244248,700,0.0012218302668302755,-1.2985621453837712
CGG,990,0.00033069600485822494,5650,0.009861915725130082,-4.898290402826802
CGT,2288,0.0007642752112278976,4906,0.008563284698670475,-3.4860001473830753
CTG,1161,0.0003878162238791911,564,0.0009844461007032506,-1.343939061137089
CTT,6334,0.0021157863583555524,1651,0.0028817739579096928,-0.4457632184889295
GAG,5019,0.0016765285337206374,9888,0.01725922525488252,-3.3638187627487293
GAT,6881,0.002298504251948935,6158,0.01074861540448691,-2.2253835892504954
GCG,5623,0.0018782865003210089,1876,0.0032745051151051386,-0.801859746578435
GCT,3259,0.0010886245250837931,1704,0.0029742839638268424,-1.450035949091136
GGG,15728,0.005253724004454709,29866,0.052130261070218585,-3.310708767000735
GGT,9098,0.003039062881010233,13515,0.023590051508873108,-2.9564801377342667
GTG,10379,0.0034669634691146633,2598,0.0045347357617500795,-0.3873458524634694
GTT,2993686,1.0,572911,1.0,0.0
TAG,1922,0.0006420179003409175,4138,0.007222762348776686,-3.491865274690122
TAT,1324,0.0004422641519518079,943,0.001645979916601357,-1.8959665194717417
TCG,1401,0.00046798495232966983,2476,0.00432178820095966,-3.2070943243873096
TCT,1915,0.0006396796457611119,1316,0.002297040901640918,-1.8443550625267857
TGG,6903,0.0023058530520568958,4285,0.007479346704811044,-1.6976116856584786
TGT,2604,0.0008698307036876947,1206,0.002105039002567589,-1.2750404243383127
TTG,4448,0.0014857937672822065,1058,0.0018467091747234737,-0.31372280499438077
TTT,5682,0.001897994646065085,3363,0.005870021696214595,-1.6288899129409042
