site_2,count_x,proportion_x,count_y,proportion_y,ratio
AAG,506,0.000168800018681425,1506,0.002621921070774459,-3.9572372870960173
AAT,1208,0.00040298502483628734,3218,0.005602484731575172,-3.797268678516768
ACG,1733,0.0005781233841401374,1634,0.002844766951955821,-2.2988611361039144
ACT,1158,0.00038630518109306354,1895,0.003299163631552191,-3.094287402187618
AGG,1806,0.0006024759560052441,3975,0.00692040920074932,-3.521881774696622
AGT,2425,0.0008089724215463549,3366,0.0058601502816911216,-2.856775236486497
ATG,647,0.00021583717803731615,1683,0.0029300751408455608,-3.7629223664558413
ATT,875,0.0002918972655064167,1838,0.003199927575088616,-3.454506651687744
CAG,276,9.207273746259545e-05,2587,0.004503924176688928,-5.612264689024973
CAT,908,0.0003029059623769444,1426,0.002482642395036108,-3.0349345862713744
CCG,1065,0.0003552806717306672,1880,0.00327304887985125,-3.2036040385702
CCT,1620,0.0005404269372804516,1395,0.002428671908187497,-2.167996116062964
CGG,1800,0.0006004743747560573,4081,0.007104953446102635,-3.564650611159463
CGT,1198,0.0003996490560876426,2173,0.0037831570297429612,-3.2427850735108965
CTG,647,0.00021583717803731615,1584,0.0027577177796193515,-3.6754595252055022
CTT,1068,0.00035628146235526064,956,0.0016643801750732953,-2.2238956834115946
GAG,5724,0.0019095085117242622,7013,0.012209516911913201,-2.6767328630647587
GAT,2997630,1.0,574388,1.0,0.0
GCG,3828,0.001277008836981215,4479,0.007797864857900931,-2.610310643488072
GCT,2889,0.000963761371483472,6041,0.010517281001692236,-3.447941989790344
GGG,13678,0.004562938054396307,23008,0.04005654714234977,-3.1340030935317085
GGT,8333,0.002779862758245681,11869,0.02066373252923111,-2.8940153104838817
GTG,3121,0.0010411558464520304,5120,0.008913835247254469,-3.097860260086553
GTT,1796,0.0005991399872565993,3558,0.006194419103463164,-3.370003967644413
TAG,2068,0.0006898783372197369,2008,0.003495894761032612,-2.3412478907542376
TAT,4803,0.0016022657899740795,6255,0.010889851459292325,-2.764798882934169
TCG,985,0.00032859292174150913,3368,0.005863632248584581,-4.1574213158410585
TCT,1329,0.000443350246694889,2736,0.004763330710251607,-3.425451932728124
TGG,3257,0.0010865250214335991,7364,0.012820602101715216,-3.560670714072404
TGT,3937,0.001313370896341443,2640,0.004596196299365586,-1.8071660242051752
TTG,974,0.0003249233561179999,3248,0.005654714234977054,-4.1212827622212345
TTT,229,7.639368434396507e-05,3462,0.006027284692577143,-6.301911028388095
