site_2,count_x,proportion_x,count_y,proportion_y,ratio
AAG,1914,0.0006844220674266588,767,0.001620701021865729,-1.243659793168728
AAT,1459,0.0005217198518158283,1314,0.0027765334325053036,-2.4119375325562586
ACG,1661,0.0005939524838012959,355,0.0007501288953876582,-0.33679099658148814
ACT,231,8.2602663310114e-05,492,0.0010396152578330362,-3.653717604075002
AGG,2029,0.0007255446054381875,2240,0.004733207677939026,-2.705682007340127
AGT,2281,0.0008156566017764937,952,0.002011613263124086,-1.3023191721476248
ATG,2316,0.0008281721568234806,307,0.0006487030165746791,0.352372552467239
ATT,4670,0.0016699326305551186,1577,0.003332262726834752,-0.9967122503453059
CAG,2271,0.0008120807289059259,1527,0.003226610769737899,-1.990324496241783
CAT,3375,0.0012068570938166007,2201,0.004650799151403481,-1.946223783217822
CCG,1827,0.0006533119734527199,1684,0.003558357915022018,-2.4453676445907266
CCT,1626,0.0005814369287543089,1982,0.004188043579319263,-2.848581845263281
CGG,2020,0.0007223263198546765,2350,0.004965641983552103,-2.7812576039650247
CGT,3992,0.001427488449930628,2647,0.005593214608707412,-1.9701986143099584
CTG,8024,0.002869280391343527,1618,0.0034188973316541717,-0.25284214196961585
CTT,2796520,1.0,473252,1.0,0.0
GAG,1732,0.0006193411811823266,4397,0.009291033107097276,-3.9070327426377425
GAT,3885,0.0013892266102155536,1552,0.0032794367482863254,-1.2391660990438744
GCG,294,0.00010513066239469055,256,0.0005409380203358887,-2.3632797953154547
GCT,1548,0.0005535451203638809,322,0.000680398603703735,-0.29767926212202767
GGG,4409,0.0015766023486333013,10957,0.023152569878204424,-3.8762816040501837
GGT,3179,0.0011367699855534736,8791,0.01857572709676874,-4.030406408837846
GTG,1242,0.000444123410524509,421,0.0008895894787555045,-1.002179104997733
GTT,1531,0.0005474661364839157,549,0.0011600584889234489,-1.0833559116572307
TAG,1049,0.0003751090641225523,4972,0.010506030613711088,-4.807763758627037
TAT,1933,0.0006912162258807375,760,0.0016059097478721696,-1.2161818262715318
TCG,1970,0.000704446955501838,408,0.0008621199699103226,-0.29139756777957615
TCT,1304,0.00046629382232202883,2886,0.0060982309636303704,-3.709079570411941
TGG,3030,0.0010834894797820149,3469,0.007330132783379679,-2.7581541870778885
TGT,871,0.00031145852702644714,279,0.0005895379206004412,-0.9205445433821424
TTG,1132,0.0004047888089482643,229,0.00048388596350358793,-0.25749768541688134
TTT,2828,0.001011256847796547,840,0.0017749528792271349,-0.8116312530085441
