site_2,count_x,proportion_x,count_y,proportion_y,ratio
AAG,242,0.0005189958930696891,122,0.0006533007753930514,-0.33202422979298873
AAT,160,0.00034313778054194323,109,0.0005836867583429722,-0.7664063593942618
ACG,175,0.0003753069474677504,116,0.0006211712290622456,-0.7269200127999387
ACT,103,0.00022089494622387596,53,0.00028381099258878467,-0.3615700568846769
AGG,397,0.0008514106179696966,314,0.0016814462579788374,-0.9817756812533656
AGT,267,0.0005726111712793677,98,0.0005247825900698282,0.1258359580676487
ATG,206,0.0004417898924477519,57,0.0003052306901426552,0.5334603835137806
CAG,327,0.0007012878389825965,75,0.00040161932913507264,0.8041780054975032
CAT,131,0.000280944057818716,43,0.0002302617487041083,0.28700811733065557
CCG,298,0.0006390941162593693,132,0.0007068500192777278,-0.1453757284009889
CGG,511,0.0010958962866058311,223,0.0011941481386282826,-0.1238705484873801
CGT,126,0.0002702210021767803,42,0.00022490682431564065,0.2648123712164594
GAA,466285,1.0,186744,1.0,0.0
GAG,676,0.0014497571227897101,355,0.0019009981579060104,-0.39094590761455805
GAT,1310,0.0028094405781871603,1576,0.008439360836224992,-1.5868508525362603
GCG,466,0.0009993887858284096,179,0.0009585314655357067,0.06022023788532671
GGG,1177,0.00252420729811167,800,0.0042839395107741075,-0.7631077142409781
GGT,467,0.0010015333969567968,214,0.001145953819132074,-0.19433837619618188
GTG,332,0.0007120108946245322,203,0.0010870496508589298,-0.6104466153429495
GTT,245,0.0005254297264548506,88,0.0004712333461851519,0.15705619086057787
TAG,395,0.0008471213957129223,2697,0.01444223107569721,-4.091581092675836
TAT,218,0.00046752522598839764,52,0.00027845606820031704,0.7475944771311358
TCG,239,0.0005125620596845277,48,0.00025703637064644646,0.995754177754895
TGG,448,0.000960785785517441,209,0.0011191791971897358,-0.22015433952797459
TGT,230,0.0004932605595290434,187,0.0010013708606434477,-1.0215545384479583
TTG,199,0.0004267776145490419,71,0.00038019963158120206,0.16672737153426986
