site_2,count_x,proportion_x,count_y,proportion_y,ratio
AAG,1568,0.00020754502952817787,5167,0.027969945976376843,-7.074309275623778
AAT,17454,0.002310262082515827,6540,0.035402254051771734,-3.9377127898781072
ACG,741,9.808091000024223e-05,2851,0.015433000963547588,-7.297830542946244
ACT,1276,0.00016889506229461414,2481,0.013430121147162948,-6.313201357441687
AGG,1709,0.00022620819863753571,7643,0.041373001180075135,-7.514894584654045
AGT,1455,0.00019258802166039466,5856,0.03169963298580662,-7.362804351802521
ATG,464,6.14163862889506e-05,1045,0.005656782184113374,-6.525214183154799
ATT,261,3.454671728753471e-05,2321,0.012564010956293914,-8.506532762088723
CAG,1185,0.00015685003825949666,3273,0.017717366591964663,-6.8196344945732665
CAT,2565,0.00033951084230853077,798,0.004319724576959304,-3.6694097770420555
CCG,411,5.440115251025581e-05,2306,0.012482813125899942,-7.842090165284214
CCT,466,6.168111209192021e-05,1761,0.009532625288252298,-7.271901000491054
CGG,2258,0.00029887543155269493,6571,0.035570062901252614,-6.894975407327359
CGT,1083,0.00014334902230804633,4373,0.023671874154189268,-7.3674980567870065
CTG,431,5.7048410539951955e-05,2193,0.011871122803598687,-7.701053988898622
CTT,314,4.15619510662295e-05,2665,0.014426147866662336,-8.439207020069038
GAG,563,7.452031353594653e-05,6323,0.03422759210540561,-8.843310343407891
GAT,1734,0.00022951727117465588,7234,0.039159007004666166,-7.414597650748065
GCG,1286,0.0001702186913094622,4347,0.02353113124817305,-7.1110374042642635
GCT,741,9.808091000024223e-05,3380,0.018296577782108327,-7.543385750177838
GGG,2914,0.00038570549492672853,11810,0.06392975846352052,-7.372844133534132
GGT,2506,0.00033170143112092715,8887,0.048107007914081866,-7.1802180248252485
GTG,1329,0.00017591029607330892,3647,0.019741899163121027,-6.810277046374064
GTT,1235,0.00016346818333373703,3066,0.016596836532527852,-6.6657546065008635
TAG,1699,0.00022488456962268762,6399,0.034638994446068404,-7.267068565191633
TAT,7554987,1.0,184734,1.0,0.0
TCT,442,5.850440245628484e-05,2857,0.015465480095705177,-8.046290712859065
TGG,617,8.166791021612612e-05,301,0.001629369796572369,-4.31840094892441
TGT,2886,0.00038199933368515394,3952,0.02139292171446512,-5.807419598407605
TTG,391,5.175389448055966e-05,3072,0.01662931566468544,-8.32784565472793
TTT,4405,0.0005830585810405762,491,0.002657875648229346,-2.188560861821042
