site_2,count_x,proportion_x,count_y,proportion_y,ratio
AAG,411,0.000877936869717159,226,0.0011986210554229648,-0.44918651421300737
AAT,458,0.0009783335433831116,290,0.0015380535666931847,-0.6527074373974919
ACG,371,0.0007924928921291144,140,0.0007425086184036064,0.09399022419633418
ACT,672,0.0014354588234791507,698,0.003701935826040838,-1.3667679389103942
AGG,469,0.0010018306372198238,362,0.0019199151418721825,-0.9384039100473309
AGT,411,0.000877936869717159,172,0.0009122248740387165,-0.055272306499917434
ATG,311,0.0006643269257470474,258,0.0013683373110580748,-1.0424586207721536
ATT,353,0.0007540431022144943,259,0.001373640944046672,-0.8652860498948769
CAG,351,0.000749770903335092,191,0.0010129939008220632,-0.43410374321069156
CAT,281,0.0006002439425560139,165,0.0008750994431185362,-0.5438980295043923
CCG,266,0.0005682024509604971,69,0.00036595067621320607,0.6347558432435179
CCT,251,0.0005361609593649804,350,0.0018562715460090163,-1.791669693361058
CGG,382,0.0008159899859658267,234,0.0012410501193317422,-0.604938027027158
CGT,383,0.0008181260854055278,189,0.0010023866348448688,-0.2930439777756195
CTG,280,0.0005981078431163127,107,0.0005674887297798993,0.07581389506431613
CTT,198,0.00042294768906082117,563,0.0029859453725802174,-2.819636627480122
GAG,870,0.0018584065125399718,449,0.002381331211880138,-0.3577021794845585
GAT,846,0.001807140125987145,588,0.003118536197295147,-0.7871606271959166
GCG,661,0.0014119617296424383,227,0.001203924688411562,0.22995583873727377
GCT,636,0.0013585592436499104,234,0.0012410501193317422,0.130516100221449
GGG,1230,0.0026274023108323738,550,0.002916998143728454,-0.15084734366492292
GGT,721,0.0015401276960245053,355,0.001882789710952002,-0.28982190063072366
GTG,518,0.0011064995097651786,413,0.002190400424290639,-0.9851918192123943
GTT,454,0.0009697891456243071,320,0.0016971625563511005,-0.8073817430759505
TAG,561,0.0011983517856723265,5084,0.02696367011402811,-4.491893489875669
TAT,656,0.0014012812324439327,600,0.0031821797931583136,-1.1832688213573004
TCG,970,0.0020720164565100835,515,0.0027313709891275523,-0.39858982047559444
TCT,468143,1.0,188550,1.0,0.0
TGG,344,0.0007348182072571842,144,0.0007637231503579953,-0.05566238221971531
TGT,401,0.0008565758753201479,557,0.002954123574648634,-1.786077226364613
TTG,661,0.0014119617296424383,239,0.0012675682842747283,0.15563751804744008
TTT,527,0.0011257244047224886,560,0.0029700344736144258,-1.3996260007872543
