site_2,count_x,proportion_x,count_y,proportion_y,ratio
AAG,1626,0.002137232402335971,985,0.0037258387865491548,-0.801821456633423
AAT,1527,0.002007105706252785,1046,0.003956576010893823,-0.979135873814803
ACG,1185,0.0015575771197835955,386,0.0014600748950334757,0.09326122215282773
ACT,1606,0.0021109441809050245,916,0.0034648409426183,-0.7149006949443422
AGG,2062,0.002710315629530611,1164,0.004402920149790067,-0.6999998099048881
AGT,1799,0.002364625517713661,772,0.0029201497900669515,-0.30443065038131145
ATG,1458,0.0019164113423160187,652,0.0024662404962741613,-0.36390623426885327
ATT,1596,0.002097800070189551,970,0.003669100124825056,-0.8065490852168562
CAG,1199,0.0015759788747852581,617,0.0023338502855845974,-0.5664638200999068
CAT,1317,0.001731079381227844,649,0.0024548927639293414,-0.5039881221073372
CCG,1244,0.0016351273730048884,384,0.0014525097401369292,0.17085518504473463
CCT,1012,0.0013301840044059059,700,0.0026478042137912773,-0.9931706215027312
CGG,1408,0.0018506907887386518,736,0.0027839770019291144,-0.5890834217844283
CGT,1185,0.0015575771197835955,651,0.002462457918825888,-0.6607954737447272
CTG,1304,0.0017139920372977286,910,0.0034421454779286604,-1.0059476652196953
CTT,1016,0.0013354416486920952,671,0.002538109467791353,-0.926437353792732
GAG,2111,0.0027747217720364304,1021,0.003862011574686992,-0.47700937189535786
GAT,3209,0.004217945128595408,2319,0.008771797102545675,-1.0563321147289084
GCG,2470,0.0032465953467219243,1586,0.00599916783296138,-0.8858348135966523
GCT,760797,1.0,264370,1.0,0.0
GGG,3575,0.004699019580781733,1965,0.007432764685856943,-0.661539154957568
GGT,3191,0.004194285729307555,1869,0.007069637250822711,-0.7532110448305582
GTG,2033,0.002672197708455738,1565,0.0059197337065476415,-1.1475055263399607
GTT,2408,0.0031651018602859896,1550,0.005862995044823543,-0.8893859077666111
TAG,3097,0.004070731088582105,18530,0.07009116011650339,-4.105872677604678
TAT,1632,0.0021451188687652556,1241,0.004694178613307108,-1.1298151425235732
TCG,952,0.0012513193401130656,506,0.0019139841888262661,-0.6131288957510783
TCT,2544,0.0033438617660164274,1507,0.005700344214547793,-0.7695338306781805
TGG,2385,0.0031348704056404007,1364,0.005159435639444717,-0.7188074624960112
TGT,1900,0.002497381035939942,892,0.003374059083859742,-0.43406928106670684
TTG,1760,0.0023133634859233147,823,0.0031130612399288874,-0.4283419912616786
TTT,1615,0.0021227738805489507,815,0.0030828006203427014,-0.5382908839018654
