site_2,count_x,proportion_x,count_y,proportion_y,ratio
AAG,959,0.0007994491386956725,955,0.003162241184631839,-1.983869249622563
AAT,225,0.0001875662734166072,470,0.00155628623746279,-3.0526350870655463
ACG,660,0.0005501944020220478,625,0.0020695295710941356,-1.911289497021217
ACT,1008,0.0008402969049064003,963,0.003188731163141844,-1.9240113960611271
AGG,209,0.0001742282273069818,1414,0.004682103701643372,-4.7481066044461
AGT,459,0.0003826351977698787,297,0.0009834404521839332,-1.3618681091045417
ATG,474,0.0003951396159976525,379,0.0012549627319114838,-1.6672101209904167
ATT,794,0.0006619005381901605,863,0.0028576064317667824,-2.1101208837535808
CAG,1250,0.0010420348523144845,1741,0.005764881573239824,-2.4678874398192363
CAT,1763,0.0014696859557043489,1941,0.006427131035989947,-2.1286669751110656
CCG,580,0.0004835041714739208,1172,0.003880781851715723,-3.0047470961248965
CCT,2362,0.00196902905693345,1896,0.00627812490687117,-1.6728493312186856
CGG,1254,0.0010453693638418908,2631,0.008711891682477872,-3.058973232081435
CGT,586,0.0004885059387650303,3656,0.012105920179072254,-4.631192832353406
CTG,860,0.0007169199783923653,593,0.0019635696570541156,-1.4535947766741266
CTT,1354,0.0011287321520270495,1085,0.0035927033354194193,-1.6703666354744282
GAG,906,0.0007552668609575383,668,0.002211913205585412,-1.5502363841454017
GAT,698,0.0005818722615324081,1334,0.004417203916543323,-2.9243590566925173
GCG,754,0.000628555422916097,719,0.0023807868185866934,-1.921326578888218
GCT,1153,0.0009611729477748804,1055,0.0034933659160069006,-1.8617498176603604
GGT,382,0.00031844585086730645,486,0.0016092661944827997,-2.337283007287617
GTG,396,0.00033011664121322865,994,0.003291379829868113,-3.317644753200261
GTT,1199576,1.0,302001,1.0,0.0
TAG,240,0.000200070691644381,5894,0.019516491667246134,-6.6080400812330655
TAT,554,0.0004618298465457795,1004,0.0033244923030056194,-2.8477007196191693
TCG,614,0.0005118475194568747,550,0.0018211860225628392,-1.8310922947594275
TCT,1171,0.0009761782496482091,827,0.00273840152847176,-1.4881174903876442
TGG,575,0.00047933603206466285,575,0.0019039672054066046,-1.9898993317175844
TGT,229,0.00019090078494401355,631,0.0020893970549766393,-3.4521917386031884
TTG,466,0.0003884705929428398,398,0.0013178764308727454,-1.7623378076069525
TTT,1198,0.0009986862024582018,1147,0.0037980006688719575,-1.9271368149446229
