site_2,count_x,proportion_x,count_y,proportion_y,ratio
ACG,134,0.0001118537420502457,819,0.002723925645809844,-4.606001895604674
ACT,114,9.515915368453739e-05,1620,0.0053879847939095815,-5.823259528028683
AGG,123,0.00010267171844910614,298,0.000991123128756207,-3.2710254595443615
AGT,181,0.00015108602470966024,237,0.0007882422198497351,-2.383268806236492
ATG,407,0.0003397348732421642,339,0.0011274857068736717,-1.7306279232915358
CAG,314,0.0002621050373416205,651,0.0021651716671821837,-3.046264428695446
CAT,244,0.00020367397806164144,1003,0.00333589428906871,-4.033739997470732
CCG,482,0.00040233957961357034,1338,0.004450076329784581,-3.4673445088329373
CCT,1016,0.0008480850889779824,1563,0.0051984075511609116,-2.6157888206489366
CGG,204,0.0001702848013302248,866,0.002880243723164011,-4.080169317176667
CGT,246,0.00020534343689821227,4457,0.01482361001633025,-6.173714184694854
CTC,1197993,1.0,300669,1.0,0.0
CTG,918,0.0007662816059860116,897,0.002983347135886972,-1.960985275926891
CTT,649,0.0005417393924672348,1105,0.003675137776092647,-2.762127430701094
GAT,253,0.00021118654282621018,1480,0.004922356478386531,-4.542759330243441
GCG,640,0.000534226827702666,557,0.00185253551247385,-1.7939768668741074
TAG,443,0.00036978513230043913,2586,0.008600820171018628,-4.539715115676674
TCG,272,0.00022704640177363306,308,0.0010243822941507106,-2.1736951438659986
TCT,690,0.0005759632986169368,634,0.0021086310860115275,-1.8722579228953151
TGG,204,0.0001702848013302248,141,0.0004689542320625006,-1.461497454848736
TTG,369,0.00030801515534731837,589,0.0019589648417362615,-2.6690182621915035
