site_2,count_x,proportion_x,count_y,proportion_y,ratio
AAG,1298,0.000570879933570335,2513,0.004623641471837737,-3.017770274562894
AAT,2273683,1.0,543511,1.0,0.0
ACG,1144,0.0005031484160280919,16593,0.030529280916117615,-5.923065777340069
ACT,2238,0.0009843060796074035,24583,0.04522999534508041,-5.522029031795837
AGG,297,0.00013062506954575462,2351,0.004325579427095312,-5.049389689533632
AGT,1385,0.0006091438428312126,905,0.0016650996943944098,-1.4507537077153945
ATG,291,0.000127986179251901,1364,0.002509608821164613,-4.293402572797266
ATT,3100,0.001363426651824375,8380,0.015418271203342711,-3.499332015106491
CAG,922,0.00040550947515550763,1292,0.002377136801279091,-2.5514174009459634
CAT,1788,0.0007863893075683813,2314,0.004257503527987474,-2.436692114605549
CCG,1121,0.0004930326699016529,15446,0.028418928043774643,-5.8490250799162755
CCT,2735,0.0012028941589482792,30176,0.055520495445354374,-5.5284388296765545
CGG,182,8.004633891356007e-05,3576,0.006579443654314264,-6.360986367665999
CGT,1556,0.0006843522162060411,2951,0.0054295129261413295,-2.9880118471271935
CTG,627,0.0002757640357077042,5361,0.009863645813976167,-5.160614773641984
CTT,2581,0.001135162641406036,7515,0.01382676707555137,-3.606492949391135
GAG,1358,0.0005972688365088713,3324,0.006115791584714937,-3.356086889206991
GAT,2323,0.0010216903587703299,3798,0.00698789904896129,-2.773900738022067
GCG,389,0.00017108805405151027,1401,0.002577684720272451,-3.913264882126004
GCT,919,0.0004041900300085808,2065,0.003799371125883377,-3.2326550016991487
GGG,147,6.46528121994139e-05,809,0.001488470334547047,-4.5249735342749915
GGT,328,0.00014425933606399837,989,0.0018196503842608522,-3.656924692822404
GTG,901,0.0003962733591270199,5720,0.0105241660242387,-4.731066122533591
GTT,949,0.00041738448147784894,8149,0.014993256806209995,-5.166793025008767
TAG,2175,0.0009565977315219404,16699,0.030724309167615742,-5.005324391795499
TAT,2867,0.001260949745413059,7653,0.014080671780331953,-3.4811334817644815
TCG,1009,0.00044377338441638523,1054,0.0019392431799908373,-2.127598679212234
TCT,914,0.00040199095476370274,1214,0.002233625446403109,-2.474152337878989
TGG,913,0.00040155113971472714,5801,0.010673197046609913,-4.732264840683059
TGT,748,0.00032898165663375236,589,0.0010836947182301737,-1.7198793506242005
TTG,160,7.037040783609677e-05,1707,0.0031406908047859196,-5.479969234821754
TTT,1992,0.0008761115775594048,17305,0.031839282001652223,-5.1835493756661055
