site_2,count_x,proportion_x,count_y,proportion_y,ratio
AAG,642,0.000707725786022085,3458,0.022336914043575715,-4.980095588907974
AAT,1000,0.0011023766137415653,4190,0.027065260220526965,-4.617753166312624
ACG,287,0.0003163820881438293,165,0.0010658157366078638,-1.752218209958123
ACT,126,0.00013889945333143725,144,0.0009301664610395903,-2.7434480003303907
AGG,658,0.00072536381184195,5530,0.035720975899645374,-5.621922913774823
AGT,335,0.00036929616560342444,230,0.0014856825419382344,-2.0082756879872363
ATG,481,0.000530243151209693,4057,0.0262061481419279,-5.627107425824226
ATT,666,0.0007341828247518826,3442,0.022233562214571317,-4.920455937356937
CAG,291,0.00032079159459879556,3895,0.02515971087325836,-6.293335192428743
CAT,924,0.0010185959910972064,4096,0.02645806822512612,-4.699053880971938
CCT,176,0.0001940182840185155,2031,0.013119222794245888,-6.0793458280468515
CGG,536,0.0005908738649654791,4276,0.02762077630142561,-5.546759869650714
CGT,699,0.0007705612530053542,3686,0.0238096776068884,-4.9494946326432725
CTG,505,0.0005567001899394906,3268,0.02110961107414848,-5.244855612894521
CTT,741,0.0008168610707825,3724,0.024055138200773846,-4.880110547640957
GAG,837,0.0009226892257016903,5694,0.036780332146940466,-5.316945887579918
GAT,1023,0.0011277312758576213,5108,0.03299507140965435,-4.870755302345391
GCG,972,0.0010715100685568016,5519,0.03564992151720485,-5.05618158897391
GCT,446,0.0004916599697287381,4987,0.03221347320280859,-6.033859510132807
GGG,1048,0.0011552906912011605,9170,0.05923351699814613,-5.680085939332962
GGT,944,0.0010406435233720377,6987,0.04513245182835845,-5.438617297958176
GTG,1168,0.0012875758848501485,5645,0.03646381717061449,-4.823736229168342
GTT,906,0.0009987532120498584,6272,0.040513916969724374,-5.342145526456968
TAG,938,0.0010340292636895883,4606,0.029752407774641335,-4.846657505665465
TAT,816,0.0008995393168131174,5259,0.03397045429588337,-5.238950361897194
TCA,907131,1.0,154811,1.0,0.0
TCG,937,0.0010329268870758468,392,0.0025321198106077734,-1.2936075288440172
TCT,1511,0.0016656910633635054,247,0.0015954938602554083,0.06211779119215599
TGG,1399,0.0015422248826244501,7092,0.04581069820619982,-4.892599496121932
TGT,1939,0.0021375082540448956,13527,0.0873775119339065,-5.353260129639882
TTG,858,0.0009458391345902632,6689,0.04320752401315152,-5.513543914815423
TTT,525,0.0005787477222143219,5557,0.0358953821110903,-5.954719834784999
