site_2,count_x,proportion_x,count_y,proportion_y,ratio
AAG,1595,0.0016243851269464615,2328,0.01340095211231932,-3.044369877010994
AAT,1325,0.0013494108421342077,8700,0.05008087773933766,-5.21385828404047
ACG,364,0.00037070607285800126,237,0.001364272186692302,-1.8797838514545049
ACT,578,0.0005886486541536393,172,0.0009901047093294343,-0.7501743149563609
AGG,1202,0.00122414477905307,3617,0.020820981009561416,-4.088191944699531
AGT,677,0.000689472558584799,6674,0.038418365291073515,-5.8001591903622645
ATT,1002,0.001020460123636586,549,0.0031602760780340667,-1.630830788564932
CAG,516,0.0005255064109745293,121,0.0006965271501677997,-0.4064712246062818
CAT,749,0.0007627990345347333,288,0.0016578497458539364,-1.119938335738503
CCG,633,0.0006446619343931725,1657,0.009538392461388795,-3.8871314405480533
CCT,291,0.0002963611736309845,1383,0.00796113263373609,-4.747545340997152
CGG,1590,0.0016192930105610494,2867,0.01650366396306679,-3.349350381823748
CGT,712,0.0007251173732826838,2109,0.01214029553474289,-4.065445191582236
CTG,444,0.0004521799350245949,139,0.0008001427592836708,-0.8233604491283426
CTT,535,0.0005448564532390953,175,0.0010073739775154128,-0.8866512732987619
GAG,2056,0.0020938782576814577,3436,0.019779068495674047,-3.239725014699528
GAT,1660,0.0016905826399568188,3116,0.017937013222503007,-3.407347234582323
GCG,830,0.0008452913199784094,257,0.001479400641265492,-0.8074922657145329
GCT,808,0.0008228860078825962,238,0.0013700286094209615,-0.7354415233110903
GGG,1727,0.001758816999521341,5127,0.029513179329837266,-4.068682057623312
GGT,2813,0.0028648246784328505,6233,0.035879782867734675,-3.6466524028511262
GTG,1347,0.001371816154230021,156,0.0008980019456708823,0.6112966738451124
GTT,2192,0.002232383823364667,645,0.0037128926599853786,-0.7339585101050314
TAG,985,0.0010031469279261846,4983,0.028684254456910297,-4.837654187094736
TAT,1893,0.001927875263517023,980,0.005641294274086312,-1.5490144860538066
TCG,528,0.0005377274902995183,4937,0.02841945901139196,-5.723860053137585
TCT,665,0.0006772514792598099,4085,0.023514986846574066,-5.117745075399436
TGG,927,0.0009440783778554043,11013,0.06339548351072709,-6.069329613950114
TGT,636,0.0006477172042244197,363,0.002089581450503399,-1.689778025466337
TTG,560,0.0005703170351661558,270,0.0015542341367380656,-1.4463678228608075
TTT,981910,1.0,173719,1.0,0.0
