site_2,count_x,proportion_x,count_y,proportion_y,ratio
AAG,456,0.00046572622651452943,201,0.0011642522430680654,-1.3218496294094741
AAT,1050,0.0010723959163163506,627,0.003631771922406353,-1.7598359726438435
ACG,315,0.0003217187748949052,54,0.0003127841847048534,0.040632563828522095
ACT,151,0.00015422074606073234,164,0.0009499371535480732,-2.6228352176882925
AGG,506,0.0005167926987200699,250,0.001448074929189136,-1.4864786623630657
AGT,122,0.00012460219218151885,289,0.0016739746181426412,-3.7478762973330806
ATG,746,0.0007619117653066644,112,0.0006487375682767329,0.23198894580234608
ATT,1218,0.0012439792629269667,738,0.0042747171909663295,-1.7808665405493525
CAG,907,0.0009263458058085049,138,0.000799337360912403,0.21274633135506527
CAT,367,0.00037482790598866733,193,0.001117913845334013,-1.5765087368201556
CCG,644,0.0006577361620073618,1839,0.010652039179115284,-4.017476838692609
CCT,527,0.000538240617046397,1843,0.01067520837798231,-4.309869156388786
CGG,893,0.0009120471935909535,246,0.0014249057303221098,-0.6436860926133043
CGT,295,0.000301292186012689,368,0.002131566295766408,-2.822678764203097
CTG,405,0.0004136384248648781,118,0.0006834913665772722,-0.7245529039851419
CTT,861,0.0008793646513794075,246,0.0014249057303221098,-0.6963330303376836
GAG,647,0.0006608001503396942,10755,0.06229618345371663,-6.558785954713205
GAT,599,0.0006117763370223753,5081,0.02943067486084,-5.588172508404217
GCT,788,0.0008048076019593184,86,0.0004981377756410627,0.6920991123589904
GGG,1156,0.0011806568373920966,514,0.0029772420544128637,-1.334386819088488
GGT,1442,0.0014727570584077883,515,0.00298303435412962,-1.0182611252250453
GTG,1121,0.0011449103068482181,73,0.0004228378793232277,1.437058051530121
GTT,647,0.0006608001503396942,245,0.0014191134306053533,-1.1027039894053523
TAG,887,0.0009059192169262886,8066,0.04672068951535828,-5.6885353485001
TAT,979116,1.0,172643,1.0,0.0
TCG,404,0.0004126170954207673,60,0.0003475379830053926,0.24763293474798864
TCT,946,0.0009661776541288264,176,0.0010194447501491518,-0.07742319769319117
TGG,126,0.00012868750995796208,150,0.0008688449575134816,-2.7552267193912527
TGT,1041,0.0010632039513193533,376,0.0021779046935004607,-1.0345224507735082
TTG,1239,0.0012654271812532938,208,0.001204798341085361,0.07083280160422056
TTT,1566,0.0015994019094775287,725,0.004199417294648494,-1.3926566400065452
