site_2,count_x,proportion_x,count_y,proportion_y,ratio
AAG,2138,0.001353036960438541,8743,0.08670428513343316,-6.001830142090965
ACG,868,0.0005493152860901093,9234,0.09157352955760287,-7.381152380750781
AGG,529,0.0003347785556931656,4977,0.04935688289020895,-7.203900355708889
AGT,680,0.0004303391642180579,5172,0.051290696867221354,-6.897079219818447
ATG,1580149,1.0,100837,1.0,0.0
ATT,2449,0.0015498538428970938,1454,0.014419310372184814,-3.2177980915015105
CAG,1295,0.0008195429671505662,188,0.0018643950137350377,-1.1858160652496164
CAT,290,0.00018352699650476,519,0.005146920277279174,-4.809645234488841
CGG,627,0.0003967980234775328,2861,0.028372521990935866,-6.159945745667039
CGT,573,0.00036262403102492235,935,0.009272390094905639,-4.676394822163989
CTG,420,0.0002657977190758593,165,0.001636304134395113,-2.622040292725588
GAG,951,0.0006018419781931957,10315,0.10229380088657933,-7.409118266059179
GCG,405,0.0002563049433945786,551,0.005464264109404286,-4.414094006945065
GCT,440,0.0002784547533175669,100,0.0009916994753909774,-1.8324600723959605
GGG,1252,0.0007923303435308949,8102,0.080347491496177,-6.664007118899712
GGT,405,0.0002563049433945786,1845,0.018296855320963534,-6.157590599321666
GTG,1176,0.000744233613412406,344,0.0034114461953449627,-2.196556006011628
TAG,764,0.00048349870803322977,13003,0.1289506827850888,-8.059091662129099
TAT,752,0.0004759044874882052,573,0.005682437993990301,-3.5777660732251624
TCG,1197,0.000757523499366199,4387,0.043505855985402186,-5.8437751502216235
TCT,407,0.0002575706468187494,979,0.009708737864077669,-5.236243661483343
TGG,2302,0.001456824641220543,15187,0.15060939932762776,-6.691840769366651
TGT,2161,0.0013675925498165045,238,0.0023602447514305264,-0.7872980025943299
TTG,2135,0.0013511384053022848,353,0.003500699148130151,-1.373467614909222
