site_2,count_x,proportion_x,count_y,proportion_y,ratio
AAG,1461,0.0009298613418261942,16866,0.17235882028327917,-7.5341838118336355
AAT,496,0.00031568187922367716,3658,0.03738222249473706,-6.887737084897476
ACG,2282,0.0014523912265895793,3277,0.03348866678929834,-4.527170916789713
ACT,2183,0.001389382141825176,3515,0.035920861691908355,-4.692306594504743
AGG,1278,0.0008133900033222972,17038,0.174116540969199,-7.741890289359974
AGT,1957,0.0012455432210498713,548,0.005600179859791117,-2.168698077869359
ATG,989,0.0006294543922423724,1517,0.015502687677560446,-4.6222726950235575
ATT,401,0.0002552186160659164,1194,0.012201851738304004,-5.57922273034552
CAG,1576,0.0010030537130171677,8332,0.08514726020397735,-6.407489340119906
CAT,1268,0.0008070254493056908,3186,0.032558709914770986,-5.334285556921539
CCA,1571202,1.0,97854,1.0,0.0
CCG,3106,0.001976830477557946,587,0.005998732806017128,-1.601468614258387
CCT,1842,0.0011723508498588978,324,0.0033110552455699305,-1.4978866923289242
CGG,1252,0.0007968421628791205,12024,0.12287693911337298,-7.268704482519382
CGT,1257,0.0008000244398874238,8474,0.08659840170049257,-6.758152514479018
CTG,1274,0.0008108441817156546,2541,0.025967257342571586,-5.001125133332691
CTT,828,0.0005269850725750095,3468,0.035440554295174446,-6.071495261258145
GAG,817,0.0005199840631567425,11966,0.1222842193471907,-7.877555115044907
GAT,3605,0.002294421722986605,11753,0.12010750710241788,-5.710051928402084
GCG,1230,0.0007828401440425865,102,0.001042369243975719,-0.41307677728052816
GGG,1350,0.0008592147922418632,210,0.0021460543258323625,-1.3205958612635662
GTG,3113,0.0019812856653695704,1150,0.011752202260510557,-2.5684223198981933
GTT,2458,0.0015644073772818517,1318,0.013469045721176447,-3.105959490171026
TAG,1426,0.0009075854027680719,9510,0.09718560304126556,-6.742565394839673
TAT,1604,0.0010208744642636657,1413,0.014439879820957754,-3.822181359414654
TCG,2866,0.0018240811811593926,857,0.008757945510658737,-2.26342253538599
TCT,1776,0.0011303447933492957,345,0.0035256606781531668,-1.641130720851061
TGG,2434,0.0015491324476419963,1605,0.01640198663314734,-3.4043381648315725
TGT,816,0.0005193476077550818,523,0.005344697201953932,-3.3633358298110805
TTG,1391,0.0008853094637099495,5215,0.053293682424837,-5.911638868400525
TTT,1122,0.0007141029606632374,2444,0.024975984630163303,-5.128265644745572
