site_2,count_x,proportion_x,count_y,proportion_y,ratio
AAG,465,0.0004177916342840714,9341,0.10076047678118764,-7.913930533781842
AAT,805,0.0007232736894595213,139,0.0014993797529798823,-1.0517522490329672
ACG,1252,0.0011248927443519513,466,0.0050266975891268,-2.1598234470331024
ACT,552,0.0004959591013436718,408,0.004401057116660374,-3.149557034504766
AGG,877,0.0007879640070260872,3593,0.038757348578825304,-5.6201963368688705
AGT,2119,0.0019038719850493489,274,0.0029556118871689767,-0.6345203598997973
ATG,1058,0.0009505882775753709,694,0.007486111860201715,-2.9773240897756743
ATT,453,0.0004070099146896437,6370,0.06871258292432986,-7.399366566408866
CAG,555,0.0004986545312422788,1908,0.020581414163205868,-5.367157644079483
CAT,540,0.00048517738174924413,130,0.0014022976107006095,-1.5312083652890625
CCG,309,0.00027762927955651194,3359,0.03623321287956421,-7.028009201641564
CCT,399,0.0003584921765147193,2371,0.025575751038239575,-6.156691160571101
CGG,1397,0.001255171856117952,2082,0.022458335580605147,-4.161294197201394
CGT,910,0.0008176137359107633,3934,0.04243568308073998,-5.69771465650391
CTG,935,0.0008400756517324876,2305,0.024863815328191576,-4.887384629853141
CTT,263,0.0002362993544445393,3546,0.038250364058033545,-7.338713980917826
GAG,1071,0.0009622684738026676,9712,0.10476241842403322,-6.7664660908168655
GAT,1111,0.0009982075391174264,6611,0.07131222695647484,-6.15866584727083
GCT,658,0.0005911976244277827,268,0.002890890458982795,-2.2898015660339706
GGG,5257,0.004723291658992179,479,0.005166927350196861,-0.12951397547574395
GGT,1112995,1.0,92705,1.0,0.0
GTG,1933,0.0017367553313357203,9671,0.10432015533142765,-5.9084795866194835
GTT,1913,0.001718785798678341,7716,0.08323175664743002,-5.59767241901443
TAG,523,0.00046990327899047165,7489,0.0807831292810528,-7.425546387390913
TAT,140,0.0001257867286016559,89,0.0009600345180950326,-2.932106563332871
TCG,765,0.0006873346241447625,97,0.0010463297556766087,-0.6062530539185538
TGG,629,0.0005651418020745825,116,0.0012512809449328516,-1.1467209375597225
TGT,2303,0.0020691916854972394,1130,0.012189202308397606,-2.5584645108211435
TTG,943,0.0008472634647954393,4838,0.052187044927458064,-5.9447372426162675
TTT,656,0.0005894006711620448,31,0.00033439404562860686,0.817699544919769
