site_2,count_x,proportion_x,count_y,proportion_y,ratio
AAT,531694,1.0,277274,1.0,0.0
AGT,195,0.0003667523048971777,101,0.0003642606230659925,0.009834985963308895
ATT,138,0.0002595477850041565,121,0.0004363914395147039,-0.7496226255309324
GAT,152,0.00028587871971472314,123,0.000443604521159575,-0.6338708369301607
TAT,129,0.00024262075554736372,102,0.0003678671638884281,-0.600481931582749
