site_2,count_x,proportion_x,count_y,proportion_y,ratio
TAC,514069,1.0,264414,1.0,0.0
TAT,159,0.00030929700098624894,183,0.0006920964850575235,-1.161980332964676
