site_2,count_x,proportion_x,count_y,proportion_y,ratio
AAG,1024,0.0006517303313004947,551,0.00563083777873158,-3.1110025441067934
AAT,234,0.00014893056398858963,189,0.0019314488932491262,-3.6969717401733035
AGG,2616,0.0016649673307442328,3611,0.03690191509800315,-4.4701299149861935
ATT,186,0.00011838070470887894,1012,0.010341937989249289,-6.448928799121913
CAA,1571202,1.0,97854,1.0,0.0
CAG,1514,0.0009635934781142081,225,0.0022993439205346742,-1.2547257367669413
CAT,1157,0.0007363788997213598,242,0.0024730721278639605,-1.7477841237027398
CCG,902,0.0005740827722978968,128,0.0013080712081263925,-1.1881104122802544
CGG,790,0.0005027997673119052,5592,0.057146360905021766,-6.8285338378466065
CGT,963,0.0006129065517991957,5180,0.05293600670386494,-6.4324384302660915
CTG,863,0.0005492610116331318,5156,0.052690743352341245,-6.583913834718332
CTT,2700,0.0017184295844837264,4394,0.044903631941463816,-4.707669498020719
GAG,1140,0.000725559157893129,1641,0.01676988166043289,-4.530635449997244
GAT,418,0.0002660383578941473,4711,0.04814315204283933,-7.499552520122674
GGG,2349,0.001495033738500842,321,0.0032803973266294683,-1.1336925246457419
GTT,431,0.0002743122781157356,39,0.0003985529462260102,-0.5389521953087861
TAG,1436,0.0009139499567846782,6570,0.06714084247961248,-6.1989316569222765
TAT,327,0.0002081209163430291,5188,0.053017761154372844,-7.992909974289253
TCT,693,0.0004410635933508231,332,0.00339280969607783,-2.943421924745346
TGG,1210,0.0007701110360093737,1040,0.010628078566026938,-3.7866705164021326
TTG,759,0.0004830696498604253,2263,0.02312629018742208,-5.581158829387062
TTT,423,0.00026922063490245047,244,0.0024935107404909355,-3.2113175199785733
