site_2,count_x,proportion_x,count_y,proportion_y,ratio
CCA,559489,1.0,310834,1.0,0.0
CCT,174,0.00031099807145448794,81,0.0002605892534278747,0.25512804491432917
