,Mean0,Mean1,Mean2,Mean3
*,-4.64655287861347,,-0.8216599262150552,
A,0.3899338331018701,,,
C,0.8402739179336374,-0.11520568950727643,,
D,-0.21444986013798778,,,-0.4134003402028261
E,0.5555956603960925,,,
F,-0.8995320096146007,-0.5457815690046361,,
G,-0.16430301300536504,0.0700424656383376,,
H,-2.1614226652820028,,,
I,0.7403708251838075,,,-0.9630299813660228
K,-2.676956931425337,,,-2.895033112545274
L,0.6352765893286005,,,
M,0.8950634276395453,,,-5.749701060556635
N,0.8047701588445115,,,-0.5040682644418517
P,0.21778362606675986,,,
Q,0.4307001971097588,,,
R,-4.230086888798533,-1.1656623902291026,,
S,0.11358555303178236,-0.07527281479675052,,-0.03069855482088446
T,0.7685676961662664,,,
V,0.6935864956808817,,,
W,-2.8345121195617295,0.3627646449223718,,
Y,-1.569325269725511,-0.8405840027107816,-0.21420439371211408,-0.6359201920764512
