,Mean0,Mean1,Mean2,Mean3
*,-4.589703071916158,,,
A,-1.411358931624065,,-0.11454130855822964,-0.5122741245704017
C,-1.5818612563883214,,,-0.9173746179799194
D,-0.8772248069192177,,,-1.280771599056493
E,-0.5147527997097205,,,
F,-2.294876706189669,,-0.45755956803901654,
G,-0.8350942683524457,,,-1.222627139511864
H,-1.3594791365928076,,,
I,-1.839660959074656,,,
K,-2.02150467264057,,,
L,-2.1183480202503833,,,
M,-1.683930976422654,,,
N,-0.31619184560787056,,,
P,-4.320033658786751,0.057615737921954846,0.27147239793587286,
Q,-1.7554572623577052,,,
R,-1.801387241796393,,,-0.5904227225025638
S,-1.3170158788339417,,0.014218931861608957,-0.656228056523779
T,-1.635280121727091,,0.1699465749592486,
V,-1.956661523989652,,,-3.475298022402994
W,-1.6510086374039454,,,4.1744023649786826
Y,-1.8523583543728315,,0.015841781574245317,
