,Mean0,Mean1,Mean2,Mean3
*,-8.273614920476264,,,
A,-0.44128892693926475,-0.11218688780976471,,
C,-0.03355665789984008,,,
E,-0.2927523171331268,,,
G,0.7874455790302175,,,
K,0.5949369322806826,,,0.0
L,0.8434514080590593,,,
M,1.0633187626184195,,0.0,
P,-2.861605162066106,,,
R,-0.7365472283047317,,,
S,2.2180740314405862,,,
T,1.0086986579540849,,,
V,-0.18241068390107787,,,
W,0.5182946782062815,,,
