site_2,count_x,proportion_x,count_y,proportion_y,ratio
AAG,2536,0.0007875409530611928,474,0.00053957387324112,0.5455344541985649
AAT,2224,0.0006906510566277969,398,0.00045305991888178437,0.6082551251372763
ACG,1087,0.00033756191481763273,251,0.00028572371768675344,0.24053134403395582
AGG,3340,0.0010372187631010978,430,0.0004894868470330837,1.0833782107293715
AGT,4233,0.0013145350371877086,634,0.0007217085139976163,0.8650644161364305
ATG,420,0.0001304287067372638,326,0.00037109933054136105,-1.5085439636075382
ATT,2214,0.0006875456112292905,596,0.0006784515368179484,0.0192096592768074
CAG,1717,0.0005332049749235284,6,6.830049028368609e-06,6.286650496238394
CAT,1179,0.0003661320124838905,402,0.0004576132849006968,-0.32176501524175016
CCG,658,0.00020433830722171327,383,0.00043598479631086284,-1.0933181352322983
CCT,670,0.0002080648416999208,470,0.0005350205072222077,-1.362560988262448
CGG,4091,0.0012704377125289195,725,0.0008252975909278736,0.6223393099431664
CGT,3668,0.0011390773721721037,544,0.0006192577785720872,0.8792537553021305
CTG,1439,0.0004468735928450538,476,0.0005418505562505763,-0.278028213610229
CTT,2164,0.0006720183842367592,1129,0.0012851875588380266,-0.9354063139887678
GAG,3667,0.0011387668276322531,1366,0.0015549744954585865,-0.4494185446210075
GAT,1730,0.0005372420539415866,1441,0.0016403501083131942,-1.6103596246932437
GCG,1533,0.00047606477959101284,231,0.00026295688759219143,0.8563316132001368
GCT,2862,0.0008887784730524976,615,0.0007000800254077824,0.34430402945748284
GGG,8173,0.0025380805241991835,817,0.0009300250093628589,1.4483964239876261
GGT,7905,0.002454854587519215,1702,0.0019374572410472287,0.3414730985171879
GTG,3331,0.0010344238622424422,1483,0.0016881604515117743,-0.7066245708228625
GTT,1915,0.0005946927938139528,1012,0.0011520016027848387,-0.9539262249245724
TAG,2340,0.0007266742232504697,1800,0.0020490147085105827,-1.4955497037888534
TAT,2403,0.0007462385292610592,1240,0.0014115434658628458,-0.9195647991869542
TCG,1925,0.0005977982392124591,1967,0.0022391177398001757,-1.9051998388514857
TCT,2318,0.0007198422433737559,1084,0.001233962191125262,-0.7775455173899832
TGG,4551,0.0014132882008602084,702,0.0007991157363191272,0.8225793236210457
TGT,2632,0.0008173532288868531,227,0.000258403521573279,1.6613339594017429
TTA,3220150,1.0,878471,1.0,0.0
TTG,2028,0.0006297843268170737,863,0.0009823887185803515,-0.6414361392181966
TTT,4256,0.0013216775616042731,782,0.0008901830566973753,0.5701963111512551
