site_2,count_x,proportion_x,count_y,proportion_y,ratio
AAG,1038,0.0008152276354314581,1112,0.00038598124450488707,1.0786722121511918
AAN,60,4.71229847070207e-05,187,6.49087164769909e-05,-0.46198130776229895
AAT,1273264,1.0,2880969,1.0,0.0
ACG,231,0.00018142349112202968,553,0.00019194930594532603,-0.08136407230183096
ACT,517,0.0004060430515588283,1535,0.0005328068438084547,-0.3919799134257893
AGG,2,1.5707661569006898e-06,817,0.00028358514097166613,-7.496169711628866
AGT,612,0.0004806544440116111,1446,0.0005019144600306356,-0.06244143774164712
ANN,11,8.639213862953795e-06,20,6.942108714116674e-06,0.3155260802667499
ANT,3,2.3561492353510348e-06,2,6.942108714116674e-07,1.7629850572379766
ATT,412,0.00032357782832154213,1627,0.0005647405438933915,-0.803475451972492
CAT,64,5.0264517020822075e-05,692,0.00024019696150843692,-2.2566056711199067
CCT,434,0.0003408562560474497,230,7.983425021234175e-05,2.0940837380169217
CGG,239,0.00018770655574963245,132,4.5817917513170046e-05,2.034495245139114
GAG,1099,0.0008631360032169291,2044,0.0007094835105827241,0.2828187465284273
GAT,1223,0.0009605235049447719,2244,0.0007789045977238909,0.3023742844354125
GCG,556,0.00043667299161839177,566,0.00019646167660950187,1.1523053864084432
GCT,520,0.00040839920079417934,736,0.0002554696006794936,0.6768284134882592
GGG,875,0.0006872101936440518,1805,0.0006265253114490298,0.13337864146197553
GGT,1760,0.001382274218072607,1318,0.00045748496426028883,1.5952476150334256
GTG,421,0.00033064627602759524,955,0.00033148569109907116,-0.003657943339895553
GTT,513,0.00040290151924502696,862,0.00029920488557842864,0.42929351303477503
NAT,2,1.5707661569006898e-06,2,6.942108714116674e-07,1.1780225565168188
TAG,501,0.0003934769223036228,1231,0.00042728679135388127,-0.11892569677243259
TAT,277,0.00021755111273074555,764,0.00026518855287925694,-0.28566410546974197
TCT,7,5.497681549152415e-06,510,0.0001770237722099752,-5.008975958284434
TGG,2,1.5707661569006898e-06,961,0.0003335683237133062,-7.730370064256933
TGT,830,0.0006518679551137863,622,0.00021589958100902857,1.5942193126205026
TTT,491,0.00038562309151911935,620,0.0002152053701376169,0.8414773655572745
