site_2,count_x,proportion_x,count_y,proportion_y,ratio
AAG,1087,0.0008573522092791222,1043,0.000363230867171034,1.2390011930467217
AAT,470,0.00037070426712160757,513,0.00017865525873321232,1.0530903414971249
ACC,1267857,1.0,2871452,1.0,0.0
ACG,2495,0.00196788754567747,4220,0.0014696397502030332,0.4211852271692553
ACT,932,0.0007350986743773154,2527,0.0008800425707969348,-0.25963539375131717
AGG,1130,0.0008912677060583331,3987,0.0013884961336633871,-0.6395924221556033
AGT,718,0.0005663099229644983,2867,0.0009984495648891222,-0.818097744878294
ATG,873,0.0006885634578663051,1459,0.0005081053070014753,0.4384620862507287
CAG,2,1.5774649664749258e-06,943,0.00032840528067333184,-7.701725550135915
CAT,1060,0.0008360564322317107,529,0.00018422735257284467,2.182113047875715
CCG,822,0.0006483381012211946,828,0.0002883558562009743,1.1688960367215362
CCT,193,0.00015222536926483033,610,0.00021243607763598345,-0.4808199846429897
CGG,822,0.0006483381012211946,2431,0.0008466100077591407,-0.38495118380786764
CGT,681,0.0005371268210847122,1855,0.000646014629532376,-0.26630407295691505
CTG,344,0.00027132397423368723,579,0.00020164014582169578,0.4282336272520393
CTT,246,0.00019402819087641586,815,0.000283828529956273,-0.5487533332400218
GAG,1272,0.0010032677186780528,2635,0.0009176542042144531,0.1286841192989563
GAT,1992,0.0015711551066090262,2766,0.0009632757225264431,0.7058049014567658
GCG,1303,0.001027718425658414,3189,0.0011105879534117234,-0.11187860314494813
GCT,490,0.00038647891678635684,1628,0.0005669605481825919,-0.5528586347244975
GGG,2198,0.0017336339981559434,8095,0.002819131226988994,-0.7014512837015179
GGT,1513,0.0011933522471382814,7570,0.002636296897876057,-1.1434929021171776
GTG,927,0.0007311550119611281,2736,0.0009528280465771324,-0.3820385757211877
GTT,2014,0.0015885072212402504,3018,0.0010510362005006525,0.5958592880192821
TAG,1648,0.0012998311323753388,2749,0.0009573553728218337,0.4411977462094434
TAT,6,4.732394899424778e-06,747,0.00026014713113783547,-5.7806135215289025
TCG,1392,0.0010979156166665484,991,0.0003451215621922289,1.66959065920142
TCT,550,0.0004338028657806046,1038,0.0003614895878461489,0.2630854905933191
TGG,1235,0.0009740846167982667,3733,0.0013000391439592235,-0.4164360562918521
TGT,839,0.0006617465534362314,2319,0.0008076053508817142,-0.28737169366700144
TTG,527,0.0004156620186661429,1130,0.00039352912742403497,0.07894050487384341
TTT,739,0.0005828733051124851,1956,0.0006811884718950551,-0.22487169026690346
