site_2,count_x,proportion_x,count_y,proportion_y,ratio
AAG,590568,1.0,721663,1.0,0.0
AAT,622,0.0010532233375326805,939,0.001301161345392517,-0.30498847449462474
ACG,10,1.6932851085734413e-05,14,1.939963667251889e-05,-0.19620472414169576
AGG,428,0.0007247260264694328,416,0.0005764463468405614,0.3302493712886019
AGT,64,0.00010837024694870024,388,0.0005376470734955235,-2.3106907391585807
ATG,224,0.0003792958643204508,278,0.0003852213567828751,-0.022364047637356776
CAG,4,6.773140434293765e-06,8,1.1085506670010795e-05,-0.7107778969714538
GAG,85,0.0001439292342287425,99,0.00013718314504138358,0.06925641908664026
TAG,127,0.00021504720878882702,181,0.0002508095884089942,-0.22193909728249217
