site_2,count_x,proportion_x,count_y,proportion_y,ratio
GGA,403759,1.0,364952,1.0,0.0
GGG,179,0.0004433337708880793,149,0.0004082728687608233,0.11885956544472442
GGT,86,0.00021299834802444032,104,0.0002849689822223197,-0.41996265479636463
