site_2,count_x,proportion_x,count_y,proportion_y,ratio
CAA,479066,1.0,347666,1.0,0.0
CAG,261,0.0005448101096717363,151,0.0004343248980343203,0.3269788158619402
CAT,236,0.0004926252332663975,190,0.0005465015273279527,-0.1497350003519724
CTT,7,1.4611765393494841e-05,2,5.752647656083712e-06,1.3448324806747394
