site_2,count_x,proportion_x,count_y,proportion_y,ratio
GGA,533229,1.0,468962,1.0,0.0
GGG,310,0.0005813637292795403,216,0.0004605916897317906,0.3359526845276335
GGT,172,0.00032256310140671267,136,0.0002900021750163126,0.15351769486862388
