site_2,count_x,proportion_x,count_y,proportion_y,ratio
AAG,808,0.0014807294425090301,1999,0.0031608990931587646,-1.09402692333156
AAT,1405,0.002574783250897509,2242,0.0035451404536578036,-0.46139179703586564
ACG,712,0.0013048011919138977,1124,0.00177731394732889,-0.44586853859325615
ACT,1249,0.002288899843680419,1439,0.002275404599827645,0.008531235528932868
AGG,2333,0.004275423006650454,4889,0.0077306831748140065,-0.8545287473626662
AGT,2399,0.004396373678934608,4145,0.006554240490816948,-0.5761145934284064
ATG,1522,0.0027891958063103266,2993,0.004732651818821502,-0.7627995693332839
ATT,1182,0.0021661165854525662,2176,0.0034407786026580648,-0.6676241704115355
CAG,722,0.0013231270513508907,1769,0.00279721385482634,-1.0800389551420153
CAT,685,0.0012553213714340168,1435,0.002269079639160994,-0.8540504930538884
CCG,362,0.0006633961116191446,1361,0.0021520678668279533,-1.6977811137595182
CCT,522,0.0009566098626110318,2340,0.00370010198999075,-1.9515624672396115
CGG,1338,0.0024519999926696564,4652,0.007355929255314943,-1.5849486301704845
CGT,1950,0.0035735425902136244,4133,0.006535265608816995,-0.8708908890762954
CTG,1257,0.002303560531230013,1693,0.002677039602159974,-0.2167729728138621
CTT,1076,0.001971862475420441,2069,0.0032715859048251545,-0.7304312166421134
GAG,2304,0.004222278014283175,5194,0.008212961425646134,-0.959880946574823
GAT,2357,0.0043194050692992375,4237,0.0066997145861499175,-0.6332670194524503
GCG,1309,0.0023988550003023767,2878,0.00455080919965529,-0.9237771441337861
GCT,1899,0.0034800807070849604,2761,0.004365804100155752,-0.3271266317773005
GGG,4087,0.007489778751899017,5102,0.008067487330313164,-0.10719630492054133
GGT,545677,1.0,632415,1.0,0.0
GTG,3627,0.006646789217797342,5301,0.008382154123479044,-0.33466344464122155
GTT,3467,0.006353575466805455,6504,0.010284386043974289,-0.6948150702109226
TAG,797,0.0014605709971283378,3550,0.005613402591652633,-1.9423430446276635
TAT,1458,0.0026719103059135714,2454,0.003880363368990299,-0.5383201786746952
TCG,1367,0.0025051449850369356,2031,0.003211498778491971,-0.35835264602882155
TCT,989,0.0018124274983186024,2376,0.0037570266359906075,-1.0516680593803827
TGG,2263,0.004147141990591504,6958,0.01100226907963916,-1.4076117436917253
TGT,4374,0.008015730917740715,6384,0.010094637223974764,-0.33268308051298057
TTG,1929,0.0035350582853959393,2655,0.004198192642489504,-0.24803436698113934
TTT,2405,0.0044073691945968035,3413,0.005396772688819842,-0.292179169780189
