site_2,count_x,proportion_x,count_y,proportion_y,ratio
AAG,2,9.292328764450152e-07,681,0.00039408308266717285,-8.728243905074137
AAT,636,0.0002954960547095148,325,0.00018807195575158762,0.6518541303064715
ACG,1007,0.00046786875329006517,428,0.00024767629865132156,0.9176480645435703
ACT,1034,0.00048041339712207287,170,9.837609993159968e-05,2.287896617115166
AGG,1617,0.0007512847806057948,1006,0.0005821550384187605,0.367956456606068
AGT,514,0.0002388128492463689,433,0.0002505697133551921,-0.06933158259491456
ATG,917,0.00042605327385003946,375,0.0002170061027902934,0.9732982211497436
ATT,1209,0.0005617212738110117,195,0.00011284317345095257,2.315535298437446
CAG,639,0.00029688990402418233,428,0.00024767629865132156,0.2614722174837798
CCG,2,9.292328764450152e-07,701,0.0004056567414826551,-8.77000355107269
CCT,2,9.292328764450152e-07,419,0.0002424681521843545,-8.027539350761419
CGG,599,0.00027830524649528204,1418,0.0008205724100176961,-1.5599625415127978
CGT,1242,0.0005770536162723544,536,0.00031017405625492604,0.8956273507006411
CTG,1037,0.0004818072464367404,186,0.00010763502698398553,2.1623084506431276
CTT,434,0.0002016435341885683,371,0.00021469137102719693,-0.09045706123839103
GAG,652,0.000302929917721075,1695,0.0009808675846121261,-1.6950743208546957
GAT,1019,0.00047344415054873526,1036,0.0005995155266419839,-0.3406028685828062
GCG,602,0.00027969909580994955,598,0.00034605239858292124,-0.30711491450047035
GCT,3259,0.0015141849721671524,711,0.0004114435708903963,1.8797749700570812
GGG,7792,0.0036202912866297792,3718,0.002151543173798162,0.7507339901007928
GGT,4869,0.0022622174377053897,2784,0.0016110533071151383,0.48973337235833014
GTG,679,0.0003154745615530827,480,0.00027776781157157557,0.18364425157414566
GTT,1240,0.0005761243833959094,269,0.00015566571106823712,1.8879291256555462
TAG,2387,0.0011090394380371257,787,0.00045542347438922906,1.284030108512221
TAT,1202,0.0005584689587434541,1114,0.0006446527960223649,-0.20704525369091442
TCG,364,0.00016912038351299277,374,0.0002164274198495193,-0.3558327367510081
TCT,3,1.3938493146675228e-06,711,0.0004114435708903963,-8.205476165960327
TGC,2152313,1.0,1728062,1.0,0.0
TGG,5697,0.002646919848553626,5042,0.002917719387383092,-0.14052662904995294
TGT,2063,0.0009585037120530332,1154,0.0006678001136533296,0.5213676801789351
TTG,413,0.00019188658898589564,50,2.8934147038705787e-05,2.729408864582652
TTT,1149,0.0005338442875176613,964,0.0005578503549062475,-0.06345917064591511
