site_2,count_x,proportion_x,count_y,proportion_y,ratio
AAT,773,0.0004656921070308664,808,0.0001915992729661251,1.2812843435713344
ACG,567,0.00034158787152199386,1402,0.0003324531939337963,0.0391055133298881
ACT,444,0.00026748679886378355,672,0.00015934989038766842,0.7472696659696272
AGG,1138,0.0006855855340247426,3822,0.000906302501579864,-0.4026559982725946
AGT,1970,0.0011868220580217423,3809,0.0009032198400098645,0.3939545641786797
ATG,1221,0.0007355886968754047,1941,0.00046026508518223866,0.6764343046720214
ATT,487,0.00029339205190689774,789,0.00018709384451766423,0.6490676944671652
CAG,885,0.000533166254492001,1348,0.0003196482920276444,0.7381000861867832
CAT,318,0.00019157838297000713,1214,0.00028787316507534143,-0.587498528573045
CCG,277,0.00016687802541727036,882,0.0002091467311338148,-0.32572145711005085
CCT,470,0.0002831504402386898,417,9.88822980530621e-05,1.5177845955186182
CGG,954,0.0005747351489100214,2335,0.0005536934435345323,0.053809843806769564
CGT,1320,0.0007952310236490862,1719,0.0004076227106791696,0.964139607166036
CTT,305,0.00018374656228255403,1602,0.0003798787565491738,-1.0478217775601806
GAG,486,0.000292789604161709,3295,0.0007813361440883443,-1.4160790238913528
GAT,1082,0.0006518484602941752,2858,0.0006777112897737445,-0.05613419487072058
GCG,1951,0.001175375550863157,2108,0.0004998654299660789,1.2335101333700926
GCT,9728,0.00586061166519569,23098,0.005477178226449947,0.09761841872024757
GGG,7471,0.004500887104304791,16368,0.003881308044442495,0.21366643926979023
GGN,75,4.518358088915263e-05,201,4.766269042845439e-05,-0.0770617782847669
GGT,1659895,1.0,4217135,1.0,0.0
GNN,3,1.807343235566105e-06,26,6.165323139999076e-06,-1.7703059950216549
GTG,2171,0.0013079140548046713,3590,0.0008512888489460262,0.6195471043030114
GTT,3533,0.0021284478837516833,5227,0.001239467078952891,0.7800818123290405
TAG,1314,0.000791616337177954,1768,0.00041924197351993713,0.9170182233291797
TAT,1071,0.0006452215350970995,2091,0.0004958342571437718,0.3799366405589577
TCG,581,0.0003500221399546357,909,0.00021554918208689075,0.6994290916087031
TCT,578,0.0003482147967190696,926,0.00021958035490919782,0.6652285216387241
TGG,2287,0.0013777979932465608,6491,0.001539196634682077,-0.1598131680279753
TGT,2989,0.0018007163103690295,7438,0.0017637566736658894,0.029919371464387723
TTG,234,0.0001409727723741562,2885,0.0006841137407268205,-2.278819661551159
TTT,689,0.0004150864964350155,2729,0.000647121801886826,-0.640625284171568
