site_2,count_x,proportion_x,count_y,proportion_y,ratio
AAG,782,0.00010361783938784383,258,0.00036161955100307377,-1.803200273023215
AAT,413,5.4723999574398334e-05,339,0.0004751512705040388,-3.118141306624212
ACG,274,3.6305994875024565e-05,307,0.00043029923317032423,-3.5670605773169655
ACT,137,1.8152997437512283e-05,266,0.00037283256033650243,-4.360248167447976
AGG,539,7.141945707167241e-05,457,0.0006405431581721113,-3.1649067072128787
AGT,865,0.00011461564075509579,525,0.0007358537375062547,-2.682615104936712
ATT,289,3.829354933898576e-05,308,0.0004317008593370028,-3.494858673101536
CAG,216,2.862078428104126e-05,197,0.00027612035483568035,-3.2701621322002214
CAT,736,9.752267236502948e-05,280,0.0003924553266700025,-2.0087188757952656
CCG,153,2.0273055532404227e-05,202,0.00028312848566907327,-3.8038214549664566
CGG,410,5.43264886816061e-05,534,0.000748468373006362,-3.7842136470894214
CGT,355,4.703878898041504e-05,337,0.00047234801817068163,-3.327927381697128
CTT,285,3.776353481526277e-05,252,0.0003532097940030023,-3.225459629355125
GAC,7546963,1.0,713457,1.0,0.0
GAG,1320,0.00017490479282858548,542,0.0007596813823397906,-2.118824642015369
GAN,25,3.3125907732686646e-06,5,7.008130833392902e-06,-1.0810697200199506
GAT,2619,0.0003470270094076253,564,0.0007905171580067194,-1.1877488229555109
GCG,8,1.0600290474459726e-06,323,0.0004527252518371815,-8.738388169601237
GCT,352,4.66412780876228e-05,214,0.00029994799966921623,-2.6850331826711624
GGG,593,7.857465314193272e-05,1346,0.0018865888203493694,-4.585572214971627
GGT,761,0.00010083526313829814,825,0.001156341587509829,-3.5194954805369463
GTG,338,4.478622725459234e-05,336,0.00047094639200400307,-3.3944358014038887
GTT,315,4.1738643743185175e-05,383,0.0005368228218378963,-3.6849903784449918
TAG,332,4.399120546900786e-05,484,0.0006783870646724329,-3.9468216208349833
TAT,771,0.00010216029944760561,338,0.0004737496443373602,-2.2132902012744626
TGG,1136,0.0001505241247373281,327,0.0004583317565038958,-1.606397520900714
TGT,1787,0.00023678398847324413,483,0.0006769854385057543,-1.5155532747015972
TTT,5,6.625181546537329e-07,349,0.0004891675321708245,-9.528152946229602
