site_2,count_x,proportion_x,count_y,proportion_y,ratio
AAG,13,9.176753448165108e-06,953,0.0003243622605701084,-5.143478314805753
AAT,973,0.0006868447003895885,1068,0.0003635035616882222,0.918014434056655
ACG,444,0.0003134214254604083,1150,0.0003914130111811381,-0.320587908518533
ACT,910,0.0006423727413715576,2758,0.0009387105085544164,-0.5472696354648239
AGT,21,1.4823986339343636e-05,1165,0.0003965183982835008,-4.741382445799784
ATG,236,0.00016659337028976658,770,0.00026207653792128377,-0.6536572152573239
ATT,93,6.564908235995038e-05,628,0.00021374554001891716,-1.7030475668204978
CAG,37,2.6118452121700694e-05,1087,0.00036997038535121487,-3.8242684884352602
CAT,1494,0.0010546207424275901,2872,0.0009775114505323728,0.10953876992928535
CCG,2169,0.0015311060176207785,2669,0.000908418545080398,0.7531451184934053
CCT,1416623,1.0,2938073,1.0,0.0
CGT,188,0.0001327099729426954,1399,0.0004761624370803585,-1.8431770245240173
CNT,2,1.411808222794632e-06,5,1.701795700787557e-06,-0.26951372392426265
CTG,2,1.411808222794632e-06,566,0.00019264327332915146,-7.092243871868783
CTT,395,0.0002788321240019398,1277,0.00043463862198114204,-0.6404195956751586
GAG,41,2.8942068567289957e-05,544,0.0001851553722456862,-2.6774964656691562
GAT,480,0.0003388339734707117,760,0.0002586729465197087,0.3894493582406682
GCG,3,2.117712334191948e-06,785,0.00026718192502364646,-6.979171972094736
GCT,29,2.0471219230522165e-05,909,0.00030938645840317787,-3.917741118103436
GGT,2,1.411808222794632e-06,646,0.00021987200454175236,-7.282975983730825
GTG,6,4.235424668383896e-06,537,0.00018277285826458363,-5.431401406301159
GTT,96,6.776679469414233e-05,651,0.00022157380024253993,-1.7091368614813813
TAG,1124,0.0007934362212105832,2505,0.0008525996460945661,-0.10375419689854581
TAT,349,0.0002463605348776633,1102,0.00037507577245357755,-0.606410911398406
TCG,74,5.223690424340139e-05,614,0.000208980512056712,-2.000227108778132
TCT,377,0.00026612584999678816,1703,0.0005796316156882419,-1.12302763544678
TGG,3,2.117712334191948e-06,267,9.087589042205555e-05,-5.423319060003301
TGT,335,0.00023647787731810086,984,0.0003349133939149912,-0.502082849031007
TTG,657,0.00046377900118803664,647,0.00022021236368190988,1.074542029292921
TTT,176,0.0001242391236059276,655,0.00022293523680316996,-0.8435051068244181
