site_2,count_x,proportion_x,count_y,proportion_y,ratio
AAT,1202,0.0008471918269247712,1643,0.000558176383737261,0.6019675856176097
ACG,726,0.0005116982249146289,958,0.0003254613363483238,0.6528070621160698
ACT,1629,0.0011481493228456341,1229,0.000417528165315334,1.459364858009355
AGG,68,4.792765743002033e-05,169,5.741436935581078e-05,-0.2605534251753454
AGT,357,0.00025162020150760675,629,0.0002136901676023963,0.23572722700630955
ATG,93,6.554811972046899e-05,784,0.0002663483170115719,-2.0226878631506775
ATT,451,0.0003178731397196937,619,0.000210292867640514,0.5960511938976154
CAG,1200,0.0008457821899415353,971,0.0003298778262987708,1.358354374933187
CAT,986,0.0006949510327352948,2331,0.0007919106211147629,-0.1884262828944543
CCG,461,0.00032492132463587313,2207,0.0007497841015874224,-1.2063848039937781
CCT,1663,0.0011721131515606443,2539,0.0008625744603219146,0.44239094349626207
CGG,2532,0.0017846004207766396,904,0.0003071159165541594,2.538745896869653
CGT,528,0.0003721441635742755,1880,0.0006386923928338714,-0.7792596573500479
CTG,729,0.0005138126803894827,1011,0.0003434670261463,0.5810708922804206
CTT,677,0.0004771621188253495,1043,0.0003543383860243233,0.4293517509117297
GAG,1135,0.0007999689879863688,1300,0.0004416489950446983,0.8570438441189605
GAT,1418805,1.0,2943514,1.0,0.0
GCG,164,0.00011559023262534317,1505,0.0005112936442632853,-2.1451325971724806
GCT,950,0.0006695775670370488,1329,0.0004515011649341569,0.5685214837986354
GGG,786,0.0005539873344117056,231,7.8477629119481e-05,2.819499630699049
GGT,632,0.0004454452867025419,1411,0.00047935902462159177,-0.10585835456366333
GTG,12,8.457821899415353e-06,486,0.00016510877814747952,-4.286986833028127
GTT,830,0.0005849993480428953,1232,0.0004185473553038987,0.48304415539588597
TAG,414,0.00029179485552982966,3871,0.0013150948152446363,-2.172140464936488
TAT,1464,0.001031854271728673,2150,0.0007304194918046933,0.49844206366372035
TCG,500,0.00035240924580897304,799,0.0002714442669543953,0.37659576159060926
TCT,1280,0.0009021676692709709,1870,0.0006352950928719891,0.5059687099688617
TGG,409,0.00028827076307173994,456,0.00015491687826183262,0.8959301886335052
TGT,307,0.00021637927692670945,1006,0.00034176837616535884,-0.659456574578849
TTG,968,0.0006822642998861718,1024,0.00034788351609674694,0.9717264071310936
TTT,4,2.8192739664717843e-06,595,0.00020213934773199651,-6.163882688338806
