site_2,count_x,proportion_x,count_y,proportion_y,ratio
AAG,659,0.0006718984342421465,586,0.0005867833557799663,0.19541521901162007
AAT,386,0.0003935550768095122,522,0.0005226978015650894,-0.40941154087598797
ACG,460,0.0004690034594102995,578,0.0005787726615031066,-0.30339821313048887
ACT,402,0.00040986824061508783,432,0.0004325774909504188,-0.07779839255872467
AGG,844,0.0008605193907441148,1165,0.0011665573540676803,-0.4389776324086405
AGT,956,0.0009747115373831442,784,0.0007850480391322415,0.31219438229135577
ATG,438,0.000446572859177633,1425,0.0014269049180656176,-1.6759217259124775
ATT,13,1.3254445592030203e-05,599,0.0005998007339798632,-5.499935056221878
CAG,404,0.0004119073860907848,580,0.0005807753350723215,-0.4956601888373253
CCG,285,0.00029057823028681603,292,0.00029239034110537567,-0.008969031402097372
CCT,657,0.0006698592887664495,344,0.0003444598539049631,0.9595222240460473
CGG,922,0.000940046064296296,759,0.0007600146195170553,0.3067042834396858
CGT,590,0.0006015479153306016,792,0.0007930587334091012,-0.39874805740459074
CTG,1000,0.0010195727378484773,1218,0.0012196282036518753,-0.25847671481843015
CTT,972,0.0009910247011887198,927,0.000928239199331107,0.09442439340606512
GAG,2781,0.002835431783956615,2175,0.002177907506521206,0.38062576214904986
GAT,148,0.00015089676520157463,473,0.0004736322991193243,-1.6502055892846297
GCG,491,0.0005006102142836023,974,0.0009753020282076572,-0.9621613293418338
GCT,731,0.0007453076713672368,509,0.0005096804233651925,0.548243168302557
GGG,1622,0.00165374698079023,1389,0.0013908567938197493,0.24976463866169674
GGT,1546,0.0015762594527137458,791,0.0007920573966244936,0.9928281378778703
GTG,980803,1.0,998665,1.0,0.0
GTT,2537,0.0025866560359215866,1998,0.002000670895645687,0.37060435469733655
TAG,421,0.0004292401226342089,1146,0.0011475319551601387,-1.4186774872646932
TAT,1504,0.0015334373977241096,1265,0.0012666910325284254,0.2757046005217809
TCG,662,0.000674957152455692,532,0.0005327111694111639,0.34144238973184393
TCT,772,0.0007871101536190244,558,0.0005587459258109577,0.4943731438647081
TGG,604,0.0006158219336604802,1658,0.0016602163888791537,-1.4307861337448564
TGT,374,0.0003813202039553305,1129,0.0011305092298218122,-1.5678978924595501
TTG,391,0.0003986529404987546,1893,0.0018955305332619046,-2.249396479970537
TTT,1242,0.0012663093404078087,987,0.0009883194064075542,0.3575806021898984
