site_2,count_x,proportion_x,count_y,proportion_y,ratio
AAG,642,0.000707725786022085,2186,0.001317702544021874,-0.8967623454924532
AAT,1000,0.0011023766137415653,2148,0.0012947964613719055,-0.23210814026617932
ACG,287,0.0003163820881438293,399,0.0002405138678246696,0.39554784351049044
ACT,126,0.00013889945333143725,783,0.0004719858609190885,-1.7647027207339772
AGG,658,0.00072536381184195,2515,0.001516020996438707,-1.063513057900499
AGT,335,0.00036929616560342444,1027,0.0006190670231978338,-0.7453173279159131
ATG,481,0.000530243151209693,2634,0.0015877532026320296,-1.5822606934293244
ATT,666,0.0007341828247518826,1985,0.0011965414226365143,-0.7046590719019097
CAG,291,0.00032079159459879556,1643,0.0009903866787867974,-1.6263555689846427
CAT,924,0.0010185959910972064,1572,0.0009475884717302773,0.10424939221459795
CCT,176,0.0001940182840185155,1156,0.0006968271458779901,-1.8446082108062338
CGG,536,0.0005908738649654791,3469,0.0020910842292826536,-1.8233290817714618
CGT,699,0.0007705612530053542,2478,0.001493717705437422,-0.9549259737080167
CTG,505,0.0005567001899394906,1747,0.0010530770102498692,-0.9196384622204548
CTT,741,0.0008168610707825,2276,0.0013719537924033786,-0.7480692569436016
GAG,837,0.0009226892257016903,3064,0.001846953611565884,-1.001230916317466
GAT,1023,0.0011277312758576213,2295,0.0013834068337283628,-0.2948021554986937
GCG,972,0.0010715100685568016,2595,0.0015642443283333776,-0.545820466582315
GCT,446,0.0004916599697287381,1795,0.0010820110093866715,-1.1379823757329621
GGG,1048,0.0011552906912011605,4203,0.0025335332994162567,-1.1328948865573754
GGT,944,0.0010406435233720377,4568,0.002753552251185691,-1.4038180329438532
GTG,1168,0.0012875758848501485,4739,0.0028566296231105496,-1.1496565336954365
GTT,906,0.0009987532120498584,3140,0.001892765776865821,-0.9222957506756071
TAG,938,0.0010340292636895883,2086,0.001257423379153536,-0.28219347694724206
TAT,816,0.0008995393168131174,2983,0.00179812748802253,-0.9992370673065682
TCA,907131,1.0,1658948,1.0,0.0
TCG,937,0.0010329268870758468,1900,0.0011453041324984267,-0.14899261250197604
TCT,1511,0.0016656910633635054,2170,0.00130805787764294,0.34869447089013583
TGG,1399,0.0015422248826244501,3513,0.0021176070618247225,-0.45742176100046983
TGT,1939,0.0021375082540448956,2906,0.0017517125310739096,0.28716395353109725
TTG,858,0.0009458391345902632,1804,0.001087436134224822,-0.20126393269868714
TTT,525,0.0005787477222143219,2357,0.0014207799159467326,-1.2956765776395347
