site_2,count_x,proportion_x,count_y,proportion_y,ratio
AAG,758,0.0008350601893317205,2201,0.0013257566631168594,-0.666863906549807
AAT,849,0.0009353114785522833,2428,0.0014624884952511288,-0.6449064775319844
ACG,673,0.0007414188752246014,2042,0.0012299841463355868,-0.7302789710968263
ACT,907719,1.0,1660184,1.0,0.0
AGG,1863,0.002052397272724268,2803,0.0016883670725654505,0.2816814150798024
AGT,953,0.0010498843805186407,1239,0.0007463028194465192,0.4923974169399994
ATG,1022,0.0011258990943232433,3214,0.0019359299933019473,-0.7819492475668124
ATT,610,0.0006720141365334426,2717,0.0016365655855013661,-1.2841079326010671
CAG,622,0.00068523408676033,1783,0.0010739773422704954,-0.648294732323734
CAT,924,0.0010179361674703294,1293,0.0007788293345797815,0.3862679667764617
CCG,382,0.0004208350822225821,1473,0.000887251051690656,-1.076087401829442
CCT,1690,0.0018618096569533082,3605,0.00217144605658168,-0.22195052778798008
CGG,666,0.0007337072375922505,2697,0.0016245187280446022,-1.146735953993682
CGT,732,0.0008064169638401311,2460,0.001481763467181951,-0.8777172767719019
CTG,1012,0.0011148824691341703,2147,0.001293230147983597,-0.21408741599380576
CTT,796,0.0008769233650501973,2293,0.001381172207417973,-0.6553705338664866
GAG,1646,0.0018133365061213879,3139,0.0018907542778390828,-0.060315207989829034
GAT,1108,0.0012206420709492695,3118,0.001878105077509481,-0.6216375614779377
GCG,1201,0.0013230966852076469,2964,0.0017853442750923995,-0.4322838114295422
GCT,1403,0.001545632514026918,2662,0.0016034367274952656,-0.0529700771213335
GGG,1678,0.0018485897067264207,3353,0.002019655652626456,-0.12768428218330286
GGT,2649,0.0029183040125853924,3538,0.0021310890841015214,0.45353928084982265
GTG,1451,0.0015985123149344677,3932,0.002368412175999769,-0.5671903171031776
GTT,1214,0.0013374182979534416,3651,0.002199153828732237,-0.7174977620085432
TAG,736,0.0008108236139157603,2711,0.001632951528264337,-1.010021956610041
TAT,363,0.00039990349436334373,1878,0.0011311999151901236,-1.5001301244873648
TCG,326,0.00035914198116377425,655,0.00039453458170901536,-0.13559745702307602
TCT,332,0.00036575195627721794,1309,0.0007884668205451926,-1.1081844654276587
TGG,1560,0.0017185935294953614,3673,0.0022124053719346773,-0.3643873818113885
TGT,1228,0.0013528415732181436,2904,0.0017492037027221079,-0.3707054074549134
TTG,1002,0.0011038658439450975,3584,0.002158796856252078,-0.967662643691737
TTT,794,0.0008747200400123827,1980,0.001192638888219619,-0.4472640326533561
