site_2,count_x,proportion_x,count_y,proportion_y,ratio
TAG,9,0.00013484560178595508,42,0.00015006538563231122,-0.15428277410815916
TAT,2,2.9965689285767795e-05,3,1.0718956116593658e-05,1.4831471465071342
TTA,66743,1.0,279878,1.0,0.0
TTG,36,0.0005393824071438203,114,0.000407320332430559,0.40514463450586113
TTT,17,0.0002547083589290263,57,0.0002036601662152795,0.3226824743138881
