site_2,count_x,proportion_x,count_y,proportion_y,ratio
AAG,1778,0.006102835175396444,365,0.012459464072367298,-1.0296904821226
AAT,704,0.0024164206768723826,136,0.004642430448882062,-0.9420086597980335
ACG,1515,0.005200109837303494,219,0.007475678443420379,-0.5236624184258512
ACT,430,0.001475938765703302,42,0.0014336917562724014,0.0418979896257099
AGG,3000,0.010297247202581176,939,0.032053251408090115,-1.638211999455522
AGT,2694,0.009246927987917897,397,0.013551800648574842,-0.5514384988656458
ATG,3041,0.010437976247683119,333,0.011367127496159755,-0.12302570322545581
ATT,958,0.003288254273357589,117,0.0039938556067588326,-0.2804603110322148
CAG,2054,0.007050181918033912,437,0.014917221368834272,-1.0812464403673943
CAT,817,0.0028042836548362736,130,0.004437617340843148,-0.6621529820677612
CCG,1354,0.004647490904098305,95,0.0032428742106161462,0.519178978059057
CCT,181,0.0006212672478890643,17,0.0005803038061102578,0.09840560864787484
CGG,3921,0.013458502093773597,655,0.022358764294248164,-0.7323226070932138
CGT,762,0.0026155007894556187,294,0.01003584229390681,-1.9400025945280328
CTG,1693,0.005811079837989977,453,0.015463389656938045,-1.4119784193355844
CTT,873,0.0029964989359511224,164,0.0055982249530636624,-0.9016915981736346
GAG,4537,0.015572870186036933,908,0.03099505034988906,-0.9930029801251612
GAT,1090,0.003741333150271161,149,0.005086192182966376,-0.4430335379828634
GCG,2722,0.009343035628475322,349,0.011913295784263526,-0.3506093118906479
GCT,455,0.0015617491590581452,162,0.005529953917050691,-1.824104704983557
GGG,7309,0.02508752660122194,1755,0.059907834101382486,-1.2557744341403216
GGT,2744,0.009418548774627583,653,0.022290493258235195,-1.2428518525586094
GTG,291340,1.0,29295,1.0,0.0
GTT,3425,0.01175602388961351,326,0.011128178870114355,0.07918268131918271
TAG,3332,0.011436809226333493,810,0.027649769585253458,-1.2735828495914303
TAT,893,0.003065147250634997,251,0.008568015019627923,-1.483004626014539
TCG,2040,0.0070021280977552005,282,0.009626216077828981,-0.4591753527249267
TCT,150,0.0005148623601290588,174,0.00593958013312852,-3.528102242537839
TGG,3102,0.010647353607468936,1377,0.047004608294930875,-2.142307310283864
TGT,2451,0.008412850964508821,292,0.009967571257893838,-0.24464722719816834
TTG,3859,0.013245692318253587,810,0.027649769585253458,-1.0617442064157236
TTT,918,0.00315095764398984,252,0.008602150537634409,-1.4489070172710994
