site_2,count_x,proportion_x,count_y,proportion_y,ratio
AAG,1430,0.0050810119386014785,456,0.016298520265923225,-1.6815532297972622
AAT,473,0.001680642410460489,330,0.011794981771391808,-2.8110884882046934
ACG,1094,0.0038871517907902216,65,0.002323253985274144,0.7425665624658286
ACT,559,0.0019862137578169413,97,0.003467009793409107,-0.8036710166422107
AGG,2314,0.008222001137009665,639,0.022839373793695047,-1.4739616191377767
AGT,1091,0.003876492325184764,157,0.005611551933662163,-0.5336480098662921
ATG,1694,0.006019044911881751,420,0.015011794981771392,-1.3184900056321966
ATT,1233,0.004381040363843093,276,0.009864893845164058,-1.1710300196736023
CAG,1777,0.006313956793632746,462,0.016512974479948532,-1.3869837226856525
CAT,342,0.0012151790790221717,436,0.015583672885838873,-3.6807944571893003
CCG,1179,0.004189169982944855,271,0.009686182000142969,-1.209263685672381
CCT,1544,0.005486071631608869,137,0.004896704553577811,0.16396230700928083
CGG,574,0.0020395110858442297,719,0.025698763314032456,-3.655403681061882
CGT,1305,0.0046368675383740765,438,0.01565515762384731,-1.7554156154421996
CTG,1244,0.004420125071063104,426,0.015226249195796697,-1.7844014973935085
CTT,1184,0.004206935758953951,258,0.00922153120308814,-1.1322365370925764
GAG,4852,0.017239909039226835,1660,0.05933233254700122,-1.7830663384120493
GAT,2930,0.0104107447413303,882,0.03152476946171992,-1.598412543546183
GCG,1748,0.006210915292779989,780,0.02787904782328973,-2.1663034915472847
GCT,1331,0.004729249573621376,465,0.016620201586961182,-1.8132546973817742
GGG,3099,0.01101122797043775,1328,0.04746586603760097,-2.107915039058981
GGT,3464,0.012308129619101762,1271,0.04542855100436057,-1.8839877475765068
GTG,2188,0.007774303581580443,653,0.023339766959754094,-1.5860048060521468
GTT,1831,0.006505827174530984,548,0.019586818214311245,-1.590078654461463
TAG,1662,0.005905343945423536,521,0.01862177425119737,-1.656897542806437
TAT,2006,0.007127629334849346,627,0.022410465365644436,-1.6526783894881305
TCA,281440,1.0,27978,1.0,0.0
TCG,5486,0.019492609437180217,702,0.025091143040960755,-0.3642509607545561
TCT,3969,0.014102472996020465,534,0.019086425048252198,-0.43659873198599364
TGG,3533,0.012553297328027289,856,0.030595467867610266,-1.2852515998087677
TGT,3331,0.011835559977259807,781,0.027914790192293946,-1.2379017467659006
TTG,1596,0.005670835702103468,716,0.025591536207019802,-2.174033488340183
TTT,1558,0.005535815804434338,608,0.0217313603545643,-1.9729106426801888
