site_2,count_x,proportion_x,count_y,proportion_y,ratio
AAG,7,6.276675872457946e-06,1053,0.0007866997683232686,-6.969668638444126
AAT,1743,0.0015628922922420287,670,0.0005005592068153751,1.6426057293045364
ACG,7,6.276675872457946e-06,604,0.0004512503894275919,-6.167783656743488
ACT,1217,0.001091244933825903,2177,0.001626443870503092,-0.5757460789504911
AGT,184,0.00016498690864746602,854,0.0006380262128661647,-1.9512641430394897
ATG,501,0.000449230658871633,417,0.0003115420734955394,0.5280293802745302
ATT,130,0.00011656683763136186,1220,0.0009114660183802353,-2.9670314588978073
CAG,426,0.000381980560238155,478,0.0003571153744145512,0.0971089727690746
CCG,225,0.00020175029590043398,1466,0.0010952534286437908,-2.4406220363927886
CCT,899,0.0008061045156199562,3207,0.002395960263070012,-1.5715651724032131
CGG,92,8.249345432373301e-05,546,0.000407918398389843,-2.3059290243388517
CTG,355,0.00031831713353179585,691,0.0005162483759842152,-0.6976005254722271
CTT,385,0.00034521717298518703,350,0.0002614861528140019,0.40076968427392146
GAG,727,0.0006518776227538467,1382,0.0010324967519684304,-0.6634641859446777
GAT,1700,0.0015243355690255013,3705,0.002768017703359649,-0.8606726356441445
GCG,743,0.000666224310462322,425,0.00031751889984557374,1.0691655300375196
GCT,465,0.0004169506115275636,228,0.0001703395509759784,1.29146305235464
GGG,1325,0.0011880850758581112,1992,0.001488229761158548,-0.3249591272061707
GGT,677,0.0006070442236648614,1373,0.0010257728223246419,-0.7568377260481167
GTG,638,0.0005720741723754528,239,0.0001785576872072756,1.6798119663081064
GTT,346,0.0003102471216957785,1432,0.001069851916656145,-1.7859213891035441
TAG,738,0.0006617409705534235,5763,0.00430555628190598,-2.7018611378023003
TAT,1545,0.0013853520318496467,3394,0.002535668579002064,-0.8721135662269397
TCG,2595,0.0023268534127183385,3494,0.0026103789083774935,-0.1658789091475299
TCT,1115240,1.0,1338503,1.0,0.0
TGG,370,0.00033176715325849147,591,0.00044153804660878606,-0.4123666991372321
TGT,861,0.0007720311323123274,635,0.0004744105915339749,0.7025228062613014
TTG,272,0.00024389369104408019,532,0.0003974589522772829,-0.7045534337268631
TTT,315,0.0002824504142606076,681,0.0005087773430466723,-0.8490368091008058
