site_2,count_x,proportion_x,count_y,proportion_y,ratio
AAG,721,0.00045558115347334817,836,0.0008301087184253354,-0.865592230287735
AAT,1080,0.000682423919211118,318,0.000315759057965618,1.1118440943187995
ACG,1640,0.001036273358802068,1447,0.001436803009044809,-0.47145765447395327
ACT,1933,0.0012214124405880472,1495,0.001484464753643393,-0.281392394321907
AGG,1766,0.0011158894827100318,786,0.0007804610678018106,0.5157955779421837
AGT,543,0.0003431075816033676,432,0.00042895570138725466,-0.32216766180678214
ATG,322,0.00020346342776479627,145,0.00014397818680822206,0.4989192406520093
ATT,371,0.0002344252537290044,494,0.0004905187881604255,-1.0651804024115492
CAT,1339,0.0008460792850219324,546,0.0005421523448088912,0.6420945569567849
CCG,759,0.0004795923654455912,794,0.0007884046919015745,-0.7171276691751665
CCT,1825,0.0011531700486669355,1327,0.0013176486475483494,-0.19236045416312564
CGG,1045,0.0006603083292366836,460,0.00045675838573642856,0.5317086285761956
CGT,1383,0.0008738817409897927,826,0.0008201791883006304,0.09149892228337464
CTG,1655,0.0010457514687911113,1103,0.001095227172754958,-0.06669012134447527
CTT,2,1.2637479985391074e-06,273,0.0002710761724044456,-7.7448456883675245
GAG,1889,0.0011936099846201868,2008,0.0019938496490407576,-0.7402251150100767
GAT,2562,0.0016188611861285966,3818,0.003791094601612357,-1.227635174509965
GCG,1257,0.0007942656170818289,443,0.0004398781845244301,0.8525174984178143
GCT,2849,0.0018002090239189583,790,0.0007844328798516925,1.1984425158117116
GGG,2885,0.0018229564878926624,2444,0.002426777162477894,-0.4127615137335585
GGT,597,0.00037722877756392353,885,0.0008787634160363898,-1.2200350711532284
GTG,1075,0.0006792645492147702,381,0.0003783150977512593,0.844385209535826
GTT,1393,0.0008802004809824882,867,0.0008608902618119208,0.03200281193174348
TAG,1269,0.0008018481050730636,4666,0.004633118756187339,-2.5305827855907683
TAT,3083,0.001948067539748034,3800,0.0037732214473878882,-0.9537530765588098
TCG,5598,0.0035372306479109616,3072,0.0030503516543093664,0.2136447234040837
TCT,1582594,1.0,1007097,1.0,0.0
TGG,1411,0.0008915742129693402,371,0.00036838556762655437,1.2751383485287864
TGT,1853,0.001170862520646483,872,0.0008658550268742733,0.43537429380266524
TTG,1206,0.0007620400431190817,904,0.0008976295232733292,-0.2362533179627775
TTT,361,0.00022810651373630887,1016,0.0010088402606700248,-2.1449182073326707
