site_2,count_x,proportion_x,count_y,proportion_y,ratio
AAG,2138,0.001353036960438541,2585,0.0025692453872851674,-0.9251434384194717
AAT,13,8.22707225710993e-06,188,0.0001868542099843758,-4.505390144474209
ACG,868,0.0005493152860901093,1104,0.0010972715309720792,-0.9982142352713552
AGG,529,0.0003347785556931656,2324,0.0023098360851260074,-2.7865114522281687
AGT,680,0.0004303391642180579,662,0.0006579653564343447,-0.6125374816071805
ATG,1580149,1.0,1006132,1.0,0.0
ATN,2,1.2657034241707586e-06,3,2.9817161167719543e-06,-1.2362035116588217
ATT,2449,0.0015498538428970938,2466,0.0024509706479865466,-0.6612210367765261
CAG,1295,0.0008195429671505662,1248,0.001240393904577133,-0.5979068472259979
CAT,290,0.00018352699650476,255,0.0002534458699256161,-0.4656853577815898
CCG,2,1.2657034241707586e-06,2,1.9878107445146363e-06,-0.6512410109376674
CGG,627,0.0003967980234775328,1776,0.001765175941128997,-2.153335244485733
CGT,573,0.00036262403102492235,1155,0.0011479607049572024,-1.6625268184841797
CTG,420,0.0002657977190758593,343,0.00034090954268426013,-0.35906025944435527
CTT,5,3.1642585604268965e-06,227,0.0002256165195024112,-6.15586140334122
GAG,951,0.0006018419781931957,1328,0.0013199063343577184,-1.1329789114240274
GAT,2,1.2657034241707586e-06,559,0.0005555931030918408,-8.777945483780856
GCG,405,0.0002563049433945786,1329,0.0013209002397299757,-2.365588302441852
GCT,440,0.0002784547533175669,199,0.0001977871690792063,0.49349408204334466
GGG,1252,0.0007923303435308949,2596,0.002580178346379998,-1.7032968320041846
GGT,405,0.0002563049433945786,424,0.0004214158778371029,-0.7173833677288766
GTG,1176,0.000744233613412406,1631,0.001621059662151686,-1.1231097328131856
GTT,4,2.531406848341517e-06,494,0.0004909892538951152,-7.5996082425223435
TAG,764,0.00048349870803322977,6139,0.006101585080287676,-3.6576001374042537
TAT,752,0.0004759044874882052,859,0.0008537647147690363,-0.8431664803984926
TCG,1197,0.000757523499366199,583,0.0005794468320260165,0.3866143528053403
TCT,407,0.0002575706468187494,287,0.0002852508418378503,-0.1472629533471057
TGG,2302,0.001456824641220543,3523,0.003501528626462532,-1.2651576523003971
TGT,2161,0.0013675925498165045,1154,0.001146966799584945,0.25381483727636045
TTG,2135,0.0013511384053022848,990,0.000983966318534745,0.4574946286032162
TTT,13,8.22707225710993e-06,724,0.0007195874895142983,-6.450647179879777
