,Mean0,Mean1,Mean2,Mean3
*,-3.5778976671967753,,-2.40110741085045,-3.0168717865145194
A,1.2914847565199263,,0.5967928315077027,-0.0661109162266933
C,-0.5089860680581069,,-0.05266119567725358,0.40246583880913445
D,-1.691671057093009,-0.010260506759902643,-1.0447330284313856,0.6711388859361751
E,-0.21457709125589908,,-0.018534285969477704,0.10906176834158998
F,2.082847501115676,,1.0017292057157512,-0.39086045862921015
G,-0.11338649400152478,,0.304882112273396,0.7796212796220241
I,0.9009203511554418,,-1.3132524891158814,0.13048605987553197
K,0.14648453606923617,,1.0474770049800552,-0.5297864429172066
L,0.2538974977015256,,0.18006794635899612,0.27786987269795826
M,0.7511408866331033,,0.5814572763258323,0.25666364461302305
N,-1.034448998997691,,1.1500015156384968,-0.18484446614346428
P,1.2959235301823497,,-0.7642994998673169,-1.2016778902625007
Q,-0.9967400353828992,,-0.014387513439564792,0.39436709943130754
R,-0.2774496698647315,,0.6098873111385731,-0.3527698924741534
S,0.8561192715010718,,0.683307437469581,0.17131132635328492
T,-0.12316853535153459,,-0.21557172076030215,-0.07349678296064133
V,0.02580660929145373,,0.06639206664198172,-1.0089072339151828
W,-0.08535900767632087,,1.1717252676958294,0.26418482927853315
H,,,0.0636809983936466,1.138011882931223
Y,,,1.531334859084435,-0.5631354398058281
