,Mean0,Mean1,Mean2,Mean3
*,-1.1810219312673733,,,
A,0.012245255882739059,,0.025312591190797207,0.1999544468223009
C,0.2065851769174314,,,-0.33280159016124156
D,0.22243745375071278,,,-0.23904505953495736
E,-0.069617129828762,,,
F,0.5199269971432123,,,
G,-0.1552321153548144,,,-0.014804970546664657
H,0.33572872691468447,,,
I,-0.3981142763307135,,,
K,0.06775698029555333,,,
L,-0.11028056857281203,,,
M,-0.307625605542702,,,
N,0.2572483007573454,,,
P,-0.49928511549062193,0.08976304427387127,0.5275919874973081,
Q,-0.12016209840720116,,,
R,-0.10252547153271567,,,0.3895645655805353
S,0.19786256336350805,,0.030134270153723858,-0.4932697879252581
T,0.0013013195582278758,,0.045695223181156486,
V,-0.5731615344667214,,,-0.8886839346919457
W,-0.20517503816006766,,,
Y,0.7750830511795206,,-0.0017575333279964411,
