Translation,ratio_x,ratio_y,all_ratios,len,mean,std
A,[0.1974320280192287],[0.128442795872095],"[0.1974320280192287, 0.128442795872095]",2,0.16293741194566186,0.03449461607356685
I,[0.1075806182747864],[0.0055860480865597],"[0.1075806182747864, 0.0055860480865597]",2,0.05658333318067305,0.05099728509411335
N,[0.0603525561140791],[0.1119079165882155],"[0.0603525561140791, 0.1119079165882155]",2,0.0861302363511473,0.0257776802370682
P,[-0.0767429354197659],[0.5499065643103709],"[-0.0767429354197659, 0.5499065643103709]",2,0.2365818144453025,0.3133247498650684
S,"[0.3449892164330848, -0.2463148111618984]","[-0.3231205794318619, -0.0801438259393219]","[0.3449892164330848, -0.2463148111618984, -0.3231205794318619, -0.0801438259393219]",4,-0.07614750002499936,0.2585172722958666
T,"[0.9969187067434911, 0.0]","[-1.806955320686377, 0.0]","[0.9969187067434911, 0.0, -1.806955320686377, 0.0]",4,-0.2025091534857215,1.0117922970933695
