Translation,ratio_x,ratio_y,all_ratios,len,mean,std
*,[-1.1866632832015291],[-0.867312624770463],"[-1.1866632832015291, -0.867312624770463]",2,-1.026987953985996,0.15967532921553307
E,[-0.1997862393195895],[-1.1868180573909708],"[-0.1997862393195895, -1.1868180573909708]",2,-0.6933021483552801,0.49351590903569065
K,[0.0],[0.0],"[0.0, 0.0]",2,0.0,0.0
M,[-1.108679187839254],[-1.024724343583367],"[-1.108679187839254, -1.024724343583367]",2,-1.0667017657113105,0.04197742212794342
N,[-1.048991573218066],[-0.7192217966091157],"[-1.048991573218066, -0.7192217966091157]",2,-0.8841066849135908,0.16488488830447512
Q,[-2.555897092867248],[-1.151172678824306],"[-2.555897092867248, -1.151172678824306]",2,-1.853534885845777,0.702362207021471
R,[-0.4258146176791211],[-0.8402288909670297],"[-0.4258146176791211, -0.8402288909670297]",2,-0.6330217543230754,0.2072071366439543
S,[-1.053396752338065],[-2.0136691550743717],"[-1.053396752338065, -2.0136691550743717]",2,-1.5335329537062183,0.4801362013681534
T,[0.946603247661935],[-2.6552151841618947],"[0.946603247661935, -2.6552151841618947]",2,-0.8543059682499798,1.8009092159119149
