Translation,ratio_x,ratio_y,all_ratios,len,mean,std
I,[-0.1373180025786116],[0.0904148638613389],"[-0.1373180025786116, 0.0904148638613389]",2,-0.02345156935863635,0.11386643321997525
K,[-0.0748444232492424],[-0.0444995081095189],"[-0.0748444232492424, -0.0444995081095189]",2,-0.05967196567938065,0.015172457569861748
L,[-0.1620741016641815],"[-1.276862218200895, 0.1783324075499308]","[-0.1620741016641815, -1.276862218200895, 0.1783324075499308]",3,-0.4202013041050486,0.6214875108337431
M,[0.0],[0.0],"[0.0, 0.0]",2,0.0,0.0
R,[-0.2234746463283254],[0.6971425732661611],"[-0.2234746463283254, 0.6971425732661611]",2,0.23683396346891789,0.4603086097972433
T,[0.1688427764504343],[-0.0544697968644474],"[0.1688427764504343, -0.0544697968644474]",2,0.05718648979299345,0.11165628665744085
V,[0.7106374180152173],[0.0126443989940892],"[0.7106374180152173, 0.0126443989940892]",2,0.36164090850465325,0.34899650951056405
