Translation,ratio_x,ratio_y,all_ratios,len,mean,std
D,"[0.0, 0.2679948969227794]","[0.0, 0.0703368737469904]","[0.0, 0.2679948969227794, 0.0, 0.0703368737469904]",4,0.08458294266744244,0.10971718623809101
E,[-0.6255830439410683],[0.816108365288537],"[-0.6255830439410683, 0.816108365288537]",2,0.09526266067373435,0.7208457046148027
