Translation,ratio_x,ratio_y,all_ratios,len,mean,std
D,[-0.0389619685751192],[-0.4215067886355292],"[-0.0389619685751192, -0.4215067886355292]",2,-0.2302343786053242,0.191272410030205
H,[-1.291848419032828],[-1.1422580768059838],"[-1.291848419032828, -1.1422580768059838]",2,-1.2170532479194058,0.07479517111342215
I,[-0.4658778188078791],[-0.687543283831964],"[-0.4658778188078791, -0.687543283831964]",2,-0.5767105513199215,0.11083273251204241
K,[-2.7176840683985226],[-3.9175517896312897],"[-2.7176840683985226, -3.9175517896312897]",2,-3.317617929014906,0.5999338606163835
M,[-4.29173184232549],[-5.372207849320513],"[-4.29173184232549, -5.372207849320513]",2,-4.831969845823002,0.5402380034975116
N,[0.0],[0.0],"[0.0, 0.0]",2,0.0,0.0
S,[-0.2945833867540681],[0.5563332169427397],"[-0.2945833867540681, 0.5563332169427397]",2,0.13087491509433583,0.42545830184840394
T,[-0.8158202898648383],[0.0987500226978124],"[-0.8158202898648383, 0.0987500226978124]",2,-0.35853513358351297,0.4572851562813254
X,[-0.248779697140943],[-0.9012499773021894],"[-0.248779697140943, -0.9012499773021894]",2,-0.5750148372215662,0.3262351400806232
Y,[-0.5494845209407924],[-0.5482342046307291],"[-0.5494845209407924, -0.5482342046307291]",2,-0.5488593627857608,0.0006251581550316132
