,Mean0,Mean1,Mean2,Mean3
*,-1.6373492597131558,,0.34656694567845925,
A,0.469585438516825,,,
C,0.8395434012372398,0.2769352174257822,0.30504140799994595,
D,-0.32004195665265556,,0.8147157814168651,
E,0.6358568816582713,,,
F,0.5848380450191639,0.003464696881638455,-0.23419381906408177,
G,0.3207202176130135,,,0.16315679313208578
H,0.18919007254279188,,0.229753280695709,
I,-0.09886357649868005,0.29035329169968094,,
K,0.7847677646049234,,,
L,0.745046183044352,0.04146511285864296,,
M,0.5392383792357842,,,
N,-0.5444813343088677,,0.14486438310919603,
P,0.6867815553370523,,,
Q,0.11676632317347213,,,
R,0.35858432801709633,,,
S,0.29717493843171827,0.16089142255090394,,
T,0.15699229609786713,,,
V,0.17286240979004353,-0.2754820275547125,,
W,-0.13876801933752336,,,
Y,0.38497536575156754,0.1538531663364502,0.10585508932761431,
