Translation,mean
C*S,"[2.468962223978507, 1.99180787517877, 2.2005822747082915, 1.6541244040214025]"
CAS,"[-0.8985517942345318, -0.4167421320624545, -1.0669239600865923, 0.3492294391048673, 0.4777735706552599, 0.2541557401624477]"
CCS,"[0.0370576184955133, -0.0829923287142477, -0.3736797433497045, 0.4406903545021077]"
CDS,"[1.71969790535546, 1.5936644063336107, 1.9114620416802213, 1.962759590111132]"
CES,"[2.9814461895053013, 3.011311381742253, 3.3784048345710653, 2.798197813787125]"
CFS,"[1.117314410573747, 1.1107343235312364, 1.517482615085633, 1.6889549552997094]"
CGS,"[1.56297756514968, 2.092227263103587, 2.0177729713777426, 2.2519719075184224, 2.159777798016877, 2.302413920886048, 2.3759984761175588, 2.1599795527825982]"
CHS,[0.8664388468831152]
CIS,[0.1439728224120244]
CKS,"[2.75015929344854, 2.1577175069935084, 2.2517711735831725, 1.9914678129190408]"
CLS,"[1.2264349826039975, 0.8129995879216558, 3.2413853240699684, 0.2174349843530461, 1.5433796699771047, 0.9563458192362546, -0.4447127643518485]"
CMS,"[0.61851133343953, 0.3255796289019734, 0.2152315055818459]"
CNS,"[2.683191828609196, 3.0421342549094463, 2.3899372203470053, 2.645846981502019]"
CPS,"[1.6512884345698111, 1.5897725754615557, 2.6815183157502016, 2.558374300345582, 1.3996444388738318, 0.5420571884096717, 0.7900808512774677, 1.6054037294557553]"
CQS,"[1.0486923189789152, 0.9971314340827532, 0.7785173519837407, 1.1384861004705922]"
CRS,"[2.0930287378591927, 2.184320078461081, 2.198639400900051, 2.2519701906308818, 1.3032564085232927, 1.98053926057597, 2.445888990304745, 2.0115040628824365, 1.970272736891344, 2.5883108378043573, 2.817262102779633, 2.054309915942856]"
CSS,"[1.9514660367672647, 2.386535952935035, 0.9360350747206638, 1.2747674193398657, 1.6370817747760844, 1.9826417993556529, 1.6366100330400384, 1.0888552847840538, 1.2586977223312772, 1.4899290154586522, 1.841190499511124, 1.3590972432844328]"
CTS,"[-0.1389611408594735, 1.1623513517268798, 1.0508634180205425, 2.018441940328165, 0.2053733670761683]"
CVS,"[0.0, -0.1029419180584927, 0.31094450646499, -0.3486592962340653, 0.3513864010122728, -0.1562007198348158, 1.8098553185167496, 0.1948654714199067, 0.0461926428956651]"
CWS,"[0.4514013476042713, 0.8149567895640564]"
CYS,"[1.3356543692089895, 2.219700787370117, 1.1527753598480333, 1.1032712784251435]"
