Translation,mean
G*D,"[5.092702349604858, 4.889290450064937, 5.484395750295535, 5.228612783004074]"
GAD,"[1.2631795504993857, 0.903170246057833, 0.0764031052443821, 0.9365378024358076]"
GCD,"[4.255171346069814, 2.8000283699535213]"
GED,"[0.8991320708452015, 2.8423346115461845, 3.2198189897973224]"
GGD,"[1.1765055725816715, 2.49201883343745, -0.1815485702932786, 1.4404180455053854]"
GID,[4.6913836306235535]
GKD,"[0.0376256277807369, 1.899344715012817]"
GLD,"[2.3993939679261653, 0.3932986619180472, 5.261228833008596, 3.3216103038679634, 1.21059877125008, 3.452239077179806]"
GMD,"[0.1514542005263042, 1.779836919678219, 1.8607234237218448]"
GND,[0.2063259247646698]
GPD,"[3.947203329392, 1.0915076455666315]"
GQD,"[1.297948906352877, 2.2563255396912147, 0.5821346318923375]"
GRD,"[1.8679027037495304, -0.0630564295725935, 2.5307064305130726, 0.5296337759410914, 8.00549593703447, 6.508202256594126]"
GSD,"[2.575995070675331, 2.6004656947940177, -1.0896742471613727, -0.2796295603385683]"
GTD,"[0.2343859685079841, 0.642131840176642, 1.6967631876525529, 0.0, 1.9404572038743917, 2.731163209292527, 0.4135329556024034]"
GVD,"[3.911821513052942, 0.2719602227730231]"
GWD,"[0.7375112512686623, 1.0296415355657116, -1.190848105987948]"
