Translation,mean
VAM,"[1.406207933052004, 0.0, -0.061413246670731]"
VDM,[0.0990331086801142]
VSM,[0.3560082259478143]
VTM,[1.576751718565948]
