Translation,mean
D*W,"[3.718042107097499, 3.575476235748797]"
DAW,"[-0.3254955185965098, 1.1967078709914285, 2.829513700929942, 0.6286616530140972]"
DCW,"[4.983115422440571, 2.3835507334611297]"
DDW,"[0.3841790493069839, 1.0424459835248605]"
DEW,"[2.080958495852681, 1.9508309164260569]"
DFW,"[1.096803528923723, 0.4971420022334634]"
DGW,"[1.7230142419038872, -0.0830823685657904, 0.8277029440522874, 0.2160956894221968]"
DHW,"[1.380841446203144, 0.1935925464478423]"
DIW,[4.007795455022956]
DKW,"[0.8186112214707864, 1.8383892407979496]"
DLW,"[-0.4113536686834536, 2.504028387818705, 4.64153191156864, 0.3766441871637004, 0.707967262090861]"
DMW,"[0.8106621644885443, 1.2761091428193874]"
DNW,"[4.463760701401809, 1.09051674277082]"
DPW,"[3.308108177843448, 1.312591365759877, 0.9597496056798124]"
DQW,"[2.6653980797744747, -1.450390577872401]"
DRW,"[0.0, 0.3976735660143928, 0.6672409015083849, 0.4656081695048844, 3.744625404532744, 0.8080369487551096]"
DSW,"[1.1063256687243097, 1.3908506150013036, 2.350210090666928, 0.9556765112736352, 3.88632201061983, 1.9932372145363413]"
DTW,"[1.191100261251627, -1.6108552500656472, 1.5582501259132524]"
DVW,"[0.8743660796267338, 1.224201010794319, 1.2085725042925333]"
DWW,"[1.875145555719608, 1.8252643999511005]"
