Translation,mean
Y*A,"[2.632795421548874, 4.105632291202111, 3.131421407101711]"
YAA,"[1.1534379613276444, 0.9285341662468314, 0.9973279926786828, 0.779575961001191, 1.0032449071773697, 0.0, 0.923013384457712]"
YCA,"[-0.0055257795953629, 1.4027251689285558, -0.3857098481872407]"
YDA,"[4.235574661361817, 3.622286817090847, 2.5093191727266024]"
YEA,"[3.6377731907197344, 3.270839218561274, 3.4290811140712925]"
YFA,"[2.6757420138902708, 2.6356683190075847, 2.5756032986156523]"
YGA,"[0.6047676652086977, 0.2902720036461961, -0.38017649320272, 0.289860534151602, 0.1575883669735684, 0.0548064136365313]"
YHA,"[3.712655045975688, 3.787089537379328, 2.967599544278504]"
YIA,"[2.744972196086115, 1.7661251423534816, 1.6660916077421302]"
YKA,"[3.230185904727728, 3.3671169380376385, 3.24463383065832]"
YLA,"[2.4071362343760843, 3.78854979427829, 1.9429449172523032, 2.3491487561115783, 2.7444651459312697, 2.231947566722787, 2.556380888961595, 2.7310828027269327, 1.882178434715855]"
YMA,"[2.6008548909639364, 2.456457517091219, 2.716488880970409]"
YNA,"[3.4966233523407126, 2.4826492700306595, 3.7303274400245554]"
YPA,"[1.9629240994089177, 3.755375977674945, 2.6264457106257586, 3.785330654790736, 3.629694920683269, 2.847228140146991]"
YQA,"[3.979664763079372, 3.8017876677766833, 3.4278905059894766]"
YRA,"[3.7172190708811534, 3.498245281198048, 3.4730125247680963, 5.420131630794229, 3.256723558645069, 3.756951231738263, 3.789436366535096, 3.310391281721456, 2.913767572991744]"
YSA,"[1.7815712357251003, 1.972049821871348, 2.272937860727541, 2.2319428382933184, 2.095636215564713, 2.712024110160328, 2.87799839946397, 2.8629177028408264, 1.5673786093033235]"
YTA,"[2.588456144589508, 1.7383997885906153, 1.4139586223155105, 1.304916368995852, 2.307613210297178, 0.962295366676674]"
YVA,"[1.5888210206023117, 0.3666250070558616, 1.424437212218992, 1.2683004019840292, 0.3551945876183451, 0.9768649630669088]"
YWA,"[3.984412179662888, 3.624310831338629, 3.341518077027644]"
YYA,"[2.9769479395610894, 2.8131258739830995, 2.1950276253629832]"
