Translation,mean
FFN,[0.6551750589143461]
FHN,[0.963397420532024]
FIN,[0.9023204213937132]
FLN,"[0.0, 1.3208619691565202]"
FPN,[1.4482534234420408]
