Translation,mean
G*D,"[2.870583656612257, 3.86320205300005, 2.785395029216704, 2.3376431793684755]"
GAD,"[-0.0332826016362988, -1.0354559222157835, 1.0172751665039907, 4.690821052155091]"
GCD,"[1.960127383110056, -0.9720433561168812, 2.316169010404856]"
GDD,"[1.8004707171215717, 0.418660794043185, -0.2833266537542211]"
GED,"[3.706081760503517, 9.275030256091306, 0.2577227697067208, 1.7720089163207329]"
GFD,"[0.8255757837115141, 1.5383007181685748]"
GGD,"[0.2596876649689648, 0.4818497785955253, 0.5577800902646715, 0.5250724534047864, 0.1643977861720795, -0.4232012564414482, -0.0357543819373642, 2.0450162806965704]"
GHD,[1.9869016835845168]
GID,"[-0.9994702628293072, 0.5411748338278297]"
GKD,"[0.6516805334037006, 0.5736493697795542, 1.1477788879435789]"
GLD,"[1.1969548522901938, 3.2610231375733303, 1.8742666464562203, 1.0037452720487767, 0.4770444964081139, -0.5654565705321684]"
GMD,"[0.4011600909218469, -0.7795634994592984, 1.3821674884589354]"
GND,"[0.7513133682741504, 1.968938201001209, 0.9685396229262562]"
GPD,"[0.7850975456370355, 1.128073666810094, 6.019021072163625]"
GQD,"[1.467363188487805, 1.3394122152483368]"
GRD,"[1.4683713532213425, 1.2307265658434448, 1.197229482439227, 0.5608979921202462, 1.639815140815383, 0.8743666503162277, -0.0521077556920603, 0.3182830456736898]"
GSD,"[0.281703322674943, 1.7247493201791286, 2.014066190220861, 2.274705617072972, 4.353360512070553, 0.0756106546088979, 1.235357033187249, 2.952179225224276]"
GTD,"[1.412199317792572, 1.3804084010279274, 0.4957746491099035, 0.0, 1.4185712801260977, 1.3432856884059907, 4.623092395832485]"
GVD,"[3.84958007712136, 2.055493069806552, 0.9302695335463022, 0.2043920799743208, 0.921474894792457, -0.390369863974076, 1.808720030114909]"
GWD,"[0.6118651404092308, 2.2245169276451904, 0.4529200399033453, 0.4953129761035671]"
GYD,"[3.234356963447542, 4.0905881766251575, 0.474278671588161, 0.90567959908768]"
