Translation,mean
YGP,"[0.0, 0.0927298946114598, 0.1402326821994614]"
