Translation,mean
T*K,"[3.630942317605575, 3.0394554993182954, 4.074448588933876, 3.489415924880339]"
TAK,"[2.0837990040822127, 2.513608573089129, -0.2377353981708906, 1.8382192162650133, 0.5943501774262838, 1.415689890732585, 0.4197740581997022, 0.7816547345595461]"
TCK,"[0.3377512158984341, 0.3798018608175422, -0.0676508037810502, 0.2339571113588423]"
TDK,"[7.60230812146899, 4.7953962077652985, 4.743229598907489, 4.330431539214569]"
TEK,"[4.02911393982192, 3.478680938738417, 4.38714641977319, 4.667194672724423]"
TFK,"[0.6985826376785962, 0.3221803615534124, 0.1585535616248434, 0.4014201790337557]"
TGK,"[6.141772839468816, 5.119540113434917, 5.288121327217745, 4.967535840166758, 5.037050779134647, 4.967331506646414, 5.549123922313669, 5.865344090171872]"
THK,"[2.168067920979817, 1.6392484982961957, -0.2852253288188162]"
TIK,"[2.031654800022106, 2.09960204799751, 0.637851787323946, 2.598732805938127, 0.0]"
TKK,"[6.635187666287473, 4.6551925611103, 5.298837371809056, 4.705179382376774]"
TLK,"[2.4600012755693434, -0.7937888396629003, 1.0503066292097234, -0.5637359680706098, -0.4328496853872146, 0.862003098452556, 0.1292688629757048, -0.4511644818260851]"
TMK,"[0.76253108698638, 0.485042306721458]"
TNK,"[1.9020058224484568, 1.4109877796015633, 1.9589163209798857]"
TPK,"[8.606397741515416, 4.514035027434797, 5.197707595229115, 5.239258275942797, 5.041600390375411, 3.6616718762705807, 3.5381744343447523, 3.2365242678241684]"
TQK,"[6.273731218324885, 3.970746355827949, 3.552545406569819, 3.9593323017029385]"
TRK,"[5.476732648367655, 2.6484535256947765, 4.622032683789223, 4.7807777311784285, 4.975210628999532, 3.875186430996962, 5.710460695738869, 5.587994262043383, 6.442811195651438, 5.422321330134047, 4.228056327594922, 5.347626890504124]"
TSK,"[0.6021186739191666, 1.7968663875204882, 1.1170001224581911, 0.9587453692433096, -0.6574741347474351, 0.7617764641657914, 1.0040435209771896, 1.4229247375627772, 2.0163592972863853, 2.7063522279923617, 0.7749489449258, 0.9758598829748052]"
TTK,"[1.399892557459104, 6.477923183566606, -0.4568207641540986, 1.2152995361084802]"
TVK,"[0.69980938212559, 3.268469817937655, 0.4366107761036915, 0.2709088633890726, 0.2035375940394335, 1.826728995835072, -0.3893535763336579, 0.5661678307006692]"
TWK,"[5.20507746527493, 4.742982020942423, 4.429525371190169, 5.100998165687466]"
TYK,"[3.5320839384278613, 3.2336462563648904, 2.7861062305815354, 3.1196793353602983]"
