Translation,mean
P*G,"[3.192545937235944, 2.968554247857647, 3.353659122171144, 3.224426623318337]"
PAG,"[1.471421320608863, -0.8458416286099375, 0.6316952017176306, 0.5994313386553953, 0.5740451664063269, 0.2616728764486318]"
PCG,"[-0.3360218002252724, 2.2854605559716816, 0.4835642460672247, -1.255461383790264]"
PDG,"[0.8562052235178966, -0.2501738410685856, -0.2962925129695097, -0.259619739980506]"
PEG,"[-0.1064170795286756, 0.6927543134348095, -0.1049085295901371]"
PFG,"[0.5569203854298719, 0.9853584501797998, 0.3060744270358704, -0.0553576640845623]"
PGG,"[1.2265848989147896, 0.9597274266598674, 0.2248062668204413, -0.4353852620771121, 2.6794368310400163, 0.1510658281688748, 0.596161723042064]"
PHG,"[-0.9814269288399088, -0.1355690398661622, 0.6476664298814292]"
PIG,[0.5966238992162465]
PKG,"[1.0637701840122888, -0.5273241618852254, -0.0591630595313894, -0.1845403043758029]"
PLG,"[0.1808036559651356, -0.0750329020828157, 0.5687494607724695, -0.4204089579687142, 0.2457429238227018, -0.2942041315450225, -0.0894139525906876, -0.6227914185736676, 0.2525263435086433]"
PMG,"[0.8141102473536197, -0.0126993729827322, 1.5094109064901249]"
PNG,"[1.1043116751384043, 0.7659533519324899, -0.3820081910249939]"
PPG,"[0.886495046206706, 1.0643166808324924, 1.0978276707068273, 1.472919187198741, 1.163354973661833, 1.8278286709326856, 2.5622016240660184]"
PQG,"[0.2722905200923726, 0.6354513276983624, 0.3851974792046535]"
PRG,"[-0.2177804738999782, 0.885434302065585, 0.5975429622524127, 1.168372443987396, 0.3635356847279292, 0.1580006383200256, -0.0992624938960222, 0.4706821099606708, 0.4052838270191987]"
PSG,"[0.2274931792642291, -0.0376989160465317, -0.5475383942780514, 1.6463610424829902, 2.442071809408361, -1.0856239461556658, 0.5481414034062322, 0.910175423919501, -0.4535588855836057, -0.8995767946672739, 0.4627270138021444]"
PTG,"[0.9832685930206102, 0.5276087883910243, 0.0085762790682313, 0.2047006910107089, 0.4101430434172197, 0.0, 1.1037711790822708, 0.4632290436555308, 0.5971222768259761, 0.9993017515744952, 0.5824204157046582, 1.162425453347569]"
PVG,"[-0.3419156999796868, -0.3474538835211174, 0.6749796918849995, 1.256168503951705, 0.6731774492510123, -0.1177959050045186, 0.438530461653821]"
PWG,"[-0.5443492169136182, 1.154693676705321, 0.1343705372560641, -0.576456962944242]"
PYG,"[-0.0452103173608762, 0.2092577775687125, -0.0130356127588662, 0.0885235537218616]"
