Translation,mean
T*G,"[3.2618611668082678, 2.724774445316883, 2.7350103334382534, 3.069443461883234]"
TAG,"[0.6364595459736861, 0.7173567870331308, -0.8639395545957615, -0.9076109734905086, -0.9192137750656711, -0.287228057761804, 0.158027958556369]"
TCG,"[1.0737581917810717, 0.7681146444907219, 0.1387304484960845, 0.9677978121591782, 1.40335875637742, 0.474221174990066, 0.0]"
TDG,"[2.0418505623873866, -1.0006435116579286, -0.2686384783934574]"
TEG,[0.9296814076926516]
TFG,"[-0.4287829700446739, -0.9509935627024476, -2.59623963238505, 0.5473567095250891]"
TGG,"[0.6929824528701518, 1.0446045344553312, 1.3287619327858184, 0.7618909939396552, 0.052594498802108, -1.0567387538628576, -0.0946214894234769, 0.3767046944199137]"
THG,"[1.4828915333961064, 0.4917160132429323, 0.514255704305441]"
TIG,"[-0.3003156449150062, 0.4929451980600294, -0.8145370433451582, -0.2983193922307983]"
TKG,"[-0.2957011941728442, -0.5366150207287976, -0.0004840009008546]"
TLG,"[1.300777122945881, 0.0250689199748848, 0.2934137345323933, -1.8314921363824703, 0.417732367981487, 0.6561213167790347, -0.8054222808860434, -0.979639927304178]"
TMG,"[0.9896541366884364, -1.3415932496856833, 1.280458569770694]"
TNG,"[1.0012864171782727, -0.9386343040437896, -1.1352316782965222]"
TPG,"[2.969474171195878, 2.3241392628051125, 2.538525641268285, 3.664633507025563, 1.1110150515667083, 3.704609167516845, 3.897173684743919, 3.7611971380847145]"
TQG,"[0.2657039408521147, -0.9295674217809592, 0.4037280491938393]"
TRG,"[0.5379848618680736, 0.5624510505129496, -0.170206305884367, 0.2159322044435781, 0.2204792061049909, 0.3560216724083904, -0.0396935385193177, 0.3914779102277856, 0.2443338388283419, 0.4597754700173872, -0.5909011111978959, 0.1460483209810404]"
TSG,"[0.5305943129999324, -0.1292739799731625, 0.1872769195419277, 1.0063203880255065, 2.512114787127798, 1.055810381987543, -0.6682635385412842, -0.9822235725914704, -0.0736183918356161, 0.1409072173719003, 1.069517768390719]"
TTG,"[1.7164299973880084, -0.7559161012516409, 1.437097738702673, 0.2619456680458816, -0.0950429331211362]"
TVG,"[-0.0604387616832564, -0.8283956176380087, -0.0745910348212151, -0.2779621434979695, 0.3108307876098042, 0.6113398988622603, -0.7949562108683335]"
TWG,"[0.3149399623895093, 0.3055866950162889, 0.0483898633236421, -0.1056491704197135]"
TYG,"[0.5351580672045237, 0.6732651186807006, 1.0185936806027307]"
