Translation,mean
L*D,"[2.52135829579139, 1.9387966492955904, 4.046654196772395, 3.609981292279344]"
LAD,"[0.4878559354801339, 0.2753626183933866, 0.0307231928331912, 2.288592054753699, 0.7422460288617447, 1.0348468622081723]"
LCD,"[1.2240894380192415, 1.7929451667838985, 2.1848783177088134, 2.011213045873628]"
LDD,"[1.5426251528670614, 1.6611695796915216, 1.1585796120776122, 0.0, 1.7519787179182345, 1.153513450074355]"
LED,"[-0.7481744878692762, 0.4224104731407685, 1.641671522059732]"
LFD,"[1.142066978863692, 1.4364154207424642]"
LGD,"[1.7858609239561585, 0.4566810406676218, 0.1055478402749576, 0.7021532119728587, 0.4360795595371556, -0.6270220462959912, 0.4213330047876251, 1.411211125039686]"
LHD,"[-0.1828091017464838, 1.3590692917273772]"
LID,"[1.5530987222522086, 1.0944981428780611, 1.916855228274912, -0.1112215700822307]"
LKD,"[0.542263320890271, 1.3878308991476145]"
LLD,"[3.515917224747559, 1.075817179961021, -0.6644594954310978, -0.4200232080784225, 1.4809709440904657, 0.0012934683091661, 1.9216769104383928, 1.7770533473589405]"
LMD,"[3.26271382827346, 2.6701381434424274, 0.7104043508074867, 0.5356184781313154]"
LND,"[-0.1315077932864863, 0.2091645683992054, 2.137596623525063]"
LPD,"[8.799614956010672, 3.1775634335630256, 4.359975001507074, 3.309310355343314, 3.183011512725046, 5.150495600934274, 4.277369586356358, 2.58998431986124]"
LQD,"[0.7217393399296412, 0.2631632680093093, 0.4379977455544193]"
LRD,"[1.6356721698600625, 1.7564743192384835, 0.9688516479459952, 2.376199205031651, 0.1972022604553824, -0.0204090163771244, 0.8406977738788387, 1.6208325201009055, 1.760903607365611, 0.6508333502353442, 1.0690732518606063, 0.5720267312774716]"
LSD,"[1.5845851891660914, 0.2778207206636693, -1.345516021931994, 1.043848780432338, -0.5023700679673642, 1.8061996930184565, 0.6946177272518455, 1.3826506938840968, 6.842854646831137, -0.7499013636098901, 2.5732320622882323]"
LTD,"[0.486980885389082, 1.5176367649756406, 2.868237651476933, 0.9623188949357396, 0.8250085249597667]"
LVD,"[2.438467908517969, 1.7847103711346968, 1.4807115645315267, -0.1238377488139743, 1.8248157837626335, 1.371796868872682, 0.7421930805712371, 1.2384196732995356]"
LWD,"[2.715226032970968, 1.1672003563025974, -0.0989620806102529]"
LYD,"[-0.164116380270662, 1.2348679641033249, 1.9260149174276109]"
