Translation,mean
M*N,"[3.9591165056391535, 4.274574075656558]"
MAN,"[0.5119989036159556, 1.1782084551703065, 2.291855321872065, 2.5496983704003995]"
MCN,"[1.4157568159382452, 1.6028207569562092]"
MDN,"[1.5528436970305777, 1.6577408184439175]"
MEN,"[3.405468983462152, 2.85909697975796]"
MFN,"[1.644831837597529, 2.2742957641175074]"
MGN,"[1.0192135082482867, 1.2827420150442466, 1.8204705471071156, 0.5957613245046547]"
MHN,"[1.5752118803888675, 1.529787208534728]"
MIN,"[1.3118323647786294, 0.7711369542970941]"
MKN,"[2.6428077747918817, 0.561013683628234]"
MLN,"[0.9016273254283884, 0.6005660818898901, 0.0, 0.7620154684382658, 1.056189122927701, 1.338835856196687]"
MMN,"[2.23546466730304, 2.875812565139041]"
MNN,"[1.3234659280561338, 2.332745034058254]"
MPN,"[1.9322218339200603, 1.3651692401538489, 0.9987635407350676]"
MQN,"[1.8291419359379404, 3.1309087362604497]"
MRN,"[1.9275372517249936, 0.0064766275555028, 1.283092412621107, 1.6088394138368276, 1.0996286380035007, 0.1509781657521482]"
MSN,"[0.4927042142623126, 1.905175366935019, 4.4772898748723495]"
MTN,"[1.983351547846592, 3.172728911955076]"
MVN,"[2.3381942652066883, 0.7426094171030044, 1.6221517060261943, 1.777676521455076]"
MWN,"[1.3126591730995507, 0.977937988351849]"
MYN,"[4.623698951844178, 4.412194846650467]"
