Translation,mean
P*Y,"[4.280629631011438, 4.272600469517119, 3.913978948918127, 4.042828210972113]"
PAY,"[2.3294544156425285, 2.203556012356967, 3.1517426549653624]"
PCY,"[-0.137316461152527, 0.4089781339669223, 0.7606647289903208]"
PDY,"[3.197181955679614, 1.2235332826265672, 0.6764638572768895, 0.8094769368706718]"
PEY,"[-0.0010426031560095, 0.2108047521836624, -0.0221336608143154]"
PFY,"[-0.6137484206018158, 0.8445103373611449, 0.8141875161910317, -0.5704007877213897]"
PGY,"[1.451239703713398, -0.2159920198555109, -0.6857549643374963, -0.2305709817443482, -0.3471324978305743, 1.3371814922336185, -0.5279418781584901, 0.27490264034049]"
PHY,"[0.5180310225961797, 0.4248652543624107, 0.340245004771452]"
PIY,"[0.6724220206889848, 1.7738500842096083, 1.0816365681631748]"
PKY,"[1.604839924592861, 0.7553996011682429, 1.5472597580212373]"
PLY,"[0.3208721287262133, 2.604839924592861, 0.7523971130067189, -0.0483867880229276, 0.4579221594773166, 3.559861509364451, -0.6659234096680002]"
PMY,"[0.5320371246488129, -0.3310543596318993, 0.7563688586488126]"
PNY,"[1.3240695203317825, 1.1079564451072956, 0.5405200680490907, 1.0455794174461577, 0.0]"
PPY,"[1.4464105619883778, 0.2700877893479152, 3.1902268302770507, 1.3674713460207997, -0.3595361656764169]"
PQY,"[0.7276966723783946, 1.6808758156254022]"
PRY,"[1.4439694834948416, 0.0786217228556838, 0.5273305573719451, 4.564197940095516, 2.2422698452081526, 0.6048399245928611, -0.2140672831095216, -0.0443827749316785, 1.3210784405363487]"
PSY,"[2.464241594420061, 0.0197147135156487, 0.0498538537391608, 0.3789669848586285, 2.78348358376933, 2.717968593104933, -0.0746401749125844, 1.1784939347748384]"
PTY,"[-0.1385519387327782, 0.5399100270328798]"
PVY,"[0.279234836436081, 0.2249711990064869, 0.9112063827467668, -0.0311516438426852, -0.194808367241075]"
PWY,"[0.0553329616537165, -1.6101729663779896, 0.1773818691710494]"
PYY,"[0.0842680111416598, 1.090266751763103, -0.5307531026986645, 1.1594879715879838]"
