Translation,mean
R*I,"[3.751116227030084, 4.008943197161818]"
RAI,"[1.6153163258613903, 1.9015684329876728, 1.585363447009387, 1.220592486018628]"
RCI,"[3.1827099254678863, 3.0295471407777166]"
RDI,"[2.9832902648817887, 2.1914253831314694]"
REI,"[3.0817516119917965, 3.2773932430507724]"
RFI,"[2.5056902897650497, 1.9826554286342768]"
RGI,"[3.208106922346777, 1.5958999344976643, 3.478641538493786, 1.9734676044614956]"
RHI,"[2.833148030480072, 1.874988978290931]"
RII,"[2.30290305981622, 1.720545467837256]"
RKI,"[2.3650623364770995, 3.0047682269578715]"
RLI,"[0.4692450659563211, 2.296445512640016, 1.9744063995965195, 1.9752479624258965, 1.8069714539902968, 3.524029748398993]"
RMI,"[3.199806893609288, 2.3146459758843543]"
RNI,"[1.8435726738342784, 1.667455799548942]"
RPI,"[1.3243725924806578, 1.229718902527404, 1.250802258291788, 1.8393818196236895]"
RQI,"[2.309237940015768, 1.9666235238181025]"
RRI,"[4.342838005495818, 4.800413731534892, 3.80233618463894, 3.932567320242213, 3.9530612680530086, 4.228074705555112]"
RSI,"[1.94753013417524, 1.940868540081465, 1.1317411423491466, 1.4465160473207437, 2.0077336736997182, 1.7871824118810853]"
RTI,"[2.468833186380436, 2.152200325967626, 2.57213289041086, 2.080654816248208]"
RVI,"[3.100796984171599, 1.3140540168682753, 2.307553773752377, 1.4027230406900075, 1.2833922572428182, 0.0, 0.8269509030875319, 0.4664129650594457]"
RWI,"[3.4496751040169142, 3.0038955072147937]"
RYI,"[2.505728098503149, 1.6161345382387715]"
