Translation,mean
L*V,"[4.9702596442920814, 5.2440856954469925, 4.864712211706145, 3.804061288261846]"
LAV,"[0.5517850880616573, 2.627261857981189, 1.1893105304338114, -0.365084161431259, 1.1937394513161514, 0.086932069007334, 2.7635823052879864]"
LCV,"[3.962359050958927, 1.810728723997241, 1.6255625826428748]"
LDV,"[1.510718851699977, 3.674498460396304]"
LEV,"[0.658316766025024, 2.257360388745936, 3.66324387853283, 0.7182148472599978]"
LFV,"[0.6766260904535777, 2.2591629144185603]"
LGV,"[2.585913881279449, 2.215196526774132, 0.8085832416968692, 0.9500556676497514, 4.297058011562503, 2.4460131623121626, 0.8688478445509471]"
LHV,"[0.4149862666915354, 0.3699760854029383, 0.4156395132686423, 0.7171309408375794]"
LIV,"[0.6770568442761036, 1.729625458099142]"
LKV,"[2.0465087478583115, 1.195954483642249, 1.5639263727553532, 1.2973233884931137, 1.0436720111932436, 0.8546101194348417, 0.0]"
LLV,"[0.9615814372758704, 0.587057043767345, 1.990838368929559, 1.6989977977123472, 1.4419409818576217, 1.109363561718034, 1.479462009905424, 4.141181919695556, 0.1861460355570496, 2.4239868559821627, 1.1713907822031562]"
LMV,"[0.6179548327341431, 1.01018848120213, 1.2857979024202475]"
LNV,"[1.2944070444516056, 2.4525560081789344, 2.9353805209909014, 1.1193393899809196]"
LPV,"[1.008104873364564, 0.8679428946167941, 0.3501610183507999, 1.3853618508211305, 0.5996671235974462, 0.6077404438907381, 2.256329714969789, 0.7965954543594496]"
LQV,"[0.9991480483714188, 1.989995713285212, 2.511498831281698]"
LRV,"[0.6619962741102778, 0.5509827219137033, 1.052262301550866, 2.9866843348448064, 1.490329821710639, 3.412224848855878, -0.2791350139042805, -1.3076311730006758, 2.8262852434303287]"
LSV,"[0.6816021143636243, 2.5098316387951343, 1.269135400228082, 1.807010821878116, 1.7206187494328038, 1.6414392616477604, 2.5449684003288686, 0.0466063147470805, 2.060687098808052, 1.5720764308284796]"
LTV,"[1.1121189955633106, 4.181438074858974, 0.6177929089057601, 1.1836353311732388, 2.0890988635395287, 2.4656419690610942, 1.9132806203635635]"
LVV,"[4.006964107762585, 0.2904434538469189, 4.9552863743379785, 1.41279092709863, 2.767918935700168]"
LWV,"[0.4006891718026715, 3.1881643197902525, 1.6695390363275422]"
LYV,"[1.1515658038469052, 4.758896117596516, 3.431513592617046]"
