Translation,mean
V*I,"[4.181673820272546, 5.3883044415424965, 4.957661713397179, 3.987477930331707]"
VAI,"[0.148590488468189, 0.0796790729433336, 2.1689227050651763, -0.200948134781238, 1.6108062158763277, 0.5624146190497621, 0.3961196298596467, 1.4021485890494976]"
VCI,"[2.078927177140616, 1.2895560512757616]"
VDI,"[4.803298263019129, 2.017972699314087, 1.2379644148263598, 1.232802761118763]"
VEI,"[2.656011099270934, 1.226341177122924, 1.055367847014411, 2.637158891103628]"
VFI,"[2.698624981531889, 2.522282541718071, 1.6004319061071517, 1.1602189387401705]"
VGI,"[1.505444105057892, 1.3053190874881988, 1.6367813666960611, 1.4534404054376848, 1.575283335471255, 1.161889382388417, 0.5434186812494133, 0.9419954582452564]"
VHI,[1.6601299879329368]
VII,"[1.581697740017777, 1.0529717410975843]"
VKI,"[2.4389667668769803, 2.076553289396456]"
VLI,"[2.603625629324161, 2.387511660127055, 2.437031856303688, 3.056346630625896, 2.1604388633355303, 1.4817976281857554, 2.1174694358480526, 2.5641247927245248, 1.4698127070287734, 1.918731336477715, 1.946458832536172]"
VMI,"[3.2791404484131528, 1.315487984030634, 0.9025096937693284]"
VNI,"[2.7602222139511303, 0.2269513094289763]"
VPI,"[1.9254724551994704, 2.0999812219255425, 2.130472513213415, 2.6573367730412567, 1.852323129775005, 1.4070079411758432, 2.969767838892599]"
VQI,"[1.051001368637925, 1.299069488781187, 1.276638442641861]"
VRI,"[2.335179782190469, -0.2889762261577759, 0.331406982542739, 0.0, 1.120401002697415, 3.8107310661910425, 1.6574918078904135, 1.3695344620585193, 0.0622859751391171, 1.1772159843182646]"
VSI,"[2.294474551987413, 1.5960498934710363, 1.3229372040995315, 0.3599291942636692, 3.639865636814852, 2.029423833274385, -0.3694159545644293, -0.109009844497276, 1.5198691693840465]"
VTI,[4.2098777960700335]
VVI,"[0.545077567283883, 1.607601837384883, 0.6361879122229981, 0.6330271539894124, 2.009225830833591, 0.7740852265523479, 0.531805890957397]"
VWI,"[1.9205020637258343, 2.090467753635576, 2.1498729333641045, 2.542903645314489]"
VYI,"[4.531268712848916, 3.8847206730532937, 1.7629247682164475, -0.2495538225672628]"
