Translation,mean
L*C,"[4.757894793239076, 5.726391215835732, 4.689143476519403, 4.815579619581277]"
LAC,"[1.6689661802189537, 3.519470308123516, 1.1113965221763955, 2.1761290044259245, 4.727367723597377, 0.0, 3.1809925218654582]"
LCC,[4.190234371361759]
LDC,"[1.8118068710628863, 2.5383216771305346, 1.311504868255339, 1.875337367692513, 3.1112722468441336]"
LEC,"[5.501466750450737, 1.868751118281212]"
LFC,"[2.5555720611406167, 4.7952428142846735, 3.630000120696117, 2.5709913386236343]"
LGC,"[2.1110924916047606, 3.1626379223241647, 1.5594911696175844, 0.9941493936237772, 1.3821351969625302, 0.512029721973672, 1.5381044125923395, 2.9991938660710176]"
LHC,"[4.545758460776694, 3.859485901005408, 5.099133914039033, 3.7631594992831223]"
LKC,"[4.830225338507367, 4.378967651315769, 4.929467944234675, 4.85054116406841]"
LLC,[9.40354032976148]
LNC,"[2.432342938341004, 3.0176942403825397]"
LPC,"[1.7969890090334353, 4.005509255788326, 3.251467909651047]"
LQC,"[2.691729567159653, 3.349463657005685]"
LRC,"[4.419023976739533, 3.503516150071148, 5.243340245241437, 6.105013473161505, 5.495068815644554, 4.14577563369977, 5.612346213983024, 5.62930916633989, 2.693622762659773, 4.163456490697654, 4.576478764184827, 4.827919200707133]"
LSC,"[8.284470441207525, 3.157278025993524]"
LTC,"[5.558050278817104, 3.116228319711076]"
LVC,"[1.132744444084432, 1.1481744846540387, 3.2598787026747784]"
LWC,"[4.166749490205342, 3.158930338651695, 2.39505026077617, 3.2175936246949166]"
LYC,"[1.854927246673196, 2.8798019153122247, 2.352611663722014, 3.1205579287105643]"
