Translation,mean
Y*G,"[4.912095934176237, 5.389839419184904, 7.135039698848338, 4.03422254418002]"
YAG,[4.2046954686761495]
YDG,"[9.434567225382104, 3.8647593025651306, 3.255675430016398]"
YEG,[2.8247362634179005]
YFG,"[4.487660950925706, 3.6046695671214426]"
YGG,"[6.90331087753509, 1.6321071670134382, 5.683291639656378, 5.834859793381254, 3.3873098942027893]"
YHG,[2.151599752972664]
YIG,"[5.560584674085308, 3.126341330315599]"
YKG,"[3.458365959693813, 2.217013360982037, 3.297872695779968]"
YLG,"[5.536149049270146, 2.3686387361264902, 10.280857809986651, 9.434567225382104]"
YMG,[3.794586882473823]
YNG,"[2.620903938760249, 2.758565725258811, 0.6382493531285922, 0.0, 2.4974357289121425]"
YPG,"[5.5914732803545535, 4.099891249753606, 4.85085846380496, 4.547214877455165, 3.7918474634258015, 4.602011481430855]"
YQG,"[5.011222906982718, 2.6820389960925564]"
YRG,"[4.518712130866604, 1.8978263750373896, 2.7897805647328884, 5.879978373704466]"
YSG,"[2.907663235681648, 3.846031041781128, 1.3873414962874566, 4.485873442627479]"
YTG,"[2.2728601933499, 9.342417790416803, 1.7315865338117948, 2.736721322724234]"
YVG,"[3.22502715190005, 4.8236054423811545, 2.998622870203084, 5.435153079986558, 1.8911809396355408]"
YWG,"[3.9400993661420376, 5.50397573922525]"
YYG,"[2.229213814587564, 3.500554417143654]"
