Translation,mean
PAG,[0.1014720757815066]
PFG,[0.2161405722880092]
PPG,[0.2578655683271496]
PSG,"[0.2776774424819717, -0.1915635380031863, 0.3875891201028905, 0.0, 0.3295180592492661, -0.2632206012661848]"
PTG,[-0.1549814152187085]
PYG,[-0.0513333488701013]
