Translation,mean
C*M,"[7.181008990670959, 3.9841335241361846]"
CAM,"[1.7389469521923495, 2.3080424657762446, 0.0]"
CDM,"[4.765800764497778, 4.604755546364446]"
CEM,"[5.548642724072983, 5.557757416817866]"
CFM,"[5.4246286111137785, 9.116198445539045]"
CGM,"[-0.923407646150194, 0.4141043439556249, 0.7081292515836441, -0.911599221858968]"
CHM,"[3.865752786731772, 4.61372110732683]"
CKM,"[4.18792896164871, 4.741971875996272]"
CLM,"[3.189102401871839, 2.3822896942476746, 3.795528051905155, 3.7399852979288326, 1.4143325858729645, 1.7626642633024527]"
CNM,"[4.121296459337676, 6.805591239295531]"
CPM,[2.723233198112311]
CQM,"[4.992208892598644, 5.152471286409769]"
CRM,"[4.285551172171592, 5.207637041755243, 3.61798075917716, 4.54333802109053, 5.393654996634117, 4.661167814139063]"
CSM,"[2.9440660571985484, 3.247210874386228, 3.4469780784601767, 2.021886872708367, 3.521619008847363, 3.1871237512995867]"
CTM,"[1.0974981202858896, 1.6432545214970604]"
CVM,"[2.631197951550913, 3.879978373704466, 2.4866975907986477]"
CWM,"[3.9009343118208113, 4.384446879608062]"
CYM,"[4.450963644407317, 4.695245518972795]"
