Translation,mean
V*Q,"[4.227218418997428, 4.860888343040076, 3.932366404364696, 4.331194481763866]"
VAQ,"[3.83863545276867, 3.986737566254986, 4.002783667787743, 3.8358957058621215, 5.997123446848759, 4.777214205402287, 4.641051931763631, 3.641146238802015]"
VCQ,"[1.6540153875629349, 2.989024732112724, 1.6500623823720872, 1.3688998513976949]"
VDQ,"[2.8245008799824545, 3.461502035623239]"
VEQ,"[4.290717526021974, 3.4176201935318637, 3.6356488377412, 3.2793930458216694]"
VGQ,"[3.135086116640181, 3.9849721417292874, 2.6746380300746218, 2.4295801680274374, 3.115100207215612, 2.150076908798754, 2.6031678971832592, 2.3325699920005816]"
VHQ,"[8.915482439838815, 5.721103050343018, 4.95867694726704]"
VIQ,[2.464940874425622]
VKQ,"[5.239573015448423, 5.640532161206005, 5.747914481452451, 5.778056076934583]"
VLQ,"[2.932269219125049, 1.8484977953942163, 0.9760054294857472]"
VMQ,"[4.277855321825127, 0.0485908457151893]"
VNQ,"[4.741059855658296, 7.3198488750510915, 4.154617301293699, 4.6941094329695705]"
VPQ,"[3.875608975924291, 4.7510220170214845, 5.705144150495373, 4.995292619530131, 2.349818053641254, 3.783553820723944, 9.566478900887686, 6.804350972428399]"
VQQ,"[1.0900844217130832, 1.486064165991376, 0.6043837850225984, 0.7454555018387649]"
VRQ,"[4.87170384755968, 5.402283123439028, 5.187801346231507, 5.598711506864837, 5.297719062869548, 6.279389549186762, 5.233826395960458, 5.890019991395189, 5.130427086929769, 5.836622004510083, 5.044684934785226, 4.358300024301564]"
VSQ,"[0.9663272659594976, 2.1250908715409977, 1.2446536574228535, 1.5736979421808632, 1.7246947184329429, 1.2872376621970787, 2.536850416046605, 1.6041905827801006, 1.6200906689149417, 1.241763227444748]"
VTQ,"[3.542675052930188, 3.6017844758262654, 2.982855445090224, 2.055244428184793, 4.224990081704869, 3.214794353175689, 1.386938362424349, 2.7614973118173323]"
VVQ,"[1.8367786794874963, 2.4963374990874376, 1.7387896154960707, 2.816252776094079, 2.4200755984733355, 3.4571095055419567, 1.0463371961687922, 2.9911128271309373]"
VWQ,"[3.0058098002243305, 0.8993237234238922, 0.1290321254399267]"
VYQ,"[0.0, 4.645513120067443, 1.542635779901218, 1.6638043807816572]"
