,site_1,site_2,count_x,site_3,count_y,ratio
0,TGC,AAT,0.00028406579038954636,GGT,0.0003514444366345681,-0.3070715168184286
1,CAC,AAT,0.00022198518719183095,GGT,0.0005904266535460744,-1.4112944397857028
2,AAC,AAT,0.0003517900847870541,GGT,0.00044281999015955575,-0.33200552998106225
3,TTC,AAT,0.00029159071198926945,GGT,0.00048499332255570396,-0.7340201178727135
4,TAT,AAT,0.00023891626079120787,GGT,0.000495536655654741,-1.05248673199541
5,TAA,AAT,0.00037248361918629263,GGT,0.000727489983833556,-0.9657504037884976
6,TAC,AGT,0.0003668399279865003,GGT,0.00024952555001054336,0.5559631278761454
7,TAA,ATG,0.001706275972737209,GGT,0.024734659450340903,-3.8576111245899254
8,ACA,ATG,0.0002972344031890618,GGT,0.015354607436564279,-5.690926708635898
9,TAC,ATT,0.00025960979519044637,GGT,0.000418218879595136,-0.6879133728985565
10,TAC,GAT,0.0002859470207894772,GGT,0.0003830744359316792,-0.42187687770212356
11,TAC,TAT,0.00024267872159106942,GGT,0.00035495888100091377,-0.5486042936973234
12,TAA,TGG,0.00025960979519044637,GGT,0.00621705208406551,-4.581813942281071
13,TAC,AAT,1.0,GGT,1.0,0.0
