,site_1,site_2,site_3,count_x,count_y,ratio
0,TGT,TAT,AAT,0.000205054113592454,0.0003268433260701483,-0.6725945526998878
1,TGT,TAC,AAT,1.0,1.0,0.0
