,site_1,site_2,count_x,site_3,count_y,ratio
0,TTC,ATT,0.0005870884842039966,AAT,0.0007526987465107307,-0.3584946105476874
1,TTC,CAT,0.0004246237464368529,AAT,0.0006240969506244752,-0.5555851085898365
2,TTC,CCT,0.00021046568301652708,AAT,0.00017399066502258095,0.2745751128193348
3,CTC,CTT,0.00021785044382412454,AAT,0.00020803231687482507,0.0665303905487864
4,TTA,CTT,0.0022246591932887296,AAT,0.0029275820592929926,-0.3961252703154816
5,GTC,CTT,0.00041908517583115484,AAT,0.0005484488353972661,-0.3881135480124147
6,TAC,CTT,0.0004707785014843369,AAT,0.000590055298772231,-0.32580172729178436
7,TCC,CTT,0.0001864652103918354,AAT,0.0003328517069997201,-0.835973081173897
8,ATC,CTT,0.00041354660522545676,AAT,0.0006921802543289634,-0.7430978615148334
9,TTC,TTT,0.0003193909049285894,AAT,0.0003215044897156387,-0.00951565378937147
10,TTC,CTT,1.0,AAT,1.0,0.0
