,site_1,site_2,count_x,site_3,count_y,ratio
0,ATA,AAG,0.0005045265450641562,GGT,0.0005047438607784759,-0.0006212810885699582
1,TTT,AAG,0.00033161974956902334,GGT,0.0003310095608728411,0.0026570404929202596
2,AAT,AAG,0.0005045265450641562,GGT,0.0005486346312809521,-0.12091551480628127
3,ACT,AAG,0.00017806819237558454,GGT,0.00013167231150742852,0.4354778337181049
4,ATT,AAT,0.0013329307443766582,GGT,0.001614814598070269,-0.2767667104011604
5,ATT,AGG,0.00032258730502823286,GGT,0.0006089844407218568,-0.9167157040269291
6,ATA,AGG,0.0002387146057208923,GGT,0.0009363364373861583,-1.9717401611014402
7,ATA,AGT,0.0002800057807645061,GGT,0.0006894508533097298,-1.299991102441938
8,ATT,ATG,0.00036774952773218543,GGT,0.00039501693452228555,-0.10319101472911818
9,ATT,GAG,0.0001729067954951328,GGT,0.0001627616072800158,0.08723413787362233
10,ATT,TAG,0.0002645215901231509,GGT,0.0002304265451379999,0.1990785543877749
11,ATT,AAG,1.0,GGT,1.0,0.0
