,site_1,site_2,count_x,site_3,count_y,ratio
0,ACG,AAG,0.00035547414165804667,TAC,0.0008302232291804067,-1.223754680959205
1,ATT,AAG,0.0012297483819521614,TAC,0.0025217060699404877,-1.0360369681028256
2,TTG,AAG,0.00032985438370070996,TAC,0.0006284867435851678,-0.9300530366095714
3,AAG,AAG,0.0009799557418681288,TAC,0.0021570285767490943,-1.1382567909390193
4,ATG,AAT,0.0004995852801680656,TAC,0.0008224641335805898,-0.7192217966091157
5,ATG,AGG,0.0007237581622947617,TAC,0.00129576896516942,-0.8402288909670297
6,ACC,ATG,0.0005188000986360681,TAC,0.18621829439560525,-8.487600343406783
7,ATG,ATG,0.0004995852801680656,TAC,0.001016441523576012,-1.024724343583367
8,ATG,GAG,0.000477167991955396,TAC,0.001086273383974364,-1.1868180573909708
9,ATG,AAG,1.0,TAC,1.0,0.0
