,site_1,site_2,site_3,count_x,count_y,ratio
0,AAT,GAG,TTT,0.0004706966704611252,0.00037776992315561317,0.31728980446736266
1,AAT,GAT,AAT,0.0002835996675581675,0.001653210950839416,-2.543343078710709
2,AAT,GAT,CAT,0.00020679142426116378,0.0011997000282392368,-2.5364254581851498
3,AAT,GAT,GAT,0.00025799691979249957,0.004140507969636275,-4.004382026005692
4,AAT,GAT,CGG,0.0002383024984342935,0.0024835567225279915,-3.3815417148339204
5,AAT,GAT,ATT,0.0003328357209536827,6.358503657074677e-05,2.3880510742702565
6,AAT,GAT,TCT,0.00023633305629847288,0.0021525405027332215,-3.187147043285302
7,AAT,GAT,GGT,0.0009039739403416588,0.0035551516035585177,-1.9755579939963344
8,AAT,GAT,TTT,0.0003367746052253239,0.0006741884024633591,-1.0013684551165145
9,AAT,GAT,GTT,0.00026193580406414077,0.00016550810989738498,0.6623113646566008
10,AAT,GAT,TGT,0.0003722245636700948,0.0008172547347475394,-1.1346125660411168
11,AAT,GAT,CCG,0.00032889683668204143,0.0010239061036024664,-1.6383763827760731
12,AAT,GAT,GCG,0.0002540580355208584,0.0005423429589857812,-1.0940473553532701
13,AAT,GAT,AGT,0.0002402719405701141,0.0030633026442024474,-3.6723478248397114
14,AAT,GAT,GGG,0.0003131412995954766,0.002582674573652979,-3.0439801697352866
15,AAT,GAT,CGT,0.0003387440473611445,0.003073588458941833,-3.1816565071398024
16,AAT,GAT,TAG,0.00023436361416265229,0.0025321805740232683,-3.4335597810286433
17,AAT,GAT,CCT,0.00025602747765667895,0.0018140436904007166,-2.8248386448076257
18,AAT,GAT,AAG,0.00020679142426116378,0.0022404374650516067,-3.437532195884252
19,AAT,GAT,AGG,0.0003131412995954766,0.0030408608665892425,-3.2795941075522634
20,AAT,GCG,TTT,0.000210730308532805,0.0001337155916120116,0.6562301288611678
21,AAC,GCG,TTT,0.00023633305629847288,0.00010098799925942134,1.22663757268346
22,AAT,GGT,TTC,0.0002737524568790644,0.00013932603601531278,0.974407031499755
23,AAT,GTG,TTT,0.00040570507997904516,0.0002328334427369992,0.8011330743535474
24,AAC,GTG,TTT,0.00021466919280444622,0.00013745588788087904,0.643146459178972
25,AAT,GTG,TTC,0.00030329408891637357,0.0001729887024351199,0.8100395594169996
26,AAC,TGG,TTT,0.0007050602846237774,0.00048156314461668507,0.5500216344320865
27,AAT,TGG,TTT,0.0003426829316327857,0.00017579392463677049,0.9629891234095016
28,AAC,TGT,TTC,0.00020088309785370196,8.976711045281897e-05,1.1620973204887495
29,AAT,TTG,TTT,0.0002383024984342935,0.00017392377650233675,0.454338905404974
30,AAT,GAC,TTT,1.0,1.0,0.0
