,Mean0,Mean1,Mean2,Mean3
*,-8.349586039198908,,,-0.2515977432676699
A,-0.4903024932697617,0.0666726308838701,,
C,0.5299766222003814,,,
D,0.5661505056145835,,,
E,0.6797170855331629,,,-0.2832898178100365
F,-1.2396369705155563,,0.32294129966477136,
G,-2.14685951688878,,,
I,-7.203269629051633,-0.2226830531058841,-0.032386337731782344,
K,0.33683752577784887,,,-0.20160713060664737
L,0.658182705866091,,,
M,-0.16437857992364258,,,0.2992900316001261
N,-1.4027618166013198,-0.20719015984160194,-0.07855405254090897,-0.7430877421598225
P,-7.307629199359727,-1.1576691013576497,,
Q,-0.3207287239001477,,,
R,-0.8213820734347591,,,-0.4007386037512095
S,-0.8212070668441189,-0.3218926570337839,,
T,-0.1260427335282177,-2.51140515830873,-0.12924757909138762,
V,-3.9882747147105073,,-0.39718078433802084,
W,-3.894862667820119,,,
Y,-0.8754121101040582,,,
