,Mean0,Mean1,Mean2
*,-6.268107857983946,-5.965877740481099,
A,-5.403921769975081,-1.3299184111847628,
C,-7.346476956844938,-4.110545845321246,
D,-6.072956025162533,-5.246433076343846,
E,-5.968351512702229,-3.1821744550951157,
F,-3.9550127238650212,-7.663840726839652,
G,-6.441961457499893,-4.785426685898049,
H,-5.083308768368864,-5.719606943896427,
I,-5.353283389482172,-0.6827139938148505,
K,-6.450201532757952,-5.659470925543253,
L,-5.575470656944731,-2.7748996453488366,-0.29788917852178454
M,-5.526564307843677,-1.251874034623821,
N,-5.42262945472697,-1.517775845042297,
P,-5.398614820651719,-4.8049040236271825,
Q,-5.7419293898696155,-2.8069478466632685,
R,-6.068539605222852,-5.6954007233212,
S,-2.7830100150770973,-1.6283232121526305,
T,-1.428252304735409,-0.6661293874066301,
V,-5.80786096222012,-3.1647486583148523,
W,-5.993111521035305,-5.622639837977998,
Y,-5.59639078437411,-5.727214854282488,
