,Mean0,Mean1,Mean2,Mean3
*,-6.778694607140355,,,
A,-0.896959803311093,,0.30509378316969027,-1.796856030091483
C,0.3010006037112145,,0.05083686317799163,-1.564713957376588
D,0.6403528501859821,,,-3.4214740640775076
E,-0.22552528483933898,,,
F,-1.107169448283555,,,
G,0.15967461361906699,,,-0.8369024667166549
H,-0.6387145388203646,,,
I,0.3976387557055432,,,
K,0.4324919735805768,,,
L,-1.5062706877286371,,,
M,0.1855862752912305,,,
N,0.15370523403180236,,,
P,-7.415601919425592,-0.40389888232283333,-0.04869881037292245,
Q,-0.7966548095980643,,,
R,-0.36187198837624646,,,-1.1895188759073214
S,-0.43425965870600636,,0.1070631918210605,-1.3470400849426678
T,-1.291451660908466,,-0.2427858624892245,
V,-0.030306176362812742,,,-0.3072106575160216
W,-1.0007893451423513,,,
Y,-0.44625618931719835,,0.11887917545021409,
