Translation,mean,std_err_of_mean,len
L*A,-8.722138885795355,0.21366502698339998,4
LAA,-0.8685127630725268,1.0181531431029334,6
LCA,0.39242071555292907,2.2950821213442154,3
LDA,-0.14304514052023057,3.8627819082749766,3
LEA,0.18555110629254612,0.8313410199797613,4
LFA,1.4620447462654091,,1
LGA,0.293910493869941,1.1040772421387646,7
LHA,-5.151658501344499,,1
LKA,-0.5984438311982457,0.9403395126841337,4
LLA,0.2966156198929308,1.7499854577340386,7
LMA,0.3087929942305686,1.893016408269267,4
LPA,-0.43882603871042997,2.726178388599819,5
LQA,-2.0620567414849535,1.9769864595915978,4
LRA,0.3642979096125505,1.777087138637247,12
LSA,0.6968564937436782,2.193119708079321,7
LTA,-0.03907430786147881,2.6243758074455528,4
LVA,-0.13505565750403142,0.43682292918152194,8
LWA,-0.18155484971217595,0.5775096558973924,4
LYA,0.7004581677089922,0.7597816156174927,3
