,Translation,mean,std,len
0,S*K,-3.9227031943402872,0.2817616273310944,4
1,SAK,-3.226782815014277,0.6056687716992759,8
2,SCK,-2.5939017300915195,2.2378236418464734,5
3,SDK,-3.5900643373868477,0.7485561213071288,4
4,SEK,-3.6060749000643577,0.10715730410045307,4
5,SFK,-3.634447657365552,0.6027746355017248,4
6,SGK,-0.5223952324696771,0.9925967447217716,11
7,SHK,-3.4495326185312325,0.3698225540061586,4
8,SIK,-2.1839555211123898,2.8932380207743007,5
9,SKK,-3.5570331956403036,0.9470381163812052,4
10,SLK,-3.7415060996213145,0.5188022742531706,12
11,SMK,-3.6240614713307053,0.5385966687744292,4
12,SNK,-3.4456725683070104,0.6000056341229653,4
13,SPK,-3.6425168149613847,0.9767444099469356,8
14,SQK,-3.9631309059274415,0.2458195600297069,4
15,SRK,-3.6186188533139942,0.5764158758447535,12
16,SSK,-3.4510160485998167,0.3721396343996573,12
17,STK,-3.457121532628721,0.6891980004260294,8
18,SVK,-3.690737577369773,0.3961663192125173,9
19,SWK,-3.355142706538125,0.6303451480793346,4
20,SYK,-4.116188177466132,0.6259087648125419,4
