,Translation,mean,std,len
0,L*S,-3.4985666548621395,0.7217196979058094,4
1,LAS,0.2434847732776199,1.3693906723223206,9
2,LCS,-0.3970423093836386,0.21877840160095666,5
3,LDS,0.1868713143028064,0.8232016444622632,5
4,LES,1.2979716780003383,1.6222726986662408,5
5,LFS,0.4744523617646893,0.5181479497719153,5
6,LGS,-0.08033528129519901,0.468432649842701,18
7,LHS,-1.0793624693377797,0.6557909216769044,3
8,LIS,-0.5377646827794521,0.7389125649700036,4
9,LKS,-0.4638102308696202,0.2762348299566769,4
10,LLS,0.34162349654749496,1.2019577616290948,12
11,LMS,-0.8779920604355079,0.6999215814923806,4
12,LNS,1.557550007182685,2.5876607958305247,4
13,LPS,-2.682533211234964,0.8127861641298202,7
14,LQS,-0.9794479386591202,0.544781160406551,4
15,LRS,0.08288682895509304,1.2625105368417504,13
16,LSS,0.3441772993565957,1.0550151726970096,13
17,LTS,0.044660949024861216,0.3711088160938927,7
18,LVS,-0.8686671334662137,0.4852461773040782,9
19,LWS,-0.32010698206925925,0.5554506745585183,4
20,LYS,0.5083476718921738,1.2482813942978328,4
