,Translation,mean,std,len
0,H*E,-4.926561960940738,0.8437968044735212,3
1,HAE,-1.5846277690363777,1.6747568602437384,5
2,HCE,-1.0259666579468956,1.5310530295519966,4
3,HDE,-3.771982088461,0.8274409585527535,4
4,HEE,-3.0006315230247798,0.5747438563884281,4
5,HFE,-5.120125478575703,1.5156638627526675,4
6,HGE,-3.1488356990389756,0.567902352956938,8
7,HHE,-3.883284159330232,0.8656262697790748,4
8,HIE,-0.5249701227323039,2.0793428100354823,3
9,HKE,-3.10285260122974,0.8973955410403692,3
10,HLE,-0.3017318126821339,1.7818838781585282,10
11,HME,-0.9726729928799426,0.8472331164499833,3
12,HNE,-4.199292787357148,1.2080083800745829,4
13,HPE,-3.2479841704196475,1.3132035710877454,7
14,HQE,-3.8751732775527783,1.3863372033756691,4
15,HRE,-3.778184565518876,0.8090089794380363,12
16,HSE,-3.005992483415649,0.831203947876239,10
17,HTE,-3.33767587188934,0.7716059308261587,8
18,HVE,-0.9334366995055766,1.665666586090081,7
19,HWE,-5.1129896101342736,1.3821538056290328,4
20,HYE,-3.1027102686662205,0.5081181468934874,3
