Translation,mean,std_err_of_mean,len
L*G,-5.225129065500582,0.7940780871551465,4
LAG,-0.15199753767868338,1.601153872009669,7
LCG,-0.9793626103924828,0.7189869993151305,4
LDG,0.02330873454867364,1.9651954483088343,5
LEG,-0.41620899239168374,1.8205610603587883,9
LFG,-1.2244705863482717,1.4240005573008574,3
LGG,-0.9879714419187384,1.251863548924204,8
LHG,-1.1744962275268769,,1
LIG,-0.586358406751097,2.1329290079843286,4
LKG,-0.5458879225859248,0.7599613246284527,4
LLG,0.36022649107241117,1.4740626985352545,11
LMG,0.38000674143846114,2.3618291907429243,4
LNG,-0.07674028041104404,1.1903372122426177,3
LPG,0.44521398977796156,1.3137154706322314,9
LQG,1.5132451668602473,2.545110202074863,4
LRG,0.3080211906402705,1.5684003846362449,12
LSG,0.32170311090976855,0.9719229137777609,11
LTG,-0.8309037456066269,0.7239628790906129,6
LVG,-0.11913696791085283,1.7836396666819199,9
LWG,-0.46284946233524193,0.5613590942861968,4
LYG,-1.0188084724904203,0.7347374743954075,5
