,Translation,mean,std,len
0,Y*H,-3.2495748554338846,0.22307299299031935,4
1,YAH,0.11074379147258663,0.4658948764516642,8
2,YCH,0.11364965473127707,0.2629062860033524,4
3,YDH,-3.4234880157230614,0.3968520788538495,4
4,YEH,-0.8149502129953432,0.3225662777512299,4
5,YFH,-0.5674401986715492,0.4687788767331366,4
6,YGH,-2.2635381542521595,0.1445241536118907,8
7,YHH,-1.0484232483573888,0.2223831688076557,4
8,YIH,-0.2497280395456976,0.2872591163151723,4
9,YKH,-1.8021180280396885,0.4994919318158712,4
10,YLH,-0.19323955728119868,0.4351415781057705,12
11,YMH,-0.13291103647443592,0.2897351043982647,4
12,YNH,-1.3365830767917206,0.17787947468482398,4
13,YPH,-2.381279616178799,0.2354807382499602,8
14,YQH,-0.31886776018034024,0.10126615244133094,4
15,YRH,-2.211845108524918,0.3006799149348378,12
16,YSH,-0.03872754065495077,0.43305689324582985,12
17,YTH,-0.1361939489238485,0.393467703350506,8
18,YVH,-0.04259999048394825,0.3997818088931228,8
19,YWH,-2.4124872537005837,0.17134207141066274,4
20,YYH,-2.8335521517490774,0.15326821657338155,4
