,Translation,mean,std,len
0,V*R,-4.4443172083707925,1.1739208893585893,4
1,VAR,-4.850032249941415,0.7589449362431879,7
2,VCR,-4.237498420267514,1.1558839400811238,4
3,VDR,1.1542573105808518,2.03332276305988,5
4,VER,-5.662971395908092,0.6922636149488526,4
5,VFR,-4.636308600328947,0.5473337273834532,3
6,VGR,-5.4489231448404185,0.8409240288518822,8
7,VHR,-4.423665764585486,,1
8,VIR,-3.9414231952465024,0.9141998895064756,3
9,VKR,-4.464113710986657,0.3992765360174634,2
10,VLR,-3.841024107050561,1.4176632085820242,7
11,VMR,-4.579641635852256,1.589464751801281,3
12,VNR,-3.815750668707623,0.4567368746856279,4
13,VPR,-4.33213854834754,0.6428421629831697,2
14,VQR,-4.610503245168223,0.9332862463530284,3
15,VRR,-5.029328014802664,0.7664438759911579,11
16,VSR,-4.284474774053779,0.9087970024388532,7
17,VTR,-5.3494967557395166,0.9500621267365807,5
18,VVR,-4.8757001433655,1.2898151132229934,8
19,VWR,-4.769633246715919,0.2524748812188713,4
20,VYR,-4.67073929699774,1.0751444806130823,2
