,Translation,mean,std,len
0,N*E,-4.627845503951191,0.5468228797245418,4
1,NAE,0.4080081363855769,2.8388303206787513,6
2,NCE,0.5787692703805452,2.667061644250313,4
3,NDE,-4.044876962889054,0.3904648072272116,4
4,NEE,-3.6647164772773415,0.7297488746595684,4
5,NFE,-0.22445573736064967,0.6309261684850931,3
6,NGE,-0.2062430606987057,1.0420760570408063,5
7,NHE,0.6043544181674694,1.5597588377482514,3
8,NIE,2.2386518899708685,1.7180955299472611,2
9,NKE,-1.3390498809267222,0.27899530868436473,3
10,NLE,0.2726016481498569,1.2126927777051135,7
11,NME,-1.124032783766128,,1
12,NNE,1.0215090369277016,2.302868868740516,4
13,NPE,-3.8123389954618263,0.7473016418625124,7
14,NQE,-0.05566943991744022,1.5840275106019743,3
15,NRE,-3.2805793027477907,0.8881250404735082,12
16,NSE,1.0064082193808601,1.9015473570625112,9
17,NTE,1.313413407646888,1.873751750153696,5
18,NVE,-0.2524416676000508,0.4964197736812077,6
19,NWE,-0.7858368895311165,2.1176944564302174,4
20,NYE,-0.07973798773242713,0.3220711335570994,4
