,Translation,mean,std,len
0,H*G,-2.867367096917191,1.692204730073397,3
1,HAG,-0.4388634922166375,0.8398742379884427,9
2,HCG,0.8809689598957441,1.679786081338044,3
3,HDG,-3.422847258437991,1.4909242970952103,4
4,HEG,-4.579029326196976,0.9125541000403342,2
5,HFG,-4.038466863819227,1.9604305776258089,3
6,HGG,-0.23215860469973176,1.1576918756318202,7
7,HHG,-2.6303517144372703,1.2959057969635686,3
8,HIG,-4.28319899104972,1.5667139238418204,3
9,HKG,-5.114373732974358,1.1609462668148227,3
10,HLG,-3.4941142930199702,1.1882841279706493,10
11,HMG,-2.048390551690471,0.983854102393715,3
12,HNG,-2.9476947012891026,0.7950353206366237,2
13,HPG,-4.228401550348913,1.0520859320797469,8
14,HQG,-4.415126947147751,1.5065429664426315,4
15,HRG,-3.9432606925076783,0.8277070833029005,11
16,HSG,0.5137026266181269,1.2461636985866498,8
17,HTG,0.018026149130049164,2.028274201427984,5
18,HVG,-1.2099025345067167,0.8174962392521604,8
19,HWG,-5.6532561560346615,1.5763887353623565,4
20,HYG,-4.4618895470136914,1.4628795683027622,4
