Translation,mean,std_err_of_mean,len
N*T,-3.433463679236748,0.5488182873127433,4
NAT,-0.2441395207210797,0.4888204710597128,8
NCT,-0.0919383020081701,0.9854733396441712,4
NDT,-0.6887583962015587,0.8755454706774808,4
NET,-1.0412946218895114,1.517278420430186,4
NFT,-0.6245162302028533,1.0289731326456004,5
NGT,-0.20217609585562435,0.7510363235944092,8
NHT,-0.8435770476266544,0.9549017207841314,4
NIT,-3.0449491726091407,0.590941616681256,4
NKT,-0.11157017885191656,2.201445660701266,4
NLT,-0.272273960742942,0.8637350128404058,12
NMT,-0.44525512473230244,0.6106290584029069,4
NNT,-0.908213280248541,0.7704426537796794,4
NPT,-2.92113926124261,0.2504042815507089,8
NQT,0.4371161598658446,0.819138349307857,4
NRT,-0.44766624427557816,0.724803879035994,12
NST,-0.4367204788440215,0.6737441702118445,12
NTT,0.20104866619252415,0.6009367204802112,8
NVT,-1.023198898324178,0.7222660942609939,8
NWT,-0.5601181872485856,0.5686513307574387,4
NYT,-1.006313036576834,0.2244350081042523,4
