,Translation,mean,std,len
0,S*C,-3.435609718180962,0.2275694278905235,4
1,SAC,-2.9983146730834447,0.2137034520801956,8
2,SCC,-1.1142976274615768,0.2303910797759175,4
3,SDC,-1.7517729046890456,0.2906091273871821,4
4,SEC,-2.3672544633541293,0.15296795899444965,4
5,SFC,-0.16484127831285605,0.5131667511901953,6
6,SGC,-2.025635247213605,0.26225367856305165,8
7,SHC,-2.425300496169476,0.6498105817672564,4
8,SIC,-0.542036179501159,0.6663720955337292,4
9,SKC,-2.2388431991843083,0.11205575676778433,4
10,SLC,-0.28886387385991197,0.6034984145151019,12
11,SMC,-0.464567435175645,0.8792175563962132,4
12,SNC,-1.967669785458764,0.2103930766978993,4
13,SPC,-2.7833426119859017,0.3971287371537985,8
14,SQC,-2.218025701303339,0.22146327082804768,4
15,SRC,-2.5108774073187647,0.30581756658398496,12
16,SSC,-2.2584614037195894,0.5341586530819498,12
17,STC,-2.493753797371021,0.2481749097551951,8
18,SVC,-0.3870434953893871,0.7940039620545798,8
19,SWC,-1.9460042628367167,0.1639066040792714,4
20,SYC,-0.6500739698583606,0.42749991004666177,4
