,Translation,mean,std,len
0,T*L,-5.779663459893589,0.3162208140254435,4
1,TAL,-0.4423637540739471,1.2356089821551128,8
2,TCL,-0.8664965907053883,0.6969691815082018,4
3,TDL,0.4848961188738497,1.791036549698085,4
4,TEL,0.6679051690473372,0.8608777892480154,4
5,TFL,-1.6409381819868676,0.8367224607123691,4
6,TGL,-0.7659037476359011,0.7317521224827873,8
7,THL,-0.8476929222276459,0.3988697650849491,3
8,TIL,-0.06307290533528886,2.334927540948998,4
9,TKL,-1.1163637388764194,0.8402909826561331,4
10,TLL,-0.8136055009781051,1.4728729949384411,12
11,TML,-0.5057101046078976,1.5291310119818589,4
12,TNL,0.5878129782116193,1.3240226869222658,4
13,TPL,-0.3572778438400687,0.7876981657012505,7
14,TQL,-0.564844067911979,1.5312162364963575,4
15,TRL,-0.2831890343489965,0.7408939835433159,12
16,TSL,-0.27751658175030625,1.2111092444397271,12
17,TTL,-0.8166843070954798,2.0014797332027725,15
18,TVL,-0.02891144080698206,0.9519722345040929,7
19,TWL,-2.1895218560483967,0.2276844111776831,4
20,TYL,0.05951314483074776,0.8521775843352456,4
