,Translation,mean,std,len
0,T*I,-3.0274763773684725,0.960293924374617,4
1,TAI,0.094727056256391,1.4446288692930591,8
2,TCI,-0.7172002161493047,0.6725969963124317,2
3,TDI,0.08836250144349833,0.6281550857504272,3
4,TEI,-0.493999904278569,0.3979452553050267,2
5,TFI,-0.8292273916827582,0.816927889081268,4
6,TGI,0.16218505636067293,0.9057061184245084,8
7,THI,0.422249292566109,0.7825980031744512,3
8,TII,-0.8444768464942671,0.7783276308593191,4
9,TKI,1.2168203392644223,3.20265774459152,3
10,TLI,-0.12140928301957787,0.935020889808296,6
11,TMI,1.6110593645738476,,1
12,TNI,0.34135432156689777,2.382147495139978,3
13,TPI,0.09158652670734332,1.2765515564837768,6
14,TRI,-0.052086380104818815,1.2880701100528291,12
15,TSI,1.1882545908111035,1.8712988396138688,10
16,TTI,-0.6504162571104039,0.9198818748214928,10
17,TVI,0.3854710380039676,0.8120270034806409,6
18,TWI,-0.5232894039425977,0.8439297658682479,2
19,TYI,2.4777648350943826,2.9414077802571392,4
