Translation,mean,std_err_of_mean,len
T*I,-1.880997014119381,0.5160509854078225,4
TAI,0.014914230928948613,0.470207352704201,8
TCI,-0.24930833101626537,0.5781143408900413,4
TDI,0.14649679697225437,0.14290054848383746,4
TEI,-0.006561938983655091,0.40013042921711883,4
TFI,-0.06401780298347837,0.6037291046821467,4
TGI,0.02497847032691789,0.12478144757687382,10
THI,-0.2270362925638707,0.3399943221800144,4
TII,-2.0236473865083955,0.2907174631024178,4
TKI,0.1003859441097199,0.49324714368259964,4
TLI,-0.19201133743623208,0.5341379431517695,12
TMI,0.36673901103026596,0.4233493659002598,4
TNI,-0.5148233810719136,0.6522319797251838,4
TPI,-1.0135769254789813,0.2522123835801012,8
TQI,0.27825089206412534,0.15013869484660425,4
TRI,-0.048314023602165,0.3780430773936278,12
TSI,-0.14164896119711265,0.9019793065931134,12
TTI,-0.011440927671706125,0.4674264699411322,8
TVI,-1.2401786863367699,0.35939134757870306,8
TWI,-0.622600942404756,0.44590445574519005,4
TYI,-0.6668621190150483,0.2758542549187949,4
