Translation,mean,std_err_of_mean,len
L*R,-5.738652236883528,0.33372076667350387,4
LAR,-0.9052082707015332,0.9710382606294151,6
LCR,-0.6734876741288207,0.9674567026260832,4
LDR,-0.5036773612712435,0.9716910520293425,4
LER,-0.28967655370681844,1.386249420009056,4
LFR,-1.0509770918663184,0.8110594095229748,4
LGR,0.5736880753942458,1.2894616768235365,8
LHR,-0.31480381106802846,0.4956896552024866,4
LIR,-0.6734925496621631,1.4273196828005446,4
LKR,0.3509799490035632,1.3115330563469376,4
LLR,0.9258467477336548,1.4698737530627235,11
LMR,0.4476868307342676,0.8695407995034995,4
LNR,-0.7848367344839297,0.5369661801508016,11
LPR,-0.027890835693852978,1.685375932517654,4
LQR,-0.04237407574021971,0.9062752407144418,3
LRR,0.06844463110753196,2.302119461810843,10
LSR,-0.09262358903993358,1.5958062991911428,10
LTR,0.6297186197355178,2.367646296320211,5
LVR,-1.3116621020524837,1.0593752276690585,8
LWR,0.07186441665809573,0.2963616083439189,4
LYR,-0.48596748396452244,1.590652990376396,5
