,Translation,mean,std,len
0,G*D,-4.961149227400826,1.2301142015026258,4
1,GAD,-2.5307003253489606,1.402511360655459,8
2,GCD,-1.8391205689844523,0.7904560582506812,4
3,GDD,-1.970736619932188,0.91813618834053,4
4,GED,-2.44928987028392,0.8265391125782514,4
5,GFD,-4.155222253142116,1.0535703680385995,4
6,GGD,-2.9843208938139263,1.198516385306066,8
7,GHD,-4.26110689318037,0.4695590128858251,4
8,GID,-3.490633500957308,1.0754720447098556,4
9,GKD,-2.7565973693487567,0.13389048918880758,4
10,GLD,-3.6769055782373194,1.3289855377018398,11
11,GMD,-4.254483775440948,0.6413583817524817,3
12,GND,-3.4890094462465746,0.17008840199902364,3
13,GPD,-3.0209034779215598,1.398574926946052,5
14,GQD,-3.758340633465137,0.8177821757524956,4
15,GRD,-3.3861980164256766,1.2639930345882324,12
16,GSD,0.4752627073235118,1.2027577887354255,8
17,GTD,0.3916112095254419,2.244162392759629,7
18,GVD,-2.294163528004382,1.684913980208551,7
19,GWD,-3.387544159026463,0.9875546269112198,3
20,GYD,-4.836280806671193,1.2575421711316537,4
