,Translation,mean,std,len
0,N*L,-3.577513387616816,0.7334708813435549,4
1,NAL,-0.2190109000914876,1.3883270785914694,8
2,NCL,-0.354750754986191,0.23518814346384875,3
3,NDL,-3.132540360755614,1.25545577298855,5
4,NEL,-4.009478295362335,0.4706761816257312,4
5,NFL,-3.2772738135116453,1.2137735787720918,5
6,NGL,-1.854975615868599,0.7883833061171219,9
7,NHL,-2.8445874918210565,1.0523677359888617,5
8,NIL,0.8099514749839641,2.6497196324641403,5
9,NKL,-4.028475604816418,0.7952505058814144,4
10,NLL,0.3049286857091885,2.279927887527569,11
11,NML,-2.646652250040475,0.5116666600595918,4
12,NNL,-2.1070087220430262,0.7769923329513401,4
13,NPL,-3.690442305341848,0.6117157714165173,8
14,NQL,-0.3003829153087667,2.6586092200678246,4
15,NRL,-3.675158639252577,0.8424531899997599,12
16,NSL,0.0023972205238450787,2.660099121247959,10
17,NTL,0.8399310886557414,2.7642856642848592,6
18,NVL,-0.5139393267275765,0.8205229917276343,13
19,NWL,-3.7180257086670916,0.7286712848592365,4
20,NYL,-3.584053011823572,0.9102251036533804,3
