,Translation,mean,std,len
0,M*G,-2.9892973938977008,0.4128534146382621,4
1,MAG,-0.18536875706947975,1.498635344393455,7
2,MCG,0.028575296296124982,1.0067314143923662,4
3,MDG,0.42429154989950746,1.4786307618517167,4
4,MEG,0.5347833494746856,0.7094374761262595,4
5,MFG,-0.16223724191169028,0.34295942380400257,3
6,MGG,0.038408580768800826,0.784611204702203,8
7,MHG,0.036775647243446175,0.6895877939113885,4
8,MIG,0.07439508845676679,1.3058543233025892,4
9,MKG,0.8873593827067805,1.3027471919794655,4
10,MLG,0.3338219516124147,0.8231792144851102,10
11,MMG,0.0673961897603581,0.9001310589424532,4
12,MNG,-0.2478235505241144,0.20028098161991156,4
13,MPG,-0.06917279312023261,1.3100142008416722,4
14,MQG,0.03804943690630691,0.6938696679023385,4
15,MRG,-0.3542146688769892,0.9032356432251364,11
16,MSG,0.3455314066732195,1.2210534797175083,11
17,MTG,-0.25330291384409165,0.6215155658464525,4
18,MVG,-0.28339437574642484,0.7167614376656122,7
19,MWG,-0.9435473931086212,0.2431063739301743,4
20,MYG,0.43189207487993225,0.6064585396160371,3
