,Translation,mean,std,len
0,A*I,-5.5992569803397165,0.5025277095117416,4
1,AAI,0.08409810247380951,2.195614021033872,7
2,ACI,-0.1979063655352944,1.1766231855999991,4
3,ADI,-0.8452042899482524,1.49239987850079,4
4,AEI,0.15137291833057653,0.9393741278752059,4
5,AFI,-0.6725246381611036,0.6843825377441062,4
6,AGI,-1.8474494775467447,0.5942761381483108,8
7,AHI,-0.3226306438259516,1.785027006355429,3
8,AII,-1.1887424944814904,0.6075563415771162,4
9,AKI,-1.2443321549621968,1.633987406886661,4
10,ALI,-0.8996837792488821,1.4453184935244454,11
11,AMI,-1.177622570423941,0.5745308024117992,4
12,ANI,-0.7226815050959448,1.120267123186237,4
13,API,-5.297218797798559,0.9037393256924572,8
14,AQI,0.30946679662127075,1.3324604025156572,4
15,ARI,-0.9971366605775808,0.87998107364418,12
16,ASI,-0.4835873310640883,1.0850119882481102,10
17,ATI,-0.3199172805838355,1.2756462270334783,7
18,AVI,-0.7562542814125673,0.6898579357347913,10
19,AWI,-1.1740455158092482,0.7114602661623785,4
20,AYI,0.4483688758129991,1.5076913593486516,4
