Translation,mean,std_err_of_mean,len
G*L,-2.410451675838326,0.5117418898944969,4
GAL,-0.33639810291591754,0.3938588710057868,8
GCL,0.8946034698861471,0.7430851626102182,4
GDL,0.7301811261589912,1.651568873528091,4
GEL,0.44518412173533184,0.7171260612047212,4
GFL,0.6073397040701018,0.7407918479931438,4
GGL,-0.03925495229300846,0.522496299685369,8
GHL,0.0395752218767738,0.396913763909857,5
GIL,-0.6183416727186575,0.6676529077425921,4
GKL,0.9125833590452197,1.4772810172046493,4
GLL,0.3751289017302983,0.8163876084394509,12
GML,0.33088664146908875,0.6188435514400408,4
GNL,-0.18549414255083607,0.9707958075149022,4
GPL,0.06845349822436225,0.6752486348589283,16
GQL,1.3445971914936208,1.006994711615225,4
GRL,0.1850871432662522,0.6807521355750794,12
GSL,0.35959486673200897,0.6733567305357473,12
GTL,-0.08033433012007751,1.1711732537931197,8
GVL,0.4087293758181999,0.8720936330335469,8
GWL,-0.30307360422048335,1.4134946561404134,4
GYL,0.192907699373017,1.3466450246310266,4
