,Translation,mean,std,len
0,L*Q,-2.8570754600678305,0.2668060900271197,4
1,LAQ,-0.1707911280069354,0.4375265878316201,8
2,LCQ,-0.2316051781379096,0.2673723841188105,4
3,LDQ,-0.03068060136824413,0.6480404839435556,4
4,LEQ,-0.017622244286529476,0.061331081852398314,4
5,LFQ,-0.2184053198966358,1.0235336869531222,4
6,LGQ,-0.0996804883677389,0.26904583498700113,8
7,LHQ,-0.036852461530138436,0.6144129753281216,4
8,LIQ,0.02367063464483232,0.11690290310589126,4
9,LKQ,0.12067223287161588,0.6869479493907892,4
10,LLQ,0.1045272442562859,0.5621654468342117,12
11,LMQ,0.5146987709658868,0.6659458242247787,4
12,LNQ,0.2377703363273265,1.049132440775654,4
13,LPQ,-0.34459421227963594,0.7560415001867251,8
14,LQQ,0.3048886990615547,0.4085265424071054,4
15,LRQ,0.138235499256722,0.39991365738032414,12
16,LSQ,-0.03548215976172061,0.681747120181805,12
17,LTQ,-0.3051739768221216,0.454089778012465,11
18,LVQ,-0.11927125497460768,0.40046088518419803,8
19,LWQ,0.1260933522132206,0.1185808787017378,4
20,LYQ,0.3313541524315731,0.6151669423559557,4
