Translation,mean,std_err_of_mean,len
T*Q,-4.164463581648692,0.9414900422252893,4
TAQ,0.012579909303537029,1.2305469774765299,11
TCQ,0.5218828286188035,1.050244027626608,4
TDQ,-1.8023960545825337,1.4565625282342003,4
TEQ,0.3228641007817406,0.41399861333332894,3
TFQ,0.4406821802821028,,1
TGQ,-1.0083237970601966,0.2696740194298834,8
THQ,-1.8374408087179663,,1
TIQ,0.13277320833406195,1.2588270304733005,3
TKQ,0.4045978304131026,2.305751588125447,4
TLQ,0.7747760208138887,1.6673513122910222,7
TMQ,0.12674167627953045,1.1025282219188366,3
TNQ,-0.27244517983130684,1.378144513514801,3
TPQ,0.055986583505730714,0.9474345904398555,5
TQQ,-0.9697329705931678,1.8363875905982794,3
TRQ,0.09139715106118534,0.5445700586576668,11
TSQ,1.0868999273497464,2.251215318036293,10
TTQ,0.8233424381694249,0.9744295800095472,8
TVQ,-0.1306413625451118,0.641862684389183,6
TWQ,0.2768796817947441,1.0876152228036364,4
TYQ,3.9055969158065684,,1
