,Translation,mean,std,len
0,M*F,-3.620985822640013,0.3590685481652972,2
1,MAF,-0.48444209464885,0.3919618397148629,5
2,MCF,-0.2846404645747125,0.3227095214287494,2
3,MDF,-3.4620569095898706,0.4411112256279468,2
4,MEF,-3.94723197269124,0.3811785325382888,2
5,MFF,-3.5916919324865115,0.05399932142917675,2
6,MGF,-3.745023961814231,0.09425533131649352,4
7,MHF,-3.9190797629816116,0.594624441118922,2
8,MIF,-3.3613243592594517,0.2745154013688491,2
9,MKF,-3.699659610536643,0.3186658999606223,2
10,MLF,-3.5464127555607994,0.3555367903055627,6
11,MMF,-3.6561956198312635,0.16030507240705127,2
12,MNF,-3.5366710521706244,0.027644966907203958,2
13,MPF,-3.7397226267490433,0.3889085544202922,4
14,MQF,-3.8905673514426495,0.1118542886094453,2
15,MRF,-3.5655515351986327,0.38508705017844935,6
16,MSF,-0.2081364554429152,0.4637749491030155,6
17,MTF,-1.0546753090800909,0.4470196569981421,4
18,MVF,-0.6836380824364845,0.6962700272751002,4
19,MWF,-3.8856596398320096,0.2218237745748217,2
20,MYF,-3.7260203372916387,0.6638312375549885,2
