,Translation,mean,std,len
0,G*N,-3.505382613754633,0.9550424592884326,4
1,GAN,0.06878623930989325,1.5129671324450145,8
2,GCN,-0.1832442116635966,0.5447115722812036,4
3,GDN,-0.016770167407598846,0.3490840648703685,4
4,GEN,-0.036217328679953635,0.6300452259719496,4
5,GFN,-0.3085297098118229,0.6569255114335916,4
6,GGN,-0.10906489899152304,0.48660785550366403,8
7,GHN,-0.1563500093296064,0.7638655795729009,4
8,GIN,-0.17706399807420992,1.0553127032467935,4
9,GKN,-0.6211954332431282,0.9240424063582928,4
10,GLN,0.7412531644157035,1.31546505653628,12
11,GMN,-0.0374276484988755,0.16968702584856413,5
12,GNN,-0.5124033007439641,1.7635599218923952,4
13,GPN,-0.19953048385507607,1.045415092262637,6
14,GQN,-0.12047424859028365,1.6515932955163557,4
15,GRN,-0.1843817364762296,0.6579357515855611,12
16,GSN,0.015547817064450816,1.0178118595887735,12
17,GTN,-0.3942510458248341,0.8444788483479875,5
18,GVN,-0.1140289439747952,0.74761167874787,7
19,GWN,-0.123668429149683,0.9337124883471988,4
20,GYN,0.4153876378941099,0.3686681991512164,4
