,Translation,mean,std,len
0,C*S,-2.263555740010963,0.7517619957870001,4
1,CAS,-0.07721326263935949,0.4034919306669804,11
2,CCS,0.3069565855743781,1.1465655388402185,4
3,CDS,0.18890618914253765,0.4489818346851772,4
4,CES,-0.4550688218637318,0.6491670251738202,4
5,CFS,-0.3046288371938077,0.2576083323655197,4
6,CGS,-0.21371115155795906,0.1984936031014811,8
7,CHS,0.2500226756401216,0.5241584159894398,4
8,CIS,-0.4501458652552617,0.682574337590066,4
9,CKS,1.3122050912369951,1.4111467347494366,4
10,CLS,0.2622073619467493,1.468616028661896,11
11,CMS,0.08311877550823278,1.0541426367405329,4
12,CNS,-0.01671749293425306,0.9710937809783836,4
13,CPS,-1.0750167187146755,0.6157721583030425,8
14,CQS,0.008785415864705827,1.2767119552436201,3
15,CRS,0.12975086067690014,0.4932602252738901,11
16,CSS,-0.36999064864721504,0.5952328942604519,11
17,CTS,0.5641250303451367,1.0569291563297043,6
18,CVS,-0.27899997872259,0.4328041271722736,8
19,CWS,0.4077732473159128,2.204429347151625,4
20,CYS,-0.4178351616733478,0.6616414722296567,4
