,Translation,mean,std,len
0,V*F,-3.431812115358728,0.19341228295243876,4
1,VAF,-0.18886654335133116,0.8886438376501886,8
2,VCF,-0.4768338655964168,0.7803831966436082,4
3,VDF,-0.434525371501135,1.1449497083068758,4
4,VEF,0.7859237949027421,0.3651869936351765,4
5,VFF,0.12156202846010268,0.4942708359539721,4
6,VGF,-0.27548737105798377,1.3485520054153652,7
7,VHF,-0.3093694179759898,1.0489936551290493,4
8,VIF,-0.7715549799234749,0.5531363105942828,4
9,VKF,-0.25838919287873097,0.7202908149983596,4
10,VLF,-0.3058090774175147,0.7564886811223007,11
11,VMF,-0.3534865504648228,1.112904875330209,4
12,VNF,-0.29470799590175,0.36396317680611306,4
13,VPF,-1.4293746082990686,0.8628518421293735,8
14,VQF,-0.30167784086189475,0.9474737179602694,4
15,VRF,0.2101326089469072,0.8979693545818423,11
16,VSF,-0.09988031114363656,0.432928816344572,13
17,VTF,-0.3978658783635415,0.7665921100805648,8
18,VVF,0.044245271133624864,1.2493858042436412,8
19,VWF,0.07032524877672207,1.2185990337187158,4
20,VYF,-0.5548968793547373,0.6063655359894499,4
