,Translation,mean,std,len
0,P*G,-4.6306905100957145,1.6374909844320076,4
1,PAG,-0.4618112380181375,1.8569379942938424,8
2,PCG,-0.9100851256550124,1.4171156940670502,4
3,PDG,-1.2678993343012002,0.6053804447640523,4
4,PEG,-0.6527100277985417,0.12720903679111614,3
5,PFG,0.2766321233844178,1.2326435384053491,4
6,PGG,0.4502263531567727,1.0882313458365975,8
7,PHG,-0.10078530552253627,0.7135710740757669,3
8,PIG,0.13820929039866492,1.6223264511753044,3
9,PKG,0.4054958862568654,1.5908129788931509,4
10,PLG,-0.10986690289972943,1.3440368252998471,12
11,PMG,-0.5860907729721929,1.9007019141614256,4
12,PNG,0.2658173236966218,1.0823027513135053,4
13,PPG,-1.0702706267329538,1.513870201030097,8
14,PQG,-1.0406908310032,1.7254797518394789,3
15,PRG,0.0042460071848073435,1.470621221177429,10
16,PSG,-0.0770445267724047,1.2291213340363387,10
17,PTG,-0.7267900906164741,0.9422295182989334,13
18,PVG,-0.3563175074877206,0.5074320082511982,5
19,PWG,0.6043958213616316,1.6686868313855958,4
20,PYG,-0.7643851997608009,2.1217656271082865,4
