,Translation,mean,std,len
0,F*T,-6.1080259068533405,0.4224178556614216,4
1,FAT,-0.45292545474640705,1.9694649551144567,8
2,FCT,1.0381020213673535,1.709040868162719,4
3,FDT,-1.3513821935003731,1.2285318109907342,4
4,FET,0.3938335155644972,1.3125097329379432,4
5,FFT,-0.4784904557865004,0.5806755007405747,4
6,FGT,-0.5258393578834252,0.803493310532226,8
7,FHT,-1.1764610626036789,0.5908465157139721,4
8,FIT,-0.3838569900131599,1.3964838638089758,4
9,FKT,-0.7550999958007507,1.1931150662433097,4
10,FLT,-0.8923751109002979,1.0600237297440878,9
11,FMT,0.5865313236595533,2.5063472028376546,4
12,FNT,-0.2326598353233611,0.8576870932739298,4
13,FPT,-0.5875372662416449,1.1889944959594978,8
14,FQT,-0.4292336492511195,1.339868129339862,4
15,FRT,-0.4214332949713928,0.8213777908764931,12
16,FST,-1.0246760172129759,1.3184759761181857,12
17,FTT,0.04478228783918987,1.0122088702990517,9
18,FVT,-1.584737945543866,1.0813863850641297,8
19,FWT,0.07977211069898993,0.9707633553046684,4
20,FYT,-1.8586354673770142,0.8558634744431043,4
