,Translation,mean,std,len
0,A*K,-4.416668836954601,0.5848685137374251,4
1,AAK,0.3158320840235901,0.8625877678436793,8
2,ACK,-0.8367242359012164,1.5155589688058024,4
3,ADK,1.1644161606145635,0.9528504472780456,4
4,AEK,-0.12328522005520125,0.5067450541277916,4
5,AFK,-0.7603684297374398,0.16914942820237472,4
6,AGK,-0.293517204122382,0.36501867102583024,8
7,AHK,1.0177528421881559,1.3368916866321952,4
8,AIK,0.3642800318386332,2.2474275552066403,4
9,AKK,-0.3477415282227285,0.6908470645788364,4
10,ALK,-0.08425100302054972,1.1819932392955137,12
11,AMK,-0.7548539883477687,0.5508519441434537,5
12,ANK,-0.23355924750136986,0.2979917214753208,3
13,APK,-0.34711572091339393,2.171368563409401,8
14,AQK,0.026110824610059424,0.678098301056357,4
15,ARK,0.17835519802246513,0.5791873626959059,12
16,ASK,0.14386257439334593,1.2722113476510943,12
17,ATK,-0.2529615223771894,1.1355308981836634,7
18,AVK,-0.4304094702253571,0.7641833035956119,8
19,AWK,-0.10562392137931907,0.33414633911635244,4
20,AYK,-0.17951499915157698,0.6875710376630997,4
