Translation,mean,std_err_of_mean,len
C*S,-3.443541947258444,0.5318513340443601,4
CAS,0.05413265838212,1.5010733118925081,8
CCS,-1.0919834458681799,0.8556140393293831,4
CDS,-2.209729210180519,0.3392195798585267,4
CES,-2.9295569499910146,0.2537508510106885,4
CFS,-2.311624156282698,0.4545430661470795,4
CGS,-2.0857324066990612,0.3953134072307063,8
CHS,0.34124341802384617,0.2726049947932091,2
CIS,-0.12229404934729882,0.3525047471528072,4
CKS,-2.4388127877603543,0.3510648094219648,4
CLS,-0.2862246291831096,1.2037884532299747,12
CMS,-0.10082473372684553,1.1551998912852384,4
CNS,-2.795027846342812,0.35846845760515905,4
CPS,-1.4481868988288324,1.1481347055707518,8
CQS,-1.1374495299617602,1.4890802633784845,4
CRS,-2.219925266271326,0.37593448936564283,12
CSS,-1.804686922857069,0.6751906790701881,12
CTS,-0.13211669369834705,1.255892030254727,7
CVS,-0.12173322657418595,0.6977387869779387,11
CWS,0.3334639412378193,1.2651607166394896,3
CYS,-2.1153380240432456,0.6498942172924288,4
