,Translation,mean,std,len
0,D*V,-3.724925512812876,0.15441793135279114,4
1,DAV,-0.3408157987314834,0.8489678729370104,8
2,DCV,-0.3385718459910521,0.2802617681199088,5
3,DDV,0.26504551490747463,1.065057055391628,4
4,DEV,-0.3990003274114171,0.9838424524477936,4
5,DFV,-0.10388097221191428,0.524269667955413,4
6,DGV,-0.0567071901314512,1.0019182990063609,8
7,DHV,0.13640235168142256,1.0312211804796432,4
8,DIV,-0.01765472238112631,0.8989240715725696,4
9,DKV,-0.3917613921417549,1.5500878445821047,4
10,DLV,-0.054173416406609,0.5791012349586661,12
11,DMV,-0.7632447677279413,0.4909885194437754,4
12,DNV,0.3200864516129054,1.1905521516638968,4
13,DPV,-1.817292213170892,0.2565975374761874,8
14,DQV,-0.9991026550158426,0.5640782570700018,4
15,DRV,0.18235408770688388,0.8541287907112317,12
16,DSV,-0.6534727432147164,1.3711288161305404,12
17,DTV,-0.1921842692617134,0.7742582115339735,8
18,DVV,-0.2803075925944555,0.7278030907212639,8
19,DWV,0.10432778420895096,0.4683590505391994,4
20,DYV,-0.07345348942624863,1.2131123079868196,4
