,Translation,mean,std,len
0,A*L,-2.2740986815419837,0.6305478973981216,4
1,AAL,0.30256131833161504,0.439949203310064,8
2,ACL,-0.11385246763986867,0.38708367462652976,4
3,ADL,-0.09657177953506467,0.4792862229136634,4
4,AEL,0.047884985558435116,0.18888848404518774,4
5,AFL,0.4630169906686701,0.4958930578904808,4
6,AGL,-0.12688521782381612,0.2764699297444968,8
7,AHL,0.24940656367913536,1.0311185413668165,4
8,AIL,0.2804031406034309,1.2291255764183815,4
9,AKL,-0.787197013908729,0.3277617499114815,4
10,ALL,0.4163797632331472,0.4933018415360994,12
11,AML,-0.3449216659475003,0.6212970431227559,4
12,ANL,0.6359105059167088,0.6451851368255993,3
13,APL,-0.4621589188056271,0.8318816825340867,8
14,AQL,-0.4054495543884433,0.8340518571814275,4
15,ARL,-0.24936562164295306,0.2766435316963932,12
16,ASL,-0.07509950848788133,0.6273521772661751,18
17,ATL,0.01697220028054469,0.4182045178058497,8
18,AVL,0.4087090878443981,0.9111286889894348,8
19,AWL,-0.25699876235849684,0.4444937704774452,4
20,AYL,0.0011216999798409066,0.8810430327868276,4
