,Translation,mean,std,len
0,L*G,-5.225129065500582,0.7940780871551465,4
1,LAG,-0.15199753767868338,1.601153872009669,7
2,LCG,-0.9793626103924828,0.7189869993151305,4
3,LDG,0.023308734548673642,1.9651954483088343,5
4,LEG,-0.4162089923916837,1.8205610603587885,9
5,LFG,-1.2244705863482717,1.4240005573008574,3
6,LGG,-0.9879714419187384,1.251863548924204,8
7,LHG,-1.1744962275268769,,1
8,LIG,-0.5863584067510971,2.1329290079843286,4
9,LKG,-0.5458879225859248,0.7599613246284527,4
10,LLG,0.3602264910724112,1.4740626985352543,11
11,LMG,0.3800067414384611,2.3618291907429243,4
12,LNG,-0.07674028041104404,1.1903372122426177,3
13,LPG,0.4452139897779616,1.3137154706322314,9
14,LQG,1.5132451668602471,2.5451102020748633,4
15,LRG,0.3080211906402705,1.5684003846362449,12
16,LSG,0.3217031109097685,0.9719229137777609,11
17,LTG,-0.8309037456066269,0.7239628790906129,6
18,LVG,-0.11913696791085285,1.78363966668192,9
19,LWG,-0.4628494623352419,0.5613590942861968,4
20,LYG,-1.0188084724904205,0.7347374743954075,5
