,Translation,mean,std,len
0,G*D,-9.195949950860962,1.3062793479270085,4
1,GAD,0.6310201204099204,2.5370445463202653,5
2,GCD,-2.5492405115364427,,1
3,GDD,-1.9376100603532065,,1
4,GED,-2.629948528955077,0.5281707467267621,3
5,GGD,2.3637580097516864,3.528608844306091,6
6,GHD,-3.138031312496937,,1
7,GKD,0.2495363987124163,1.5969936088175227,4
8,GLD,-0.3759244805513613,2.5711300652399887,6
9,GMD,0.2469483000245082,1.2938752333658288,3
10,GND,-0.9408247047183133,,1
11,GPD,0.7034725397939277,1.8645631822706008,2
12,GQD,-1.1369721160735728,1.8519235809611256,3
13,GRD,2.1170856210053013,2.2078484688098805,6
14,GSD,0.9422327946664044,2.541838637070165,7
15,GTD,-0.0464466384575104,2.4804350578165804,7
16,GVD,1.93114779284316,3.2063809465094755,5
17,GWD,0.7598373268686998,1.0554791518721072,4
