Translation,mean,std_err_of_mean,len
Y*H,-3.2495748554338846,0.22307299299031938,4
YAH,0.11074379147258662,0.46589487645166416,8
YCH,0.11364965473127708,0.26290628600335236,4
YDH,-3.4234880157230614,0.3968520788538495,4
YEH,-0.8149502129953432,0.32256627775122987,4
YFH,-0.5674401986715492,0.4687788767331366,4
YGH,-2.2635381542521595,0.1445241536118907,8
YHH,-1.0484232483573888,0.2223831688076557,4
YIH,-0.24972803954569756,0.2872591163151723,4
YKH,-1.8021180280396885,0.49949193181587115,4
YLH,-0.19323955728119868,0.43514157810577053,12
YMH,-0.13291103647443592,0.2897351043982647,4
YNH,-1.3365830767917206,0.17787947468482398,4
YPH,-2.381279616178799,0.2354807382499602,8
YQH,-0.31886776018034024,0.10126615244133094,4
YRH,-2.211845108524918,0.3006799149348378,12
YSH,-0.038727540654950765,0.43305689324582985,12
YTH,-0.1361939489238485,0.39346770335050596,8
YVH,-0.04259999048394825,0.39978180889312276,8
YWH,-2.412487253700584,0.17134207141066274,4
YYH,-2.8335521517490774,0.15326821657338155,4
