Translation,mean,std_err_of_mean,len
TFK,-0.17104152785475524,,1
TIK,-0.24237586626289734,1.1871711259174569,5
TNK,-0.1493378901894884,,1
TSK,-0.27532612444415694,,1
TTK,0.032164817682613034,,1
TVK,0.11950240458639527,,1
