,Translation,mean,std,len
0,P*G,-3.9551769379576847,0.5155150486891535,4
1,PAG,-3.903076003874233,0.5962066577022974,8
2,PCG,-3.1518540445282617,0.5749720199742626,4
3,PDG,-3.4158534029939447,0.16467304916831968,4
4,PEG,-3.1239587307811987,0.3375299468948652,4
5,PFG,-3.9394413342048513,0.3042902655722229,4
6,PGG,-3.7534949273887936,0.5299293715267702,8
7,PHG,-3.7961944029784886,1.0264416203694744,4
8,PIG,-3.8583670291875176,0.96802022810552,4
9,PKG,-3.704740589871729,0.5309776063241903,4
10,PLG,-3.8336678211975537,0.3342503981334242,12
11,PMG,-3.5860077758331785,0.561100703278409,4
12,PNG,-3.9784919369499154,0.6300196192008277,4
13,PPG,-3.3151480048216464,0.5539692293603906,8
14,PQG,-3.109748684426615,0.3728819895696765,4
15,PRG,-3.638837333510129,0.6494579682637932,12
16,PSG,-0.7032307617271729,0.5729671567563276,16
17,PTG,0.036529558942178464,1.4610176924490046,8
18,PVG,-3.494439994723769,0.5405131600375468,8
19,PWG,-4.078720209086313,0.4370181748744127,4
20,PYG,-3.4538082475676584,0.5314206005089299,4
