,Translation,mean,std,len
0,S*K,-2.270777207078939,0.8308723250349312,4
1,SAK,-0.15351442568936935,0.5221810799969638,8
2,SCK,0.0644338886037723,0.3649429409544993,4
3,SDK,-2.2912476991762194,0.7335012541354844,4
4,SEK,-1.6915274499377844,0.25825715539649524,4
5,SFK,-0.3085299919760208,0.2045086597110258,4
6,SGK,-0.9325041293993219,0.3668462335883677,8
7,SHK,-0.5454859857739216,0.8056551671205818,4
8,SIK,-0.2094076021569269,0.9008836733726402,4
9,SKK,-1.7923213683738215,0.7979005587799132,4
10,SLK,-0.2775683579477253,0.7935705353710165,15
11,SMK,-0.026449636672184033,0.2602162230164095,4
12,SNK,-1.7496373168267485,0.14659039534505544,4
13,SPK,-1.8350938393687264,0.5902159870143113,8
14,SQK,-2.0737975198852414,0.7017835528025826,4
15,SRK,-1.8739564351529523,0.5047948529000269,12
16,SSK,-1.0768486596021738,0.316250843093201,12
17,STK,0.4732453914945477,1.2022084220412614,8
18,SVK,-0.3805046343277312,0.3931507617816558,8
19,SWK,-1.9495977473944508,0.4168092691781817,4
20,SYK,-1.2747039504376432,0.6235594807116405,4
