,Translation,mean,std,len
0,M*H,-2.7206311675623573,0.6371437049347493,2
1,MAH,-3.0464401770046363,0.2736513051324852,4
2,MCH,-3.095885475399605,0.427233997414511,2
3,MDH,-2.645071114820684,0.3685112562828716,2
4,MEH,-3.0241815248894466,0.07079885356407828,2
5,MFH,-3.0972042483586835,0.8607866977445485,2
6,MGH,-2.494336030982917,0.26420019392293376,4
7,MHH,-0.5348271478931794,0.5284502714833713,3
8,MIH,-3.4788555264259067,0.37904455317594177,2
9,MKH,-2.7869850952731348,0.015840751982225773,2
10,MLH,-5.213042918956408,0.2686482912801212,6
11,MMH,-4.222637146095432,0.4696491666465462,2
12,MNH,-3.4526703137912933,0.4533763675634414,2
13,MPH,-3.0520112458914883,0.3195753437551452,4
14,MQH,-3.0915313342217785,0.4170667292638264,2
15,MRH,-3.0154417667675917,0.6769810571091718,6
16,MSH,-2.9018764786598505,0.4413050788590134,6
17,MTH,-3.4129847910198023,0.5426952124918677,4
18,MVH,-3.9510068285655153,0.2121484400246647,4
19,MWH,-2.909239196326784,0.16318758014015958,2
20,MYH,-3.2384325692139475,0.9093352886311292,2
