,Translation,mean,std,len
0,V*A,-3.594660128849636,0.8980526211543101,3
1,VAA,1.3770863948181216,2.0912212916951884,8
2,VCA,2.3795202124563377,2.057099853980508,3
3,VDA,-3.158177878698647,1.6835067835550783,4
4,VEA,-3.968012583644774,0.3973039350180983,4
5,VFA,-0.6454399452005456,1.174721645464754,3
6,VGA,-3.5391174701140065,0.303584067752807,8
7,VHA,-2.98285239683329,0.4547091097399361,4
8,VIA,-0.04643331200718434,3.5990443036132045,3
9,VKA,-4.019638099769413,0.7825785748529771,4
10,VLA,-0.4605874469049606,0.8350433405756635,10
11,VMA,2.4797830350943633,0.5538382935051832,3
12,VNA,-3.5838757899689933,0.7367694084762959,4
13,VPA,-3.606832027627868,0.7181527375324345,6
14,VQA,-3.2978127773800248,1.1402030270553454,4
15,VRA,-3.7991636543214073,0.6486227919316637,12
16,VSA,-3.845369586854695,0.8075115471895055,12
17,VTA,1.3276027234009171,2.1595040565327217,7
18,VVA,0.7717498362411962,2.0677335724883608,6
19,VWA,-3.812332243816112,0.7475994061989419,4
20,VYA,-3.64324820529146,0.4549294255766662,4
