Translation,mean,std_err_of_mean,len
F*G,-0.09541500028950711,,1
FCG,0.5572842306112546,,1
FDG,0.3882243692991878,,1
FFG,-0.2543133665695967,,1
FHG,0.19327754671362207,,1
FNG,-0.24059195957568047,,1
FYG,0.06879515116989783,0.22204366553148894,5
