Translation,mean,std_err_of_mean,len
D*E,-4.538739352437501,0.9250033187305533,4
DAE,-0.52362453661181,1.0212934612260653,8
DCE,-0.7587430684836598,1.0115690855018995,4
DDE,-4.837987212577351,1.1712676114982639,4
DEE,-4.542692426314029,0.6593142633470026,4
DFE,-0.6842775081652468,1.268560846018482,4
DGE,-0.47150692407199546,0.9725754376635527,8
DHE,-0.3711476748763862,1.1881613721238369,4
DIE,-0.30658973655712235,2.083553188591079,3
DKE,-2.6898555133455875,0.6111891401602989,4
DLE,-0.21198433179142234,1.6634578428304643,13
DME,0.26356193577850884,1.6957598999411043,4
DNE,-0.7820118186138003,1.96596026620548,4
DPE,0.20905115127938045,1.0959616700353378,8
DQE,-1.1967710315428937,1.910770250746657,4
DRE,-3.251418717928883,0.9694714785385036,12
DSE,-1.888000351950106,1.2917052698532876,12
DTE,-0.7645057918500905,0.580779462127414,7
DVE,-0.5084845545393643,1.0323942522816705,8
DWE,0.02478759948808351,1.5372010611986537,4
DYE,-0.5468901720268919,1.8104015226628856,4
