,Translation,mean,std,len
0,D*W,-5.7154752160794855,0.2502468166046801,2
1,DAW,-0.9482225382309613,1.2057766813518158,4
2,DCW,-1.2695685306102211,0.6284295082235604,2
3,DDW,-0.4789740915098006,0.7909182605791245,2
4,DEW,-1.3907832421255295,0.9760393274956776,2
5,DFW,-0.7251659136050836,0.05367005558469298,2
6,DGW,-0.4513208881112032,1.1608968384837302,4
7,DHW,-0.5087264177681066,0.4612188006001795,2
8,DIW,0.6415586913027091,0.6298577371437558,2
9,DKW,-0.4047020428445287,1.1981866116231337,2
10,DLW,-0.9092940922699696,1.058072425210472,5
11,DMW,-0.7701058521550124,0.2853060527751564,2
12,DNW,-0.7966518549150816,0.356550390651214,2
13,DPW,0.024688371775306358,1.2613776025731005,4
14,DQW,-0.015910678254912103,0.5695775616177453,2
15,DRW,-0.4644663638542408,1.0667524059964733,6
16,DSW,-0.3165270701773521,1.3918390598403474,6
17,DTW,-0.7371410307596895,1.4346383509018348,4
18,DVW,-0.2943531250951308,1.074709546151222,3
19,DWW,-1.6365805259231747,0.4373702587494101,2
20,DYW,2.358603181382415,0.9710381345791718,2
