Translation,mean,std_err_of_mean,len
I*Y,-3.744684316734279,0.751743106666867,6
IAY,-0.7328552629757652,1.0279637438849372,11
ICY,-0.1989395745032155,0.18006384374485337,5
IDY,0.11654738831988656,0.6715317711673167,5
IEY,-0.49867100645852336,0.9151812104227527,6
IFY,-0.18368869897050213,1.1046386597055347,6
IGY,-0.06647819791588987,0.7903300221908943,12
IHY,-0.4471412869113651,1.3818845368617476,5
IIY,0.05046958690794826,0.9667403621027889,6
IKY,-0.8281122861339663,1.1428361797608897,4
ILY,-0.045335575427103966,0.45551238102732144,18
IMY,-0.28974566542622887,1.0532836234181426,5
INY,-0.4206503907102627,1.0256677239176244,6
IPY,-0.6729552871526792,0.698067251560985,10
IQY,-0.28683342706316317,1.1359973087763968,6
IRY,0.06562081864375181,0.6411265715640596,18
ISY,-0.1255410338180587,0.8565536131439189,17
ITY,0.022818951407545713,1.071122108257072,12
IVY,0.002555363081706489,1.1710843867979757,12
IWY,0.58881678362123,0.6644644213346529,5
IYY,0.020786140333879377,0.5755619282464108,6
