,Translation,mean,std,len
0,A*P,-3.792606615445546,0.2049816953975976,4
1,AAP,-0.0634614113124406,0.5917728466625902,8
2,ACP,0.2942531700132225,0.6955953279947391,4
3,ADP,-3.5961005280733938,0.7455639367101583,4
4,AEP,-2.7862123721028453,0.6608938579241854,4
5,AFP,-0.05613515677629879,0.6016320801853122,5
6,AGP,-3.941597935507901,0.2073213957988628,8
7,AHP,0.0397948943340436,0.5089398745312927,4
8,AIP,-3.5313634292854363,0.5278694038118388,4
9,AKP,-3.6283117472641897,0.5448802131245922,4
10,ALP,-0.9620561659801248,0.9229953556090322,12
11,AMP,-0.7047975906823294,0.5877731165311119,4
12,ANP,-1.0283630154519598,1.1401458425949182,4
13,APP,-3.811932766041832,0.6196655876898348,8
14,AQP,-0.17106702503402516,0.5861854018707601,4
15,ARP,-2.615541620679448,0.3474685950891238,12
16,ASP,-0.9522099917530252,1.1475057539851772,12
17,ATP,-1.157876232330363,0.6698563165888813,8
18,AVP,-2.013048545195651,0.8387225279471628,8
19,AWP,-0.01642249688733366,0.3922784163019794,4
20,AYP,0.18623503054869905,0.36879920337680827,4
