,Translation,mean,std,len
0,L*D,-0.9485985672687056,0.1542320325690489,4
1,LAD,-1.3054376720666565,0.35118033638860346,8
2,LCD,-1.1142595627201737,0.22277736913918206,4
3,LDD,-0.15577129946298598,0.05206239326625095,5
4,LED,-0.012771323262930215,0.190703811424821,6
5,LFD,-1.447485977863285,0.1891970259269785,4
6,LGD,-0.7585804381505247,1.7456843950187235,9
7,LHD,-1.300275912127905,0.35057559824999784,4
8,LID,-1.445185351100834,0.2016052486172301,4
9,LKD,-1.4134237167922548,0.16322322506583675,4
10,LLD,-1.4225519859531923,0.2640695134712561,12
11,LMD,-1.5965316890000545,0.3512459996972769,4
12,LND,-1.3397148012547513,0.2729849672235981,4
13,LPD,-1.497134944461718,0.3784403957134476,8
14,LQD,-0.29403318819925106,0.2749397115983091,4
15,LRD,-1.6078639306247933,0.24487609883959596,12
16,LSD,-1.525874995083368,0.2517886127285265,12
17,LTD,-1.0848978988975868,0.2396799727844823,8
18,LVD,-1.2284535992092327,0.39768729385428137,9
19,LWD,-1.3476659220224791,0.1093404048333281,4
20,LYD,-0.8033546791728391,0.3343624853375291,4
