Translation,mean,std_err_of_mean,len
C*G,-0.2650138228504999,0.5472737336012159,4
CAG,-0.04346067276632126,0.7442228200948693,8
CCG,0.11526981367287714,0.670625404400085,4
CDG,-0.11043199512302349,0.5280481000164398,4
CEG,0.2115264727032502,0.176936383644186,4
CFG,0.1782962185979864,0.5138826867402173,4
CGG,-0.3210793881464181,0.3751764530082574,8
CHG,-0.03567736018038592,0.6740980458514717,4
CIG,-0.01628766998329656,1.3265382381493513,3
CKG,0.13056277057129417,0.461064637113598,4
CLG,0.057981802150084416,0.6964910674045461,12
CMG,0.032695102152349165,0.632408842254333,4
CNG,-0.7551715735765514,0.4224643008984253,3
CPG,0.08940331195617046,0.6952265665314857,8
CQG,-0.06249060388296113,0.9657087853214423,4
CRG,-0.2694960131050988,0.7490339542398421,12
CSG,0.024814505665803566,0.513134825693537,15
CTG,0.7746654217994217,0.5651814485830996,8
CVG,-0.24213774871424476,0.48708624504821557,8
CWG,-0.024654721633843746,0.7322042991253135,4
CYG,0.15038059173982932,0.5390737030544136,4
