,Translation,mean,std,len
0,V*Q,-1.054395747233662,0.5675418527988557,4
1,VAQ,-0.5591412749622965,0.5606647801685671,7
2,VCQ,-0.5086753175106091,0.8174008424784225,4
3,VDQ,-1.0675125693990677,0.7763949249969645,4
4,VEQ,-1.4423774173537418,0.6495749213398739,4
5,VFQ,-0.004785938422053881,0.7108036002402178,4
6,VGQ,-1.1255000543614857,0.3689622691025172,8
7,VHQ,0.114121759162515,0.2727484502022504,3
8,VIQ,-0.5302469767077715,0.5980955015076512,4
9,VKQ,0.06828264145889927,1.4566180470779648,4
10,VLQ,-0.4376171746580388,1.1095629543447505,12
11,VMQ,-0.22331022506664303,1.080439193569528,4
12,VNQ,-0.2317604786818617,0.4524625695741363,4
13,VPQ,-0.3564071701625383,1.047544651258658,7
14,VQQ,-0.4637596783377544,0.5144867290103879,4
15,VRQ,-0.04052561366398299,0.6504264135737627,13
16,VSQ,-0.6672874898573373,1.077902484439208,12
17,VTQ,-0.06170602037577781,1.391705700703154,7
18,VVQ,-0.4654261857872375,0.7230347707402256,8
19,VWQ,-0.00656961896081909,0.7426056047562466,4
20,VYQ,-0.3834550330974236,0.670525974577387,4
