Translation,mean,std_err_of_mean,len
E*C,-4.890296080535793,0.8955464617695228,4
EAC,-0.26164323483904145,0.8976586529897567,7
ECC,-1.1852090556445398,0.5855938917696115,4
EDC,-1.0148084424230672,0.2546221188625407,4
EEC,-1.8048664081189343,0.6028476980906252,4
EFC,0.18169190581585393,0.3248464817676676,4
EGC,-0.24548201635075995,0.6878687106048704,8
EHC,-0.12330138066150265,0.5283858291112634,4
EIC,-0.19417615448413406,2.5240873321056103,4
EKC,-1.3975836133458417,1.226415724724934,4
ELC,0.37994186716563405,1.3400513741373183,11
EMC,0.595755872274601,0.337639255263889,4
ENC,-0.42178884374248327,1.065287693349877,4
EPC,0.8791797985986941,1.0594216116955626,7
EQC,1.2386201782281947,3.5374345447333666,4
ERC,0.6040143823941694,1.0164906902574034,12
ESC,-0.2967112933834464,2.3765123507074217,11
ETC,-1.2198980368583485,1.7921423403217394,5
EVC,0.612304157724457,0.920822620336459,8
EWC,-1.7490113022040863,0.6106904066128218,3
EYC,-0.5148403934854058,1.0093637735973096,4
