Translation,mean,std_err_of_mean,len
V*C,-3.286182727913644,0.9386648326795997,3
VAC,-0.6151392685798845,0.7644687396387448,7
VCC,0.8957217543771778,1.4021258551202198,4
VDC,1.1694877211633825,0.7331974939733095,4
VEC,-1.3459905191264252,1.6930950435114875,3
VFC,0.2389012041195302,0.7600778368956106,4
VGC,0.16898571324696543,0.6757771481229264,8
VHC,0.9902997078469202,0.44226553007482355,4
VIC,-0.9506109320939049,1.0148728567477343,4
VKC,2.26804654878095,1.815807012519651,3
VLC,0.8357679498521712,1.8703712172474676,10
VMC,-1.0368818652049898,0.7049317023779433,4
VNC,0.8826973015926793,2.382504843171384,4
VPC,-2.486380628866657,0.6198421112007022,8
VQC,0.45103778578437304,2.610747683756388,4
VRC,0.3831543527215327,1.154057171637781,12
VSC,-0.2226075514169813,1.0087624479354915,9
VTC,-0.5777097563645361,0.8204400525527682,8
VVC,0.09190587125714167,0.8883241226941602,8
VWC,1.7547841791205314,1.133605364373955,4
VYC,-0.07528999120248714,1.0759754122126324,4
