,Translation,mean,std,len
0,M*Q,-3.5960266279095072,0.4466925126672587,2
1,MAQ,-0.058020356504762775,0.5788625404765626,4
2,MCQ,0.5246717912307233,1.5009246433563528,2
3,MDQ,-3.0421592471757073,0.16015270609896853,2
4,MEQ,-2.7039547298792788,0.07368655971675993,2
5,MFQ,-3.8915430752068834,0.8328256432278384,2
6,MGQ,-1.3045555671808478,0.5561866442924125,4
7,MHQ,-2.7731121849028897,0.778493443315037,2
8,MIQ,0.23169619807786604,0.020367438465271,2
9,MKQ,-2.737963956113364,0.3018380319858504,2
10,MLQ,-0.09320727210781543,0.926866013576388,6
11,MMQ,-1.2052811520777786,0.6358237945037444,2
12,MNQ,-3.6317807510020224,0.03191147387043492,2
13,MPQ,-3.0585912165707607,0.5244814278240926,4
14,MQQ,-3.863328496357959,0.5973101292148856,2
15,MRQ,-2.6222987113852807,0.2667980689860896,6
16,MSQ,-0.15784905915349526,1.0885028830150014,6
17,MTQ,1.0692324369252124,1.4612789462909548,4
18,MVQ,0.11943492437536565,0.5522382234290828,5
19,MWQ,-2.1772277953047467,0.5750720193993331,2
20,MYQ,-3.321832595607398,0.5328905528841714,2
