Translation,mean,std_err_of_mean,len
D*V,-0.8562914643218242,0.719278346040091,4
DAV,-0.09229093696766388,0.4035717088737845,8
DCV,-0.639143193494546,0.30764906917271134,4
DDV,-0.6241170161313889,0.38979856646353983,4
DEV,-1.207220284049824,0.29332027492548424,4
DFV,-0.19308028145110456,0.6122481329829722,4
DGV,-1.140096926360235,0.20365985833434694,8
DHV,-1.1522606424941515,0.46410257088984974,4
DIV,-0.13557241814059906,1.1504123615037836,4
DKV,-1.3583991820519152,0.3772120918947649,4
DLV,-0.2461143085470623,0.5660997293726971,12
DMV,-1.133653797422653,0.21675806339898765,4
DNV,-0.9874173209467161,0.5376817101204708,4
DPV,-0.761745512724003,0.7691305274591321,7
DQV,-0.9301586598936633,0.6878017373565378,4
DRV,-0.9011403520947089,0.33028800101886585,12
DSV,-0.5431515432562574,0.4119249921534781,12
DTV,0.45724390970006323,1.3798516472134155,8
DVV,-0.18031445745750732,0.22166585026846952,9
DWV,-0.7133756346788187,0.49149667992582274,4
DYV,-1.013365301957153,0.9082716337481065,4
