Translation,mean,std_err_of_mean,len
D*F,-1.0203926869631588,0.5644331759490956,4
DAF,-0.9951458121054496,0.5949084654776857,8
DCF,-1.135587346445728,0.31840565059573794,4
DDF,-1.1858374980300648,0.6009545822755338,4
DEF,-0.14488552238238306,0.2633605274958628,5
DFF,-0.9466027177268173,0.5654365521871071,4
DGF,-1.318727819657122,0.07722902481636647,8
DHF,-1.4370388727197654,1.3919240950387621,4
DIF,-1.0892777268790304,0.2868108165142823,4
DKF,-0.8884697299526889,0.1666075962731032,4
DLF,-0.9293032485820674,0.44531060792894006,12
DMF,-1.223039093635024,0.77374090669481,4
DNF,-1.498221019759455,0.49675571498609183,4
DPF,-1.260729376686771,0.5091642886187395,8
DQF,-0.8100454529749266,0.456514268775537,4
DRF,-0.871939733047522,0.5172860716975896,12
DSF,-0.9467434031583292,0.23325364995282363,12
DTF,-1.0801733416523729,0.4793469265139509,7
DVF,-1.0432048130846736,0.29009961853260685,8
DWF,-0.9425819942391875,0.15513083518667548,4
DYF,-0.9371025280480343,0.6149282522910741,4
