,Translation,mean,std,len
0,R*V,-3.6276811345367617,0.6358109063449465,2
1,RAV,-4.088378986961168,0.6591656466438193,4
2,RCV,-3.493170780875792,0.5155234094129357,2
3,RDV,-3.3632944950954204,0.5489100889303334,2
4,REV,-3.427160446816507,0.3880983464985183,2
5,RFV,-3.6013501821611182,0.3924618313808325,2
6,RGV,-4.056585390911805,0.5365799764188064,4
7,RHV,-0.8642598927406624,0.6976217619118249,8
8,RIV,-4.2252586918693895,0.25870507747922633,2
9,RKV,-3.915913536533072,0.17314888456809352,2
10,RLV,-3.5021221585428925,0.4405810275622723,6
11,RMV,-3.9189506280866935,0.08535595454844555,2
12,RNV,-2.5465833697567555,1.7689556054301958,3
13,RPV,-3.642156538370634,0.5807786344841221,4
14,RQV,-3.487938114429923,0.2584179815735865,2
15,RRV,-3.6774502176600503,0.2959892954924641,6
16,RSV,-3.8240996413142074,0.6345978482229524,6
17,RTV,-3.6400546083952747,0.1558930834395668,4
18,RVV,-3.9977947496059434,0.4738488160599658,4
19,RWV,-3.243387035605146,0.5595717774426208,2
20,RYV,-3.4037449202920804,0.590390454662782,2
