,Translation,mean,std,len
0,H*I,-3.8663546919623566,0.06448903993599715,2
1,HAI,-1.4957345963578006,0.3082353150720864,4
2,HCI,-0.9186826998278791,0.2449409870254447,2
3,HDI,-3.4471938007501515,0.23207292770481225,2
4,HEI,-3.2620638778375683,0.21087533642273745,2
5,HFI,-3.5081656181969034,0.16164655768647793,2
6,HGI,-1.540807641867657,0.2512475118597483,4
7,HHI,-3.289589302296772,0.09595976633284377,2
8,HII,-0.862436430723081,0.12275635644833155,2
9,HKI,-3.3876851042987126,0.1488966718225605,2
10,HLI,-1.1989855636900155,0.6375650137956193,6
11,HMI,-3.0481722924457872,0.004243428700799826,2
12,HNI,-3.5447888334920643,0.055344574470408914,2
13,HPI,-3.3885340804539243,0.15725428596539345,4
14,HQI,-3.663400903803067,0.2558268614342737,2
15,HRI,-3.4672492250986733,0.09137720393147064,6
16,HSI,-1.4059010137492844,0.4480912075324528,6
17,HTI,-1.5888919271538071,0.2513179145208223,4
18,HVI,-0.16525298190726434,0.289268314685596,4
19,HWI,-3.2209648456099504,0.2154552761342269,2
20,HYI,-3.4465684994935595,0.4164135867533477,2
