Translation,mean,std_err_of_mean,len
E*L,-5.691962994827649,0.27422966117429604,4
EAL,-0.6216477683795462,0.9138741150444382,8
ECL,-1.3134876082769973,0.5612221083233792,4
EDL,-0.9875247511137746,0.9657975878467888,7
EEL,-1.3405092452740184,0.8298767553939029,5
EFL,1.0314300841799848,2.051251737445957,3
EGL,-1.3080686850005674,1.2802600124968366,9
EHL,0.6517369217443324,2.4530689797395255,3
EIL,0.011283915031998623,0.9191317722292387,3
EKL,0.1683519786111598,0.9314146500348435,4
ELL,-0.15598474854199704,1.7471755933729192,10
EML,-0.029997271427788814,1.0069139270834726,3
ENL,-0.8486975690041272,0.5554510454329261,5
EPL,-0.8977686015641341,0.19023897271731402,3
EQL,-1.1766588112776646,1.396913466863482,4
ERL,-0.8276862964890632,1.031237347582669,11
ESL,-0.3189212195632746,0.9285307044074146,11
ETL,-1.036717571657028,0.8113784324641286,6
EVL,-1.0374473484276308,0.6789379671134764,8
EWL,-1.078048695780378,0.4194787488102602,4
EYL,-0.6657107462538445,0.7618839447958451,4
