,Translation,mean,std,len
0,Y*D,-5.227636055036528,1.7847110214592827,4
1,YAD,-1.0685216939640003,1.3040665331131769,5
2,YCD,-1.0148925441598653,0.7244870035382178,3
3,YDD,-2.0891407620155946,0.586634770561374,2
4,YED,-0.4939442384697356,0.996959421542598,5
5,YFD,-3.976920038395537,,1
6,YGD,-1.6475089644357401,0.5853037517655858,7
7,YHD,-0.9696528824205632,,1
8,YID,-1.6420782243920584,,1
9,YKD,-0.24431378276604046,0.9996047740338444,4
10,YLD,-0.7026651813139806,1.266825744344282,4
11,YMD,0.18276440989640186,1.0618510143330078,2
12,YND,-0.9270383856096864,0.5445166346379011,3
13,YPD,-0.6881153021195946,1.7299240520194352,5
14,YQD,0.09675547450318243,0.5623956260336053,4
15,YRD,-1.1411894458042562,1.081043794618659,11
16,YSD,0.08996053552567397,1.8048281147763656,9
17,YTD,-0.6396141629617738,0.8566100504962287,4
18,YVD,-0.3115997074389572,0.9663370613812888,5
19,YWD,-0.07082068972394362,1.4048383765735868,4
20,YYD,0.786577033117316,1.6409781700389732,3
