Translation,mean,std_err_of_mean,len
N*N,-4.742924131361107,0.8058876225288361,4
NAN,-1.1956347259097355,0.7384844746926582,8
NCN,-2.1677226554792046,1.544246881730877,4
NDN,-1.1910506531677176,0.35023849680923524,4
NEN,0.0012407637182967335,0.9037456447366964,4
NFN,-2.727066242136141,0.6807836728282185,4
NGN,-1.573819222356556,0.5209183888256711,8
NHN,-1.4267874693137022,1.0549781878413662,4
NIN,-1.0325544045549604,1.3471123681710893,3
NKN,-0.7176501485644102,0.7330258025024169,4
NLN,-1.387488033641027,1.8763524763444626,11
NMN,-1.046247250653463,1.2451865251298482,4
NNN,-2.3490970389982326,1.0286397704345491,4
NPN,-0.06232512846235431,1.3083903967147903,7
NQN,-1.2286596509973386,0.8191412074352493,4
NRN,-2.587039985614202,1.5853009783124314,12
NSN,-1.7611396550059168,1.2183975023086615,12
NTN,-0.7078317339184613,0.7854884584656567,6
NVN,-1.7767684009783342,0.6664759020320785,8
NWN,-0.832144951789159,0.9064329292236548,4
NYN,-2.2819824972739426,1.302080961345112,4
