,Translation,mean,std,len
0,M*N,-5.230092754089991,0.5340268567903265,2
1,MAN,-1.6655163651819769,1.120467205211475,4
2,MCN,-1.5074166259755355,1.0014587768617975,2
3,MDN,-1.0276991570191507,0.8373159837344542,2
4,MEN,-1.6923126967891962,0.4878203797885409,2
5,MFN,-1.5530707625854618,0.420775255938004,2
6,MGN,-1.7339954312016213,0.5781493577461889,4
7,MHN,-0.9727659559873604,1.190900225752774,2
8,MIN,-1.9392261006590688,0.40623881489014224,2
9,MKN,-0.9185239136654012,0.7597352763520321,2
10,MLN,-1.122380070171373,0.9833856069505079,6
11,MMN,0.6687948912770616,2.1783245307991885,2
12,MNN,-1.8329466409422053,2.149563785369112,2
13,MPN,-0.6861621514646428,1.307001092132246,4
14,MQN,-0.17354403825991316,0.7122656480297856,2
15,MRN,-1.4733503981167966,0.7400921976875163,6
16,MSN,-0.5681140833289543,0.8624951128466556,5
17,MTN,-0.4996725324560778,0.6253741780860371,4
18,MVN,-1.5124555769383263,1.0324897260902273,4
19,MWN,-0.15810216371966046,0.024972262916544016,2
20,MYN,-0.8583769889356314,0.030126971667910826,2
