,Translation,mean,std,len
0,S*H,-4.549810018044804,0.2690747273829049,4
1,SAH,0.220585763604214,0.9830704044706364,8
2,SCH,0.22679358762020296,0.819672990628044,4
3,SDH,-0.3238311221949897,0.5815842530999386,4
4,SEH,-0.12037441178463815,0.6036524403813184,4
5,SFH,-0.4502827364988815,0.591368512725431,4
6,SGH,-0.035876429182958525,0.4515943798097899,8
7,SHH,-0.4196425966632609,0.5202063464217356,4
8,SIH,-0.94692657493575,0.21241369206567867,4
9,SKH,-0.8882448922419723,0.5499452095228535,4
10,SLH,-0.5434091964790378,0.8918813622655198,12
11,SMH,-0.5179769834584367,0.38238933596145,4
12,SNH,-0.935596012868098,0.5647403905056729,6
13,SPH,-0.4182485969557911,0.7172415906857801,8
14,SQH,0.26523304006943005,0.6240642036409827,4
15,SRH,-0.19088868877000068,0.6318503534759086,12
16,SSH,-0.2362700771730445,0.5588651437748946,12
17,STH,-0.5146985015117148,0.3158270390247347,8
18,SVH,-0.3732059589597849,0.61252839991815,8
19,SWH,-0.4780541383279973,0.4062591147165625,4
20,SYH,-0.25783329763252216,1.2127489110478349,4
