,Translation,mean,std,len
0,R*S,-4.031018262575497,1.4432484164568986,3
1,RAS,-0.2602634846570664,0.6758402543735773,4
2,RCS,-1.0390253390919129,0.4632027429228369,2
3,RDS,-1.177321465654098,0.41852432625317776,2
4,RES,-1.364771700227392,0.471061349629393,3
5,RFS,-0.2923065050473559,0.6789240619971935,2
6,RGS,-0.6441508780572122,0.2147230831061581,4
7,RHS,-0.9600813672144612,0.5195397479016038,2
8,RIS,-1.124069595791386,0.2552361372111851,2
9,RKS,-0.9873607854360829,0.6065374591217904,10
10,RLS,-0.3893333438394147,0.5385996813125169,6
11,RMS,-0.926197478657908,0.893748240975798,3
12,RNS,-0.467592931840412,1.1258925156094517,3
13,RPS,-0.9359974785914602,1.2846766427529464,4
14,RQS,-0.4749486495724571,0.20553670803677326,2
15,RRS,-0.5213342406494961,0.29987672492411405,7
16,RSS,-0.3298298994332735,0.991626930713433,6
17,RTS,-0.612443021810703,0.618174244234053,5
18,RVS,-0.17687579807567855,0.3144475667060045,4
19,RWS,-0.3895972439314308,0.3816820739960664,2
20,RYS,-1.4629029323176774,0.8709714760813188,2
