,Translation,mean,std,len
0,H*F,-4.580865899239488,0.2752101131049148,4
1,HAF,-0.1014822415812332,0.5407813116618666,8
2,HCF,-0.14110094545135565,0.5673049326242334,4
3,HDF,-0.5881640761194853,0.20751275221565804,4
4,HEF,0.1897094041284864,0.3078328350116299,4
5,HFF,-0.2448944036624552,0.7202152448897398,4
6,HGF,-0.3603033170273357,0.3278865678253692,8
7,HHF,0.2378258715302406,1.1520162707234944,4
8,HIF,-0.5009547205931768,0.5716878088986339,4
9,HKF,-0.33356151966234804,0.3382053920716727,4
10,HLF,-0.6722546312922022,0.6223190977878825,12
11,HMF,-0.38100325572141797,1.13208681915858,4
12,HNF,-0.4537722123301911,0.4293464162965432,4
13,HPF,-0.4917979852119573,0.8974854584338244,8
14,HQF,-0.6102939907057747,0.6504283232719802,4
15,HRF,-0.3541091930172993,0.5379511786204593,12
16,HSF,-0.2568267055660108,0.5441117468909457,12
17,HTF,-0.6178351953463365,0.6925572894315138,8
18,HVF,-0.15333765968294066,0.6081443596723257,8
19,HWF,-0.3405615429383455,0.3876689432886253,4
20,HYF,-0.44205251406071455,0.4155945669376147,4
