Translation,mean,std_err_of_mean,len
I*K,-4.573640514585169,0.21295747127244719,6
IAK,0.0019771423820408676,0.5497592869731396,12
ICK,0.1910841443553625,1.320210215078496,6
IDK,0.2885582123563754,1.1945691542815289,6
IEK,-0.3096639675803307,0.8256624811335057,6
IFK,-0.5477987020020284,0.9908316027838885,6
IGK,-0.17948833421171173,0.8088507398468193,12
IHK,-0.33490479184745325,0.6765578041801138,4
IIK,0.0344988235284401,0.8722376068650851,6
IKK,-0.16576098801025715,2.1324688001433008,6
ILK,-0.24938164934401452,1.053116731374689,18
IMK,0.07529254972339032,2.1771545279281432,5
INK,-0.7423193287304035,1.1813992769354131,6
IPK,-0.012308206368134122,1.7801547550542254,9
IQK,-0.7431836670227736,0.9968263005041295,6
IRK,-0.43376279698158865,0.9281343248317204,17
ISK,-0.5705760423258659,1.1883098921047863,14
ITK,0.6136935274994433,1.6225896783185079,12
IVK,-0.37330583820802854,0.9652624864167773,11
IWK,-0.5514729143192673,0.9154637186397638,6
IYK,-1.1887594926273466,1.009361362060513,5
