Translation,mean,std_err_of_mean,len
L*I,-4.716237864130532,0.5042727215188201,4
LAI,-1.2532631575506261,0.8866062427864179,8
LCI,-3.2975216711549313,0.945254889337804,4
LDI,-2.722056868531884,1.5789226818321456,4
LEI,-2.216713973271596,1.0867984853417498,4
LFI,-1.5967497421596817,0.8280887021952816,5
LGI,-2.841726543266236,1.1981224561291453,8
LHI,-1.2277207707738822,1.440939208254165,4
LII,-0.44136659089036856,0.8230010755809426,4
LKI,-2.5351616987856804,0.500910260888204,4
LLI,-1.2380848040106198,1.2888878740899592,15
LMI,-1.0811006087048092,1.045411646347014,4
LNI,-3.208934944253224,1.14256569092699,4
LPI,-4.303027795274537,0.43957834641927807,8
LQI,-1.3181478264184907,0.8334516280010615,4
LRI,-0.9857792438874805,0.8137760836605328,12
LSI,-2.1763091500293226,1.6024719073902691,12
LTI,-1.5066758625517171,0.576449778232313,8
LVI,-1.6952452889623797,1.678395179735575,8
LWI,-1.1703071200042705,1.1633627037004108,4
LYI,-3.149201611210307,1.1502333730858016,4
