,Translation,mean,std,len
0,M*N,-5.317541816899173,0.12210481592122725,2
1,MAN,-0.7657675558448636,0.7390773659932385,4
2,MCN,-1.6759771834229915,1.2321086526718403,2
3,MDN,-1.5825279392564244,0.501750629362364,2
4,MEN,-1.13326286745384,0.5236642885295046,2
5,MFN,-1.691021571263004,0.9827482334595176,2
6,MGN,-1.8581478172662576,0.9122370539488376,4
7,MHN,-1.0157774410523306,0.4938322580060186,2
8,MIN,-1.6456291942991983,0.3643754198243392,2
9,MKN,-1.4164945590677855,0.35284753363911703,2
10,MLN,-1.3140485368787589,0.6553556703176865,6
11,MMN,-1.2721280008643912,0.7161612214867901,2
12,MNN,-1.3112911671245342,0.04179149232533706,2
13,MPN,-1.1884620530314132,0.25112034404813205,4
14,MQN,-0.6994125312082154,0.6307978122020751,3
15,MRN,-1.2697277579819597,0.992382185499056,6
16,MSN,-1.2337858081549082,0.2334782585855184,6
17,MTN,-1.8082753159204743,0.4063560523939246,4
18,MVN,-0.7853514901457481,0.62497993703293,4
19,MWN,-1.7128124222030787,0.7110545502960987,2
20,MYN,-3.6009207432612755,0.8342993790135983,2
