,Translation,mean,std,len
0,V*L,-6.530192778456682,1.1337134213398008,4
1,VAL,-2.135973431440509,1.7646846086189043,7
2,VCL,-1.0497743894018754,1.4733779533561848,2
3,VDL,-1.9895229057183796,0.534946868155604,3
4,VEL,-2.212944354864077,1.9160242642120735,4
5,VFL,-1.3878403788518918,1.1189190411152663,2
6,VGL,-1.766765944741585,1.977582008276476,8
7,VHL,-2.6150050365171245,0.8560273196127992,4
8,VIL,-1.925147901322384,1.09219290513014,4
9,VKL,-1.9684508725315872,0.8421469915371224,4
10,VLL,-2.2653941467340943,1.710134539788772,11
11,VML,-1.7392189927501716,2.273385345036385,4
12,VNL,-2.7076931183462727,1.5073605743810723,4
13,VPL,-2.1548880129073185,0.3653737308254839,8
14,VQL,-1.782617536619442,1.0537132771290652,5
15,VRL,-2.1343010479861717,1.4222585359356497,12
16,VSL,-1.914800159687172,1.234614441559532,12
17,VTL,-2.280554353445208,1.3483870301504035,8
18,VVL,-0.8786283551608173,1.2272816921217415,6
19,VWL,-0.774953786666836,1.6653088172292825,3
20,VYL,-1.7499074654959816,3.236205273906493,3
