,Translation,mean,std,len
0,S*Q,-6.011503970669117,0.810661361941652,4
1,SAQ,-2.8870687188648203,0.3084374529526769,8
2,SCQ,-2.714008816356205,0.995637390328762,4
3,SDQ,-2.1725261946162795,0.6240655276679107,4
4,SEQ,-2.6484355190742663,1.1016677725159842,4
5,SFQ,-2.896203600984056,0.925442456319156,4
6,SGQ,-2.955582568665963,1.0245617412599024,8
7,SHQ,-2.474003551225747,0.3139337149147109,4
8,SIQ,-2.3967331657408324,0.9250867522597868,4
9,SKQ,-2.41593863921198,0.7216091626714504,4
10,SLQ,-2.729678261376776,0.621042220728865,12
11,SMQ,-1.0984035646162946,1.141431788251706,6
12,SNQ,-2.96445459014436,0.6459709312699509,4
13,SPQ,-2.359834410619584,0.4127368083877196,8
14,SQQ,-2.2541241236137703,0.5207706473011662,4
15,SRQ,-2.9926925714455925,0.5806722809455124,12
16,SSQ,-2.46484919971213,0.7381369988314634,12
17,STQ,-2.6078856476382035,0.3890277762787547,8
18,SVQ,-2.641257835594017,0.7764617686369928,8
19,SWQ,-3.4207119771769885,1.3644625784859397,4
20,SYQ,-2.9008429138964624,0.2377846507141077,4
