,Translation,mean,std,len
0,Q*R,-4.938650679953531,0.2365348401318824,2
1,QAR,-3.1854598656159485,0.3734670591103066,4
2,QCR,-2.23458610965796,1.0411034925078937,2
3,QDR,-3.4845934551721847,,1
4,QER,-3.3344051807826935,4.063714205472805,2
5,QFR,-3.650893070813291,,1
6,QGR,-3.254018136407043,1.3162118934422646,3
7,QHR,-3.2469491051987625,0.7094540262552199,2
8,QIR,-2.3510797050335306,1.7550694876670083,2
9,QKR,-3.1987509255330475,1.2821993161425271,2
10,QLR,-1.2907227211770778,2.313088926111747,10
11,QMR,-2.566416718211697,0.5286601310162555,2
12,QNR,-2.5003043450140616,1.2761007663372923,2
13,QPR,-2.8869922912112016,0.29525463490539505,4
14,QQR,-2.8097250276952472,0.21950408903744106,2
15,QRR,-3.880011155906729,1.0507273642418131,6
16,QSR,-2.614268700947008,1.4785794644511665,6
17,QTR,-4.082019968389472,1.3353722897339804,4
18,QVR,-1.0454721175224588,2.646666992897588,3
19,QWR,-1.4056273031578552,,1
20,QYR,-0.3503406597540941,1.5917505219389625,2
