Translation,mean,std_err_of_mean,len
P*T,-6.1347756005737395,1.104742720582596,4
PAT,-0.9557950052145308,1.6304561461331142,8
PCT,-0.747859000757004,0.4204710792791416,3
PDT,-0.4781587794251796,0.7740306471742897,4
PET,-3.3430543779548803,1.3654755528679474,3
PFT,-0.9824098625795166,0.7176783030445797,4
PGT,0.11033824747389324,3.433472516024319,5
PHT,0.003721462700011502,2.831607704562516,4
PIT,-1.3484040149012535,0.3977505568259722,4
PKT,-1.3097966133857832,0.8635876441944619,7
PLT,-0.48168308104832264,2.7200153366389674,11
PMT,-1.8736079032941217,0.8465297682541355,3
PNT,-1.8317287593660379,1.0888555593352536,4
PPT,-3.647589817317236,1.0111367103982856,8
PQT,-1.393957269671065,0.8164675996552864,4
PRT,-1.5176866882334241,1.3599001149585426,10
PST,-0.5306141210020312,1.3714600262792211,11
PTT,-1.073697636605234,0.6615571622090554,7
PVT,0.17267144721172797,1.7772678460194271,5
PWT,-1.1137740557511575,3.2775801930495017,3
PYT,-1.6443277794079796,0.816662629233403,3
