,Translation,mean,std,len
0,L*V,-5.4596143657615,0.5011269234479307,4
1,LAV,-1.2412645155224469,1.3513794050253758,5
2,LCV,0.5837282603555991,1.7747165639696458,4
3,LDV,0.1313243455678723,1.14331767637219,2
4,LEV,-0.9173542130897738,0.2985186065260209,2
5,LFV,0.3580842254546053,0.5064793885452499,3
6,LGV,-1.7702018173475664,1.9043308784293247,3
7,LHV,-0.3162207756077893,1.2842451039498168,3
8,LIV,-0.7858014777254013,0.8615083532880745,3
9,LKV,-0.7751262408745012,1.380354113686347,8
10,LLV,-1.1102778393149422,1.9656024427527965,10
11,LMV,-1.0679778107816351,1.6307502026308178,4
12,LNV,-0.9241718639384208,0.6863805544624353,4
13,LPV,-0.7417024229493974,0.7034697191532711,8
14,LQV,1.2079829483283149,2.9247867760578545,4
15,LRV,1.3921638517687955,2.371516140025439,10
16,LSV,-1.0791967732493193,1.4628947268605712,11
17,LTV,0.24542352966663736,1.9912192801316304,8
18,LVV,0.8642673419888437,3.580557479223696,3
19,LWV,0.8763570231480688,1.3206203727824766,3
20,LYV,-1.1428578897156785,2.4107957274322485,4
