Translation,mean,std_err_of_mean,len
N*K,-5.7891703078341745,1.0483338864986793,4
NAK,-0.3477569184505896,2.8818388093541594,5
NCK,0.4144473335576209,3.744340414680275,3
NDK,-1.2424082603078972,0.8001043326585181,4
NEK,-5.599714094315122,,1
NFK,-2.5347919687312106,0.8903665391679286,3
NGK,-1.1540987646114644,2.7752253715127138,3
NHK,-1.0675991720792344,2.393623947203673,4
NIK,-1.3608496381651862,0.591366764078203,3
NKK,-1.9516734997522915,0.7368834805455753,4
NLK,-0.636197014802241,2.084810728364914,10
NMK,-2.6747217042123546,0.8280691361151118,2
NNK,-1.364432962609926,0.788338863853679,4
NPK,-1.3298516478284332,1.055868873528362,8
NQK,-2.0976089730102463,1.048434467975819,3
NRK,-2.774375995357177,1.3891832963580533,6
NSK,-1.834069634627389,3.5999407111762176,7
NTK,-1.7595921209671577,0.5546074324183045,6
NVK,0.5297811244356903,2.8180872102249928,7
NWK,-0.39295236058024186,4.403051661495077,4
NYK,-1.9645367768212492,2.009409614453671,3
