,Translation,mean,std,len
0,N*K,-5.789170307834175,1.048333886498679,4
1,NAK,-0.3477569184505896,2.88183880935416,5
2,NCK,0.4144473335576209,3.744340414680275,3
3,NDK,-1.2424082603078972,0.8001043326585181,4
4,NEK,-5.5997140943151225,,1
5,NFK,-2.5347919687312106,0.8903665391679286,3
6,NGK,-1.1540987646114644,2.7752253715127138,3
7,NHK,-1.0675991720792344,2.3936239472036736,4
8,NIK,-1.3608496381651862,0.591366764078203,3
9,NKK,-1.9516734997522915,0.7368834805455753,4
10,NLK,-0.636197014802241,2.084810728364914,10
11,NMK,-2.6747217042123546,0.8280691361151118,2
12,NNK,-1.364432962609926,0.7883388638536791,4
13,NPK,-1.3298516478284332,1.0558688735283621,8
14,NQK,-2.0976089730102463,1.048434467975819,3
15,NRK,-2.7743759953571767,1.3891832963580533,6
16,NSK,-1.834069634627389,3.5999407111762176,7
17,NTK,-1.7595921209671577,0.5546074324183045,6
18,NVK,0.5297811244356903,2.8180872102249928,7
19,NWK,-0.39295236058024186,4.403051661495077,4
20,NYK,-1.9645367768212487,2.009409614453671,3
