,Translation,mean,std,len
0,T*K,-5.780148578538557,0.739954748598677,4
1,TAK,-1.1964724699022875,1.9634964242200328,8
2,TCK,0.20012530171326226,0.37093265872360376,2
3,TDK,-2.7045935369257657,1.2876023798214475,4
4,TEK,-0.8571626368878954,1.5605456275075418,3
5,TFK,-3.10491459249702,0.9758444947852536,4
6,TGK,-1.594480213054715,1.3767407428150118,5
7,THK,-1.5929391777519597,1.4474182459317266,4
8,TIK,1.755683650710654,0.5422576142929775,3
9,TKK,-3.672811058453392,1.114988031052186,4
10,TLK,-3.2460075942935065,1.138135689145145,10
11,TMK,-0.4674329904065369,2.774435933745089,2
12,TNK,-1.270999053497743,1.5121858665449155,4
13,TPK,-1.9558478561128376,0.9798497758607236,8
14,TQK,-3.2572166290282083,1.2399066122962323,4
15,TRK,-3.334407783674165,0.9033790207333124,12
16,TSK,-1.9130603353263058,1.1904879098794596,8
17,TTK,-0.5361984336527696,1.890803362388732,8
18,TVK,-1.824574105257272,2.2786802110998408,6
19,TWK,-3.708167724779847,2.0220987379559507,2
20,TYK,-1.8209689662094017,0.7201822736998128,4
