Translation,mean,std_err_of_mean,len
C*L,-5.835343964130812,0.7970141786523037,4
CAL,-1.0769756978633414,1.138750897417914,8
CCL,0.17743501342645218,1.2605740754261774,4
CDL,-1.9970081323646685,1.6461510456871224,4
CEL,-0.9089332036064868,1.66774494042615,4
CFL,0.2989554508261409,1.7143208562298626,3
CGL,-0.7675144352546059,3.218329336773178,5
CHL,-1.4484442282039198,2.449557819556953,4
CIL,-0.7651129716617954,2.0618164465447424,3
CKL,-1.809888689455322,2.5759691240850686,3
CLL,-1.8592902166008218,1.4825817928278513,9
CML,0.9700575946788486,1.1099313581533714,2
CNL,-1.0066844162140072,3.4255851349456314,4
CPL,-4.987146730064114,0.8686292340453264,8
CQL,-2.5579951535498378,1.9360300408105158,4
CRL,0.14768533280660356,2.208049374248139,8
CSL,-0.8935924069332708,1.368907837133547,10
CTL,-0.8707920397711211,0.5605918121625747,7
CVL,-2.5552614160649396,1.8830977362883667,11
CWL,-4.349949926127599,1.9634183755992412,3
CYL,-1.271067587199173,1.103140108909235,4
