,Translation,mean,std,len
0,A*P,-5.1442334389985165,0.6995123098776129,4
1,AAP,-3.0920452621817787,1.4293723285610005,6
2,ACP,-0.3438642466352171,2.1484870003183443,3
3,ADP,-3.4886291491902317,1.464378867793649,4
4,AEP,-2.8896326503864347,0.6493471027328824,3
5,AFP,-5.115759481310823,1.3308133543965133,4
6,AGP,-2.4114503385915165,0.7531083404740072,3
7,AHP,-3.2156835684314555,1.0217843514307057,4
8,AIP,-4.413976098224731,1.078389461396706,4
9,AKP,-2.615154710280434,1.1881942140526052,4
10,ALP,-4.351168553990481,1.0938558732692143,10
11,AMP,-3.827686167737013,0.8314743941193807,3
12,ANP,-1.4844969037538915,1.0259216146146188,7
13,APP,-6.031946041708034,0.99060458955671,8
14,AQP,-2.041772065375042,1.646922400878334,3
15,ARP,-3.3379580692118083,1.4031187221489303,10
16,ASP,-2.031473327719116,1.4410696660327642,10
17,ATP,-5.953643041957936,1.4199851646826622,7
18,AVP,-4.997468312630998,1.3233714931599831,7
19,AWP,-3.9938500748322143,1.066071994758217,3
20,AYP,-4.437627761248131,1.2119311383194742,4
