,Translation,mean,std,len
0,Q*G,-5.392902648550769,0.5928083787817222,4
1,QAG,-0.9949050551712604,1.0005898022057973,6
2,QCG,0.3210195916248682,0.546470922261867,3
3,QDG,-2.8637978354625218,0.7520268754015998,4
4,QEG,0.025267434792765497,0.5412123410977172,4
5,QFG,-0.04952516060226664,1.612762703886529,3
6,QGG,0.2208791226598087,1.4198474933865963,8
7,QHG,-1.591083798422873,1.2287619941894696,4
8,QIG,1.2683936123141244,,1
9,QKG,1.7382957217167776,1.9213704719784748,4
10,QLG,-1.2829259006254392,0.6068507052252217,10
11,QMG,-0.6011950890309121,0.7536055581723322,4
12,QNG,-0.5006291283777733,1.4465029467491977,4
13,QPG,-0.7469384467142519,1.0702196689086436,10
14,QQG,3.06392228009681,1.9395340257194589,2
15,QRG,-1.041293820840755,0.9836902555818622,12
16,QSG,-0.2977012591341911,1.7468916190134631,10
17,QTG,0.04153238722929024,0.9153810311073528,6
18,QVG,-0.03221439573736351,0.8600808512352567,6
19,QWG,-1.991288535398485,0.7722377496020753,4
20,QYG,1.1072734158848396,1.5465139045645953,3
