Translation,mean,std_err_of_mean,len
F*V,-4.686503472159501,0.648892434351136,4
FAV,-5.4467165568132385,1.336677749564218,8
FCV,-5.5526398316278005,0.5741409804768306,4
FDV,-4.744458516323798,0.6710042678350802,4
FEV,-4.764207504153382,0.4090224135055963,3
FFV,-4.839975717824645,1.1892667995345751,4
FGV,-5.468537766711101,0.7721537243017019,8
FHV,-4.471044272266277,0.6453053534911727,3
FIV,-4.885060672867545,0.8711764348484826,4
FKV,-4.571319539644993,1.8260724867556637,4
FLV,-4.506384947153229,0.6515010175582816,12
FMV,-5.533919668251443,1.6173862860332762,4
FNV,-4.442502275994655,0.867936332627284,4
FPV,-3.623896867755337,0.6698574213809193,7
FQV,-5.878764943981925,0.719298103852727,3
FRV,-4.661445191918182,1.0045317425134088,12
FSV,0.021115135384735174,1.238332057077487,11
FTV,-0.09518481085997066,1.6406997099357143,4
FVV,-5.397736384272129,0.7976051151077023,8
FWV,-4.862769007571503,0.5451030424713524,4
FYV,-4.980092529777946,1.0768850721752112,4
