Translation,mean,std_err_of_mean,len
C*M,-6.295050398543172,,1
CAM,-0.33782743481131583,2.2527294069335637,4
CCM,0.21212045950073977,0.35121871968989715,2
CDM,-6.89175444210033,0.942179660940916,2
CEM,-7.026774253231325,0.7292915628965465,2
CFM,-6.132485693601563,,1
CGM,0.43652033539825713,0.6341304634692025,3
CHM,-6.008210857419878,0.028527496271670543,2
CIM,2.722826419027564,,1
CKM,-5.210783710792639,0.00401966316333798,2
CLM,-2.3725698951393484,2.8045059799702394,5
CMM,3.4268612052303027,,1
CNM,-6.7738877535494755,0.24413287723010071,2
CPM,-2.6320870395468505,,1
CQM,-7.1456493634166,1.48493344243558,2
CRM,-5.746593068425474,0.9244819092871673,5
CSM,-2.6648042730080705,1.2829811390634691,4
CTM,-0.3533359861052241,3.0576256432602076,2
CVM,0.04148200883185982,3.0972700940864906,4
CWM,-6.447316575662592,0.33190466782162725,2
CYM,-6.5580602830265216,1.6253738743304764,2
