Translation,mean,std_err_of_mean,len
N*S,-5.364103705530911,0.3812763830112081,2
NAS,-0.2600823474130511,2.7798203110795647,5
NCS,-6.139505964132947,0.6624696573570896,4
NDS,-6.494642937544721,0.3897715662570403,4
NES,-7.321846485107439,0.49814103857640296,3
NFS,-5.545019781859216,0.13667506839270058,2
NGS,-0.7632011298570613,2.457755192198938,8
NHS,-6.999819093494962,,1
NIS,-5.403348244668533,,1
NKS,-7.17707527793668,1.0914018502679586,2
NLS,-4.617054752088727,2.5971926556962237,9
NMS,-5.93121908737282,0.9479480006254278,3
NNS,-6.089202134133128,,1
NPS,-7.715611637505609,2.8696331780596354,2
NQS,-6.842286679845262,0.09917809872837328,2
NRS,-5.791831697316401,0.4949262543502059,8
NSS,-0.8594426726337425,2.6966196777772344,6
NTS,-6.309091515422167,1.393754530003851,3
NVS,-5.966583046328164,1.1642482164874683,8
NWS,-6.902921741415875,0.762080007585225,3
NYS,-4.098833622812085,3.643240262386537,2
