,Translation,mean,std,len
0,C*M,-6.295050398543173,,1
1,CAM,-0.33782743481131583,2.252729406933564,4
2,CCM,0.21212045950073974,0.35121871968989715,2
3,CDM,-6.89175444210033,0.942179660940916,2
4,CEM,-7.026774253231325,0.7292915628965465,2
5,CFM,-6.132485693601563,,1
6,CGM,0.4365203353982571,0.6341304634692025,3
7,CHM,-6.008210857419878,0.028527496271670543,2
8,CIM,2.7228264190275637,,1
9,CKM,-5.210783710792638,0.00401966316333798,2
10,CLM,-2.3725698951393484,2.8045059799702394,5
11,CMM,3.4268612052303027,,1
12,CNM,-6.773887753549476,0.2441328772301007,2
13,CPM,-2.6320870395468505,,1
14,CQM,-7.145649363416599,1.4849334424355802,2
15,CRM,-5.746593068425474,0.9244819092871672,5
16,CSM,-2.6648042730080705,1.2829811390634691,4
17,CTM,-0.3533359861052241,3.057625643260208,2
18,CVM,0.04148200883185982,3.0972700940864906,4
19,CWM,-6.447316575662593,0.33190466782162725,2
20,CYM,-6.5580602830265216,1.6253738743304764,2
