,Translation,mean,std,len
0,V*Q,-6.560144185890922,0.9027801182700644,4
1,VAQ,-5.43862725656437,0.6382500084746664,6
2,VCQ,-3.687542525386953,0.8717286088986078,4
3,VDQ,-4.236792644695271,0.8675310465744357,2
4,VEQ,-4.559656575516775,0.5377249623226451,4
5,VFQ,3.2258973532760247,0.07781493880157471,2
6,VGQ,-3.455319031020686,0.8605488505730942,7
7,VHQ,-6.856885367685106,0.8382194397279811,3
8,VIQ,4.376448915648949,,1
9,VKQ,-6.707501680780282,0.16423577303918513,4
10,VLQ,0.3392832629574477,2.1151427731828423,8
11,VMQ,0.4068728926561569,1.009655101420557,3
12,VNQ,-5.8961129918131165,0.1326082525744822,3
13,VPQ,-5.378375110009197,1.3574272767309714,6
14,VQQ,-0.4282760497623701,2.056474045138419,4
15,VRQ,-6.752075699464058,0.8287215144041032,11
16,VSQ,-1.86013667259594,2.6681405094179764,10
17,VTQ,-3.496963739157054,0.5919859128894953,5
18,VVQ,-2.6535249692419187,1.0386030495028444,6
19,VWQ,0.6016371024370845,0.9750992794419588,4
20,VYQ,0.5793959686691111,1.8224123678241289,6
