,Translation,mean,std,len
0,N*S,-5.364103705530911,0.3812763830112081,2
1,NAS,-0.2600823474130511,2.7798203110795647,5
2,NCS,-6.139505964132947,0.6624696573570896,4
3,NDS,-6.494642937544722,0.3897715662570403,4
4,NES,-7.3218464851074385,0.498141038576403,3
5,NFS,-5.5450197818592155,0.13667506839270058,2
6,NGS,-0.7632011298570613,2.4577551921989382,8
7,NHS,-6.9998190934949625,,1
8,NIS,-5.403348244668533,,1
9,NKS,-7.177075277936679,1.0914018502679586,2
10,NLS,-4.617054752088727,2.597192655696224,9
11,NMS,-5.9312190873728206,0.9479480006254278,3
12,NNS,-6.089202134133128,,1
13,NPS,-7.715611637505609,2.869633178059636,2
14,NQS,-6.842286679845262,0.09917809872837327,2
15,NRS,-5.791831697316401,0.4949262543502059,8
16,NSS,-0.8594426726337425,2.6966196777772344,6
17,NTS,-6.309091515422168,1.3937545300038507,3
18,NVS,-5.966583046328164,1.1642482164874683,8
19,NWS,-6.902921741415875,0.762080007585225,3
20,NYS,-4.098833622812085,3.643240262386537,2
