,Translation,mean,std,len
0,A*Y,-6.251138661592512,1.5866691868055802,4
1,AAY,0.10000297624382384,2.9141590686797483,5
2,ACY,-1.988634273143731,1.3214674297426947,5
3,ADY,-5.5798837662755645,0.964069973237576,3
4,AEY,-6.91907312547647,0.7531297169192885,3
5,AFY,-5.964990224491874,1.602266328035886,2
6,AGY,-5.206561925205524,0.504744684728867,8
7,AHY,-4.860876710974961,1.546712914555156,2
8,AIY,-6.4007146484440725,0.5567210685247723,3
9,AKY,-5.501219864572752,0.9369156061981904,3
10,ALY,-6.101444190102113,1.3279072566323922,7
11,AMY,-6.138475728316712,0.9039398746923412,3
12,ANY,-4.379799946657215,,1
13,APY,-6.048258904640022,0.539946976425825,5
14,AQY,-7.486662905129298,0.6883292734851678,2
15,ARY,-6.031041250740326,1.033056758934166,10
16,ASY,-0.025152531650270364,2.2327313584218658,9
17,ATY,1.0592490024689398,3.6249499903338527,3
18,AVY,-3.855016988689848,0.7517583871705803,7
19,AWY,-6.525281088782338,0.6472631079784187,4
20,AYY,-5.43155152007737,0.5124598676591353,2
