,Translation,mean,std,len
0,C*S,-0.9831224201336348,0.4293556932970833,4
1,CAS,-1.3773488436046262,0.5836337527332119,9
2,CCS,-1.1230539626869596,0.5079569870653515,5
3,CDS,-1.214941499911428,0.6185690015057997,5
4,CES,-1.028615353077009,0.1588048007754524,4
5,CFS,-0.9423149239068264,0.8950368063647514,5
6,CGS,-0.062036870242805575,0.2303419149894025,12
7,CHS,-0.7835975989240143,0.4299296241216679,4
8,CIS,-1.305796923657952,0.12519058056464633,4
9,CKS,-1.3160197260145776,0.6307731298132735,4
10,CLS,-1.1424868283570435,0.35678469621768866,12
11,CMS,-1.1942720810863328,0.2968108371510993,4
12,CNS,-1.0842855422747475,0.6596650738791098,4
13,CPS,-1.2492525149979727,0.5253067930633903,8
14,CQS,-0.5753737879028142,0.5703648836028301,4
15,CRS,-0.7281146364472268,0.2964142077849422,13
16,CSS,-1.329659734970441,0.4551112934067639,13
17,CTS,-0.537853705608799,0.5407623786271369,8
18,CVS,-1.0919775421565108,0.30334859613283954,9
19,CWS,-1.3943150743184576,0.3048450358339581,4
20,CYS,-0.924621003771747,0.24325310789860344,4
