,Mean0,Mean1,Mean2,Mean3
*,-9.0755437677925,,-6.767256707173988,-6.784686860656133
A,0.30079206287642934,,1.5803001559817909,-1.6033615392619496
E,-3.3343072259193627,-0.3680369179432592,1.6708250535534255,1.297939724279502
G,2.3676766893500765,,1.378638257201589,0.5913858150650275
H,-3.1380313124969366,,4.82398185434967,3.783515262842739
K,-0.06022255826993591,,-0.919052086741079,1.5030409097680106
L,-0.7110411757980999,,1.7813444187619796,0.11429484973509307
M,-1.7604944004973417,,-3.42296005453695,-2.8354952503453887
N,-0.9408247047183131,,0.8880982060446301,2.5950623600962497
P,2.7226297370083694,,-2.7983965315720325,-0.5000241726753323
Q,-2.1967264900891488,,1.3969282074039022,0.7494171132987679
R,0.07110067945368126,,-0.34655466354356257,1.188772725278037
S,0.4597667893208812,,1.4427305580910297,-0.15804134969251096
T,0.1462720181212764,,-0.36083715915887193,-0.7435050046512052
V,3.766323710851642,,0.9016345002872747,0.9930266625345685
W,-0.3685380404144514,,2.983496368890175,2.7960611387839203
D,,-1.0915596010127366,-1.6227385830224064,1.6018023282280804
I,,,5.127373997799605,-1.226307840290282
Y,,,0.7435520013482657,3.5731737508491364
C,,,,1.6597610549644817
F,,,,-4.084538080996758
