Translation,mean
Q*A,"[-0.29113631724153777, -1.7450827213292666]"
QAA,"[2.473342242074935, 1.1596630245003938]"
QCA,"[-0.18364243152975934, -0.10659137734674662, -0.07617431709271383, 0.0, 0.5731450903132966]"
QDA,"[2.4982583966750855, 2.462872549415973, -0.5020236496281125, 0.9197992212916226]"
QEA,"[-2.612023658339824, 0.15842239503308875, 0.21806763464580303]"
QFA,"[-1.2924504304295956, -1.0399424489154008, -0.4993623471717532]"
QGA,"[-1.66984014415433, -2.012037975534776, -1.9603329256081734, -1.5331190188996047, -1.8754087009576708, -2.0746650244419715, -0.8203710842393437]"
QHA,[-0.6969692459096297]
QIA,"[0.40127316427363446, 1.0427890433096216]"
QKA,"[0.958692549792989, -2.0941650705755617, -2.2431249099253785]"
QLA,"[1.2969338359616067, -1.6964488214195352, 0.3920383669834102]"
QMA,"[-0.5306287547713069, 1.396999760790667]"
QNA,[-1.3098059893952865]
QPA,"[2.0373789039415424, -0.6909044471248613, 2.4038013088218584, 0.43549990849899345]"
QQA,[0.16387171907247122]
QRA,"[-2.909982049069166, -1.603295440501138, -0.4296767074936714, -1.523487859901766, -1.9635184651862048, -0.17138963515665395, -1.4959288707518645, -0.9335790790315448]"
QSA,"[1.3417888909425386, 2.2034370478443925, -0.6041917003962309, 0.25277905270148615, 0.6106754143797204, -0.4015053372916668, 0.11120187920007929, -0.13926561136860371]"
QTA,"[-0.24574880069073757, -0.8830743253123483]"
QVA,"[-1.0663984311698425, -0.9900965724398336, -0.051478794526580884]"
QWA,"[-1.2601686915792438, -0.044244139625787327, -1.5134749427758694, -1.3198598507226333]"
QYA,"[0.029522176743368433, -0.5001216075450872]"
