Translation,mean
P*Y,"[-0.34673056907855937, 0.5466666219286953, -0.19938722689567712, -0.9757388782319145]"
PAY,"[0.8773698866273456, 0.46085473427817814, -0.011656176633361603, 0.595251410443721, 0.3171080575215175, -0.23496877958401186]"
PCY,"[-1.0602175699432728, -0.5618939549363011, -1.0197974525993523]"
PDY,"[0.34908264782812104, 0.7554846948278513, -0.24902361067804968, 0.5503939902853041]"
PEY,"[-0.7601784637248183, 0.6516978879309416, 0.024085707284958957, -0.4544009126122299]"
PFY,"[0.7295192100221293, 0.08879088340128227, 0.35662816002268816, 0.022888946502197527]"
PGY,"[0.5628643349749476, 0.3677804865145715, 0.6311836344460344, 0.9391551290741766, 0.6580372043915705, -0.09752268404025788]"
PHY,[3.2386515091634873]
PIY,"[0.44410858567693445, -0.13714908033206452]"
PKY,"[0.33419661894305985, 0.17562655323812848, -0.6105688716727231, -0.22040623665570624, 0.0]"
PLY,"[0.7200527064878175, 0.9409411219016555, -1.3114925355007658, 0.673764165784112, 2.3183194416694137, 0.29843214007009244, 0.5526028833280172, 1.0845312558077183, 0.19479148806303037, 0.520842791125383, 0.3489411739422339]"
PMY,"[0.7040008061015959, -1.6465570865201737, -0.296902960317202]"
PNY,"[1.630866013695357, 3.070813109287961, 1.561845929410131, -0.5760023387667808]"
PPY,"[-0.14969502436530568, 0.8438476210493846, 0.27395071066991505, -0.3818802173228182, 0.1465202956705749]"
PQY,"[-0.9697691470148584, 0.027106093582339064]"
PRY,"[0.22871519470084678, -0.8328141942475309, -0.7321203149040487, -0.3926924679368877, 1.0717942534064564, -0.614540974113094, -0.5447365433204734, -0.6929289416560334, 2.887023527175261, 0.8859140622894799]"
PSY,"[-0.4728283318275768, -0.5398578666986182, -0.9568613091408542, -0.39982650088466976, 0.7198780649574648, 0.3626934665938313, -0.37994955569026523, 0.13392025889094228, 1.0690654470016927, -1.5308764155060626]"
PTY,"[0.8655915533876346, -0.10096700634948608, 1.0270515600061048, 2.0915461713584023, 2.4457075675435274, 2.7188827596120984]"
PVY,"[0.13801076571590176, -0.6110129291858462, 0.4930440204950468, 0.30172520845888506, -0.9589665087330497]"
PWY,"[0.9874746315467018, 0.32834771797437945, 0.27899003131799294, -1.035795527371154]"
PYY,"[0.2507394071230866, -0.426034785189807]"
