Translation,mean
F*G,[0.34656694567845925]
FCG,[0.30504140799994595]
FNG,[-0.06525810782763397]
FYG,"[0.0, 0.004241323595560065, 0.24750460698951215, 0.037108202753312725]"
