Translation,mean
A*T,"[0.1539216126649361, -1.7675868900978227, 0.8421790016239061]"
AAT,"[-0.5728584976549378, 0.8525768487292318, -0.6123347328812656, 0.5385965759575422, 0.8760337898673347, 0.1153520615847814, 3.9398733678393025]"
ACT,"[-0.17269427485762456, -0.4173409200336522, 0.7709602095036363]"
ADT,"[0.7514724769025563, 0.33525363535025043, 1.014912552506706, -0.1638955127857784]"
AET,"[0.21809156058634116, 1.1846868750042976, 0.3958102911250432]"
AFT,"[0.6554782874307676, -0.8599847099996403]"
AGT,"[0.0, 0.683481255604848, 1.0728490563416377, -0.25199697072153704, -0.8521947158178307, 0.9358934364461007, 0.47628890122809686, -0.34602378399689293, 1.5224220057781714, 3.4887805681374484]"
AHT,"[-1.2880773843274351, -1.4991478457320913, -0.9920425262863795]"
AIT,"[-0.3555016662157868, -0.7850943039552138, -0.22083079590189314]"
AKT,[0.20267921689331736]
ALT,"[1.2997085830168285, 0.957356099943838, 1.0016572156311039, 0.6373592097354077, -0.0010803909288430447, 3.048726006581239, -0.5717166732653869, -0.3971745254949024, -0.16636954646301927, 1.9603848609460695]"
AMT,"[-1.2469468888490773, -0.5587833124432144]"
ANT,"[0.3996607659229561, 2.560087586928578, 0.40732006143231736]"
APT,"[0.8733175134328093, 2.6134144978748584, 1.8607149530613345]"
AQT,"[-0.4583567992666193, 0.14795788512517127, -0.3249309842113508]"
ART,"[0.09231421815749918, 0.3458941956580599, -0.6544276246764031, 0.9426090924637833, 1.6971508761639695, -0.015112796987004629, 1.8862305393185466, 1.393920082829645, 0.7080125209951182, 0.1495026836024973]"
AST,"[-0.5373032282291454, -0.3591518041847124, -0.6987374990188764, -0.16012378424551343, 0.6759551540267825, -0.9257555707000655, 0.4504428259906108, 1.5622848625369024]"
ATT,"[0.8665803350172432, 0.9878958322215254, 1.6730211871397884, -1.1739268917132275, 1.401201927072992]"
AVT,"[0.23315912770272984, -1.8248377149797346, 0.05855966314279115, -0.5395303215888738, 1.7097287056002557, 0.2807203241708658, 2.5255821097290116]"
AWT,"[-0.5519290810249524, -1.2158900546316236, 1.1993898525259619, 0.8462023624303319]"
AYT,"[0.5160014337351875, 0.889797021856646]"
