Translation,mean
M*H,"[-0.35171446658970584, -0.8294138990705751]"
MAH,"[-0.8854783127186661, -0.5528343054885232, -1.0355872329179414, -0.7592410835727623]"
MCH,"[-0.8504616799973483, -0.4125837204918703]"
MDH,"[0.2064649969842618, -0.4980791928708044]"
MEH,"[-0.39143520589336056, -0.6723060536446095]"
MFH,"[-1.7497597695598675, -0.3645706844669929]"
MGH,"[-0.3162702017948247, -0.5256878381081096, -0.051244642035743304, -0.5942227221069043]"
MHH,"[0.0, -1.5763141091625918, -0.22050486819412107]"
MIH,"[-0.43599481730169387, -0.3196195725787403]"
MKH,"[-0.6564348374456639, -0.3076302075714512]"
MLH,"[-1.1559164333726857, -0.37724250589059505, -1.208372442636791, -0.42589853294053626, -0.6786091725797752, -1.3574276663823026]"
MMH,"[-1.3109479057590239, -0.5458990220733426]"
MNH,"[-1.470837185846996, -0.5932321448298739]"
MPH,"[-0.5207320926025565, -0.449837039225498, -0.521821451095164, -0.44317377837243654]"
MQH,"[-0.7890127939768456, -0.5832193818026887]"
MRH,"[-0.22291943731423736, -1.671700284784988, -0.7334328244643036, -0.8184369204321982, -0.6911830953392686, -0.1521576341737605]"
MSH,"[-0.30383202846120394, -1.231331855590592, -0.3295254402568455, -0.8392892910217347, 0.17198854973575273, -0.3091829184881556]"
MTH,"[-1.9971093834729672, -0.5534892180377309, -0.7771038611064824, -0.675504786122886]"
MVH,"[-0.8079944413609921, -0.426647957442591, -0.39809188252302175, -0.6359344154871138]"
MWH,"[-0.9920167289471928, -0.33365088614073546]"
MYH,"[-0.7275503887168053, -0.5767483865655478]"
