Translation,mean
TFK,[-0.2054758060587023]
TIK,"[-0.14295768392837527, 0.3412472672789395, 0.9330948950315872, -0.10205502864447524, 0.0]"
TNK,[-0.15041258189165507]
TTK,[0.2088308954513014]
