Translation,mean
V*R,"[-1.2730940761240124, -1.975482336297902, -1.7724091932045392, -0.5479923985285833]"
VAR,"[-1.2719958670931, -2.456063355535865, -2.7547985164354425, -3.0319565163482607, -1.3130750528415724, -2.300526107003701, -1.9491942620634268]"
VCR,"[-1.6045587409410338, 1.2338074336063691, -2.5704093274581856, -1.5271606646497533]"
VDR,"[0.0, 1.173031895088526, 0.3023474930709886, 0.6521001554464281, -0.9467222630817655]"
VER,"[-2.2526962719793904, -3.325448430237108, -2.8517643027813047, -2.392104911457849]"
VFR,"[-2.2939549608799563, -0.597733243091449, 0.20044257133956478]"
VGR,"[-3.2201525157001467, -1.6043595812327571, -2.35869868691862, -2.676993762299568, -0.25790934042962377, -2.6492170682492997, -1.8143142881927505]"
VHR,[-2.1086547618964513]
VIR,"[-1.8698001685577843, -1.2312603138597904, -1.2194351926149878]"
VKR,"[-1.681610387683948, -1.287447196672142]"
VLR,"[0.007994171002302153, -1.642752451216916, 0.5374299589889233, -1.8007793069688587, 0.8564279537046016, -2.656944157349889, -2.4492241477264063]"
VMR,"[-0.4368269328930712, -1.8039292363232269]"
VNR,"[0.17390723556453658, -2.939728761748137, -1.6153184290166482, -1.069205541361157]"
VPR,"[-1.4219031802100366, -2.1813406888388105]"
VQR,"[-0.2675422751925396, -2.7161805558698333, -1.1361162413763513]"
VRR,"[-2.751604203818994, -2.0430558875652114, -1.6358870873740652, -0.9383215605611088, -1.732925938203108, -2.600025965132799, -2.3058592702468363, -1.327708999137366, -0.5798821001067278, -2.299783861767332, 0.6082958654743997]"
VSR,"[-2.1772639954912787, -1.468929683776004, -2.3484735981350418, -0.05361104490086355, -1.8122354039488293, -0.5349370183429176]"
VTR,"[-1.9882891495961204, -2.3293484413925127, -2.6870873180572534]"
VVR,"[-0.761005097822764, -2.979869067285099, -1.3839547618902355, -2.323111247518283, 0.2683591204483733, -1.8949185350661333, -2.9993419545878153, -3.3748920768829547]"
VWR,"[-2.1071834158327096, -1.4274657054882702, -2.082231018377116, -1.89447632042204]"
VYR,[-0.877082147237628]
