Translation,mean
K*K,"[1.3351429070956016, 0.41520636928095733, -0.6447240740478373]"
KAK,"[1.4343161348655666, 1.8423167008603762, -0.0901634518124581, 1.638202980561168, 1.0588610313987594]"
KCK,"[0.4263705232774724, 0.6288700472273145, -0.039476934458177126, -0.37000957837230963]"
KDK,"[0.35210042894047433, 1.0928651906281708, 0.41175840676691955, 0.07194551613989564]"
KEK,"[1.870885853057148, -0.774271429582754, 0.18189152110083207]"
KFK,"[-0.6171935643123927, -0.04171194551383195, 1.0464574176406032, -0.008324600820060368]"
KGK,"[0.6049628698010743, -0.637365108836458, -0.2665777624828287, 0.5916672617416809, -0.11144013946252596, -0.7952106367546765, -0.5730788520788765, 0.691825898472259]"
KHK,"[2.310073546505489, -0.1313386764510236]"
KIK,"[0.39550902301155055, -0.3391030893518714, 1.7809052555142255, -0.08817390019926652]"
KKK,"[1.7127273213285008, 0.28308060256716594, -0.6377018540431383]"
KLK,"[1.5576758350343676, 0.6272579259084008, 2.6309350603363946, -0.6192174613225685, -0.3379066810079827, -0.4085375133156788, 0.03469008346823088, 3.458006975641492, 0.04891887388991911, -0.2866554239293322, -0.7233286073575256]"
KMK,"[1.8420450055258346, 0.46809708291500396, -0.6582619099816913]"
KNK,"[0.19102971406536184, -0.3135387180802809, -0.3118371227468817]"
KPK,"[0.6934654191678664, 2.1840100423781514, -0.06203150738444929, 0.308572713761877]"
KQK,"[0.6521171596859094, 2.226728950026363]"
KRK,"[0.1779175879389232, 0.10267383964451327, -0.5303896873640532, 1.3204392340364972, -0.4455878117381058, 0.20443894691680242, 0.8609234852899386, 0.23325794945465894, -0.6131517484405302, -0.6014848212876469, -0.6572906215724306]"
KSK,"[-0.5327468829494464, -0.8657704022175086, -0.9262298844956192, -1.3246649560606585, 1.125699752085973, 1.024671327643242, 1.6832908700897065, -0.1942091751647368, 1.455524005257093, 0.7164531047684148]"
KTK,"[0.558716724632113, 0.5037003836153318, 2.046327859467027, -0.5375063325796834, -0.3807801228064047]"
KVK,"[1.7437705010159323, 2.2611693053299824, 0.5234771846146824, 0.5000229839972201, -0.4370938290320776, -0.189830739925819, -1.0501836777211313, -0.8272228668363857]"
KWK,"[0.5854936782931359, 0.9184515363092025, 2.2304720740030337]"
KYK,"[-0.033276021566038594, -0.03542669327988168, -0.7226326404585404, 0.0]"
