Translation,mean
N*S,"[-1.5540816632179704, 0.09842352322684]"
NAS,"[-1.1321890990944912, -0.44955891464668873, 0.2737105806024367, -1.371617217408465, 0.9887616189943245, 1.5469677845549814]"
NCS,"[-1.371140062152322, -1.420990738173094, -1.344576323264178, -0.1179287318099238]"
NDS,"[-1.7783105240451231, 0.05599458210889097, 0.596932175601312, -1.998773998333082]"
NES,"[-1.5081605008272625, -1.7812732366823543, -0.9023912958555425]"
NFS,"[-0.897737993771182, -0.8475591110953857]"
NGS,"[2.1888586240722336, -0.4190890727846863, 0.07486521999335327, 1.0837887199130236, -0.15433273476584386, 0.0, -0.06044368509446052, 0.22395695752319256, -0.9154635051562181]"
NHS,[-1.2846478799555356]
NIS,[1.6361759846982462]
NKS,"[-1.5017083254749455, -0.47584633196112325]"
NLS,"[0.7630010300412167, -0.9072484438252122, -1.0651737473889007, -0.3021055811218787, -2.4867732925004606, -0.3345038265510567, -1.397969269574304, -0.4150483268986953, 0.46409020745400476]"
NMS,"[-1.1879141930442145, -1.5468133407420215, -1.4493284814574485]"
NNS,[-0.01263856277124109]
NPS,[-0.8535853867914796]
NQS,"[-0.9962888088238522, -1.3598407298191457]"
NRS,"[1.8493326519325546, -0.8967670175969431, -0.061789102694215, -0.04676962442090904, -1.3327847437188014, 1.0145830785826995, -0.7442057723387778, -0.2955854447238977, -0.6297250179435441]"
NSS,"[-1.8011107721930406, 0.6687602874998628, -0.4948976300287633, 1.570567754938649, -1.4468526026636592, 1.5708903251000557, -0.39683973730776234, -0.7317721878296766]"
NTS,"[0.10418337565958424, 1.5734260045858335]"
NVS,"[-0.6497249139032899, -0.33452512779297017, -1.95528145999086, -0.664331203341467, -0.7005625410282512, 0.3717226812220442, -0.6873320365741682, -0.6296985506630168]"
NWS,"[-2.1682610789522743, -1.9827646255523375, -1.1042004638822274]"
NYS,"[-1.2093807679950563, 2.8940580535962948]"
