Translation,mean
I*G,[-0.00032292098994801677]
IEG,[0.26152986899987773]
IKG,"[-0.09183161159660624, 0.0]"
IMG,[-0.14466047915490865]
ING,[-0.12882453396047122]
IRG,"[0.8661831645461584, -0.3732819267409857]"
ISG,[1.8477628412318268]
