Translation,mean
R*I,"[-0.9886405096184978, -0.838266156435787]"
RAI,"[-0.42256624570027146, -0.6504502941064993, 0.10784115930848248, 0.03771500154806251]"
RCI,"[-0.575949710213278, -0.3250356399034935]"
RDI,"[-0.29805085531827746, -0.5044558345933696]"
REI,"[-0.10874758656570993, -0.039628893235307494]"
RFI,"[-0.5984510927773039, -0.4556523580623466]"
RGI,"[-0.08548074501290515, -0.28773644962751854, -0.5879108624612428, -0.2826873899315574]"
RHI,"[-0.32988385095293893, -0.057687206558274085]"
RII,"[-0.1382072785127324, -0.8546208243903637]"
RKI,"[0.44760669059861424, -0.31080708560933346]"
RLI,"[-0.14602444285093164, -0.08107347557966627, -0.8162797483758766, -0.09312909016430915, 0.47226343964074413, -0.07665537731426664]"
RMI,"[-0.14995505720230362, -0.012830108063411672]"
RNI,"[0.8914334647582436, 0.24424842930261725]"
RPI,"[0.8408296360610628, 0.016010360169270932, 0.9731167405183498, -0.07182265812456823]"
RQI,"[0.1991092167606059, 0.24044520063949015]"
RRI,"[-0.35293826274408957, -0.3544132366804522, -0.521494626875115, 0.08478117006094621, -0.2833837529821981, -0.02036460806628071]"
RSI,"[-0.838324345223838, -0.058551918072812015, -0.8149060332209146, -0.12287378332879761, 0.41577895677987264, 0.3936385701610954]"
RTI,"[0.0, 0.3286255159220568, -0.8734090788088205, -0.2104645650928223, -0.10689131737957247, -0.4605530702885128, -0.5936284765978161, -0.3605363834003006, 0.14542866808170363]"
RVI,"[-0.2642035866057437, 0.054769885156071396, -0.03899769252102292, -0.20253434737596088]"
RWI,"[-0.22120203552689688, -0.599602599390785]"
RYI,"[-0.7564203936915401, 0.6221528394470939]"
