Translation,mean
TAN,"[-0.0015037083825699682, 0.8507898406395586, 0.3314395274061628, -0.6011696068637296, 1.0004326008768851]"
TCN,"[0.49807160892793423, -0.6458834674030651, -0.9668286280453966, -0.7736676641843321]"
TDN,"[1.644554948631507, 0.20521716249259114, 0.27930632931676413]"
TFN,"[0.2718883323403185, 0.6473457626250223, -0.33773897836273736, 0.13907154928480203]"
TGN,"[0.4767214244828093, 1.0784743487580473, -0.2744992685714802, -0.8019392165003829, -0.4197850661997471, 0.46266692392713793, 0.6197642960968519, 0.2834671778693769]"
THN,"[0.34139402264499097, 0.012204284659271813, -0.6719930439285289, -0.1737932223397003]"
TIN,"[-1.253645542028453, 0.30401562176604635, 0.5280440467393595, -0.21683103752021005]"
TLN,"[0.9262561680380923, -0.19519256229646853, -0.282499033741483, -0.37188799700301267, -0.7423198740036661, 0.0, 1.236751064880929, 0.14467132937216132]"
TMN,"[-0.8063917999268906, 0.10434243654401776, 0.7461389960127676]"
TNN,"[-0.3300943727926189, -0.20063849851568527, -0.2460378192202688, -0.5837777590229027]"
TPN,"[0.4210928390921147, -0.18176297721690204, -0.21469542656446716]"
TRN,"[0.5001803973067993, -0.14406045985879068, 0.2870627541290487, 0.2115814221756267, 1.3974658047647415, 0.21439655449618744, 0.2585443684178532, 1.872845685877655, 1.0572369014580723, -0.22952186774044936]"
TSN,"[-0.050810615313752194, 0.9145172988839319, -0.3232719605815655, -0.3180104330357283, 0.05599756975273351, -0.6516158729652357, 0.5482270706191272, 0.7176445316787783, 0.9278071811022714, -0.7414369565795571, 1.0217175178863211, 0.6358695904371192]"
TTN,"[1.7148601253030762, 0.3913507374302032, 1.8567716242020875, -0.6384404842175027, -0.11455229212624563]"
TVN,"[-0.45454620094368536, -0.5208708878363275, 0.43688626519655127, 0.9192014105041402, 0.09342090896358712, 0.7180598211420097, -0.6215346263953805, 0.12809384493043563]"
TWN,"[1.1100695935643312, 0.22405599203256088, -0.7312056932021544]"
TYN,"[-1.0328523110043903, -0.8373445526315813, 0.7711357909555412, -0.3005757236969977]"
