Translation,mean
I*V,"[0.4015367289472165, 0.4762737977045486, -0.09617548040943014, -1.096210947637636]"
IAV,"[0.2544615744648242, 1.1896135205739053, -1.030588926499508, 1.1973021108896607]"
ICV,"[2.6683694891110967, 0.33833834258551576, 0.7611401175001697]"
IDV,"[-1.1597887470654573, 1.1836095790165526, -0.6277323166316204, -0.4713296237461213]"
IEV,"[-2.5047595648754157, -0.32112756486502647, -0.6924051595446965, -0.3580738572395603]"
IFV,"[-1.4355954369015844, -1.2370411849896312, -0.6514622714774383, -0.1140889223720638]"
IGV,"[-0.7283533011093084, -0.5999567462640254, 0.4005597280631097, 1.309282499493773, 1.4091865506600714, 1.0232392148183358, 0.9653041236989628, 0.04524963550317285]"
IHV,"[0.19668674637822026, -1.1901677741835268, 0.7525895497602244, -1.7399042114225285]"
IIV,"[1.026838032398281, -0.23902422595880424, -1.4747722227505733, 0.38797635763720884]"
IKV,"[1.2444092422087456, 0.30385826628890733, -0.13564469800695633, -1.0706204380354052]"
ILV,"[0.12998953788748757, -0.8387659193940813, -0.641739959273977, 0.09292057884047367, 0.9333758609071863, -0.41050886879681947, -0.7919879569549355, -0.6907200999690435, -1.160793571253441, -0.4074698944403492]"
IMV,"[-0.22357742241085443, -0.7795621317787669, -0.9050024228527773]"
INV,"[-0.35959162585703197, -0.9755890158326999, 0.37934369533320034, 0.08830124064561584]"
IPV,"[1.5271583403705549, 1.3396499041922887, 1.059727991920429, 0.34672954229921515]"
IQV,"[-0.08575419044312849, 0.9212660005995392, -1.1924816400217733, -1.8012908826972982]"
IRV,"[1.5139022066486083, 0.4045761255600082, 0.3787147238079642, -0.44075226012258817, -0.989401129037927, -0.10486989947911152, -0.852655587562789, -0.8795669089818912, -1.3451650895468177, 0.12055105292584756, -0.30866772574088674, -0.005131638100301039]"
ISV,"[1.1691097711830416, 1.1852982342404683, 0.3344204633000727, 2.125013170963274, 0.056746966286990386, 3.1675422837703398, 1.2956193214467948, 0.7133161702325985]"
ITV,"[0.0, -0.2745280409727835, -0.4949029432458607, 0.07976921712397456, -0.21367725272174365]"
IVV,"[-1.1208423303406576, 0.3003964617086652, -0.5130870714739384, 0.043364425219601266, -0.43848661858017124, 0.08684105655340257, -0.1971101170134908]"
IWV,"[0.3819096295738724, -0.8036364182531042, -0.33387225726290737, 0.24714838081917456]"
IYV,"[-0.9808169782189333, -0.7958226700577846, 0.3297879843907543, -0.8131930411687316]"
