Translation,mean
N*D,"[-1.4859871862540048, -1.3717893425435035, -2.5202882240439575, -2.023268684505698]"
NAD,"[0.273093485341116, 0.522397266602308, -0.9168209912856042, 0.28364478832236273]"
NCD,"[-0.2054462382553357, 0.8514818360357772, 0.7569299816052624, 0.3006954146423233]"
NDD,[-0.10394093880472077]
NED,"[-0.5398766497339125, 3.1609727278538227, -0.44832837133971815, 0.4078531680564321]"
NFD,"[0.8584409243989075, -1.6239409145223878, 0.4752810955767224, -0.37806705984677613]"
NGD,"[0.0, 0.07366142774034667, 0.41104013959209684, -0.580084573694367, -0.06614516609359367, 1.2428646489331054, 0.05060447932347678, 0.025727637563670136, -0.09681347079526414]"
NHD,"[-0.5371571483803201, -0.597238120982917]"
NID,"[-1.235949940253323, 1.1224350877855631, -1.2172317538468125, -1.4095095416357895]"
NLD,"[-1.299224728903476, 2.059188989896507, -1.0022198637911135, 0.07481716509784953, -0.5649841987793973, 0.13686227219386726]"
NMD,"[0.9224765425370034, -0.4653017206265897, 0.7553112797691304]"
NND,"[0.9820832017265975, 0.823316915045238]"
NPD,"[-0.21534879619183744, -1.4734268042668912, -2.151600043016739, -2.2010618019972092, -1.592880434432744]"
NQD,[2.224210232003813]
NRD,"[1.8801086395359157, 1.785382844627316, 3.0507274111483103]"
NSD,"[0.7517138386667712, -0.8811262446594945, -0.30937620804851207, 0.9935025424553601]"
NTD,"[-0.17022294707948404, -0.24428632245013038, -0.5196042547076534]"
NVD,"[-0.7356563311140212, -2.545289476436335, -2.3824959519085604, -1.3007554737092084, -0.7705391619418389, -1.5362920110556697, -0.7572053852341538]"
NWD,"[-0.6042585486606882, -1.3026918947432975, -0.16627709781530164, -0.6624323154303919]"
NYD,"[0.10600023051084939, 3.51452422234701, -0.6242164564105099]"
