Translation,mean
F*T,"[-1.8527893254016963, -0.17390799388734024, -2.5489791274839426, -2.6818528625038356]"
FAT,"[-0.1703220366801883, -0.08712426859997002, -1.1355455843814841, 0.4249572110503088, 0.7686666150857464, -0.1455896044322671]"
FCT,"[-0.2586315204629148, 1.1432377370242683, 0.2519769384564352, 0.7147282991140367]"
FDT,"[1.0805376207976929, -0.7562257733529325, -0.41161898697716026, -1.5432832511771633]"
FET,"[1.1779872544790466, 0.20460362936638887, -0.09511258039148451, 0.18541856755511876]"
FFT,"[0.4029556577014244, 0.06898335677524958, 0.26409175944852414, 1.2240559920325627]"
FGT,"[0.9884052678972433, 2.0491370829865403, -0.16559243543571522, -0.028662910502172068, -0.09029027604072404, -0.3165123893301409, 0.03742291633606065, 0.14835811791136155]"
FHT,"[-0.5500820288396193, -0.4169423171878126, -0.141413177082093]"
FIT,"[0.9874497114764136, 0.8307135638530383, 0.11538149530441721, -1.5419958494533734]"
FKT,"[0.5416804069651944, -1.6643920131465775, 1.6929985948331012]"
FLT,"[-0.7315498886089848, -0.4251872600208557, -1.0711869947115673, -0.7108489797455544, -0.2697291789403966, -1.0218266691554039, -0.008467369095861876, 1.0921905441585888]"
FMT,"[-0.4645092954221912, 1.4324551412895108, 0.6343876471896994, 0.5869936910024665]"
FNT,"[0.8296959091852436, -0.7916682933018331, 0.6363821177721114, 0.6798716943744587]"
FPT,"[0.8797214840969207, -0.558038977623303, 0.6900304565366309, 0.40873907726476055, -0.8817386719900338, 0.5566313311194317]"
FQT,"[0.6082750687977061, -0.34418012909615747, -0.34650934396035105, -0.2325007766845495]"
FRT,"[-1.0615650988684724, 1.6501893784900847, 0.4797473831553001, -0.1426216078172189, 1.1276103825945922, 0.025205721609644627, -0.5314408850252423, -0.41905096287001964, -0.6819678597584229, -0.30487247377426563]"
FST,"[-1.0688159385319143, 0.3940163914220518, 0.44412559942173324, -0.30859475183985463, 0.6874565128728047, 0.08754038825433508, -1.816585992464784, 0.868065308519208, 1.3313500052044702]"
FTT,"[0.0, -0.4720600866147917, 1.3023816369021217, 0.21978342950777563, -0.3013111070499557, 1.7781369747913507, -0.44802108646978933, 0.3679052427709699]"
FVT,"[0.00523270442042989, 0.628810518049546, 0.6868901948906991, -0.07018145940929887, -0.5535515866309897, -0.0593216882450438, -1.7389498004852353]"
FWT,"[0.3156139804770426, -0.07550428982634472, 0.16691288064024956, 0.28180826372169676]"
FYT,"[-0.7357549178517395, -0.7509692795649574, -0.02099392096731023]"
