Translation,mean
Q*S,"[-0.4792443188135165, 0.6851042157036176, -0.1138716117487526, -0.3633550735443576]"
QAS,"[-0.24984627318911734, 0.1010243672222213, -1.0083591261936933, -0.5293198817198173, 0.5562508519864231, 1.5956060648645138, -0.6779035934405373, -0.5893713960175786]"
QCS,"[0.0, 0.11094051601527788, -0.14839315371317063, -0.13217758278742586, 0.45707818334993]"
QDS,"[-0.7239927170566496, -0.12309756997190124, -0.5985583133940633]"
QES,"[-0.6472795585294646, 0.23067469302964128, -0.584097041387877, -0.29075698876781875]"
QFS,"[-0.2169612249765711, 0.1798559476206325, 0.0021097522164081894, -0.09072577573229612]"
QGS,"[-0.7377285797772934, -0.5890414937035553, -0.33467681709622177, -0.2964318292065391, -0.18747245725528217, -0.06737930234391776, -0.35974498147071277, -0.35011048564275526]"
QHS,"[1.2390582428740622, -0.0092249679281462, 1.1996773885333756]"
QIS,"[0.16340457021281907, -0.07262372026280772, 1.48671171413981]"
QKS,"[-0.7270937310526886, -0.0748721984413443]"
QLS,"[0.1536733670980599, 1.910842117467494, 1.3371809122833103, 0.1603829610622638, 0.3327642927298484, -0.21388247635150215, 1.5440048683773018]"
QMS,"[0.3253297322966979, 1.19788297298214, -0.0006468689044032416, -0.1061961067792101]"
QNS,"[-0.29690068019935456, 0.6198466649669898, 0.5942939274017238]"
QPS,"[-0.478458301697092, 0.03197042672559114, 0.2214739413471758, -0.16927001407958464]"
QQS,"[1.385625589025496, 2.759104797147396]"
QRS,"[0.08379571745277037, -1.0178699713129147, -0.07392432665770077, -0.5672957057765711, -0.6448612767232342, 1.5725087638778028, -0.22034643178325197, 0.15326356675032216, -0.4572795101838958, -0.6700741709782339, -0.8682856585643526]"
QSS,"[-0.3630309885654057, -0.6219853702081117, -0.3222541843328166, 0.30246639340177595, -0.2640632269152823, 0.4348327617917338, 0.057299224685254835, -1.1901070929384296, -0.7875295849146635]"
QTS,"[0.3070098797499865, 1.4178785368301483, 0.7696740388575805]"
QVS,"[-0.21186173571062383, 1.0440345344289046, 0.11831741066355761, 0.6464646493769779, 0.07136507278817827, 0.4544159945896391]"
QWS,"[-0.4450763612078479, -0.14130131921151623, -0.42208100648179947, -0.313430086073204]"
QYS,"[-0.4388677294602923, 0.16984720973111855, -0.4353048131371082, 0.20695991336108222]"
