Translation,mean
N*E,"[0.4227329466883738, 1.3017296983866302, -1.4255501660840615, -1.137500694854534]"
NAE,"[-1.06279001820974, -2.3841441107933337, -1.4272289702051557, 0.3399193158085563, 1.2185771230747005, 0.17147918464017486, -0.2748307837955686, -1.3047400302861307]"
NCE,"[-4.756634769522014, -2.2776990452913157, -0.8211807640611086, -1.0888792832458005]"
NDE,"[-3.5905251328150616, -1.2843115684996498, -1.5600687012415397, -1.7222149005524852]"
NEE,"[-2.5126788169473615, -2.2764289136675107, -2.970344089645808, -3.0731346943839366]"
NFE,"[-0.34518243456729536, -2.1140201418212374]"
NGE,"[-1.8084294496563391, -2.185458893570102, -1.8206466337673932, -1.827776371721388, -1.4271682473656497, -0.9480731133684364, -1.4885534707779113, -2.431734220163534]"
NHE,"[-2.002122482926217, -0.8205973319955824, -0.7799490246371432, -0.11347388562628247]"
NIE,"[-0.4487179796648526, -3.002818274355583]"
NKE,"[-1.8608423935541527, -2.034090878610404, -1.4267758154681198, -0.2599406115977736]"
NLE,"[-0.9234445926593651, -0.9188176870332816, -2.081539665394602, -1.2170506642672052, -3.4794498753451855, -1.7662738864964158, -0.7323837182707766]"
NME,"[-0.13937108483615113, -2.2646143307513924, -3.6553849765415976]"
NNE,"[-1.6255312776081468, 0.5806388233946933, -0.37497569272239595, -0.05122252923489867]"
NPE,"[-3.2912069894497584, -0.2724079943881499, -3.479755013891351, -3.7212688861865857, -2.006575993795817]"
NQE,"[-1.5602093042433163, -1.727490055296756, -2.188551301408957, -2.867401391507137]"
NRE,"[-2.10981338989634, -1.5963034154562523, -1.8826358644195738, -1.4322937206184525, -1.0811067332475819, -2.2966659412460153, -1.3813049060582383, -0.7784296979624168, -2.577455759180058, -3.9789715324012143, -4.422493990533111, -1.7157733207800456]"
NSE,"[-1.016022306289674, -2.328813636751274, -2.17504261551999, -1.2676877316042194, -0.8659200630570201, -2.171267528991528, -2.8180353141861563, -0.5703078162463449]"
NTE,"[-1.1640712493340128, -2.374046441211185, -2.9453805268896307, -0.8451360472639333, -0.9778157582229259]"
NVE,"[-2.696512006460668, -0.8393424411310164, -1.5942635138858172, -1.080596970224458, -0.10696432168333914, -0.9459746318488467, 0.01581641708692416, -1.7594324661786258]"
NWE,"[-1.7329895699839835, -2.085262577289395, -1.252923619139663, -2.3521516149954547]"
NYE,"[-0.7438860732760704, -2.0448061760331804, 0.0, -0.097357631200504]"
