Translation,mean
R*M,"[-1.1952390061943738, -0.718678927165957]"
RAM,"[-0.15139262662505804, -1.2269904685530975, 0.1406153205957663, -0.24024790030361665]"
RCM,"[0.3420304338607867, -0.09719492244494887]"
RDM,"[-0.4856696550388939, -0.08630357349946305]"
REM,"[-0.974614536552302, -0.8768068741171291]"
RFM,"[0.5025593562906918, 0.44835564864624544]"
RGM,"[-0.3104159346448876, -1.1045948985967726, -0.14386170673128618, -0.8533682161311074]"
RHM,"[-0.07043935326341177, 0.12373687091048602]"
RIM,"[-0.3188722056771187, -0.7242634290833685]"
RKM,"[0.0, -0.2655470242542277, 0.004526224377029209, 0.12451577510615142, 1.1405888935100528]"
RLM,"[-1.8581029023053404, -0.3649340404061805, 0.3645857479559904, -0.21998971293687397, -0.36356804784267105, 0.2714717844890684]"
RMM,"[-0.4284785119406811, -0.34298266812030853]"
RNM,"[0.21740990727197929, -0.34919854235375514]"
RPM,"[-0.013148081894176045, -2.400880979480295, -0.17133695148536532, 0.46219129729156716]"
RQM,"[-0.9923664031298491, -1.157917857982028]"
RRM,"[-0.4532741815934971, 0.19155035178352176, 0.25990394526688654, -0.126380197358249, -0.6812734772360649, 0.06822690973576684]"
RSM,"[0.2818572129558987, -0.09860957480328914, 0.2875530394043615, -0.4070811428527046, -0.633272194648093, 0.3692464578201706]"
RTM,"[-0.08668187944788208, -1.2152967811123805, -0.2198197717383703, -0.4300464401064117]"
RVM,"[-2.7961791379992498, -0.7047403873767761, -0.10625086977159537, -1.187654184083561]"
RWM,"[0.1033557628724413, -0.014889015674008022]"
RYM,"[-0.2799235469799388, -1.3558456795432479]"
