Translation,mean
P*Y,"[-1.6136211956861573, -2.5245504315342417, -1.3604825351478365]"
PAY,"[-1.551320561864415, 0.6893339675423604, -3.1119490329039223, -1.6794319452006912]"
PCY,"[-1.5479461508184134, -1.086258702095865]"
PDY,"[-1.093669756799585, -1.0693949421000006, -0.3953912159309887]"
PEY,"[0.2793694631549002, -1.357988079989747, -1.5972968698538539, -3.5060913078714186]"
PFY,"[-1.8678664701381642, -0.34050188917354873, -1.4845232625965217, -2.651605150105828]"
PGY,"[-1.2810754175400465, 0.5488267573691168, -2.782715962712052, -1.8846717175990904, 0.5567129841492129, -1.0007353631501985, -2.0614110840174034, -1.3089909351371452]"
PHY,"[-2.0472361249440763, 0.4112222010170967, -2.0965891378019084]"
PIY,"[-1.1050540222952279, 1.7166773632969452, -0.046075381760861234, -0.5731692927781893]"
PKY,"[-1.0343386260472744, -1.1290303967232322]"
PLY,"[-0.6354439009076831, -2.676016309313731, -1.656914929258555, -2.379765508669598, -2.13996340907352, -0.4732608242073759, -2.153706910238407]"
PMY,"[-1.8596362186529305, -2.917570987737072, -1.5672993225201264, -1.831581846024104]"
PNY,"[-0.33766133830637823, 0.38035614280927454, -0.8832923916177267, 0.3290358295883733, 0.0]"
PPY,[-1.5729228163496263]
PQY,[-3.2875205974873776]
PRY,"[0.23038337553024846, -2.374046441211185, -1.7968821166531423, -1.4252125641001632, -1.6633127193875143, -0.4765233453247184, -1.792409506510662, 0.16718757500780157]"
PSY,"[-0.7695367964949682, -1.782117783242338, -0.8347054615814162, -3.8405778828372465, 0.8085907700730424]"
PTY,"[-1.4088110332635813, -0.9638861806496131, -2.761892236148624, -3.5609501746835495]"
PVY,"[-2.100935287902945, -0.09495379765548506, -3.222425569265491, -2.109434611273313, -1.2518707603166765, -1.3657649087083374]"
PWY,"[-0.9461339107337787, -2.019434393397481]"
PYY,"[-2.804955487142168, -1.8887835329531821, -0.7162637025276535]"
