Translation,mean
R*S,"[-0.4720907564445609, -0.733314134801029, -0.17591280780584562]"
RAS,"[-0.239160066065641, -0.38180664935513153, -0.7038655683514214, 0.15972000606538472]"
RCS,"[-0.3371996916576965, -0.028039843862432967]"
RDS,"[-0.11384453414638074, -0.23492440781649737]"
RES,"[-1.0119902555085334, -0.3875000002134943, 0.05214521001299488]"
RFS,"[-0.04961959339373667, -0.5071473151372832]"
RGS,"[-0.24031731951227098, -0.3989680180265567, -0.5163044819906082, -0.8891269793494407]"
RHS,"[-0.13484629963499462, -0.9304945939668112]"
RIS,"[-0.6042027479311036, -0.8996045242702442]"
RKS,"[-0.4592038117383028, -0.39308496800079507, -0.005680785891811979, 0.3735601678983045, 0.629970273648988, -0.7762095750898776, 0.07997941787126983, 0.004023829521444533, -0.32300001696905056, 0.0]"
RLS,"[0.15562046023675613, 0.29268975636808836, -0.026620691610612646, -0.15491518526218773, 0.6974345788612162, 0.6931422722593226]"
RMS,"[1.2361688544237381, -0.8269743026503544, -0.19632307479164357]"
RNS,"[-0.44502778233197837, 0.7221402080995798, 0.24611220106012688]"
RPS,"[-0.2951809654712054, -0.4623540692280699, 0.6518170057358574, -0.20078893439083334]"
RQS,"[0.3698782856324483, 0.018693645003096115]"
RRS,"[0.12033822645167991, 0.3062442071387075, 0.5003332792745212, -0.5297056123446469, 0.4341353132837513, 0.3603952129008565, 0.3615885995213928]"
RSS,"[0.17740407707075612, -1.1466024087393176, 0.39570547234260367, 0.3359685557604264, 0.3332101970889543, -0.3983147096585782]"
RTS,"[0.39506930093976056, 0.36981770047991613, 0.10318479150095516, -0.5970466097624936]"
RVS,"[-0.20723000521125368, 0.0636947650044064, -0.07240678984885829, -0.06916961249732356]"
RWS,"[-0.1432017546219182, -0.62063887234061]"
RYS,"[-1.32050741376817, -0.09980002419020018]"
