Translation,mean
Q*R,"[-0.5023601548109289, -0.10989346548582901]"
QAR,"[0.7163437971997553, -1.0284447389693208, 0.2815591640256283]"
QCR,"[2.0423260172400735, -0.32213612148584403]"
QDR,[1.2456816843174643]
QER,[0.10842853911482386]
QGR,"[0.23349970796579989, 0.15188594241214837]"
QHR,"[-0.890206147545543, 0.4054252463243202]"
QIR,[-0.1995717141433051]
QLR,"[0.0, -0.4356390723768282, -0.5248333118937172, 1.6923317705905756, -0.14420854085653367, -0.27103897205398564, 2.5080889677589067, 1.47381403729951]"
QMR,"[1.4130846264680628, 0.4799753315499906]"
QNR,[0.7712124980638393]
QPR,"[-0.8482083230532744, -1.0064649765163756, 0.25443946130298745, -0.32752153734902745]"
QQR,"[-0.8882448591090526, 0.4075926791340425]"
QRR,"[2.4696017860125963, -0.06832718086505274, -0.1637456415264511, -0.0277683405764364, -1.4697009084504629]"
QSR,"[-0.697504199442669, 0.4378463495168283, 2.063675337433505, 0.421932324009191, 1.1724796862435651, 0.42374528372186404]"
QTR,"[-2.2001350101903743, -0.4640921129903157, -1.343047970502468]"
QVR,"[-0.26009444007584115, 0.8320839792505925]"
QWR,[0.319371176216503]
QYR,"[2.0966401007812916, 0.8121649702257479]"
