Translation,mean
R*I,"[-1.7978675911615376, -1.4198891192674754]"
RAI,"[-0.8077740587827948, -0.9373027918159655, -1.205448947307624, -0.3978876104522362]"
RCI,"[-0.41875843371079124, -0.8189677119283356]"
RDI,"[-1.0311209487599449, -0.3591323551048733]"
REI,"[-0.09562570404615034, 2.471563091733792]"
RFI,"[-0.8331640888180996, 0.24683991192102717]"
RGI,"[-0.27839933056563204, -0.5676625986766481, 0.17580922923328135]"
RHI,"[0.6046518395862908, -0.40555044997482526]"
RII,"[0.8435841978777301, -0.6007408014200069]"
RKI,"[0.16666600177011492, 0.4957509049341642]"
RLI,"[-0.7840419292941894, -0.34385680848641, 0.28982501208820377, -0.010613305663571992, -0.08483025679059253, 0.4524180424670874]"
RMI,"[1.49484948034506, 0.7836086232374511]"
RNI,"[-0.21816866315647054, -0.5634765678315548]"
RPI,"[-1.739351685147482, -1.443619852591076, -0.5547873559360994, 0.1838344447684035]"
RQI,"[0.1911987750637243, -0.3811445511471536]"
RRI,"[-0.18456750971433245, 1.307929836159202, -0.4744289067266916, -0.0059641274030513, -0.6076357782202431]"
RSI,"[0.23188373642908822, 0.6472429774088635, 0.4690393521724632, -1.5915191588851068, 0.936207471676906, -1.7892030727446508]"
RTI,"[0.3947610296136279, -0.3315632323934343, -2.9022508446803847, 0.794832218301436]"
RVI,"[0.7871355804014941, -1.425515498307834, 0.050615702678944885, -0.2581133095457018, 0.025149797886608205, 0.0, 0.28769574758724925, 0.49662813413531026]"
RWI,"[1.9982459468415446, -0.5597045654871433]"
RYI,"[0.4043147125460784, -0.0249987040519688]"
