Translation,mean
N*Q,"[-2.343240228878016, -2.450244405420988, 0.1418576462547101]"
NAQ,"[-1.6315090807012744, 1.2821184131859784, -1.1535777099721578, -1.6917024557846982, -1.6235999586871301, 0.18940170958271363, -0.4876409190387232]"
NCQ,"[-0.7506378517651138, -0.8590451513036701]"
NDQ,"[0.9046593720621123, 0.20501115100610434, -0.08896506329744103]"
NEQ,"[-0.39839202910806115, 1.0801872971863258]"
NFQ,[-0.2775900171948864]
NGQ,"[-0.5795845741591865, 2.0836374380721896, 0.7659947887928205, 0.1435096143958825, -2.5097631246616157, 1.5933083640861607]"
NHQ,"[0.2561721375042918, -0.7437155868282463, 0.759409720232278, 1.4974251550457574]"
NIQ,"[-1.6263226339859393, 0.09225834764659435]"
NKQ,"[-0.13393731922333796, 0.4572628610356624]"
NLQ,"[-1.3309776118761132, 1.6602085361294616, 0.12349686089845413, -0.7369280231781739, -1.9499913625542558, -0.8264144370035611, 0.3562322315546531, 0.5535864560289951]"
NMQ,"[0.05242763666611516, -0.4428350405436685]"
NNQ,"[-1.5078811766884002, 1.2614057045356848, 0.5491833997196718]"
NPQ,"[-0.7908551681161278, -1.0407794550356169, -1.7112538946280829, 0.19450338312669313, 0.42224652989218203, -0.33521644012556706, 0.032685709263326146, 0.011591226516721065]"
NQQ,"[-0.0054180153737988235, 0.581250857267281, -1.5704693992524223]"
NRQ,"[-0.021073119119797923, -0.7781339944197576, -0.48734100253497115, -0.7032330313077715, 0.6028176361835085, 1.0086603107416448, -1.5845024582913112, -0.9653571989098584, 0.14904217382722784]"
NSQ,"[0.5109392253333667, 1.2600661208473811, -0.9782096316035176, 0.15542242778481086, 1.616993531255357, 1.0175335557887841, -1.0732849006610206]"
NTQ,"[0.7100118592893114, 0.8854508377292838, -0.37060898421217914, -0.9830058702937343, -1.1098174956302547, -0.4613794118883021, 0.14966811716232975]"
NVQ,"[-2.1205367191811195, 1.1227375389609833, 0.4047512656234744, 0.0, -0.0722636004828896]"
NWQ,[-0.4970396170409721]
