Translation,mean
V*T,"[-3.080860670692516, -3.082233476215153, -3.1822923050813188, -3.97633519773116]"
VAT,"[1.7612317392517305, 0.6369806663950346, -0.8214772102297747, 1.1516047749517497, 3.472025277064775, -2.4717135719575385, 0.730149525127163]"
VCT,"[0.4809667669058646, 0.48190306204900946]"
VDT,"[-0.6473873237967478, -0.11839085969424712, -0.7199091373584441, 0.0, -0.41351032467865867, -0.4554683978659906, -0.22117369706472623]"
VET,"[-0.06053555818098033, -0.9769813215212881, 1.4874014011363812, 0.0027673259014742158]"
VFT,"[-0.4267401999784983, 0.38881510073650993]"
VGT,"[1.2300031956936284, 2.3761778622192136, -0.29559323546651584]"
VHT,"[0.15715020555846326, 0.47191555996796986, 1.2948661850958576, -0.3224123343007239]"
VIT,"[2.0219609958317593, 2.679121928564717, 0.36146551069784216]"
VKT,"[-0.7525697325481868, 0.7285723706793217]"
VLT,"[2.627775048564496, 1.0805995739430712, 1.3096591592845321, 0.7551672563471445, 1.9107821330791976, -0.44501488827850366, 0.133290736767389, 0.678892968950251]"
VMT,"[0.7114404206868823, 1.3999281971359405]"
VNT,"[-0.24492969239310547, -0.6932057744300746, 1.192532021302915, -0.41672892063432787]"
VPT,"[-0.3149896953053348, 0.1384958958986484, -0.018024085880907315, -0.524737659826501, 1.1403920607603002, -0.04307648499354855]"
VQT,"[1.3496690994599483, -0.09034555883642525, 1.8291101841836674]"
VRT,"[2.902659631394636, 2.600054787965165, 1.2587502631745622, 0.11371832286425132, 1.1121791954332565, -0.0769540909744908]"
VST,"[-0.8794260120986142, 1.0020801746974133, 0.267608149389444, 0.9051868279690289, -0.6215637203981768, 0.3260401021481787, -0.10881267076263867, 1.485269186359111, 0.502003094537411, -0.8488087713136894, -0.011579310809159082]"
VTT,"[0.43825260978739067, 0.3278999377485663, 0.7229251105048116, 0.755279015750606, 1.5483636686122786, 0.5701862524122037, 0.6632872470372053, 0.010140394527215157]"
VVT,[-0.23506690654010054]
VWT,"[1.7678207668768842, 1.075023214501396]"
VYT,"[-1.0368122378375197, -1.3707800614482935, 2.2604864202772603, -0.07082127404517102]"
