Translation,mean
K*D,"[-3.443734516311921, -3.3294964251487533, -0.060692027910517865, -3.289307077352932]"
KAD,"[-1.1608625021936838, 0.8660310438577028, 0.02020792851116937, -0.812253722931235, -0.09085186452850635, -1.252836008135633, 0.5352325784345489, -0.16335449851317918]"
KCD,"[2.019063945070732, -0.9896089298490374, -0.38218697859560713]"
KDD,"[1.8380027365155538, -0.4683411044452708, -1.7759088213067828, -1.1114587684015085]"
KED,"[0.3760274525834557, -3.686971174156332, 1.0002344551147928, -0.627038850464329]"
KFD,"[-1.2681444292230193, -1.129536613200636]"
KGD,"[1.5198025378649422, -0.9959901164450962, 0.24290060897129884, -0.5208699580554619, -0.5160075380755842, 0.1860474669855101, 1.1268005622662738, -0.6057858145050083]"
KHD,"[1.0003173481378553, -1.5083446767056814, 0.9038930109650973, -0.4581861264393714]"
KID,"[-1.6434643983774393, 1.1190289508091311, -0.2540824365661116]"
KKD,"[-1.5783493575497385, -0.8912096841165447, -1.175342880606637, -0.03838186618543027]"
KLD,"[0.6309774806028408, -0.46966622097829, 1.6293009027954586, 1.2729813850108869, -0.9609933276053306, -0.5038248302356809, -1.5151751051202869, 1.500854063555467, 1.0377769579460416]"
KMD,"[1.2137625546864168, -0.20282970528723432]"
KND,"[-1.1107180153483043, -2.9227327758519044, 0.6960761593734759, -0.9647342612100065]"
KPD,"[-1.3618340735963437, -0.473902453708142, -0.7580241626402948, -1.4865928327823057, -2.732708300918685, 0.6368540469395096, -3.000215373693266, -1.511120189427805]"
KQD,"[-2.622557689481141, -2.5886576218917248, -3.0166988943594544, -1.7689617446094372]"
KRD,"[-1.4010296046700983, -2.765651942694242, -1.5712557083388798, 0.5722699577590795, -1.8542935591832652, -2.7728720822884343, -1.8557612589824695, -1.772973965137428, 0.15092971782725328, -1.496481273312888, -0.5333960036408527, 1.0231219161646052]"
KSD,"[-0.024849935632575537, 0.23425487870408013, -0.19368947290854166, -1.030111510247826, 1.6309029440543794, 0.7466628941470859, 0.5038552163866239, -1.1260281280756317, -1.8618149962566086]"
KTD,"[0.30899809080370666, 0.5022751190405241, 0.9980707985150961, 2.1386594102496854, 0.2635280017210304, 0.7566726247978632, 1.3294595108990865, 0.9655368343667039]"
KVD,"[2.2405108535120224, -0.7512485118028973, -0.6545641398669089, 1.6078213544342237, -1.1403739939221014, 0.2255493301967979, 0.0]"
KWD,"[-1.339380657661712, 1.4057510846533425, -0.5356158227007342]"
KYD,"[-0.23949624284815663, -1.6770982051230767, -1.6488982844280677, -1.1161506124505483]"
