,site_1,site_2,site_3,count_x,proportion_x,count_y,proportion_y,ratio
0,GCT,AAG,AAG,88,0.0009482043380348466,265,0.0007521080310947003,0.3342580911729911
1,GAT,AAG,AAG,7,7.54253450709537e-05,6,1.7028861081389443e-05,2.147067443322701
2,GCA,AAG,AAG,4,4.310019718340211e-05,4,1.1352574054259627e-05,1.9246750219862552
3,GCT,ACG,AAG,41,0.0004417770211298717,115,0.0003263865040599643,0.4367369756599615
4,GCT,AGG,AAG,12,0.00012930059155020633,48,0.00013623088865111555,-0.0753249780137466
5,GCC,ATG,AAG,25,0.0002693762323962632,93,0.00026394734676153637,0.02937240065294766
6,GCT,ATG,ATG,48,0.0005172023662008253,157,0.0004455885316296904,0.21501677381578332
7,GCA,ATG,AAG,54,0.0005818526619759285,148,0.0004200452400076062,0.4701091585207724
8,GAT,ATG,AAG,78,0.0008404538450763413,248,0.0007038595913640969,0.2558809304616272
9,GCT,ATG,AGG,51,0.000549527514088377,183,0.000519380262982378,0.08140052567370581
10,ACT,ATG,AAG,55,0.0005926277112717791,72,0.0002043463329766733,1.5361097340686012
11,TCT,ATG,AAG,37,0.0003986768239464696,129,0.000366120513249873,0.12290113219194865
12,GCT,ATG,GAG,40,0.00043100197183402116,139,0.0003945019483855221,0.1276620441501084
13,GCT,ATG,AAA,53,0.000571077612680078,60,0.0001702886108138944,1.7457048809409343
14,GTT,ATG,AAG,18,0.00019395088732530953,66,0.00018731747189528386,0.05020590407011305
15,GCT,ATG,AAT,35,0.00037712672535476847,137,0.00038882566135839224,-0.04407404402930659
16,GCT,ATG,TAG,18,0.00019395088732530953,82,0.00023272776811232237,-0.26295198118951824
17,GCG,ATG,AAG,9,9.697544366265476e-05,27,7.662987486625248e-05,0.3397125212650973
18,GGT,ATG,AAG,7,7.54253450709537e-05,18,5.1086583244168326e-05,0.562104942601545
19,GCT,ATG,AAC,4,4.310019718340211e-05,8,2.2705148108519254e-05,0.9246750219862534
20,CCT,ATG,AAG,5,5.3875246479252646e-05,39,0.00011068759702903138,-1.0387991019886336
21,GCT,ATT,AAG,111,0.0011960304718394087,372,0.0010557893870461455,0.1799320772283277
22,GCT,ATT,AAT,5,5.3875246479252646e-05,6,1.7028861081389443e-05,1.661640616152459
23,GAT,ATT,AAG,2,2.1550098591701056e-05,5,1.4190717567824534e-05,0.6027469270988899
24,GCT,GTG,AAG,22,0.00023705108450871164,64,0.00018164118486815403,0.3841066406235516
25,GGC,TAT,GAA,1045,0.011259926514163802,37,0.00010501131000190155,6.744508883325549
26,GCT,TTG,AAG,31,0.00033402652817136636,112,0.0003178720735192696,0.07151641031552458
27,GCT,ATG,AAG,92807,1.0,352343,1.0,0.0
