,site_1,site_2,site_3,count_x,proportion_x,count_y,proportion_y,ratio
0,GTC,ATT,CCT,28,0.00022046376126924136,2,3.9660584716000464e-06,5.7966917746716895
1,CTT,CCT,TAA,41,0.0003228219361442463,21,4.164361395180049e-05,2.9545714344534098
2,CAT,CCT,TAA,77,0.0006062753434904137,82,0.0001626083973356019,1.8985713886909021
3,TCA,CCT,TAA,30,0.0002362111727884729,15,2.974543853700035e-05,2.9893368526140858
4,TCA,TTG,CTT,23,0.00018109523247116256,75,0.00014872719268500174,0.2840801181752184
5,TCA,TTT,CTT,46,0.0003621904649423251,87,0.00017252354351460203,1.0699553128223709
6,TCA,TTT,CCT,2,1.5747411519231526e-05,6,1.1898175414800141e-05,0.4043743518929297
7,TCA,TTC,CTT,127005,1.0,504279,1.0,0.0
