,site_1,site_2,site_3,count_x,proportion_x,count_y,proportion_y,ratio
0,TCA,CCT,TAA,31,0.00022255086364093214,19,3.0279318747201155e-05,2.877730447706943
1,ATT,CCT,TAA,14,0.00010050684164429193,2,3.1872967102317005e-06,4.978816572821259
2,TCA,TNN,NTN,2,1.4358120234898847e-05,2,3.1872967102317005e-06,2.171461650763657
3,TCA,TTG,CTT,21,0.0001507602624664379,112,0.00017848861577297523,-0.24357584851519043
4,TCA,TTT,CTT,35,0.0002512671041107298,102,0.00016255213222181672,0.6283193257371256
5,TCA,TTT,CCT,3,2.153718035234827e-05,5,7.968241775579252e-06,1.434496056597446
6,TCA,TTC,CTT,139294,1.0,627491,1.0,0.0
