,Mean0,Mean1,Mean2
*,-1.4274426159454308,-0.6826223248522956,
A,-1.7160465251602128,0.022935248552666376,
C,-1.3431923920133668,0.5620169601368046,
D,-1.6239381666962034,,
E,-1.1367496397129788,-0.5827651609790708,
F,-1.8768837549064132,,
G,-1.9299262281311573,-1.3015753505195324,
I,-1.1187553217674404,-0.22097349971793534,
K,-1.5717815719763584,-0.6635067743798091,
L,-1.6368463375171682,-1.0286776630409746,0.0
M,-1.5022992629607623,-0.007871027157342484,
P,-0.5516849352115569,,
Q,-1.6197837446523415,-0.24299980604793348,
R,-1.7281451225028306,-1.3257076953196676,
S,-0.10032774923634324,-0.6102821675562567,
T,0.5208699718199341,0.17276532967031777,
V,-1.589728322872619,-0.08605468372138131,
W,-1.4018315124283118,-2.1586208829582403,
Y,-1.4549297910549432,,
