,Mean0,Mean1,Mean2,Mean3
D,1.6371720439960722,,,
F,1.5136503967040085,,,
H,0.3890770063256411,,,
I,0.11660700398578738,,,
L,0.4741816535471344,,,
N,0.8431594685049308,,,
P,-0.38339817574908996,0.0,,
R,0.3728023421635154,,,
S,0.25605676501074237,,0.0,
T,0.15106450993706902,,,
Y,1.4878589012577104,,,
G,,,,-0.1451767097686849
V,,,,-0.4011445873748887
