Translation,mean,std,len
A*L,-4.000336289321545,0.8078573811199186,4
AAL,-0.24624545050989596,0.6081461973084179,7
ACL,-0.8159870569617864,0.538245710452793,4
ADL,-3.6290225345064657,0.5154343488359552,4
AEL,0.6124051206726984,1.7075340111912691,4
AFL,-0.30531796240238673,0.4323214189972396,4
AGL,-0.4915465045693056,0.3456172431427874,8
AHL,-1.5937948018273556,0.5318943703445076,4
AIL,0.0973499410787894,1.3188135771468288,4
AKL,-2.534165948549589,0.5891641898711388,4
ALL,-0.08803095358568762,1.022429485804645,12
AML,-1.1031125525371988,0.5494713828131508,4
ANL,-3.1499814719485943,0.7406655148973821,4
APL,-0.2995548205490291,1.0703968108530861,5
AQL,0.5890749320934593,1.2852276897389983,3
ARL,-2.0809026676470572,0.28939807023005987,12
ASL,-0.19343745795821018,1.4383197993811712,12
ATL,-0.061510897172177614,0.6345287422799248,7
AVL,-0.15383891185817644,0.9771837042785569,16
AWL,-1.7558501038254928,0.5379467787451614,4
AYL,-0.32789007123499075,1.9255647190654823,4
