Translation,mean,std,len
L*S,-5.2849379000254695,0.2601662176411904,2
LAS,-0.3722542996665674,1.6279712869477894,4
LCS,-1.5356526089243678,0.6308466272016504,2
LDS,1.7215105301923632,5.702516625510047,2
LES,3.319672000683607,3.67138996093052,2
LFS,-1.9059795352257272,,1
LGS,0.11899658632942527,2.2097358393704822,12
LHS,2.8267717428333237,4.750453483926551,2
LIS,-1.3118078762522423,0.29363762609729605,4
LLS,2.767047168644838,3.0877192521868877,5
LPS,-3.1829376469789183,1.3733367092161362,5
LRS,0.06942456516799567,2.6144705775473214,6
LSS,3.6113137549709773,4.007351632611088,3
LTS,5.636788065814001,,1
LVS,-1.8198551006348052,1.0278824793881012,6
LWS,0.21788992360793635,2.5207192503919735,2
LYS,3.1665288051221663,2.5760826664262044,3
