Translation,mean,std,len
H*G,-2.867367096917191,1.692204730073397,3
HAG,-0.43886349221663745,0.8398742379884427,9
HCG,3.105748094537634,1.0909902812864023,2
HDG,-3.3060004810664614,1.2770203213475018,4
HEG,-3.3235106950628346,0.8630173759216706,2
HFG,-3.5946989449380204,1.2346256456126017,3
HGG,1.1746856669659806,1.7024384127901702,5
HHG,-2.63035171443727,1.2959057969635686,3
HIG,-3.4071534325044412,0.5517699832703958,2
HKG,-3.837007034080868,,1
HLG,-2.7245824531522436,0.5618398154576325,7
HMG,-1.5054351577450753,1.1216349943979325,3
HNG,-4.1017383654150255,,1
HPG,-3.422860091134595,1.112922992690475,4
HQG,-3.686395778887421,0.4671326054154742,3
HRG,-3.6929867286598124,0.7497547251253673,10
HSG,0.5137026266181269,1.2461636985866498,8
HTG,0.6310034004989427,1.7263412882739448,4
HVG,-1.2099025345067167,0.8174962392521604,8
HWG,-4.007790224021593,0.09127685883702753,2
HYG,-3.20881965574117,0.239805489813166,2
