Translation,mean,std,len
G*N,-4.788608012500548,0.6155948552872714,3
GAN,-0.5167575902072858,,1
GCN,0.563092215910622,,1
GDN,-0.4926088259892021,0.8699652220908024,2
GEN,-1.6989297047357803,,1
GFN,-1.0703754212455028,,1
GGN,-0.04421685598011926,2.0411834171716094,6
GIN,1.1131208803373056,3.5339024292193004,3
GKN,0.04247380206177557,4.790869829804133,3
GLN,0.3929667170035775,2.170202420062607,6
GMN,-0.8082428882218837,0.646533875403384,5
GPN,1.1729598888089514,4.4597055781324055,2
GQN,-0.0728110869957596,,1
GRN,-1.0695610715957002,1.2722249676325348,4
GSN,0.7582350592391464,0.8494016371727898,3
GTN,1.7890000968313173,4.194558573800947,2
GVN,-0.5507638503478567,0.9956207355863388,5
GWN,-0.9557869784451537,1.2619281826747624,3
