Translation,mean,std,len
A*P,-3.792606615445546,0.2049816953975976,4
AAP,-0.0634614113124406,0.5917728466625902,8
ACP,0.2942531700132225,0.6955953279947391,4
ADP,-3.5961005280733938,0.7455639367101583,4
AEP,-2.7862123721028453,0.6608938579241854,4
AFP,-0.05613515677629879,0.6016320801853122,5
AGP,-3.941597935507901,0.20732139579886283,8
AHP,0.03979489433404358,0.5089398745312926,4
AIP,-3.5313634292854363,0.5278694038118383,4
AKP,-3.6283117472641906,0.5448802131245919,4
ALP,-0.9620561659801248,0.9229953556090323,12
AMP,-0.7047975906823293,0.5877731165311118,4
ANP,-1.0283630154519598,1.1401458425949182,4
APP,-3.8119327660418314,0.6196655876898349,8
AQP,-0.17106702503402518,0.5861854018707601,4
ARP,-2.615541620679449,0.3474685950891237,12
ASP,-0.9522099917530252,1.1475057539851772,12
ATP,-1.157876232330363,0.6698563165888813,8
AVP,-2.013048545195651,0.8387225279471628,8
AWP,-0.016422496887333687,0.3922784163019794,4
AYP,0.18623503054869908,0.36879920337680827,4
