Translation,mean,std,len
N*T,-3.1127713568306548,0.6003347174131395,4
NAT,-0.11397357504651243,0.541387596057498,8
NCT,0.5159919362165446,0.6404007691162218,4
NDT,-0.27081997590511947,1.1004446204202685,4
NET,0.20262370178615902,0.7352650610453232,2
NFT,-0.2897217776681222,0.9413831567301872,5
NGT,-0.10604810416586208,0.695437861247977,8
NHT,-0.6559312144121712,0.598164828844459,4
NIT,-3.0449491726091407,0.590941616681256,4
NKT,-0.6360060855570461,1.5711909493098764,3
NLT,-0.17614832149873236,0.7012657773575046,12
NMT,-0.6556687862691986,0.8268214081208446,4
NNT,-0.7753645306178578,0.5069199046125359,4
NPT,-2.9211392612426095,0.2504042815507087,8
NQT,0.4371161598658446,0.819138349307857,4
NRT,-0.34522911887291396,0.5862640944403427,12
NST,-0.42368446376007013,0.6692445818500422,12
NTT,0.20104866619252415,0.6009367204802112,8
NVT,-1.023198898324178,0.7222660942609939,8
NWT,-0.14996343584200694,1.0033666585063366,4
NYT,-0.6847855063759034,0.7069943135811869,4
