Translation,mean,std,len
C*S,-3.443541947258444,0.5318513340443601,4
CAS,-0.448521054790381,0.9305570502849446,7
CCS,-1.086452354889976,0.8588297341497384,4
CDS,-2.3482071757168517,0.587303060932197,4
CES,-2.880731710332439,0.6402211036561787,4
CFS,-2.062895221394726,1.1163374573695513,4
CGS,-2.085732406699062,0.39531340723070624,8
CHS,0.35694640911841713,0.2503976118174429,2
CIS,-0.5550103219058178,0.5417594830175246,4
CKS,-2.4346704258813916,0.3549713303323885,4
CLS,-0.4377160021155185,1.287979170308992,12
CMS,-0.06443063800506854,1.6125976687015198,4
CNS,-2.5675404596233458,0.42844399138981626,4
CPS,-1.4059506581921752,1.2387937254383115,8
CQS,-1.3651170028211694,1.72685400538529,3
CRS,-2.2764382026872787,0.45995766014972894,12
CSS,-1.672642529065227,0.9228928280966543,12
CTS,-0.3803439953078439,1.2807472534240174,7
CVS,-0.17036669050367254,1.1139360072862494,11
CWS,0.06303914480912634,1.6279327200930325,3
CYS,-2.0147848213145165,0.6608625994099085,4
