Translation,mean,std,len
SFL,-0.5043909661727355,0.7133165450999515,2
