Translation,mean,std,len
I*G,-0.105579260748037,,1
IEG,0.4923332678736383,,1
IKG,0.027564329435807,0.038981848525838185,2
IMG,-0.0029894017832203,,1
ING,-0.9203134826902452,,1
IRG,-1.8146505444197993,0.6392329283448798,2
ISG,-2.8496793955583186,,1
