Translation,mean,std,len
D*C,-3.748175000238922,1.2576082910648858,4
DAC,0.1610505982473222,2.007377302487835,7
DCC,-1.0614975825490225,0.5642843221256415,4
DDC,-3.755709904639707,0.7058571959355708,4
DEC,-3.7640637700101465,0.8472523875449308,4
DFC,-2.6697183294978575,1.9677933287181695,4
DGC,-3.437238168717957,0.3059256967044742,8
DHC,-3.19550196530773,0.7898658891029507,2
DIC,0.693982450798396,3.24846882267687,4
DKC,-3.5621103460884127,1.0456594995377473,4
DLC,0.7918692477338519,1.9185250172943955,9
DMC,0.7404334302709459,3.190269940939812,4
DNC,-3.4339793016006066,1.0091227597532426,4
DPC,-2.4764518743324095,2.1938140179448906,7
DQC,0.3235153604048011,1.8452469014257953,4
DRC,-3.622328607176471,0.5630568103972633,12
DSC,-3.96865474269928,0.6951221815084585,10
DTC,-2.648747558964221,1.1932126797895601,8
DVC,1.4423345700171488,2.3517281182243828,8
DWC,-3.840933886078342,0.4731634723757812,4
DYC,-3.410253856882169,0.12391892106185756,3
