Translation,mean,std,len
F*S,-3.7603836758522116,0.34626356225970445,4
FAS,-3.690743810042834,0.4885480751802953,8
FCS,-3.398391391068609,0.6467075294218895,4
FDS,-4.061781876890804,0.9468663233964176,4
FES,-3.193366975737885,0.2927031648269085,4
FFS,-4.139099593511318,0.571986174856948,4
FGS,-3.7735909218462065,0.5359104814371559,8
FHS,-3.310742814504435,0.5766176366101798,4
FIS,-3.7370538326131464,0.8201924784138066,4
FKS,-3.4799088990838456,0.3899064784678353,4
FLS,-3.829607274767051,0.45327649330507447,12
FMS,-3.442484779068794,0.5192311919828692,4
FNS,-4.1231173653775635,0.8575010484107325,4
FPS,-0.618091489588277,0.7291822448320356,11
FQS,-3.3591198408592158,0.4550403707810439,4
FRS,-3.33991118353063,0.6493542561791482,12
FSS,-3.5417253628653005,0.6656218129171106,12
FTS,-3.4365200826445634,0.6505831509576999,8
FVS,-3.6751476962800047,0.3895762481515065,8
FWS,-3.4854786324447833,0.12739044719094772,4
FYS,-4.0336726064914945,0.9716703732361445,4
