Translation,mean,std,len
T*V,-4.553911861922143,0.623538751946045,4
TAV,0.5553598438700671,0.9156192770280744,8
TCV,-0.1387863196139854,1.0303217502077844,4
TDV,-3.3058459974587633,0.38971278703082646,4
TEV,-1.889169475113813,0.3725744719085513,4
TFV,-0.19289256381675268,0.7047443356394437,4
TGV,-0.02173855201165202,1.276566808104507,11
THV,0.29556823855670467,1.2400950432781384,4
TIV,-0.1764307479309466,0.9734863183842212,4
TKV,0.20899389493795995,1.0942892675457747,3
TLV,0.059294012771062755,0.9924611650441479,12
TMV,0.5304733249210773,0.6995040991742706,4
TNV,-0.20645653944326114,1.0416560419983627,4
TPV,0.5595251788117971,1.3968809691956827,8
TQV,-1.2954620530053969,1.2857568249846394,3
TRV,0.3782979302517442,1.062281535602777,8
TSV,-0.8949504968400145,0.6152960434757591,12
TTV,-0.5804282038923946,1.2585010669726637,6
TVV,0.36504552420459535,0.723144153979515,8
TWV,-0.16016160390195044,0.6657434873849709,4
TYV,-0.7130266288021283,0.24610539241345328,4
