Translation,mean,std,len
K*A,-3.53284385569006,1.3772425959575096,4
KAA,-2.8753883244656078,1.0042431947659467,7
KCA,-2.166482021193735,1.1441651303600142,4
KDA,-3.702789216813126,1.6365203221587177,4
KEA,-3.1650720933300063,0.2977049275012633,4
KFA,-0.8440658060220207,1.0987784619676941,4
KGA,-3.927050892661445,0.6022553953643631,8
KHA,-3.817702548002599,0.4171960274956102,3
KIA,-0.9150277096143219,1.1292204804367625,3
KKA,-3.36189243410651,1.0128944642596447,4
KLA,-0.5902829342647695,2.079365704776334,11
KMA,-0.9490307023600083,1.0627386172105666,5
KNA,-3.872540871854736,0.974744365633361,4
KPA,-2.995279769396351,0.2582855691166857,6
KQA,-1.628066742640824,0.8881005425696253,4
KRA,-3.4753107336527016,0.45553033949356275,12
KSA,-3.3756929015113837,0.9584129406652878,11
KTA,-2.2733063585092457,0.5815470019526697,8
KVA,-0.5749661220819431,1.1582689740542298,8
KWA,-3.7089673135648917,0.8150847717880229,4
KYA,-1.6934493627754552,0.37346687815984647,3
