Translation,mean,std,len
L*A,-3.624331311012483,0.579688267045183,3
LAA,-0.2665381481054817,1.0265179298402254,5
LCA,-0.4095595011248916,0.6306067929161916,2
LDA,1.8351179142453589,,1
LEA,0.25121842665721167,1.9919878913844091,3
LFA,-0.3200033743024466,,1
LGA,0.3610522154882616,0.6231182633250676,8
LHA,0.8449881582694196,,1
LIA,-0.7284597206595329,,1
LKA,-0.14637430316010155,2.573736441156671,3
LLA,1.1270802016935255,1.8677744711171629,8
LMA,0.5192234775237813,1.301872612356119,3
LNA,-1.720820043766322,,1
LPA,0.12437640438708131,1.2640020148703632,6
LQA,0.4044332700695641,1.1449892812501854,2
LRA,0.1925056908215027,1.186803274679537,9
LSA,-0.8791645838465993,1.464373565687645,4
LTA,0.7613983216880857,1.4409805517733831,2
LVA,0.3843598933676835,2.0626772305764702,12
LWA,-0.6649923887773971,0.9274898339550364,3
LYA,4.418586168286184,,1
