Translation,mean,std,len
N*L,-3.5775133876168157,0.7334708813435549,4
NAL,-0.10882137235699263,1.4612909559016987,7
NCL,1.0590066596363912,0.6119326825544921,3
NDL,-2.9732809459586895,1.1110996978010024,5
NEL,-4.009478295362335,0.4706761816257312,4
NFL,-2.852998441166611,1.0240698019312116,5
NGL,-1.6417537711565762,0.8862475936277477,9
NHL,-3.245498372145048,0.6364800933671939,4
NIL,1.0669867608566903,2.4811463058335073,5
NKL,-3.696720854547641,0.5369057316713786,3
NLL,0.6250158617140248,2.3339579119977922,10
NML,-2.4065310254379892,0.21622890994782107,3
NNL,-2.1070087220430262,0.7769923329513401,4
NPL,-3.4721444980388685,0.5062856019675207,8
NQL,0.18979948652145065,3.0266535571750244,3
NRL,-3.370464803836518,0.8894188474436385,12
NSL,0.3897902799723177,2.817499609904849,8
NTL,1.461695860780252,3.0773350758105327,3
NVL,-0.5139393267275765,0.8205229917276342,13
NWL,-3.2828636472228214,0.5451999078104015,4
NYL,-3.2522925941516925,0.41469274505108883,3
