Translation,mean,std,len
L*T,-4.016834441785279,1.08203908779705,4
LAT,0.7434307556606499,0.8271674010400949,5
LDT,-0.22560249320044612,0.37976348249672826,2
LET,0.10452077604982746,0.8692311183765673,2
LFT,2.878363367966492,,1
LGT,-0.029886933935985203,1.0522277920636798,5
LHT,1.1276870007735353,2.7483877001280317,3
LIT,1.9980488193196873,1.5677900485711223,4
LKT,1.141297229500614,0.3785721377985709,3
LLT,1.1073037648829551,0.9793601191229997,5
LMT,1.8526522472105285,0.011434829294105291,2
LNT,1.5279037952864574,1.8164635294722071,4
LPT,-0.027098639801223845,1.7650364765433857,12
LQT,0.04556041802596589,1.2284435559470521,2
LRT,0.6921999538084789,3.1687027444717377,2
LST,1.1298686282384296,1.1541843944335615,5
LTT,0.5205026850317754,1.3032823722035407,5
LVT,0.9906286236276804,1.1977062326729548,5
LWT,0.37284870694659245,1.0310866917196162,4
LYT,0.6197235248434932,0.2890449551792396,3
