Translation,mean,std,len
Y*P,-4.647345180520923,0.39356695943506614,4
YAP,-0.0355852551146428,0.6885812383355402,6
YCP,0.500649457842744,0.3799625032381273,3
YDP,-0.7853295871433695,1.515461502516364,3
YEP,-0.6025315812272956,1.094306882651981,5
YFP,0.3572552613679414,0.8866410192967886,4
YGP,-0.5840635488879755,0.8091184388998788,8
YHP,-0.6991839055168798,0.49378126567427716,2
YIP,0.6451489458370894,1.5577760112224979,3
YKP,-0.2754444479178155,0.9422928116053039,4
YLP,0.4863368402490295,1.595348115875427,9
YMP,-0.12460925628141457,1.3713671328079438,3
YNP,1.1527105585030286,1.4207943684428004,2
YPP,-3.502683142894649,0.6201234310017295,8
YQP,-0.2035634395938528,,1
YRP,-0.18622940304720834,0.5634195632335058,12
YSP,-0.11339845550952017,0.8325829599799023,10
YTP,-0.08799554349444473,1.7570359025335884,7
YVP,-0.5979147492814417,0.8040499365801829,8
YWP,-0.8651995815130562,1.1797266489615958,4
YYP,-0.47144267318335936,0.6531487760872252,3
