Translation,mean,std,len
L*N,-5.5343347682809485,0.7911544082199219,4
LAN,-1.3543429171705648,1.3540512745138504,7
LCN,-0.8397592864967347,1.019251968018231,4
LDN,-0.02462090612100465,1.6365558288930642,4
LEN,-0.6279019255863336,1.4030426827800968,4
LFN,-0.499033206026449,0.6155349694873824,4
LGN,-1.3732418144698846,0.7735250708825306,8
LHN,-2.293367099795363,,1
LIN,-0.9157801172927859,0.28252083506796477,2
LKN,-1.051129351103048,0.7832453379383114,4
LLN,0.14589221084731482,2.697090485582741,9
LMN,0.799859974641147,2.8033495181740213,2
LNN,-1.4051889656475771,1.9489156367200842,4
LPN,-1.4715986431542472,3.293158997896413,3
LQN,-0.7670896051895317,0.7693419239844832,3
LRN,-0.9313328834119211,1.2851945263893396,11
LSN,-0.8603802843227226,1.425731875176859,7
LTN,-0.1623455861360839,3.5988096327539156,7
LVN,-0.20660963635793023,2.427128009199614,7
LWN,-0.7703681120487509,1.2266934627650639,4
LYN,0.031122274139712802,3.125974887079063,4
