Translation,mean,std,len
W*Y,-2.822456773044113,0.7323587796298962,2
WAY,-1.869339378605798,0.5682686812412904,4
WCY,1.3385024396334502,1.390772513693823,2
WDY,-3.2336834178190372,0.4591064639411579,2
WEY,-3.3249433594898745,0.2647630615766552,2
WFY,-0.6434425697336734,0.8913900733142791,2
WGY,-3.5620315572331114,0.28983825275483743,4
WHY,-2.4589683527308424,1.5407213774316453,2
WIY,-1.4008290752309998,0.5787973659752255,2
WKY,-3.4937050425826532,0.25107763650601034,2
WLY,-0.37196066838504277,0.9119624988732007,6
WMY,-0.11168457745667659,1.0810215941047767,2
WNY,-3.3821709662667057,0.04732207216805311,2
WPY,-4.4001938317183535,0.4826892778082416,3
WQY,-0.30192262741583953,0.49483357241909814,2
WRY,-3.2029697836382574,0.611999576633413,5
WSY,-3.1482380575072604,0.6432075369803977,6
WTY,-1.2873215879756303,0.9276454717950062,4
WVY,-2.3014078409992145,0.8990489244947062,4
WWY,-3.2506836624838855,0.576999950636162,2
WYY,-3.2832063499706354,0.6834373703427713,2
