Translation,mean,std,len
Y*P,-3.9642268894404697,0.4414199868451754,4
YAP,-3.8206149906996902,0.9110495679028376,8
YCP,-3.121103438698664,0.4205047831422843,4
YDP,-2.8209348275842183,0.4404175526179523,4
YEP,-3.3541954409400145,0.5542772738804373,4
YFP,-4.025435197536273,,1
YGP,-0.3018699050866317,0.3727757989509235,8
YHP,-2.092992592321123,1.219259174949155,3
YIP,-2.652155640092844,1.10948376037067,4
YKP,-2.8586444167854896,0.7027372471261214,4
YLP,-3.1464289165078205,0.9538966811071994,12
YMP,-3.3719164415318335,0.8378704030341391,4
YNP,-3.768427326863947,0.6605261080681751,4
YPP,-2.7759832081094906,1.7319133985986048,6
YQP,-2.500441353403136,0.3061888526132771,2
YRP,-3.1938163123516667,0.5805734202195337,10
YSP,-3.2453963184074777,1.1418304487152449,12
YTP,-3.2504873015019684,0.30430015041116854,5
YVP,-3.569357799528177,0.9001896205143295,8
YWP,-4.028238031116197,0.41134889387838497,4
YYP,-3.6832153433521655,2.324268202889703,3
