Translation,mean,std,len
D*T,-7.452869495821133,1.0705507093842466,4
DAT,1.016251783006746,2.4160937922797556,6
DCT,-0.321363768422481,,1
DDT,-1.4765141823790224,0.5391049032405121,2
DET,0.7161224807511081,0.8437990040028027,4
DFT,1.7352149016866465,,1
DGT,0.16055072680611096,2.5937561831540616,6
DHT,4.82398185434967,,1
DIT,2.969892842219025,,1
DKT,-0.3783417080208755,0.051116898311151356,2
DLT,2.50011944662681,2.0071188065306913,4
DMT,1.4631537952178473,6.292604356310404,2
DNT,1.8123317232663028,3.725343938734645,2
DPT,-2.3735624604206103,1.5974426777632185,4
DQT,0.8399618584781955,3.349091390042274,3
DRT,0.4474109698583805,4.188723827410922,6
DST,2.82357528175037,2.1441178005667876,6
DTT,0.05583705997780849,2.1000948092198133,9
DVT,0.5872241138689183,3.0264909847238397,5
DWT,0.5513448890212548,0.7009499118338506,2
DYT,0.8600753416602744,0.46123181499964583,2
