Translation,mean,std,len
V*F,-3.460296766039131,0.24716898501177234,4
VAF,-0.5396018441143703,1.0616434177866703,8
VCF,-0.4081392269896855,0.43389325996030026,4
VDF,-0.5055786260777209,1.0858644817356267,4
VEF,0.6206119982028273,0.6825419109583879,4
VFF,0.22510465743618233,0.5874313874629148,4
VGF,-0.2623668302437279,1.1913304645967138,6
VHF,0.07348914650851818,1.4892101651635608,4
VIF,-0.9402482512594306,1.457212508466424,4
VKF,-0.4921866662762915,0.4139587272471312,4
VLF,-0.6988732325957028,0.7187611864640291,10
VMF,-0.9656901820032648,1.5118908270692926,4
VNF,0.16074085649044467,0.4727448082329599,4
VPF,-1.3282504350264612,0.8383653533147057,8
VQF,-0.8121494423923354,1.2515524242668372,4
VRF,-0.050807587987021556,1.1429764025877078,11
VSF,-0.1537118060620622,0.5631888019288399,13
VTF,-0.4183059295461791,1.0787888903899325,7
VVF,-0.1367734646786143,1.467360286357536,8
VWF,0.14593877275040712,1.1614668500299339,4
VYF,-0.5694095546832745,0.632225811635966,4
