Translation,mean,std,len
G*D,-8.621188630077011,0.7598981162070474,3
GAD,0.6310201204099204,2.5370445463202653,5
GCD,-2.5492405115364427,,1
GDD,-1.9376100603532065,,1
GED,-2.6299485289550772,0.5281707467267619,3
GGD,2.363758009751686,3.528608844306091,6
GKD,0.12942261996679286,1.9336543023091557,3
GLD,-0.3759244805513613,2.5711300652399887,6
GMD,0.2469483000245082,1.2938752333658288,3
GND,-0.9408247047183133,,1
GPD,0.7034725397939277,1.8645631822706015,2
GQD,-2.1967264900891488,0.34751388456993487,2
GRD,2.1170856210053013,2.2078484688098805,6
GSD,0.9422327946664044,2.541838637070165,7
GTD,-0.0464466384575104,2.4804350578165804,7
GVD,1.9311477928431597,3.2063809465094755,5
GWD,0.7598373268686998,1.055479151872107,4
