Translation,mean,std,len
L*Q,-5.697733310820755,0.27334798667394855,4
LAQ,-0.2728204238012171,1.4024970553243583,7
LCQ,0.3673419969656558,0.7786053649735507,3
LDQ,-0.014536994880448795,0.47198816273805255,2
LEQ,-0.505428316347206,0.6283059099766666,4
LFQ,-0.684835876826592,1.3080144609881394,3
LGQ,-0.15585615897514415,0.9861688979739416,8
LHQ,-0.6871240938680128,,1
LIQ,0.9458231923053289,2.1456999145789895,2
LKQ,-0.2747859519608516,1.9444083437409856,3
LLQ,-0.27899139610957463,1.134894986206259,7
LMQ,0.6519652819265861,1.4459964704119526,3
LNQ,2.5915111245571767,1.6042408413579645,2
LPQ,-0.14057845099987099,1.9940713971982167,8
LQQ,0.33097075831887024,0.9972756107640415,4
LRQ,-0.12635607644772673,1.3370529717033324,11
LSQ,0.5042744252402868,2.212096193172152,9
LTQ,1.3582289910844167,2.8549580029183206,7
LVQ,0.420047351404467,1.8205484387998268,5
LWQ,1.412736835160528,0.6026549564349453,4
LYQ,2.942015360961898,2.1235090057323402,3
