Translation,mean,std,len
D*V,-3.5911625435410444,0.1840664188345718,4
DAV,-0.11097251160128864,1.0551429738032883,7
DCV,-0.3385718459910521,0.28026176811990877,5
DDV,-0.12059645778959349,0.4139182442529844,4
DEV,-0.24284556449746164,2.144153114044661,4
DFV,-0.17648198424402595,0.5929526567700576,4
DGV,-0.36911900565029016,1.4675134695690906,8
DHV,-0.06418167677695585,1.15582211781088,4
DIV,-0.009444443785236345,0.6799046981536244,4
DKV,0.6499969607575556,1.4975834807437483,3
DLV,-0.25088412380044406,0.8190876964189251,12
DMV,-0.8386106144462779,0.7144785892689934,4
DNV,0.152285200526449,1.0729672663247725,4
DPV,-1.5144037690783425,0.7348193315853877,8
DQV,-1.5149943972396143,0.5185434718230241,4
DRV,0.08105283300846487,1.2013924438981334,11
DSV,0.006675030931474307,1.1979148003201867,9
DTV,-0.3724849297867302,1.0161214359572368,8
DVV,-0.25056722727260605,1.2419343110672583,8
DWV,-0.0267814696762807,0.6024113228767557,4
DYV,0.09169717892962173,1.3858501857751526,4
