Translation,mean,std,len
YGP,0.08039294239385517,0.07103314224473303,3
