Translation,mean,std,len
E*E,-3.7650059343331597,0.5778171265219063,4
EAE,-3.5245425064889595,0.8377669823906769,8
ECE,-3.140577574499268,0.46469307855027714,4
EDE,-0.4361041578035813,0.41568836241190305,4
EEE,-2.016965143941088,0.3813841172564429,4
EFE,-4.084628339694332,1.0645529850237425,4
EGE,-3.395812836249713,0.22831669411612734,8
EHE,-3.655514147436127,0.9465414067737196,4
EIE,-3.4552648750578214,0.60682746372125,4
EKE,-3.535349608995636,0.4959484328408177,4
ELE,-3.2890821354758715,0.4724692953589688,12
EME,-3.3188609101544495,0.15817733824991942,4
ENE,-3.417975629816505,0.8589516545251615,4
EPE,-3.297043997651051,0.6927592899419639,8
EQE,-3.8120860433873185,0.5046920829773481,4
ERE,-3.605978006598985,0.5400773480470771,12
ESE,-3.7811840272917903,0.7631604356715855,12
ETE,-3.6933854530422723,0.8537244347627823,8
EVE,-3.382630386504429,0.5413853982405861,8
EWE,-2.894625429777779,0.5405927642697956,4
EYE,-2.868454310309205,0.6700282768240189,4
