Translation,mean,std,len
T*T,-4.094430160962667,0.5478919993510575,4
TAT,0.5920046114830816,2.552066715146363,7
TCT,0.3368739411878765,0.26235283339864635,4
TDT,-4.17444593879487,0.48020115055752094,4
TET,-3.953223882038023,0.8915687580889523,4
TFT,-0.4195549682188325,1.6995199461698933,4
TGT,0.5204774899940853,1.5686638462581037,7
THT,-4.4783406637804175,0.2796685161774582,4
TIT,-2.070813023260152,0.8405873027826759,3
TKT,-4.162265317972448,1.0094931254908337,4
TLT,1.4027956188285113,2.128626294625196,11
TMT,0.33112539025006177,1.1394437461569733,4
TNT,-1.8103965328844436,1.068462344650909,4
TPT,-2.5712917393035433,0.9528418186474313,8
TQT,-1.0881251244122792,1.0274333044742265,3
TRT,-4.012535410716661,0.6577892621656237,12
TST,-0.9410904753703129,1.8676561962763765,12
TTT,-1.141165602877958,1.8448982742178923,13
TVT,-0.7543438802147348,1.249116516154798,8
TWT,0.4398773893852037,3.2742367069814637,4
TYT,-0.7030656461710453,0.40811000896641786,3
