Translation,mean,std,len
L*D,-3.2561736861646526,0.14946345206105507,4
LAD,-2.7570418119963644,0.42495045372180446,8
LCD,-3.311782427475393,0.6111588924329993,4
LDD,-0.1873448851057912,1.132485942153867,5
LED,0.26657743682559293,1.2239705768920635,6
LFD,-3.3167828895141245,0.7665360154854811,4
LGD,-3.327693404369185,0.533596223639353,8
LHD,-3.453022258263547,0.6210144321522809,4
LID,-3.0790047182397258,0.45173331830376817,4
LKD,-2.522005537899279,0.24537890821049693,4
LLD,-3.548792628810091,0.581455144746183,12
LMD,-3.3437104385389635,0.21768905017795684,4
LND,-2.9413866594507905,0.5937122716910154,4
LPD,-3.4888693226286707,0.5097641797650249,8
LQD,-2.127195238546993,0.7250358221628331,4
LRD,-3.2136642728426796,0.5983367079952095,12
LSD,-3.502026266839831,0.678999821610373,12
LTD,-3.6242309765426635,0.5840187184111788,8
LVD,-3.15713673278428,0.3513612317224386,8
LWD,-3.85767857070402,0.48695089158257604,4
LYD,-2.13129953860871,0.4381224715057286,4
