Translation,mean,std,len
V*F,0.3797259316470796,1.0118457375012968,2
VAF,-0.27486608196950557,1.7507012119481653,8
VCF,2.3218140264217175,2.4382509942936554,3
VDF,-0.053281522079468235,2.586441983747663,3
VEF,0.5630812221976151,1.309074182679071,4
VFF,0.3556739362258665,0.8149436874615869,2
VGF,0.3817152221151022,1.2756894975406365,8
VHF,1.4643163819067524,2.481932585121599,2
VIF,-0.6493848652565549,0.6164130833823294,2
VKF,0.04455805047647532,2.134731198367877,2
VLF,0.9427247267044839,2.3842325076088358,6
VMF,-0.9871325519022331,2.5261504861841435,2
VNF,-0.02999959598680002,1.882927932037962,2
VPF,0.1752086042704155,1.2297232932753868,3
VQF,3.0580349500793966,0.9425752070398408,2
VRF,-0.2393765061137846,1.513389515097568,11
VSF,-0.5077082287101442,1.2220107786452046,7
VTF,-0.5025365523734235,0.6425745722032505,9
VVF,1.3241475932251763,1.5294171456627874,7
VWF,0.5003095525598358,0.7939155761372699,3
VYF,1.6880103947304708,,1
