Translation,mean,std,len
D*F,-2.633942164753126,1.0001416398247491,4
DAF,-3.297961676605675,0.975590054393647,8
DCF,-3.9551639254881428,0.5998541420645558,4
DDF,-2.4850155888746253,0.6558157736132008,4
DEF,0.5230812768681954,2.0518822159266996,5
DFF,-2.8611191053993696,0.8180706488879733,4
DGF,-3.3242778271940296,0.30023127898364216,8
DHF,-4.538516693619591,0.8144203525646375,3
DIF,-3.8520441371510903,0.6361523904885776,4
DKF,-3.0517502318969982,0.8328446775178283,4
DLF,-3.3570063884173664,0.8256993761163,12
DMF,-3.5220491618287064,0.3489225806595948,4
DNF,-3.5104202278498184,1.2852770862121488,4
DPF,-2.7101285978377603,0.9648310167452558,7
DQF,-2.9250282736986355,0.5444836933564393,4
DRF,-3.148991005556551,0.7471390247710209,12
DSF,-3.5645072314919806,0.7483294772806135,12
DTF,-3.754088857236796,0.7168023088892628,7
DVF,-3.2294956181724834,0.5647335129055725,8
DWF,-3.93188996350236,0.3074834849790784,4
DYF,-3.155114496977378,0.4042116561220413,4
