Translation,mean,std,len
F*V,-2.069986958642021,0.6366817915167097,3
FAV,-2.6822735548458367,0.655409562951473,8
FCV,-0.4140066246651997,2.243404368096685,3
FDV,-0.6636163872591574,0.562888683171436,5
FEV,-2.632707778797306,0.5251198068688293,4
FFV,-3.520470101586494,0.40823634030339045,3
FGV,-2.97835582771877,0.5211742845156763,8
FHV,-2.719352999860761,1.3035712511379283,2
FIV,-2.1030992565801974,0.6174613379961964,3
FKV,-0.9139662403981562,3.2246615328504094,3
FLV,-2.958331732535497,1.177884852452268,10
FMV,-3.6351181209132117,0.663133437024859,3
FNV,-2.4483017711804735,0.17611095967301493,3
FPV,-2.524034965486228,1.2298348719402796,5
FQV,-3.405515489821318,1.6485580538823652,2
FRV,-3.3512032714844526,0.4289994719839217,8
FSV,-2.7845398289787955,0.40711127214899007,9
FTV,-2.5078464042463966,0.8413517382606714,7
FVV,-3.0455850425733613,0.2908355633477349,8
FWV,-3.451639936160865,0.539220323952298,3
FYV,-2.878527234725949,0.4041115630934949,4
