Translation,mean,std,len
T*F,-3.388466231939606,0.6539207748109597,4
TAF,0.1543819504943753,1.1868536923001074,8
TCF,0.6302604442826434,0.7201760845526526,4
TDF,-1.0225613527544093,0.5641241287203225,4
TEF,-0.22826604740808662,0.7308558820259804,4
TFF,0.6359539717457463,1.842906391670215,4
TGF,-0.4300312350530975,0.6037768777870491,8
THF,-0.45959217175017975,1.4601952826448008,4
TIF,0.07352350270878255,0.8288902128199036,4
TKF,0.5967470317592631,1.8749861669447205,4
TLF,0.6801649221460152,1.7284039566607527,12
TMF,1.3776057522413918,1.745874398639908,4
TNF,-0.11918892245929458,1.3989919286355719,4
TPF,-0.42994824487756855,0.5270038077983219,8
TQF,-0.46575950376963493,1.1682084710081144,4
TRF,-1.0958993538026116,0.47012628549751745,12
TSF,1.2025631988720094,2.0844838253940075,12
TTF,0.945633306884886,2.3355416237296334,8
TVF,0.6998877222802817,1.6512742446733664,8
TWF,0.838817768968372,1.8582800940803148,4
TYF,0.7611730321879202,1.5716665828099814,4
