Translation,mean,std,len
H*I,-3.866354691962356,0.06448903993599715,2
HAI,-1.4957345963578006,0.3082353150720864,4
HCI,-0.918682699827879,0.24494098702544467,2
HDI,-3.447193800750151,0.23207292770481222,2
HEI,-3.2620638778375683,0.21087533642273762,2
HFI,-3.508165618196903,0.16164655768647793,2
HGI,-1.540807641867657,0.2512475118597483,4
HHI,-3.289589302296772,0.09595976633284378,2
HII,-0.862436430723081,0.12275635644833156,2
HKI,-3.3876851042987126,0.1488966718225605,2
HLI,-1.1989855636900157,0.6375650137956193,6
HMI,-3.0481722924457872,0.004243428700800298,2
HNI,-3.5447888334920648,0.05534457447040937,2
HPI,-3.3885340804539243,0.15725428596539343,4
HQI,-3.6634009038030664,0.2558268614342735,2
HRI,-3.4672492250986733,0.09137720393147065,6
HSI,-1.4059010137492844,0.4480912075324528,6
HTI,-1.5888919271538076,0.2513179145208223,4
HVI,-0.1652529819072643,0.289268314685596,4
HWI,-3.2209648456099504,0.2154552761342269,2
HYI,-3.4465684994935595,0.41641358675334766,2
