Translation,mean,std,len
G*W,-3.629524643517763,1.2086700510028165,4
GAW,0.7801508997643786,1.477262601869987,7
GCW,0.1943489419575397,0.4193748584856328,4
GDW,-0.9123549039882122,0.4874580414791252,4
GEW,-3.364817746091921,0.9773213516739793,4
GFW,-0.21550351698397985,1.03984292404559,4
GGW,-3.607818157229895,0.5848820416249854,8
GHW,-1.7730178108822674,0.5857763359169097,4
GIW,-0.07195089744826816,1.2141701141029604,4
GKW,-1.5860156187850385,1.9962927257594723,4
GLW,-0.10563608945979013,2.2129783680405897,10
GMW,0.13993896617478507,0.5801439612278528,3
GNW,-1.1046384796508595,2.196931762254143,4
GPW,-2.2987471937802613,0.9746824899162778,8
GQW,-1.8775582651421605,1.040101527782946,4
GRW,-2.634916560470371,0.7357657939476937,12
GSW,-1.3722373432531152,2.1836768243035,11
GTW,0.4984409703718402,1.003271683788549,5
GVW,-0.1990586197250872,1.117723067114619,7
GWW,-3.0118884924395912,1.1353355520010175,4
GYW,-1.2711984307913298,1.423590540919714,4
