Translation,mean,std,len
P*H,-3.621955324514237,0.6325285536755518,4
PAH,-3.6527735637725782,0.5589677876736322,8
PCH,-3.906778542119446,1.0302384356003589,4
PDH,-3.8142669738442256,0.5534477468331944,4
PEH,-3.6523103971864455,0.538073047478605,4
PFH,-3.4542724622423444,0.3683137116040948,4
PGH,-3.5546873312538,0.36127326202805116,8
PHH,-3.134430047033276,0.5968657917988257,4
PIH,-3.8887456560924893,0.363228073699977,4
PKH,-3.410321636756799,0.48670832180907714,4
PLH,-3.797543861510324,0.7261320948223736,12
PMH,-3.812467571263742,0.19122124304825847,4
PNH,-3.5144438449956676,0.6159463974111015,4
PPH,-3.42819100141144,0.6048126175203496,8
PQH,-3.3740908395135993,0.8329904438107462,4
PRH,-0.4674836852959024,1.0525866609295316,13
PSH,-3.535890456367421,0.4436174377956528,12
PTH,-3.848586631372877,0.6371582919826041,8
PVH,-3.7146743325671543,0.3727535257396457,8
PWH,-3.872372393082987,0.3136317816160509,4
PYH,-3.379805796166447,0.3254130579551975,4
