Translation,mean,std,len
Y*D,-5.696444233617445,2.312906500786727,4
YAD,-1.7600220855990858,1.7104085999466494,5
YCD,-0.8478798365457978,0.4774764330425592,2
YDD,-2.0891407620155946,0.586634770561374,2
YED,-0.9298872804793037,2.060802562538363,4
YGD,-1.5631770818258224,0.5927536589772925,6
YLD,-2.7836416133604396,1.4150428821064547,3
YMD,0.9336064627410856,,1
YND,-1.63171290758163,2.1148853414828097,2
YPD,-2.927626616316857,0.09225617358419026,2
YQD,0.18921917642752006,0.10511977154571442,2
YRD,-1.640231151548744,0.9388828029957152,10
YSD,-1.0824857681860205,2.6776285075441537,6
YTD,-1.788218501538806,1.566639680097925,2
YVD,-0.6206336826369965,1.1367867935385432,3
YWD,-0.3342203311925717,1.595017263131047,3
YYD,0.2380928525753116,,1
