Translation,mean,std,len
P*Y,-5.909353930591865,0.5179968450616045,3
PAY,-1.2768132192950885,2.129932174765636,5
PCY,-0.8577544572152105,0.9015362259401065,2
PDY,-1.4268745072402276,0.28323357890723855,3
PEY,-1.4540311421712462,2.0609013124884337,4
PFY,-1.480347478150783,0.8780312045999915,4
PGY,-0.9027706507980476,0.9349636158082526,8
PHY,0.08560493810438616,0.5370340528308407,2
PIY,-0.7915912849312265,1.919566182077396,4
PKY,-1.8015647175040364,1.2370485766981556,2
PLY,-1.4712114374648884,2.1971426471591893,6
PMY,-1.6963913469895435,0.6768843799599402,4
PNY,-0.9059374416921566,0.6572318918689238,5
PPY,-2.9713796086617137,0.04382003838132209,2
PQY,-1.754527617059091,,1
PRY,0.009994203352142295,1.7704165447048434,6
PSY,-1.4585365136363406,0.9532729433803927,5
PTY,-2.0835346459555777,2.1196064539796806,3
PVY,-1.6593041004343636,1.5288019136545408,6
PWY,-0.8157449835318347,1.9531297334176525,2
PYY,-1.6868113668971307,0.2857890355044677,3
