Translation,mean,std,len
L*R,-4.420651583051855,0.26419555825916924,4
LAR,-0.5617182099385036,0.8849477361295804,8
LCR,0.23088737172519824,0.8300397427627387,4
LDR,-0.46539947822089744,0.2719175189520782,4
LER,-0.18674770616146175,0.3571927094457197,4
LFR,-0.6608189708748092,0.36586772722103034,3
LGR,-0.13083609210569203,0.5163577877859665,8
LHR,-0.3470309553021633,0.7657766005108471,4
LIR,-1.0148032745299127,0.6153689120955903,9
LKR,-0.43942096005027587,0.5069263711063406,4
LLR,0.16266144694973317,1.1036622476894982,10
LMR,-0.3534285233590966,0.7205201753326573,4
LNR,0.2601591019764684,1.9117414449485324,3
LPR,-0.34022586149512835,0.7784161913844856,8
LQR,-0.15005068189711684,1.28751406270925,4
LRR,-0.39429020005003945,0.8185510068323203,12
LSR,-0.3567243080899597,0.8136525866907599,9
LTR,0.14390247642885168,1.2032685052526286,7
LVR,-0.7083176328440323,0.5760911794476268,8
LWR,-0.6834322341536336,0.5002784567653089,4
LYR,-0.538811351130723,0.6009295097397817,4
