Translation,mean,std,len
H*F,-4.5808658992394875,0.2752101131049148,4
HAF,-0.1014822415812332,0.5407813116618665,8
HCF,-0.1411009454513556,0.5673049326242334,4
HDF,-0.5881640761194853,0.20751275221565807,4
HEF,0.18970940412848636,0.30783283501162984,4
HFF,-0.24489440366245518,0.7202152448897398,4
HGF,-0.36030331702733565,0.3278865678253692,8
HHF,0.2378258715302406,1.1520162707234944,4
HIF,-0.5009547205931768,0.5716878088986338,4
HKF,-0.33356151966234804,0.3382053920716728,4
HLF,-0.6722546312922022,0.6223190977878825,12
HMF,-0.4485053763630791,1.5580579851773089,4
HNF,-0.37617260097547534,0.47972439288258345,4
HPF,-0.32118850087232775,0.8173468921343091,7
HQF,-0.619039036681654,0.66222249647914,4
HRF,-0.35410919301729926,0.5379511786204593,12
HSF,-0.23636172563282365,0.51614236228057,12
HTF,-0.49209668190571965,0.8326130392907105,8
HVF,-0.15333765968294064,0.6081443596723257,8
HWF,-0.3405615429383455,0.3876689432886252,4
HYF,-0.44205251406071455,0.41559456693761465,4
