Translation,mean,std,len
S*H,-4.549810018044804,0.26907472738290494,4
SAH,0.22058576360421397,0.9830704044706363,8
SCH,0.22679358762020296,0.819672990628044,4
SDH,-0.3238311221949897,0.5815842530999386,4
SEH,-0.1203744117846382,0.6036524403813185,4
SFH,-0.4502827364988815,0.591368512725431,4
SGH,-0.0358764291829585,0.4515943798097899,8
SHH,-0.41964259666326087,0.5202063464217357,4
SIH,-0.94692657493575,0.21241369206567862,4
SKH,-0.8882448922419723,0.5499452095228535,4
SLH,-0.5434091964790378,0.8918813622655198,12
SMH,-0.5179769834584367,0.38238933596144997,4
SNH,-0.935596012868098,0.5647403905056729,6
SPH,-0.3323186974486174,0.7001451878826939,8
SQH,0.26523304006943005,0.6240642036409827,4
SRH,-0.19088868877000068,0.6318503534759086,12
SSH,-0.10284787829512844,0.32952040330466154,11
STH,-0.5146985015117148,0.31582703902473463,8
SVH,-0.37320595895978503,0.61252839991815,8
SWH,-0.47805413832799726,0.4062591147165625,4
SYH,-0.25783329763252216,1.2127489110478353,4
