Translation,mean,std,len
N*Q,-5.966490916494812,0.7664857751333461,3
NAQ,-2.5753794863185933,2.1017391116152853,7
NCQ,-1.2359476674075986,0.6153225640453992,3
NDQ,-2.0850821965579533,0.8704017968309127,4
NEQ,-3.057165764085789,0.35470262184330276,2
NFQ,-1.920983376516464,,1
NGQ,-1.9596383312816343,2.291808373577556,5
NHQ,-3.35471446336348,0.4536986336066998,4
NIQ,-1.453757828409301,2.2150589011744297,3
NKQ,-2.2739637572272295,1.8519640956098873,2
NLQ,-2.9738383781574522,0.5731763971094824,8
NMQ,-3.59245761229982,0.18394812796491897,2
NNQ,-2.689908615358942,2.146868391703473,3
NPQ,-2.9740697152881146,0.5201973585025292,8
NQQ,-2.423991841813265,1.0309127230149504,3
NRQ,-1.9881869457005066,2.934872872069921,10
NSQ,-2.68244169294639,0.7579604744735908,7
NTQ,-2.4780906668191287,1.294445304203866,7
NVQ,-1.9551956977114493,1.145792572824241,5
NWQ,-2.673396649972016,2.5733222839455325,2
