Translation,mean,std,len
P*T,-6.134775600573739,1.104742720582596,4
PAT,-0.9682726707393077,1.643046425727392,8
PCT,0.09471589429981837,1.8579134781590623,3
PDT,-0.4781587794251796,0.7740306471742896,4
PET,-1.782136787565749,,1
PFT,-0.5542972817057839,0.24879658377276972,4
PGT,1.3477915419581503,4.2171498847069495,3
PHT,0.4313805675360869,2.4835467858804745,4
PIT,-1.3484040149012535,0.3977505568259722,4
PKT,-1.3097966133857832,0.8635876441944618,7
PLT,-0.035604598856520564,2.4059272401788685,10
PMT,-1.8736079032941217,0.8465297682541355,3
PNT,-1.8317287593660379,1.0888555593352536,4
PPT,-3.6475898173172365,1.0111367103982853,8
PQT,-0.7295655839400651,1.2385907570048076,4
PRT,-0.7384253021202293,1.265901426001409,6
PST,0.16027607484346146,1.1404795952980697,10
PTT,-1.2594715039040956,0.6295212649406057,6
PVT,0.17267144721172797,1.7772678460194271,5
PWT,-0.44009985139920405,4.331517314069678,2
PYT,-0.3282177827583081,2.3074323966344807,3
