Translation,mean,std,len
Q*G,-5.2570377360804805,0.4716778893096551,4
QAG,-0.8036178958111673,0.9884554164591308,5
QCG,0.32101959162486826,0.5464709222618669,3
QDG,-2.389589597285401,1.3687725347009363,4
QEG,0.025267434792765508,0.5412123410977172,4
QFG,-0.20891376742329326,1.7735710211614686,3
QGG,0.2208791226598087,1.4198474933865963,8
QHG,-1.3317349147129793,1.960595065888568,3
QIG,1.2683936123141244,,1
QKG,2.6064958783276784,1.0074064047101468,3
QLG,-0.9922085093179991,0.7435891428558227,9
QMG,-0.03945787506357212,0.6520818181177714,4
QNG,0.15455851198986595,2.3066784841202455,3
QPG,-0.7469384467142519,1.0702196689086436,10
QQG,3.06392228009681,1.9395340257194584,2
QRG,-0.5804495071076383,0.9831846263228778,10
QSG,0.10928619210394042,1.6179141574185294,8
QTG,0.15404998047393686,0.9759362039688825,5
QVG,-0.03221439573736351,0.8600808512352567,6
QWG,-1.9912885353984848,0.7722377496020753,4
QYG,1.1072734158848396,1.5465139045645953,3
