Translation,mean,std,len
K*K,-4.3331159488570945,0.9179693066501013,3
KAK,0.35208389501700915,0.8319640007724491,5
KCK,0.9318735699848988,3.0147676562435315,4
KDK,-4.562911396618216,0.6942631857641878,4
KEK,-5.441515922414198,0.8980620074896984,4
KFK,-1.2541393553238152,0.33627512817944416,3
KGK,-1.2526842704460686,0.92150639913036,8
KHK,0.17171952802918056,3.2309406350168004,2
KIK,-1.8534025209296252,0.8588153674642794,4
KKK,-0.8147304424017087,0.9455483301548948,3
KLK,-0.3657611665376671,1.4308495910003876,10
KMK,0.6819005535324866,1.6145154986413761,3
KNK,-1.168151913974531,1.3108506880361455,2
KPK,-3.802258108022655,1.085335312821618,7
KQK,0.4120678591761946,1.5076136153450084,2
KRK,-0.5644605664133582,1.4256286408182577,10
KSK,-0.7851998641695328,1.0569375375793797,8
KTK,-0.941556604773949,1.3949824655009457,4
KVK,-0.555115627592273,0.8061569937140443,6
KWK,0.01857046419616548,1.3331476227690378,3
KYK,-1.4336930572715345,1.1408113149396024,4
