Translation,mean,std,len
YDG,-0.4134003402028261,,1
YIG,-0.9630299813660228,,1
YNG,-0.5040682644418517,0.7128601759355344,2
YSG,-0.0306985548208844,,1
YYG,-0.6359201920764512,,1
