Translation,mean,std,len
Q*A,-5.748116714001411,0.813410849438068,2
QAA,1.565705432411849,1.6936387392457888,2
QCA,-1.4488336839568143,0.8875636799486375,5
QDA,-4.097741882752844,1.5497954685639983,4
QEA,-3.1012039124533746,0.29717488326016706,3
QFA,-2.285648487184773,1.5741155622533247,3
QGA,-6.923727498531193,0.5347549585306489,7
QHA,-0.1351908820533971,,1
QIA,3.3382508552552235,0.5619562231434436,2
QKA,-6.161960689567752,0.8655057888096559,3
QLA,0.758580251857981,0.15319109031777758,2
QMA,-1.6777515999967925,1.2130685103581986,2
QNA,1.2153571000365917,,1
QPA,-1.006799367644266,4.109972506745553,2
QQA,-2.244122978358641,,1
QRA,-6.465076189501863,0.9856282499835405,8
QSA,-0.3861035182292569,2.25933514257878,9
QTA,1.5463485516765338,0.04312867613996587,2
QVA,1.6305867572299184,0.8270639183750162,5
QWA,-6.228249448794684,0.6372678699931096,4
QYA,-1.7243972502942841,1.94145488398288,2
