Translation,mean,std,len
Y*C,-5.780665951409549,1.3525103618692724,2
YAC,0.01746871256107245,0.30652713351599703,2
YCC,2.657179812842543,2.5880084123654084,2
YDC,-6.823095499939154,0.43714360822853815,3
YEC,-5.300058340807521,0.3571716510201341,3
YFC,-2.2938324426381413,,1
YGC,0.19097440935059584,4.109828753997889,3
YHC,-0.31206705550938435,3.120992931625243,3
YIC,-4.318975936754706,1.0086456662261158,2
YKC,-1.006235958703858,3.710008106718725,3
YLC,-5.569885614013289,1.2727906488993508,8
YMC,3.1304029523276204,0.3015544073980078,2
YNC,1.6407327088960133,2.1165429592231124,2
YPC,-1.9675036832918795,1.0948079238961055,3
YQC,1.0171829261427805,2.0146284179338156,4
YRC,-5.574974857901888,1.0290736512770382,8
YSC,0.5312555836307631,0.27519491051338263,2
YTC,-1.4882498971831843,,1
YVC,2.975447726892934,0.7371391048572813,3
YWC,-3.1668657576728556,0.7405663880334779,2
YYC,-5.647089657849127,2.334429221367281,4
