Translation,mean,std,len
CYN,-0.21420439371211406,0.3029307587075778,2
