Translation,mean,std,len
ACY,-0.18686139522492717,0.18976968244302392,4
AFY,-0.5457815690046361,,1
AGY,0.0700424656383375,,1
ASY,-0.2190146919206305,,1
AYY,-1.235817465087912,,1
