Translation,mean,std,len
L*G,-3.0407064116523626,0.6161728809774067,4
LAG,-0.28164853267813195,2.400034498046564,8
LCG,1.2948098502565693,1.278157199635839,4
LDG,1.7232354782465775,2.8374269029318224,4
LEG,-0.7103396986488542,2.385933707063328,4
LFG,-0.9160520015525166,0.7747360537004431,4
LGG,-0.676820604501326,0.7419926358474661,8
LHG,-1.2977709468324414,1.0943889432862774,4
LIG,0.866194473112734,1.5493887442212335,4
LKG,-0.41856571226550665,1.5407098530744066,4
LLG,1.745107014892047,2.7375492226188776,10
LMG,1.2773947011463134,1.5130155474071156,3
LNG,-0.6825485269762237,0.4318823860447814,10
LPG,1.9941164883511442,2.3827293031626495,8
LQG,0.1484800656662688,1.4294746312878723,4
LRG,1.153080777279692,2.470015202551705,12
LSG,0.6229254395083287,2.1857808523068813,12
LTG,0.7080743526994631,3.0171561433924716,8
LVG,1.346908802225947,2.8559680034801254,8
LWG,0.8231872483749005,1.8528850913122121,4
LYG,-0.22702742062536066,2.061239408068839,4
