Translation,mean,std,len
V*F,-1.7255646797177788,1.2293377010789583,4
VAF,2.6848350251462367,2.708836178834137,6
VCF,-1.2717740821998562,1.410748847933857,4
VDF,1.4782829091703857,4.814020180190649,2
VEF,-3.4094640990958975,1.2036037886686064,2
VFF,0.6430001404229195,0.8697040456072427,3
VGF,-0.08039795413560492,1.8705164877999734,6
VHF,-2.4580893593992013,1.2517339247519714,4
VIF,-1.3184737078020128,1.927197177993888,3
VKF,-1.3457661483314969,2.796712735178737,2
VLF,0.34968789099722136,2.7742395274990357,8
VMF,-2.1176782133073537,,1
VNF,-0.2515658787214008,2.3322571985392133,3
VPF,-2.5187450611646796,0.9329602259977325,8
VQF,-3.2904435971909303,1.2416760892693675,2
VRF,-0.8633848236855372,3.2162088344418227,6
VSF,1.1006933062324278,3.1996519733394786,9
VTF,-0.8035542443654534,3.0235175536118937,6
VVF,-0.15332728335333032,1.4587835236765698,3
VYF,-0.06959302156038245,3.4404566804645675,3
