site_2,count_x,proportion_x,count_y,proportion_y,ratio
AAG,491,0.0009619001347835627,688,0.0006389277900156389,0.5902342293719158
AAT,121,0.00023704667272670283,720,0.0006686453616442733,-1.4960700892957597
ACG,399,0.00078166630097483,1048,0.0009732504708377755,-0.3162582955557838
ACT,694,0.0013595900072093533,1882,0.0017477646814090587,-0.36233929039095614
AGG,479,0.0009383913738519889,1394,0.0012945717140723846,-0.4642132303729216
AGT,340,0.0006660815597279253,1365,0.0012676401647839348,-0.9283745299101938
ATG,175,0.00034283609691878507,957,0.0008887411265188465,-1.3742442328943767
ATT,180,0.0003526314139736075,326,0.0003027477609667126,0.2200447118579163
CAG,449,0.0008796194715230542,1609,0.0014942366484522718,-0.7644572062229784
CAT,2312,0.004529354606149892,5148,0.004780814335756554,-0.07795088596070254
CCG,1777,0.0034812556812838917,4870,0.004522642932232793,-0.37755832118170574
CCT,510448,1.0,1076804,1.0,0.0
CGG,1026,0.002009999059649563,2861,0.002656936638422591,-0.40256899695680914
CGT,685,0.001341958436510673,1611,0.0014960939966790613,-0.15686083109935822
CTG,882,0.0017278939284706767,1124,0.0010438297034557821,0.7271282950959144
CTT,390,0.0007640347302761496,942,0.0008748110148179242,-0.1953331661038522
GAG,697,0.0013654671974422468,1338,0.0012425659637222745,0.1360722149862834
GAT,691,0.00135371281697646,852,0.00079123034461239,0.7747520499217408
GCG,761,0.001490847255743974,2227,0.002068157250530273,-0.47221342952492584
GCT,700,0.0013713443876751403,1950,0.0018109145211199066,-0.4011275270453254
GGG,2798,0.005481459423878632,5195,0.00482446201908611,0.18419198313249918
GGT,1150,0.002252922922609159,3217,0.0029875446227911485,-0.4071623050616804
GTG,1147,0.0022470457323762656,3055,0.002837099416421187,-0.3363872189309465
GTT,762,0.0014928063191549383,1225,0.0011376257889086593,0.3920009233627102
TAG,1118,0.0021902328934582955,33933,0.03151269868982656,-3.846777120600164
TAT,205,0.0004016079992477197,524,0.00048662523541888775,-0.27702313227268327
TCG,589,0.0011538883490580824,1597,0.0014830925590915338,-0.3621050038214513
TCT,415,0.0008130113155502617,1376,0.0012778555800312778,-0.6523774587084912
TGG,1188,0.0023273673322258097,2521,0.002341187439868351,-0.008541512298453569
TGT,306,0.0005994734037551327,1196,0.0011106942396202095,-0.8896940617461322
TTG,493,0.0009658182616054916,1204,0.001118123632527368,-0.21125607062247198
TTT,340,0.0006660815597279253,648,0.0006017808254798459,0.1464607030123961
