site_2,count_x,proportion_x,count_y,proportion_y,ratio
AAG,699,0.0008189202203000833,94,0.0007645819607460368,0.09905174831441954
AAT,2630,0.0030812019733751344,486,0.0039530514140699346,-0.35947346480949527
ACA,853563,1.0,122943,1.0,0.0
ACG,5445,0.006379142488603653,3053,0.024832646022953726,-1.9608035859858894
ACT,5499,0.006442406711631128,2329,0.018943738155079996,-1.5560493983332035
AGG,2714,0.003179612986973428,178,0.0014478254150297291,1.1349635290690774
AGT,1105,0.0012945734526918341,116,0.0009435266749631944,0.45634161376784377
ATG,1280,0.0014995963976882785,136,0.001106203687887883,0.4389572082536439
ATT,703,0.0008236064590428591,967,0.007865433574908697,-3.255499245787685
CCG,2183,0.002557514793869931,2936,0.023880985497344298,-3.223047883235801
CCT,1019,0.0011938193197221529,3242,0.026369943795092034,-4.465238084735107
CGT,993,0.0011633587678941098,56,0.0004554956361891283,1.352786940087391
CTG,1013,0.0011867899616079891,53,0.00043109408425042497,1.4609899588545598
CTT,2048,0.0023993542363012453,599,0.004872176537094426,-1.0219202381721653
GAG,4717,0.005526247037418445,978,0.007954905932017276,-0.5255448148060164
GAT,1669,0.001955333115423232,1632,0.013274444254654596,-2.763165147992277
GCG,4382,0.005133774542710965,1227,0.009980234742929651,-0.9590538100560622
GCT,4876,0.0057125250274437855,335,0.002724839966488535,1.0679570798916984
GGG,7533,0.008825359112332657,1121,0.0091180465744288,-0.04706979419614932
GGT,2476,0.0029007817817782635,260,0.002114801168020953,0.4559197408024307
GTG,3562,0.004173095600441912,426,0.0034650203752958687,0.26825413549240196
GTT,1355,0.001587463374115326,132,0.0010736682853029452,0.5641749714994013
TAG,4299,0.005036535088798366,106534,0.8665316447459391,-7.426677060482541
TAT,1814,0.002125209269848857,210,0.0017081086357092312,0.31520517747902055
TCG,2902,0.0033998662078838938,73,0.0005937710971751136,2.517499199803348
TGG,2426,0.0028422037974935653,155,0.0012607468501663372,1.1727313844628942
TGT,932,0.0010918936270667777,125,0.0010167313307793042,0.10289381460881408
TTG,1431,0.0016765019102280676,686,0.005579821543316822,-1.7347648548295238
