site_2,count_x,proportion_x,count_y,proportion_y,ratio
AAG,2552,0.0029643534178344423,468,0.003715524222359834,-0.3258483148889102
ACG,860896,1.0,125958,1.0,0.0
ACT,1323,0.0015367709920826673,389,0.00308833103097858,-1.0069252077778899
AGG,4157,0.004828690108909787,2149,0.017061242636434368,-1.8210189438737867
AGT,1576,0.0018306508567817715,334,0.0026516775433080867,-0.534548682088051
ATG,2634,0.0030596030182507526,635,0.005041362994013878,-0.7204693604733903
CAG,805,0.000935072296769877,3349,0.026588227821972402,-4.8295658967751125
CCG,3191,0.0037066033527859347,453,0.003596436907540609,0.043529444162702546
CGG,4422,0.0051365089395234735,730,0.005795582654535639,-0.17416555302152936
CGT,560,0.0006504850760138274,2799,0.02222169294526747,-5.094308963698324
CTG,2247,0.0026100713675054825,1899,0.015076454056113943,-2.530135990039965
GAG,3160,0.003670594357506598,698,0.005541529716254625,-0.5942705922155627
GAT,329,0.0003821599821581236,83,0.0006589498086663809,-0.7859918666820569
GCG,9294,0.010795729100843771,927,0.007359596055828133,0.5527621918148178
GGG,7221,0.00838777273909973,3206,0.02545292875402912,-1.6014719920292695
GGT,998,0.001159257331896071,261,0.002072119277854523,-0.8379062003029993
GTG,2819,0.0032744954094338923,1435,0.011392686451039235,-1.7987634680630027
GTT,710,0.0008247221499461027,1465,0.011630861080677686,-3.8179059439879417
TAG,3631,0.004217698769653942,183779,1.459049842010829,-8.434357391336356
TCG,7250,0.008421458573393301,825,0.0065498023150574,0.3626187615861056
TGG,2752,0.003196669516410809,483,0.00383461153717906,-0.26251083320405044
TGT,310,0.0003600899527933688,470,0.0037314025310023974,-3.3732887503611373
TTG,1083,0.001257991673791027,574,0.004557074580415694,-1.8569856081377356
