site_2,count_x,proportion_x,count_y,proportion_y,ratio
AAG,757,0.0002475789914344864,3646,0.004810007348255878,-4.28007829449153
AAT,1135,0.0003712049607373079,4063,0.005360137097082729,-3.851982005490939
ACG,2154,0.0007044717933287764,2525,0.0033311213807860917,-2.241394076420441
ACT,240,7.849267892242634e-05,3183,0.004199191823779061,-5.74140978446553
AGG,2389,0.0007813292081069855,5788,0.007635853683956396,-3.2887870065135205
AGT,2623,0.0008578595700563512,5667,0.007476223708877142,-3.12349633328267
ATG,982,0.0003211658779242611,103,0.00013588336721622474,1.2409497486933478
ATT,5306,0.001735342309843309,2664,0.003514497963728376,-1.0180983452806949
CAG,928,0.0003035050251667152,3379,0.004457765998287606,-3.8765285784743577
CAT,798,0.0002609881574170676,2031,0.0026794089205451695,-3.3598585265119354
CCG,428,0.00013997861074499363,2974,0.0039234673213694405,-4.8088508840894
CCT,883,0.00028878764786876025,2351,0.0031015708381101396,-3.4249181344426827
CGG,2422,0.0007921219514588192,5063,0.006679393089473261,-3.0759225576536107
CGT,1558,0.0005095483073380843,5186,0.006841661576537296,-3.7470559112297543
CTG,1585,0.0005183787337168572,1769,0.0023337638505388503,-2.170580146101818
CTT,1879,0.0006145322653968295,2480,0.003271754861128518,-2.4125039922923097
GAG,3027,0.0009899889129091023,7147,0.009428722577615128,-3.25157805154602
GAT,1748,0.0005716883448183385,6679,0.008811310773176359,-3.9460558678202275
GCG,4803,0.0015708347369350572,7179,0.009470938769371625,-2.5919760274603707
GCT,1256,0.0004107783530273645,5894,0.007775694819149792,-4.242539534670501
GGG,3322,0.001086469497417918,13090,0.017269060940392055,-3.9904700573083547
GGT,3832,0.0012532664401280738,15137,0.019969577956815473,-3.9940387783685933
GTG,3212,0.0010504936862451393,4901,0.006465673618705994,-2.621733192330569
GTT,4511,0.0014753353109127718,5573,0.007352213645592432,-2.317135805796881
TAG,3164,0.001034795150460654,5970,0.007875958274571472,-2.9281102701175046
TAT,4812,0.0015737782123946482,2372,0.0031292752139503405,-0.9915963058080539
TCG,2191,0.0007165727479959838,5050,0.006662242761572183,-3.216822841974426
TCT,1737,0.0005680907637010607,5684,0.00749865106074778,-3.722437738970515
TGG,1706,0.0005579521260069139,2993,0.00394853318522486,-2.8231035706179384
TGT,6027,0.0019711473994394315,11537,0.015220256384209561,-2.9488850930541117
TTG,3360,0.0010988975049139686,3788,0.004997341699175333,-2.18510403624039
TTT,3057610,1.0,758003,1.0,0.0
