site_2,count_x,proportion_x,count_y,proportion_y,ratio
AAG,1209,0.0008466084194472046,4911,0.004257510461720118,-2.33024333363728
AAT,959,0.0006715446437137049,5008,0.004341603012073783,-2.692672597605581
ACG,444,0.0003109132657026955,2496,0.0021638660379664863,-2.7990271082032354
ACT,997,0.0006981543376251969,2867,0.0024854983697315367,-1.8319172505334222
AGG,1555,0.0010888966850623682,7177,0.006221981792662448,-2.5145070960450093
AGT,1270,0.0008893239807261786,4608,0.003994829608553512,-2.167352975473877
ATG,531,0.0003718354596579534,3425,0.0029692472676423136,-2.99736097762219
ATT,624,0.0004369591842308153,2215,0.0019202577219934963,-2.1357295202712265
CAG,1274,0.0008921250011379145,3331,0.00288775551781505,-1.6946308321091443
CAT,1340,0.0009383418379315584,1646,0.001426972555485912,-0.6047720907675842
CCG,331,0.0002317844390711536,1610,0.0013957629491690876,-2.5901983218858557
CCT,710,0.0004971811230831391,2236,0.0019384633256783104,-1.9630700141422395
CGG,897,0.000628128827331797,4314,0.003739951156966114,-2.573887041932288
CGT,474,0.00033192091879071547,4860,0.004213296852771283,-3.6660381052859776
CTG,520,0.0003641326535256794,1421,0.00123191251600576,-1.7583637819054196
CTT,796,0.0005574030619354631,2344,0.0020320921446287834,-1.8661729895696926
GAG,1352,0.0009467448991667664,5842,0.005064625558413546,-2.419407962238087
GAT,2102,0.0014719362263672655,8668,0.007514579654284256,-2.351977239822588
GCG,582,0.0004075484699075873,3569,0.003094085692909611,-2.9244695988318323
GCT,684,0.0004789744904068552,3317,0.0028756184486918406,-2.585851537593216
GGG,2152,0.0015069489815139655,10449,0.009058588233458259,-2.587655651442348
GGT,1822,0.0012758647975457458,10239,0.008876532196610117,-2.798520711709064
GTG,1464,0.0010251734706953743,5859,0.005079363428063158,-2.308779652014999
GTT,1053,0.0007373686233895008,6165,0.005344645081756165,-2.857636213955578
TAG,1577,0.0011043022973269163,17350,0.01504129637769172,-3.767721853253569
TAT,1428051,1.0,1153491,1.0,0.0
TCG,609,0.0004264553576868053,3780,0.0032770086632665533,-2.9419128568931967
TCT,403,0.00028220280648240154,4212,0.0036515239390684452,-3.693694448188843
TGG,1385,0.0009698533175635884,8390,0.007273572138837668,-2.906825590081729
TGT,2512,0.001759040818570205,9174,0.007953248009737398,-2.176755198881427
TTG,1547,0.0010832946442388962,2763,0.0023953372848162665,-1.1448031210545508
TTT,2373,0.0016617053592623793,1970,0.0017078590123373307,-0.039524284840885215
