site_2,count_x,proportion_x,count_y,proportion_y,ratio
GAT,192,0.0006120477779796685,101,0.0007818729340362448,-0.35328988951632034
GCT,313701,1.0,129177,1.0,0.0
