site_2,count_x,proportion_x,count_y,proportion_y,ratio
AAG,249,0.0001890448150093991,68,0.00014520172362987227,0.3806697015506657
AAT,397,0.0003014088014406885,60,0.00012811916790871083,1.2342352122673628
ACG,215,0.00016323146677518397,196,0.00041852261516845535,-1.3583863837928245
ACT,675,0.000512470884061624,685,0.0014626938336244485,-1.5130858751767722
AGG,726,0.0005511909064129468,273,0.0005829422139846342,-0.08080079219117664
AGT,721,0.0005473948257902681,304,0.0006491371174041349,-0.24594145346983964
ATG,435,0.0003302590141730466,198,0.0004227932540987457,-0.3563544186105947
ATT,628,0.0004767877262084443,794,0.0016954436553252733,-1.8302438375184078
CAG,118,8.958750269521725e-05,63,0.00013452512630414637,-0.5865062634051519
CAT,207,0.00015715773777889803,222,0.00047404092126223003,-1.5927982981178577
CCG,618,0.0004691955649630869,3047,0.006506318410297364,-3.7935801460491865
CCT,932,0.000707589428067309,3210,0.006854375483116029,-3.276040826622461
CGG,687,0.0005215814775560529,306,0.0006534077563344252,-0.32509094314162823
CGT,531,0.0004031437621284776,84,0.00017936683507219515,1.1683812387583163
CTG,451,0.00034240647216561847,305,0.0006512724368692801,-0.9275511984619449
CTT,583,0.00044262300060433603,319,0.0006811669093813125,-0.6219299298314489
GAG,848,0.0006438152736063069,518,0.0011060954829452034,-0.7807572223904309
GAT,3889,0.0029525915083194903,3196,0.006824481010603996,-1.2087375627608443
GCG,2878,0.002185024006413858,1240,0.0026477961367800235,-0.2771429178010152
GCT,1317148,1.0,468314,1.0,0.0
GGG,1640,0.0012451144442386125,834,0.0017808564339310805,-0.516292863206294
GGT,2845,0.0021599698743041784,2394,0.005111954799557562,-1.2428638890166344
GTG,608,0.00046160340371772954,211,0.0004505524071456331,0.034958935469324715
GTT,807,0.0006126874125003416,403,0.0008605337444535077,-0.49008055451726307
TAG,819,0.0006217980059947706,4445,0.009491495022570327,-3.9321174513432
TAT,506,0.00038416335901508413,40,8.541277860580722e-05,2.169196090539872
TCG,180,0.0001366589024164331,105,0.00022420854384024393,-0.7142618106035243
TCT,1267,0.0009619268297867817,1096,0.0023403101337991176,-1.2827006630867928
TGG,742,0.0005633383644055186,393,0.0008391805498020559,-0.5749795149048804
TGT,800,0.0006073728996285915,210,0.00044841708768048787,0.437741282841527
TTG,638,0.0004843798874538017,229,0.0004889881575182463,-0.013660563599151132
TTT,401,0.00030444566593883145,45,9.608937593153312e-05,1.6637359408581691
