site_2,count_x,proportion_x,count_y,proportion_y,ratio
AAG,921,0.0005696275341003411,1028,0.0016206458936017594,-1.5084781119434094
AAT,1616846,1.0,634315,1.0,0.0
ACT,1165,0.0007205386289108549,807,0.0012722385565531321,-0.8202215325770048
AGG,179,0.00011070936873394251,701,0.0011051291550727952,-3.3193657655872357
AGT,814,0.0005034493080973698,668,0.0010531045300836335,-1.0647302170486732
ATG,769,0.00047561734389051276,954,0.0015039846133230335,-1.6609165768845529
ATT,545,0.0003370760109497132,1016,0.0016017278481511553,-2.2484831759487456
CAT,1382,0.0008547505451972544,92,0.00014503834845463215,2.559069035490378
GAG,171,0.0001057614639860568,637,0.0010042329126695726,-3.2472079562112697
GAT,1267,0.0007836244144463975,809,0.001275391564128233,-0.7027059921300367
GCG,308,0.00019049433279359938,308,0.0004855631665655077,-1.349910908840867
GGG,1451,0.0008974262236477686,684,0.0010783285906844392,-0.26493161966002177
GGT,1189,0.0007353823431545119,1223,0.0019280641321740776,-1.3905865976225975
GTG,1737,0.0010743138183846822,645,0.0010168449429699756,0.07931577955890923
GTT,103,6.370427362902837e-05,737,0.0011618832914246076,-4.188931190752719
TAG,548,0.0003389314752301703,14408,0.022714266571025436,-6.0664612917866165
TAT,976,0.0006036443792420553,761,0.001199719382325816,-0.9909262147815276
TGG,338,0.00020904897559817075,263,0.00041462049612574193,-0.9879504618509856
TGT,1728,0.0010687474255433108,382,0.0006022244468442335,0.8275477652868517
TTG,261,0.00016142539239977091,92,0.00014503834845463215,0.154433131672004
TTT,730,0.00045149630824456997,172,0.00027115865145866015,0.7355769902244127
