site_2,count_x,proportion_x,count_y,proportion_y,ratio
AAT,1012,0.000641367710304599,144,0.0003516681034588023,0.8669372355854446
ACG,434,0.0002750529508618537,307,0.0007497368594573077,-1.4466749505922518
ACT,318,0.00020153649394946885,120,0.0002930567528823353,-0.5401389779907149
AGG,1411,0.0008942389715808193,298,0.0007277576029911326,0.2972024144685488
AGT,554,0.0003511044580125967,341,0.0008327696061073027,-1.246017100641538
ATG,688,0.000436028640997593,37,9.035916547205337e-05,2.270680051406597
ATT,295,0.00018695995507890978,156,0.0003809737787470359,-1.0269624122795982
CAA,1577878,1.0,409477,1.0,0.0
CAG,1591,0.0010083162323069337,606,0.001479936602055793,-0.5535872008084564
CAN,123,7.795279482951154e-05,44,0.00010745414272352293,-0.46304845096460845
CAT,1161,0.0007357983316834382,380,0.0009280130507940617,-0.3348346891319327
CCT,282,0.00017872104180424595,89,0.00021735042505439866,-0.2823134162341585
CGG,1072,0.0006793934638799705,149,0.0003638788014955663,0.9007893323290581
GAG,529,0.00033526039402285854,71,0.00017339191212204836,0.9512454549427911
GAT,1056,0.000669253262926538,214,0.0005226178759734979,0.3567957952907541
GCG,513,0.00032512019306942615,37,9.035916547205337e-05,1.8472303123115523
GGG,943,0.0005976380936929217,365,0.0008913809566837697,-0.5767700307588353
GGT,575,0.0003644134717639767,326,0.0007961375119970108,-1.1274413460658916
GTG,1307,0.0008283276653835087,144,0.0003516681034588023,1.2359870866865688
GTT,534,0.00033842920682080615,169,0.00041272159364262216,-0.28631484226118253
TAG,2155,0.0013657583159154257,5420,0.013236396671852143,-3.2767363199313255
TCG,598,0.00037899001063453573,90,0.00021979256466175145,0.786017240201879
TCT,1201,0.0007611488340670191,126,0.00030770959052645204,1.3066091745391653
TGT,836,0.0005298254998168426,273,0.0006667041128073127,-0.3315293465055227
TTG,866,0.0005488383766045283,33,8.05906070426422e-05,2.7676977577017183
TTT,621,0.00039356654950509483,148,0.0003614366618882135,0.12286475492497928
