site_2,count_x,proportion_x,count_y,proportion_y,ratio
AAG,1544,0.0011154465506766006,3331,0.0045090044724559524,-2.015187555966393
AAT,612,0.0004421329592060101,2440,0.0033029033061520636,-2.9011825443177184
ACG,932,0.0006733135914705905,2436,0.0032974887105682075,-2.292017227812174
ACT,596,0.0004305739275927811,2037,0.0027573828010785876,-2.6789666990638477
AGG,2723,0.0019672026926764144,6068,0.008213941500709311,-2.0619290577633578
AGT,1780,0.0012859422669717288,7126,0.009646102032639181,-2.90712019683966
ATG,723,0.0005223237410227864,3637,0.004923221034620924,-3.2365863280646208
ATT,1144,0.0008264707603458752,2730,0.003695461485981612,-2.1607188535889463
CAG,700,0.0005057076330787697,2412,0.0032650011370650724,-2.6907080346278764
CAT,499,0.00036049729843758014,3276,0.004434553783177935,-3.6207285908638696
CCG,550,0.00039734171170474766,2392,0.0032379281591457935,-3.0266188203462043
CCT,957,0.0006913745783662609,1853,0.0025083114042212186,-1.859177006101362
CGG,1556,0.0011241158243865226,5586,0.007561482732854683,-2.749878467853878
CGT,2469,0.0017837030658164035,6610,0.008947619202321778,-2.3266283898123934
CTG,796,0.0005750618227581439,3389,0.004587516108421862,-2.9959242555004657
CTT,1138,0.0008221361234909142,3828,0.005181767973750041,-2.6559952267395657
GAG,1529,0.0011046099585391984,4936,0.006681610950478109,-2.596658942348734
GAT,2973,0.002147812561633118,5611,0.0075953239552537825,-1.822243404122558
GCG,2364,0.0017078469208545882,4478,0.006061639756126615,-1.8275294472351868
GCT,3038,0.0021947711275618607,5806,0.007859285489966755,-1.8403276566846989
GGG,8467,0.006116895041825633,10022,0.013566269235350812,-1.1491526032646684
GGT,1384199,1.0,738744,1.0,0.0
GTG,3724,0.002690364607979055,7359,0.009961502225398785,-1.8885616162800867
GTT,7409,0.005352554076400865,12173,0.01647796801056929,-1.622238975556689
TAG,750,0.0005418296068701104,7591,0.010275548769262424,-4.245232405357182
TAT,1617,0.0011681846324119582,3293,0.004457565814409321,-1.9319877876818072
TCG,1102,0.0007961283023611489,3033,0.004105617101458692,-2.366526228613134
TCT,1131,0.0008170790471601266,2688,0.0036386082323511255,-2.1548391633490613
TGG,1519,0.0010973855637809303,7552,0.01022275646231983,-3.2196418494198786
TGT,6190,0.004471900355367978,11151,0.015094538838894124,-1.7550667340414083
TTG,1155,0.0008344175945799701,4712,0.006378393597782182,-2.9343516420871625
TTT,2424,0.0017511932894041969,5014,0.006787195564363298,-1.9544772519211104
