site_2,count_x,proportion_x,count_y,proportion_y,ratio
AAG,5215,0.004376387814256534,36370,0.10579717311815133,-4.595416680753299
AAT,1191622,1.0,343771,1.0,0.0
ACG,1169,0.0009810157919205923,2627,0.0076417149788667454,-2.961548183419424
ACT,1223,0.001026332175807429,2751,0.008002420215783181,-2.962938648606273
AGG,5340,0.004481286851031619,15454,0.044954344607311264,-3.326475568857937
AGT,3174,0.002663596341792951,9184,0.02671545883742375,-3.3262274266579555
ATG,2589,0.0021726688496855545,14482,0.04212688097599856,-4.277200898398462
ATT,2338,0.0019620315838411845,6822,0.01984460585680584,-3.3383267378991963
CAG,1328,0.0011144473666985,6577,0.019131922122575785,-4.101581436404951
CAT,2250,0.0018881826619515248,20227,0.0588385873153931,-4.9616923663924934
CCG,832,0.0006982079887749639,8362,0.024324332186251893,-5.122599522720495
CCT,983,0.0008249260251992662,7180,0.020885996782742,-4.662127435187282
CGG,996,0.000835835525023875,7258,0.02111289201241524,-4.6587613222287025
CGT,1814,0.0015222948216800293,6670,0.01940245105026311,-3.671919218360875
CTG,1912,0.001604535666511696,9132,0.02656419535097492,-4.049255249061402
CTT,906,0.000760308218545814,6307,0.018346515558322254,-4.592777890642356
GAG,1974,0.0016565655887521378,20087,0.05843133946726164,-5.140475131095342
GAT,3865,0.0032434782170856196,31434,0.09143877755831643,-4.817192461395454
GCG,1822,0.0015290083600336347,3292,0.009576142257491179,-2.646848289437024
GCT,1196,0.0010036739838640105,2801,0.008147865875830131,-3.02113150669385
GGG,5663,0.004752345962058438,36008,0.10474414653941141,-4.462085947715419
GGT,5462,0.0045836683109241015,35448,0.10311515514688557,-4.491609925538108
GTG,2497,0.0020954631586190924,7752,0.022549895133679106,-3.4277796623043173
GTT,2787,0.002338828923937289,6947,0.020208220006923214,-3.111084007706741
TAG,3331,0.0027953495319824576,18257,0.053108028309543275,-4.247829374069457
TAT,5449,0.004572758811099493,20023,0.05824516902240154,-3.671001662836054
TCG,1860,0.0015608976672132607,2888,0.008400941324311824,-2.428175033709227
TCT,1158,0.0009717846766843848,1715,0.00498878613961038,-2.3599802358883872
TGG,2223,0.0018655244700081066,17064,0.04963769486082305,-4.73378293013103
TGT,3217,0.0026996816104435804,11231,0.03267000415974588,-3.59710546167981
TTG,3449,0.0028943742226981376,10525,0.030616311439882946,-3.402977112197715
TTT,2936,0.0024638685757731897,8681,0.025252275497351435,-3.35741618683865
