site_2,count_x,proportion_x,count_y,proportion_y,ratio
TTC,677792,1.0,237761,1.0,0.0
TTT,122,0.00017999622303007412,37,0.0001556184571902036,0.20995345202496374
