site_2,count_x,proportion_x,count_y,proportion_y,ratio
AAG,1776,0.0010944350810812476,951,0.0014868993380092747,-0.4421206010014629
AAT,1622755,1.0,639586,1.0,0.0
ACT,1683,0.0010371251359570608,824,0.0012883333906620845,-0.31291600234427364
AGG,1552,0.0009563982240079371,913,0.001427485904944761,-0.5777931442880995
AGT,1753,0.0010802616537924701,613,0.0009584324860143906,0.1726320805777508
ATT,611,0.00037652017710621753,1027,0.001605726204138302,-2.092426832990471
CAG,1141,0.0007031252407171754,200,0.00031270227928691373,1.1689919500229529
CAT,1107,0.0006821732177685479,243,0.0003799332693336002,0.8443920666847671
CCT,608,0.0003746714691989857,488,0.0007629935614600695,-1.026044760610306
CGG,2014,0.00124109924172164,231,0.00036117113257638534,1.7808639900997232
CTG,135,8.319185582543268e-05,641,0.0010022108051145585,-3.5905998860589143
GAG,2016,0.0012423317136597946,198,0.00030957525649404457,2.0046883669293027
GAT,2886,0.0017784570067570274,1144,0.0017886570375211465,-0.00825068877819568
GCG,742,0.00045724708905534104,739,0.0011554349219651463,-1.3373901140163529
GCT,715,0.00044060871789025456,271,0.0004237115884337681,0.05641545382087543
GGG,1089,0.0006710809703251569,1628,0.0025453965533954776,-1.9233316820403434
GGT,831,0.0005120920903032189,1714,0.0026798585334888506,-2.3876816638331597
GTG,373,0.00022985601646582508,127,0.00019856594734719022,0.21111219699206707
GTT,296,0.0001824058468468746,324,0.0005065776924448002,-1.4736315737466796
TAG,1431,0.0008818336717495863,11957,0.018694905767168136,-4.405994823428943
TAT,328,0.00020212539785734754,684,0.001069441795161245,-2.403535446758818
TCG,1410,0.0008688927163989635,991,0.0015494397938666574,-0.8344967363913369
TCT,529,0.00032598882764188063,172,0.00026892396018674583,0.27762422092092365
TGT,878,0.0005410551808498511,401,0.000626968069970262,-0.21261623341056612
TTG,1149,0.0007080551284697937,252,0.00039400487190151127,0.8456482226551927
TTT,1508,0.0009292838413685368,275,0.00042996563401950636,1.1118979683656374
