site_2,count_x,proportion_x,count_y,proportion_y,ratio
AAG,1833,0.0010894191428714069,1120,0.005338519323533337,-2.292880532600182
ACG,1857,0.0011036832233018018,723,0.0034462048847451812,-1.6426823232107992
ACT,1711,0.001016910067350233,422,0.0020114778165455966,-0.9840637304128741
AGG,2241,0.0013319085101881195,3819,0.01820339758622662,-3.7726408573072225
AGT,1683,0.001000268640181439,1188,0.005662643711033575,-2.501088245665918
ATG,2447,0.0014543418672156752,377,0.0017969837365822037,-0.3052109133843768
ATT,2110,0.0012540504045055476,344,0.0016396880779423822,-0.3868260573026525
CAG,2126,0.0012635597914591441,8483,0.04043451734065473,-5.000021551251597
CAT,2239,0.0013307198368189199,623,0.002969551373715419,-1.158038126366506
CCC,1682548,1.0,209796,1.0,0.0
CCG,9245,0.005494642649125018,2327,0.011091727201662568,-1.0133864773088925
CCT,6765,0.0040206876713175495,1365,0.006506320425556255,-0.6943996031384172
CGG,6068,0.003606435002151499,5591,0.02664969780167401,-2.885473845577331
CGT,2807,0.001668303073671598,10943,0.05216019371198688,-4.966495921340634
CTG,4212,0.0025033461155342966,313,0.0014919254895231558,0.7466822878979968
CTT,2071,0.0012308712738061558,384,0.001830349482354287,-0.5724392486957459
GAG,2512,0.0014929737517146613,41650,0.198526187343896,-7.054996712443748
GAT,1526,0.0009069577806992728,23180,0.11048828385669889,-6.928642285254405
GCG,5454,0.0032415122778072306,2826,0.013470228221701082,-2.0550353516137774
GCT,6710,0.003987999153664561,2145,0.0102242178115884,-1.358253467494464
GGG,6872,0.004084281696569727,2209,0.010529276058647449,-1.3662519684119134
GGT,4922,0.0029253251616001446,1374,0.006549219241548933,-1.1627259325550412
GTG,4281,0.002544355346771682,1520,0.007245133367652386,-1.5097120743291308
GTT,2382,0.0014157099827166893,2551,0.012159431066369235,-3.1024780719334606
TAG,1474,0.0008760522731000839,21725,0.10355297527121585,-6.8851363336891565
TAT,1527,0.0009075521173838725,239,0.0011392018913611317,-0.3279710473789983
TCG,2194,0.0013039746860119296,107,0.0005100192568018456,1.3542922378069449
TCT,2481,0.001474549314492068,388,0.0018494156227954776,-0.32679540848979727
TGG,4451,0.0026453925831536455,6634,0.031621193921714426,-3.5793380975308553
TGT,953,0.0005664028604235957,460,0.002192606150736906,-1.9527462332295364
TTG,1631,0.0009693631325822503,73,0.0003479570630517264,1.478127921636764
TTT,1471,0.0008742692630462845,411,0.001959045930332323,-1.164001638621956
