site_2,count_x,proportion_x,count_y,proportion_y,ratio
AAG,865,0.0016996977878384167,2890,0.0026917123202187644,-0.6632459755491649
AAT,104,0.00020435672824878074,363,0.0003380939696330144,-0.7263345405398702
ACG,278,0.0005462612543573177,823,0.0007665326088373851,-0.48875606838332786
ACT,137,0.00026920069009695157,549,0.0005113322020069556,-0.9255787767298838
AGG,695,0.0013656531358932943,1987,0.0018506686436936626,-0.43845551032401175
AGT,280,0.000550191191439025,966,0.0008997211423291787,-0.7095448825760169
ATG,508914,1.0,1073666,1.0,0.0
ATT,868,0.0017055926934609778,2317,0.002158026797905494,-0.3394396171055529
CAG,303,0.0005953854678786592,951,0.0008857503171377318,-0.5730760680728242
CCG,290,0.0005698408768475616,942,0.0008773678220228637,-0.6226226802830599
CCT,382,0.0007506179826060985,593,0.0005523132892351997,0.44259201280453375
CGG,1127,0.002214519545542076,1622,0.0015107118973684555,0.5517651752697361
CGT,582,0.0011436116907768306,995,0.000926731404365976,0.3033741067920612
CTG,496,0.0009746243962634159,918,0.0008550145017165487,0.18889744628785543
CTT,448,0.0008803059063024401,761,0.0007087865313794048,0.31265375786884597
GAG,471,0.0009255001827420743,1374,0.0012797275875365338,-0.46753155989052786
GAT,444,0.0008724460321390254,669,0.0006230988035385306,0.4856049450234341
GCG,1037,0.0020376723768652464,1562,0.001454828596602668,0.4860729199860341
GCT,459,0.0009019205602518303,1132,0.0010543316077811908,-0.2252564201032854
GGG,1485,0.0029179782831676867,2697,0.002511954369422148,0.21615888876731226
GGT,1375,0.0027018317436737836,2287,0.0021300851475226004,0.34302673220250135
GTG,1159,0.002277398538849393,2596,0.0024178841464664058,-0.08635833767787915
GTT,455,0.0008940606860884157,1507,0.0014036022375673626,-0.6506894871969777
TAG,1199,0.0023559972804835395,37345,0.034782697784972234,-3.8839600550403794
TAT,279,0.0005482262228981713,856,0.0007972684242585683,-0.5402941952571716
TCG,247,0.00048534722959085426,753,0.0007013354246106331,-0.5310873437724624
TCT,187,0.0003674491171396346,445,0.0004144678140129239,-0.17371558665133513
TGG,1417,0.0027843604223896376,2489,0.0023182255934340846,0.264325007251772
TGT,829,0.0016289589203676849,1629,0.0015172316157911305,0.10250888228502042
TTG,1149,0.0022577488534408566,3032,0.0028239694653644618,-0.3228394762101896
TTT,399,0.0007840224478006107,874,0.0008140334144883046,-0.054193053963462745
