site_2,count_x,proportion_x,count_y,proportion_y,ratio
AAG,1166,0.0011962556991427177,762,0.0022376751670914923,-0.9034748242323616
AAT,1435,0.0014722357875384218,469,0.0013772567629473883,0.09621119910813647
ACG,1165,0.0011952297508587186,533,0.0015651979843304008,-0.3890571931570701
ACT,1458,0.0014958325980703965,454,0.0013332080391857447,0.16604680709648356
AGG,2558,0.0026243757104691865,838,0.0024608553674838195,0.09281440524274842
AGT,2481,0.002545377692601271,1532,0.004498842986855861,-0.8216742719720624
ATG,1440,0.0014773655289584164,730,0.0021437045563999857,-0.5370792673772424
ATT,1188,0.0012188265613906934,569,0.0016709149213583452,-0.45514543144535224
CAG,1893,0.001942120101609918,795,0.002334582359367108,-0.26553206440754984
CAT,843,0.0008648744034110728,415,0.0012186813574054714,-0.49475841523174147
CCG,1277,0.0013101359586665956,616,0.001808934255811495,-0.4654234409317155
CCT,500,0.0005129741419994501,325,0.0009543890148356102,-0.8956913331932661
CGG,2527,0.0025925713136652206,508,0.0014917834447276614,0.7973455522330717
CGT,2309,0.0023689145877534607,1123,0.003297781118955047,-0.4772694645660227
CTG,1749,0.0017943835487140764,940,0.0027603866890629956,-0.6213820825828833
CTT,997,0.0010228704391469035,547,0.0016063101265079347,-0.6511270383338985
GAG,1309,0.0013429663037545603,2041,0.005993563013167631,-2.1579907950270147
GAT,1959,0.0020098326883538453,3161,0.00928253438737035,-2.207443347576448
GCG,2327,0.0023873816568654406,800,0.0023492652672876557,0.02321959569108678
GCT,1452,0.001489676908366403,1597,0.004689720789822983,-1.654502569355019
GGG,9777,0.010030696372657247,4395,0.012906276062161558,-0.3636510225105827
GGT,974708,1.0,340532,1.0,0.0
GTG,2021,0.0020734414819617774,869,0.002551889396591216,-0.2995384703742019
GTT,3445,0.0035343918383762113,2241,0.006580879329989546,-0.8968183758582775
TAG,1588,0.0016292058749902535,4441,0.0130413588150306,-3.0008533687636927
TAT,1452,0.001489676908366403,713,0.002093782669470123,-0.49111223838767515
TCG,1039,0.0010659602670748574,507,0.001488846863143552,-0.4820417080386665
TCT,929,0.0009531059558349783,690,0.002026241293035603,-1.0880974752224155
TGG,4004,0.004107896929131596,1265,0.0037147757038986057,0.14512487931478457
TGT,3292,0.0033774217509243793,2381,0.0069920007517648855,-1.049782994788245
TTG,2457,0.002520754933785298,850,0.0024960943464931344,0.014183401397563244
TTT,1299,0.0013327068209145713,688,0.002020368129867384,-0.6002587491937543
