site_2,count_x,proportion_x,count_y,proportion_y,ratio
AAG,377182,1.0,121159,1.0,0.0
AAT,164,0.0004348033575303169,109,0.0008996442691009335,-1.048991573218066
AGG,292,0.0007741620756027594,126,0.0010399557606120882,-0.4258146176791211
ATG,192,0.0005090380771086637,133,0.0010977310806460931,-1.108679187839254
GAG,206,0.0005461554368978371,76,0.0006272749032263389,-0.1997862393195895
