site_2,count_x,proportion_x,count_y,proportion_y,ratio
AAC,403759,1.0,515066,1.0,0.0
AAG,8805,0.02180756342273485,3849,0.007472828724862445,1.54510222383598
AAT,4918,0.012180533437025553,2130,0.004135392357484283,1.5584811954111304
ACG,2723,0.006744122112448268,386,0.000749418521121565,3.1697871207039636
ACT,3497,0.00866110724466823,1359,0.002638496814000536,1.7148352308585721
AGG,7305,0.018092475957192284,1998,0.0038791145212458207,2.22159058082669
AGT,3884,0.009619599810778211,1141,0.002215250084455196,2.1185073000587584
ATG,2371,0.005872314920534279,985,0.0019123762779915583,1.6185629240665174
ATT,1375,0.0034054968434140166,1622,0.003149110987718079,0.11292069001035898
CAG,2210,0.005473562199232711,685,0.0013299266501768706,2.041133367359153
CAT,604,0.001495941886125139,142,0.00027569282383228556,2.439920510748644
CCG,1331,0.0032965209444247683,14009,0.02719845612018654,-3.0445086087113467
CCT,259,0.0006414717690503493,6364,0.012355698104708912,-4.267646941716245
CGG,4143,0.01026107157982856,1348,0.0026171403276473307,1.971118214725597
CGT,2107,0.005218459526598788,581,0.001128010779201112,2.209843136341026
CTG,1339,0.0033163347442409954,450,0.0008736744417220317,1.9244219450355224
CTT,1577,0.0039057952887737485,905,0.001757056377240975,1.152455853748192
GAG,5516,0.013661614973288522,2226,0.004321776238384984,1.6604317551002685
GAT,2845,0.007046282559645729,1286,0.0024967674045656284,1.4968009007942458
GCG,2370,0.005869838195557251,882,0.0017124019057751822,1.777299389156349
GCT,3550,0.008792373668450735,802,0.0015570820050245988,2.497407773752734
GGG,10001,0.024769726495260786,2644,0.005133322719806782,2.270613071261101
GGT,4171,0.010330419879185355,1344,0.0026093743326098015,1.9851230650387146
GTG,3741,0.009265428139063154,1376,0.002671502292910035,1.7942063867769775
GTT,3129,0.007749672453121788,557,0.001081414808975937,2.841215316829139
TAG,4304,0.01065982430113013,81181,0.15761281078541392,-3.8861292375482637
TAT,1334,0.003303951119355853,925,0.0017958863524286208,0.8794962867091591
TCG,2175,0.005386876825036717,575,0.0011163617866448183,2.2706444307199645
TCT,958,0.002372702527993184,43,8.348444665343859e-05,4.828879981962331
TGG,5287,0.013094444953549023,1687,0.003275308407077928,1.9992522440216245
TGT,2272,0.00562711914780847,1440,0.0027957582135105016,1.0091569141032553
TTG,3205,0.007937903551375945,350,0.0006795245657838024,3.546160420602023
TTT,1860,0.004606708457272779,391,0.0007591260149184764,2.6013249996162893
