site_2,count_x,proportion_x,count_y,proportion_y,ratio
AAG,3142,0.0010537100352298661,1103,0.0014614091269836013,-0.47188220845313467
AAT,2981845,1.0,754751,1.0,0.0
ACG,1167,0.00039136843129002345,562,0.0007446164364141286,-0.9279700726695257
ACT,1895,0.000635512576944811,384,0.0005087770668737106,0.3208870341813501
AGG,2680,0.0008987724043335585,880,0.0011659474449189204,-0.37547502633547225
AGT,3374,0.0011315142135154576,1365,0.0018085434799026434,-0.6765735756755973
ATG,2553,0.0008561813239789459,668,0.0008850601059157259,-0.04785906822288233
ATT,5949,0.0019950735199180374,1699,0.0022510735328605063,-0.17417127239016494
CAG,1193,0.00040008786506340874,453,0.0006001979460775805,-0.5851215105069549
CAT,2407,0.0008072183497130133,914,0.0012109954143816968,-0.58516252673952
CCG,1614,0.0005412756196247625,9667,0.012808197670490002,-4.564560261193822
CCT,862,0.0002890827658714655,10517,0.013934396907059414,-5.59102414963792
CGG,3293,0.0011043498236829883,617,0.0008174881517215611,0.4339275192899805
CGT,2381,0.000798498915939628,603,0.0007989389878251238,-0.0007948847856997787
CTG,1467,0.0004919772825213919,566,0.0007499161975273965,-0.6081376853144391
CTT,2612,0.0008759677313877817,829,0.0010983754907247555,-0.3264217081052667
GAG,2122,0.0007116399410432132,1333,0.0017661453909965008,-1.311384722330157
GAT,2975,0.0009977044413777376,1644,0.0021782018175530737,-1.1264532287549631
GCG,1286,0.00043127660894513295,523,0.0006929437655597674,-0.6841248070749426
GCT,1872,0.0006277992316837394,702,0.0009301080753785023,-0.567095098877104
GGG,3283,0.0011009961953086093,1113,0.0014746585297667708,-0.42157144092492693
GGT,3563,0.00119489778979122,989,0.0013103659352554683,-0.13308254078175885
GTG,1953,0.0006549636215162089,1037,0.0013739630686146823,-1.068856543082381
GTT,2433,0.0008159377834863986,905,0.001199070951876844,-0.5553859751880879
TAG,3906,0.0013099272430324178,33477,0.0443550256972167,-5.081538992165498
TAT,4988,0.0016727898331402203,1684,0.002231199428685752,-0.41556327139267424
TCG,1666,0.000558714487171533,821,0.00108777596849822,-0.9611983245682048
TCT,2444,0.0008196267746982154,649,0.0008598862406277037,-0.06917869633635654
TGG,3835,0.0012861164815743272,1259,0.0016680998104010461,-0.3751843034846676
TGT,3986,0.0013367562700274495,867,0.0011487232213007999,0.21870521346127525
TTG,3888,0.0013038907119585358,1340,0.0017754199729447195,-0.4453373798953013
TTT,4671,0.0015664798136724076,2358,0.0031242091762713796,-0.9959648713355183
