site_2,count_x,proportion_x,count_y,proportion_y,ratio
AAG,868,0.0002067379912736561,461,0.00036961551968262777,-0.8382218044985432
AAT,4198551,1.0,1247242,1.0,0.0
ACG,671,0.000159817041641271,145,0.00011625650836004561,0.45910976967156536
ACT,736,0.00017529857324586506,390,0.00031268991903736406,-0.8349184542062815
AGG,1571,0.0003741767100125734,477,0.0003824438240533914,-0.03152808722499856
AGT,1703,0.0004056161280403644,456,0.0003656066745667641,0.14982260900011646
ATG,649,0.00015457713863663918,384,0.00030787930489832767,-0.9940379292357022
ATT,4928,0.0011737382730375313,2426,0.0019450916502170388,-0.7287273909392926
CAG,528,0.00012575767211116406,163,0.00013068835077715473,-0.05548413138630792
CAT,960,0.00022865031292938922,193,0.00015474142147233657,0.5632834618267548
CCG,2504,0.0005963962328908235,699,0.0005604365471977371,0.08972010504349903
CCT,1137,0.0002708077143757453,598,0.0004794578758572915,-0.8241352318195414
CGG,923,0.00021983774878523566,498,0.0003992809735400187,-0.8609651909359908
CGT,836,0.00019911631417600978,147,0.00011786004640639106,0.7565366907308331
CTG,2084,0.0004963617209842158,323,0.0002589713944847912,0.9385991110709
CTT,228,5.4304449320729936e-05,205,0.0001643626497504093,-1.5977401818543875
GAG,934,0.0002224577002875516,329,0.0002637820086238276,-0.2458151305392633
GAT,2897,0.0006899999547462923,1035,0.0008298309389837738,-0.2662211796299676
GCG,815,0.00019411458858067937,341,0.00027340323690190036,-0.49412177641941746
GCT,1267,0.0003017707775849335,359,0.0002878350793190095,0.06821067880407483
GGG,3395,0.0008086123045784128,606,0.00048587202804267337,0.7348717791454593
GGT,1514,0.0003606005976823909,598,0.0004794578758572915,-0.4110022807260574
GTG,1070,0.0002548498279525484,863,0.0006919266669980646,-1.4409717644041304
GTT,1538,0.00036631685550562564,604,0.0004842684899963279,-0.4027150478769368
TAG,1634,0.00038918188679856454,9813,0.007867759424393984,-4.3374363731719345
TAT,2128,0.0005068415269934794,931,0.0007464469605738101,-0.5585050185712888
TCG,1421,0.0003384500986173563,236,0.00018921748946876387,0.8388976933672563
TCT,767,0.00018268207293420992,207,0.00016596618779675477,0.13844571348992396
TGG,1895,0.00045134619062624226,543,0.00043536057958279146,0.0520236487404091
TGT,789,0.00018792197593884175,508,0.00040729866377174596,-1.1159532932723906
TTG,894,0.0002129306039154937,539,0.00043215350349010053,-1.0211605380828725
TTT,825,0.00019649636267369386,751,0.000602128536402719,-1.6155688848947776
