site_2,count_x,proportion_x,count_y,proportion_y,ratio
AAT,170,0.00010520915270118311,221,0.00034958121435972063,-1.7323674422459039
ACG,651,0.00040288916710864823,177,0.0002799813345776948,0.5250523640904632
AGT,2662,0.0016474515558267614,1162,0.0018380695524253185,-0.1579553164848111
ATG,1227,0.0007593625315550098,157,0.0002483450255858649,1.6124429657791026
ATT,1728,0.0010694200933390847,2222,0.0035147939289923045,-1.7166114182177985
CAT,1202,0.0007438905973342476,68,0.00010756345057222174,2.7899025204686705
CCG,1339,0.0008286767968640246,4673,0.007391823595941062,-3.1570488955326645
CCT,152,9.406936006223431e-05,4546,0.0071909330338429415,-6.256310274366436
CGG,988,0.000611450840404523,348,0.0005504717764578407,0.15156791674377423
CGT,412,0.00025497747595816143,321,0.0005077627593188703,-0.9937847789312606
CTT,837,0.0005180003577111192,542,0.0008573439736785909,-0.7269210477957024
GAG,693,0.0004288820165995288,137,0.00021670871659403498,0.9848236401845121
GAT,1179,0.0007296564178511463,623,0.0009854710250955022,-0.43359616903641296
GCG,183,0.00011325455849597947,466,0.0007371259995096372,-2.7023421253624136
GCT,120,7.426528425965867e-05,249,0.00039387204694828253,-2.4069671554517367
GGG,3329,0.0020602427608366974,3031,0.0047944826277118244,-1.21856080063624
GGT,1615829,1.0,632185,1.0,0.0
GTG,1085,0.0006714819451810805,3108,0.00491628241733037,-2.8721472800680434
GTT,2170,0.001342963890362161,5507,0.008711057680900369,-2.6974273848112116
TAG,430,0.0002661172685971102,14249,0.02253928834122923,-6.404236022919779
TAT,416,0.0002574529854334834,348,0.0005504717764578407,-1.096359596699811
TGG,1256,0.000777309975251094,749,0.0011847797717440306,-0.6080569785592989
TGT,2452,0.0015174873083723588,1808,0.002859922332861425,-0.9142915177165829
TTG,698,0.0004319764034436812,172,0.0002720722573297373,0.6669626525153785
TTT,859,0.0005316156598253899,260,0.000411272016893789,0.3702906891178337
