site_2,count_x,proportion_x,count_y,proportion_y,ratio
AAG,368,0.0005135124952381484,681,0.0014280501767762555,-1.4755753845949027
AAT,763,0.0010647011789856175,186,0.0003900401363882283,1.4487540830866568
ACT,416,0.0005804923859213852,218,0.00045714381576684825,0.3446290407243229
AGG,806,0.0011247039977226837,1413,0.0029630468425621862,-1.3975360744458154
AGT,379,0.0005288620535197234,747,0.001566451515494659,-1.5665367472579899
ATG,269,0.0003753664707039726,495,0.001038010040388027,-1.4674487050501916
ATT,590,0.0008232944896481184,78,0.00016356521848538607,2.3315425727471126
CAG,426,0.0005944465298137261,542,0.001136568569475375,-0.9350657737678763
CAT,208,0.0002902461929606926,541,0.0011344715794947933,-1.966671418325566
CCG,256,0.00035722608364392933,6642,0.013928207451024799,-5.285028360142551
CGG,794,0.0011079590250518746,1670,0.0035019732675717276,-1.660263542858301
CTT,460,0.0006418906190476855,370,0.0007758862928152929,-0.2735177622117799
GAG,728,0.001015861675362424,557,0.001168023419184103,-0.2013652297811781
GAT,1365,0.001904740641304545,567,0.0011889933189899219,0.6798539582251433
GCG,1497,0.002088935340683446,972,0.0020382742611255804,0.035419649812793
GCT,574,0.0008009678594203727,456,0.000956227431145334,-0.25560944012889664
GGA,716633,1.0,476874,1.0,0.0
GGG,4699,0.0065570522150110305,3841,0.008054538515414973,-0.29675454876979224
GGT,1551,0.0021642877177020874,995,0.0020865050306789635,0.05280390296523585
GTG,868,0.0012112196898551978,1213,0.002543648846445812,-1.0704389553158737
TAG,2197,0.0030657254131473155,14228,0.029835973443718886,-3.2827524572784172
TAT,396,0.0005525840981367031,393,0.000824117062368676,-0.5766552348188405
TGG,2478,0.003457836856522097,889,0.001864224092737285,0.8912945106709884
TTG,740,0.0010326066480332331,471,0.0009876822808540622,0.06417185826368588
TTT,995,0.0013884373172879283,103,0.0002159899679999329,2.68442583560795
