site_2,count_x,proportion_x,count_y,proportion_y,ratio
AAG,1095,0.0006908495556796351,4290,0.010410170421041648,-3.913478303163336
AAT,561,0.0003539421011290185,3040,0.007376903981344198,-4.381430172987118
ACG,880,0.0005552032958886566,2279,0.005530251372856391,-3.3162570210056
ACT,322,0.00020315393326834932,1194,0.002897376103199004,-3.8341017684151506
AGG,663,0.0004182952104252037,8371,0.020313178693365883,-5.6017507272932185
AGT,3184,0.0020088264705789573,5465,0.013261440874357251,-2.722812685280581
ATT,2507,0.001581698480446434,372,0.000902700092453961,0.8091559444609437
CAG,643,0.00040567695370046154,1697,0.004117962518533258,-3.34352744747968
CAT,738,0.0004656136731429869,796,0.001931584068799336,-2.0525791397482163
CCG,1070,0.0006750767347737073,2666,0.006469350662586721,-3.260497509065428
CCT,4284,0.0027028305904397776,2096,0.005086181166084684,-0.9121117620521586
CGG,1730,0.0010914792066901997,7825,0.018988247912506036,-4.120750239448219
CGT,1695,0.0010693972574219008,5359,0.013004219880270907,-3.6041100679525506
CTG,5129,0.0032359519370601356,980,0.0023780808887228005,0.4443923917097834
CTT,1585005,1.0,412097,1.0,0.0
GAG,1584,0.0009993659325995817,7629,0.018512631734761475,-4.211353152596617
GAT,300,0.0001892738508711329,6010,0.014583945042065338,-6.26776211036763
GCG,1580,0.0009968422812546333,3304,0.0080175298534083,-3.007720653619943
GCT,828,0.0005223958284043268,2930,0.007109976534650822,-3.7666295170752475
GGG,5932,0.0037425749445585345,20394,0.04948834861695183,-3.724985790073161
GGT,6033,0.0038062971410184826,13838,0.03357947279402665,-3.141119483755042
GTG,810,0.0005110393973520588,947,0.002298002654714788,-2.1688740429613595
GTT,1170,0.0007381680183974183,687,0.0016670832352577184,-1.1753049996122975
TAG,290,0.0001829647225087618,5214,0.012652360973266002,-6.111697302785585
TAT,277,0.00017476285563767938,2500,0.0060665328793949,-5.117401738765224
TCG,1664,0.0010498389594985505,2786,0.006760544240797676,-2.6869713497251233
TCT,1458,0.0009198709152337059,2034,0.00493573115067569,-2.423760484795527
TGG,1417,0.0008940034889479844,4490,0.01089549305139324,-3.6073072119754546
TGT,1179,0.0007438462339235523,917,0.002225204260162049,-1.580861445880256
TTG,598,0.00037728587606979157,161,0.0003906847174330315,-0.050346729181475425
TTT,293,0.00018485746101747313,300,0.000727983945527388,-1.9774933613385954
