site_2,count_x,proportion_x,count_y,proportion_y,ratio
AAG,945,0.0004419652816394527,3697,0.005185533245902559,-3.5524874048755013
AAT,1078,0.0005041678027590794,1153,0.00161723555112947,-1.6815539306959586
ACG,419,0.00019596132593325996,109,0.00015288696884051365,0.35810351312573196
AGG,2098,0.0009812096940524568,5709,0.00800763032211461,-3.028741980214604
AGT,733,0.0003428153983510252,895,0.0012553563037821993,-1.8725930798145
ATG,1150,0.0005378413480268472,1605,0.002251225550358022,-2.06545803197462
ATT,1766,0.0008259372353177497,553,0.000775655906135817,0.09061536161706663
CAG,1020,0.00047704189129337747,884,0.0012399273436239822,-1.378067718329266
CAT,737,0.0003446861508659012,2117,0.002969373514085939,-3.106803340709213
CCG,657,0.0003072711005683814,2495,0.0034995686904319406,-3.509593135698985
CCT,567,0.0002651791689836716,2058,0.0028866181823282303,-3.444340937748432
CGG,1237,0.0005785302152254,4346,0.00609584189523736,-3.397361270001606
CGT,1874,0.0008764475532194014,3103,0.004352369397358843,-2.312061339666225
CTG,776,0.0003629259878859421,306,0.0004292056189467631,-0.24199359630221728
CTT,1503,0.0007029352574646533,858,0.001203458892340924,-0.775723139379874
GAG,3094,0.0014470270702565784,6748,0.009464965740695285,-2.7095053726352223
GAT,5693,0.002662548516797253,7174,0.010062487288640778,-1.9181072413630718
GCG,1046,0.0004892017826400714,305,0.00042780298620510697,0.1934831079999988
GCT,858,0.0004012764144408999,560,0.0007854743353274096,-0.9689677752421133
GGG,6648,0.0031091906797238956,5387,0.007555982579301348,-1.2810802788654447
GGT,4969,0.002323942311604699,4918,0.006898147823464643,-1.5696347888426647
GTG,2420,0.001131805271499974,1499,0.0021025464797424765,-0.8935119315825961
GTT,2138177,1.0,712945,1.0,0.0
TAG,1230,0.000575256398324367,5127,0.007191298066470766,-3.643975177967386
TAT,1469,0.0006870338610882073,2607,0.0036566635574974225,-2.412074782775969
TCG,1332,0.0006229605874537047,535,0.0007504085167860074,-0.2685353100139398
TGG,1921,0.0008984288952691942,5449,0.007642945809284026,-3.088652567707692
TGT,877,0.00041016248888656084,185,0.0002594870572063764,0.6605329761317282
TTG,784,0.0003666674929156941,603,0.0008457875432186213,-1.2058229435815697
TTT,1150,0.0005378413480268472,4795,0.006725623996240944,-3.6444155498704482
