site_2,count_x,proportion_x,count_y,proportion_y,ratio
AAT,836,0.0004756242568370987,907,0.001233587304523335,-1.3749656234112813
ACG,103,5.859963929930762e-05,136,0.00018497009196821778,-1.6583283290307627
ACT,195,0.00011094106469286393,549,0.0007466807389011144,-2.7506980402192287
AGG,469,0.00026682748379975994,319,0.0004338636716019226,-0.7013345162131355
AGT,970,0.0005518606807798873,1274,0.001732734537996393,-1.6506746401454517
ATG,236,0.00013426713470520967,205,0.00027881521215797534,-1.054203065107247
ATT,2096,0.0011924742133140656,1481,0.002014269898565666,-0.7562989387150392
CAT,4127,0.0023479680717305097,3433,0.00466913474799185,-0.9917424339138634
CCT,373,0.00021221034425865766,449,0.0006106733183362485,-1.5249058294495512
CGG,893,0.0005080531834396281,314,0.0004270633005736793,0.2505296012659546
CGT,2105,0.001197594570146044,2220,0.0030193647365400257,-1.3341054582473504
CTG,1630,0.0009273535151249652,1708,0.0023230067432479114,-1.3248020254656918
CTT,1757690,1.0,735254,1.0,0.0
GAT,780,0.00044376425877145574,927,0.001260788788636308,-1.5064612298395623
GCG,296,0.0001684028469183986,774,0.0010526974351720629,-2.644102405479103
GCT,467,0.00026568962672598697,243,0.00033049803197262445,-0.31489977885976117
GGG,701,0.00039881890435742364,818,0.0011125407002206041,-1.4800524138947662
GGT,836,0.0004756242568370987,1015,0.00138047531873339,-1.5372708949552987
GTG,427,0.00024293248525052768,382,0.0005195483465577882,-1.0967025833788995
GTT,1255,0.0007140053137925345,628,0.0008541266011473586,-0.25851511501713453
TAT,434,0.00024691498500873304,183,0.00024889357963370483,-0.011514620803204423
TCG,677,0.0003851646194721481,383,0.0005209084207634368,-0.4355545733136008
TCT,390,0.00022188212938572787,816,0.0011098205518093067,-2.322461043185527
TGG,272,0.00015474856203312302,554,0.0007534811099293578,-2.28364533976249
TGT,324,0.00018433284595122007,459,0.000624274060392735,-1.759866355492825
TTG,265,0.00015076606227491766,289,0.0003930614454324628,-1.3824431480137598
TTT,1323,0.0007526924543008153,1023,0.0013913559123785793,-0.8863590984302938
