site_2,count_x,proportion_x,count_y,proportion_y,ratio
AAG,568,0.0008276215787755863,8566,0.03527309263407564,-5.413453000636857
AAT,1824,0.002657714365645545,7402,0.030479971010673342,-3.519603564385976
ACG,1558,0.0022701310206555696,3237,0.013329325339306891,-2.5537562903980007
ACT,1793,0.0026125448780715253,3506,0.014437014099354328,-2.4662446661416615
AGG,2820,0.004108966288991467,19630,0.08083245486888918,-4.298087263317875
AGT,5650,0.008232503380426167,11216,0.04618526815127158,-2.4880296400712085
ATG,2098,0.0030569543525901057,2185,0.0089973975490842,-1.5574127600611911
ATT,2675,0.003897689653564601,7882,0.032456516010014494,-3.057817016212459
CAG,1763,0.002568832470741829,7042,0.028997562261167478,-3.496746910793446
CAT,1057,0.0015401338182496386,4336,0.017854789827381735,-3.535183538221686
CCG,649,0.0009456450785657668,5255,0.02163904994070365,-4.5161945391009
CCT,937,0.0013652841889308528,4011,0.016516504150744498,-3.5966351714058193
CGG,2755,0.0040142560731104586,17023,0.07009734484121755,-4.126155243029601
CGT,3559,0.005185748589546324,14719,0.060609928844380025,-3.5469299791818463
CTG,1322,0.0019262600829952907,7969,0.032814764791145076,-4.09047067857468
CTT,3063,0.004463036788362009,9795,0.04033387139280538,-3.175894283806489
GAG,4730,0.0068919895556488085,17154,0.07063677691395441,-3.357427095375994
GAT,5237,0.007630729239520679,20383,0.08393315983660561,-3.4593480534657095
GCG,2611,0.0038044365179279154,3000,0.012353406245882197,-1.6991542013208987
GCT,3374,0.004916188744346529,3369,0.013872875214125708,-1.4966546130846892
GGG,9706,0.014142420851401128,4541,0.018698939254183686,-0.4029273349106335
GGT,686304,1.0,242848,1.0,0.0
GTG,8948,0.013037954026204132,17454,0.07187211753854263,-2.462714699012841
GTT,9847,0.014347869165850702,22180,0.09133285017788904,-2.6702973605005274
TAG,1766,0.0025732037114747984,12285,0.0505871985768876,-4.297134767851558
TAT,2463,0.0035887886417680795,8550,0.035207207800764265,-3.2943019504121596
TCG,1702,0.0024799505758381127,3987,0.01641767690077744,-2.726866726561866
TCT,1514,0.002206019489905348,5697,0.023459118460930295,-3.4106313591354196
TGG,5666,0.008255816664335338,27114,0.11165008565028331,-3.7574296142645585
TGT,6693,0.009752238075255281,21165,0.08715328106469891,-3.1597497274909836
TTG,4359,0.006351412785004896,14993,0.06173820661483726,-3.2810141353390065
TTT,4008,0.005839977619247447,16161,0.0665477994465674,-3.5103562156155403
