site_2,count_x,proportion_x,count_y,proportion_y,ratio
AAG,2688,0.0027462114439780016,4522,0.013139542992631164,-2.2584004831769082
AAT,2275,0.002324267498158465,4843,0.014072270392152305,-2.598007086832342
ACG,1785,0.0018236560370166418,4350,0.0126397638252865,-2.79306395591113
ACT,2309,0.0023590038036254484,4579,0.013305167484134918,-2.4957370211035705
AGG,4319,0.004412532450350071,7543,0.021917641042330134,-2.3124137385836603
AGT,4310,0.004403337545961751,9022,0.026215160742927544,-2.5737320459470316
ATG,1907,0.0019482980742805242,4671,0.013572491224807644,-2.8003992306915757
ATT,4159,0.004249067483446618,6305,0.018320393314581927,-2.108232314773365
CAG,1734,0.0017715515788161663,4023,0.011689602268764964,-2.7221404686079334
CAT,1881,0.0019217350171587132,4847,0.014083893163485902,-2.873564862847344
CCG,1415,0.001445643301052408,3080,0.008949533926869523,-2.6301009270671587
CCT,1758,0.0017960713238516842,3273,0.009510332643715567,-2.404651161105498
CGG,4221,0.004312410158121706,6456,0.018759152932425208,-2.1210283785242305
CGT,4484,0.004581105697469256,9759,0.028356656361142752,-2.629919674161001
CTG,1546,0.0015794802427046095,4001,0.011625677026430182,-2.8797929386248926
CTT,2233,0.0022813579443463085,5743,0.01668739394221158,-2.8707939397676965
GAG,2764,0.0028238573032571416,8250,0.023971965875543365,-3.085609132836421
GAT,4133,0.004222504426324807,9857,0.028641414258815872,-2.761931891436957
GCG,3877,0.003960960479279283,7624,0.022153002161835467,-2.4835800133629
GCT,3537,0.0036135974246094466,7655,0.022243078639670844,-2.6218487878903716
GGG,6902,0.0070514700097976815,3211,0.009330179688044818,-0.403980820494394
GGT,978803,1.0,344152,1.0,0.0
GTG,4169,0.004259284043878084,9283,0.026973546572444735,-2.662862375523905
GTT,4291,0.004383926081141966,11675,0.03392396382993561,-2.9520093729401395
TAG,2828,0.0028892432900185228,7462,0.021682279922824798,-2.90775286921152
TAT,2854,0.002915806347140334,6558,0.019055533601431925,-2.708243196121437
TCG,2297,0.0023467439311076897,5128,0.014900392849671075,-2.666618034444956
TCT,2307,0.0023569604915391557,6090,0.0176956693554011,-2.9083968533148514
TGG,4127,0.004216374490065927,11740,0.03411283386410656,-3.0162396941945193
TGT,6048,0.006178975748950504,16166,0.0469734303447314,-2.926405337305434
TTG,2788,0.0028483770482926594,8138,0.023646528278202655,-3.053416348409427
TTT,3266,0.003336728636916724,8782,0.025517794462911737,-2.9349973727689855
