site_2,count_x,proportion_x,count_y,proportion_y,ratio
AAG,5798,0.0031376513289019465,2097,0.003691920908032965,-0.23468660456692625
AAT,4126,0.0022328301798981427,1445,0.0025440275212721196,-0.1882407480332855
ACG,3174,0.0017176449323792304,653,0.0011496539594399266,0.5792321547570207
ACT,8028,0.004344440301556542,5356,0.009429627269158112,-1.1180304204934224
AGG,10131,0.005482501830476995,5907,0.010399702815331771,-0.9236360084258068
AGT,5338,0.0028887172807310437,1571,0.002765859678836332,0.06270104831603973
ATG,2839,0.001536356005993899,221,0.0003890865620769124,1.9813494978012312
ATT,2292,0.0012403409530602383,695,0.0012235980119613308,0.019607084614305492
CAG,3863,0.0020905048436613005,1337,0.002353885671931366,-0.1711928643931504
CAT,7085,0.00383412550280619,3963,0.006977149527198207,-0.8637401906943332
CCG,4562,0.002468776364686216,2859,0.005033477289492726,-1.027759249850691
CCT,1847879,1.0,567997,1.0,0.0
CGG,6892,0.0037296814347692678,5316,0.00935920436199487,-1.327333479582955
CGT,7798,0.00421997327747109,4309,0.007586307674160251,-0.8461640202444762
CTG,3038,0.0016440470398765288,1927,0.003392623552589186,-1.0451497783253672
CTT,3440,0.0018615937515389265,1344,0.002366209680684933,-0.3460396497210283
GAG,7954,0.004304394389459483,1248,0.002197194703493152,0.9701475514112339
GAT,8290,0.004486224476819099,9599,0.016899737146499012,-1.9134270920834062
GCG,3779,0.0020450473218213963,1160,0.00204226430773402,0.0019646367132981624
GCT,4386,0.002373532033212131,1767,0.003110931923936218,-0.39031130440975303
GGG,11819,0.006395981555069353,4058,0.007144403931710907,-0.15964787180488393
GGT,8282,0.004481895189024822,3272,0.0057605938059532005,-0.36210862210359984
GTG,5830,0.0031549684800790526,1623,0.0028574094581485464,0.1429178070081587
GTT,4421,0.0023924726673120915,1853,0.0032623411743371885,-0.4474052236049282
TAG,3082,0.00166785812274505,13712,0.024140972575559378,-3.855415324129444
TAT,3786,0.0020488354486413885,1224,0.002154940959195207,-0.07284422352067388
TCG,2604,0.0014091831770370246,531,0.0009348640925920383,0.592030605829752
TCT,3208,0.0017360444055049059,1015,0.0017869812692672673,-0.041720662149346666
TGG,3667,0.0019844372927015244,1408,0.0024788863321461205,-0.3209621444573614
TGT,3131,0.0016943750104849939,1938,0.0034119898520590776,-1.0098601388081416
TTG,3655,0.0019779433610101096,2153,0.003790512978061504,-0.9383919898591628
TTT,4731,0.0025602325693403084,1349,0.0023750125440803386,0.10833973603166847
