site_2,count_x,proportion_x,count_y,proportion_y,ratio
AAG,2283,0.004873415019425351,2252,0.009855493606182878,-1.015995042055085
AAT,294,0.0006275882679417666,501,0.0021925409843239884,-1.8047135225583997
ACG,403,0.0008602655509541903,324,0.0014179306964490464,-0.7209330485562138
ACT,208,0.00044400802629893695,171,0.0007483523120147745,-0.7531318709443617
AGG,1055,0.0022520599410835503,937,0.004100620563496162,-0.8645970282641962
AGT,403,0.0008602655509541903,501,0.0021925409843239884,-1.3497498388667974
ATG,468460,1.0,228502,1.0,0.0
ATT,948,0.0020236519660163086,655,0.0028664956980682882,-0.5023269217261106
CAG,336,0.0007172437347905905,119,0.0005207831878933226,0.46178058527126
CAT,215,0.0004589506041070742,132,0.0005776754689236856,-0.33192034396855163
CCG,347,0.0007407249284890919,512,0.0022406806067342957,-1.5969272216212964
CCT,202,0.0004312001024633907,302,0.0013216514516284322,-1.61591233077284
CGG,641,0.0013683131964308585,213,0.0009321581430359471,0.5537518521933471
CGT,158,0.0003372753276693848,253,0.001107211315437064,-1.7149319007167652
CTG,266,0.0005678179567092175,206,0.0009015238378657517,-0.6669371658815866
CTT,105,0.00022413866712205953,73,0.0003194720396320382,-0.5112981154134513
GAG,1010,0.0021560005123169535,732,0.003203473054940438,-0.5712793348444425
GAT,601,0.001282927037527217,536,0.0023457125101749654,-0.8705870839461429
GCG,598,0.0012765230756094437,388,0.0016980157722908333,-0.41163024218857913
GCT,245,0.0005229902232848056,128,0.0005601701516835739,-0.09908113519698603
GGG,2184,0.004662084276138838,3178,0.013907974547268732,-1.5768653426282233
GGT,847,0.0018080519147846135,1689,0.007391620204637159,-2.0314545276687443
GTG,838,0.001788840029031294,596,0.002608292268776641,-0.5440811609623672
GTT,420,0.0008965546684882381,238,0.0010415663757866451,-0.2162913198413765
TAG,660,0.0014088716219100884,2687,0.011759196856045024,-3.0611774659669067
TAT,218,0.0004653545660248474,420,0.0018380583102117268,-1.9817802670887534
TCG,172,0.0003671604832856594,304,0.001330404110248488,-1.8573818329410443
TCT,203,0.00043333475643598173,294,0.0012866408171482088,-1.570055501850744
TGG,1095,0.002337446099987192,1313,0.00574612038406666,-1.297655120603908
TGT,584,0.0012466379199931692,279,0.00122099587749779,0.029984172851273527
TTG,564,0.0012039448405413483,288,0.0012603828412880412,-0.06609272324307547
TTT,284,0.0006062417282158562,427,0.0018686926153819222,-1.624064214315366
