site_2,count_x,proportion_x,count_y,proportion_y,ratio
AAG,804,0.0006070380168883413,312,0.0006139979730195121,-0.016447022081251816
AAT,626,0.0004726440280747533,237,0.0004664023064282833,0.019179103636428607
ACG,642,0.0004847243866197949,270,0.000531344399728424,-0.13248260432645864
ACT,514,0.00038808151825946196,158,0.00031093487095218886,0.31974730661884365
AGG,1771,0.001337144686454294,848,0.0016688150035914946,-0.3196684522092159
AGT,3191,0.0024092765073267376,1814,0.0035698471892865223,-0.5672623416471421
ATG,584,0.000440933086894019,393,0.0007734012929380393,-0.8106574377765199
ATT,603,0.00045527851266625595,495,0.0009741313995021106,-1.0973670174648191
CAG,788,0.0005949576583432996,224,0.0004408190575524703,0.43260040300084057
CAT,1376,0.001038910834873579,966,0.001901032185695028,-0.8717111185316071
CCG,1193,0.0009007417340146656,240,0.0004723061330919324,0.9313912376887785
CCT,656,0.0004952947003467063,482,0.0009485481506262976,-0.9374338260098085
CGG,1748,0.0013197791710457965,561,0.001104015586102392,0.25753601449387276
CGT,1324464,1.0,508145,1.0,0.0
CTG,757,0.0005715519636622815,235,0.0004624664219858505,0.30553604902280007
CTT,2030,0.0015326954904021552,1104,0.002172608212222889,-0.5033569391035613
GAG,856,0.0006462991821597265,465,0.0009150931328656191,-0.5017164139921793
GAT,789,0.0005957126807523647,327,0.000643517106337758,-0.11136182988255605
GCG,1646,0.0012427668853211564,473,0.0009308366706353502,0.4169557526843004
GCT,1069,0.0008071189552905931,446,0.0008777022306625077,-0.12095025659774628
GGG,2780,0.002098962297200981,810,0.001594033199185272,0.3969945754409512
GGT,1633,0.00123295159400331,1112,0.0021883517499926204,-0.8277284915597427
GTG,1066,0.0008048538880633977,462,0.00090918930620197,-0.17585381305481462
GTT,1920,0.001449643025404994,469,0.0009229649017504846,0.6513499886952108
TAG,1844,0.0013922613223160464,9418,0.018534079839415914,-3.7346785612681224
TAT,597,0.0004507483782118653,282,0.0005549597063830206,-0.300060725531921
TCG,433,0.00032692470312518874,415,0.0008166960218047998,-1.320840805905494
TCT,417,0.0003148443445801471,355,0.0006986194885318167,-1.1498681353453133
TGG,1069,0.0008071189552905931,409,0.0008048883684775015,0.003992610380809225
TGT,1294,0.0009769989973302407,1006,0.0019797498745436834,-1.01888918221095
TTG,578,0.00043640295243962843,1085,0.0021352173100197777,-2.290650139229095
TTT,906,0.0006840503026129815,273,0.0005372482263920731,0.34851360472845094
