site_2,count_x,proportion_x,count_y,proportion_y,ratio
AAG,1828,0.002371365117582349,1390,0.0042253992090295865,-0.8333698406158607
AAT,426,0.000552626663068972,577,0.0017539966500791883,-1.6662689164827071
ACG,1057,0.0013711886921687873,654,0.001988065527126151,-0.5359381921784614
ACT,249,0.00032301417630087797,377,0.001146025540866298,-1.8269698092636446
AGG,1618,0.002098943523111729,633,0.0019242285606587974,0.12538317493857498
AGT,765,0.00099239295128583,732,0.0022251742597191784,-1.1649349287670887
ATG,641,0.0008315344859793686,632,0.001921188705112733,-1.2081512296214232
ATT,462,0.0005993275078353639,775,0.0023558880481999497,-1.9748544868086029
CAG,770864,1.0,328963,1.0,0.0
CAT,1820,0.0023609871520787066,1042,0.003167529478999158,-0.42396785525551195
CCG,1507,0.001954949251748687,2246,0.006827515556460757,-1.8042295388658385
CCT,805,0.0010442827788040433,1733,0.0052680696613296935,-2.3347619942212514
CGG,2044,0.0026515701861807013,817,0.0024835619811346566,0.09443618472887572
CGT,1239,0.0016072874073766578,340,0.0010335508856619134,0.6370185079398389
CTG,1040,0.0013491355154735467,474,0.0014408915288345499,-0.09492646393286641
CTT,630,0.00081726478341186,334,0.0010153117523855266,-0.313047302149835
GAG,1340,0.0017383092218601465,708,0.0021522177266136313,-0.30813929280092367
GAT,649,0.0008419124514830112,957,0.0029091417575836795,-1.788851474549947
GCG,1397,0.0018122522260736005,716,0.0021765365709821467,-0.26425049991785343
GCT,868,0.0011260092571452292,404,0.0012281016406100382,-0.1252112783703776
GGG,3056,0.0039643828223914985,1710,0.005198152983770211,-0.3909028098005729
GGT,769,0.0009975819340376512,697,0.0021187793156069224,-1.0867260859696586
GTG,1175,0.0015242636833475165,505,0.0015351270507625477,-0.010245564249856898
GTT,865,0.0011221175200813633,480,0.0014591306621109365,-0.3788853011474931
TAG,1539,0.0019964611137632577,6373,0.019372999395068747,-3.2785304571469958
TAT,448,0.0005811660682039893,485,0.0014743299398412588,-1.3430370430799474
TCG,646,0.0008380207144191452,214,0.0006505290868577925,0.3653723402297153
TCT,333,0.00043198281408912594,336,0.0010213914634776555,-1.241490083770561
TGG,887,0.0011506569252163806,480,0.0014591306621109365,-0.3426513293705167
TGT,1038,0.001346541024097636,239,0.0007265254755094038,0.8901728923140713
TTG,605,0.0007848336412129766,736,0.002237333681903436,-1.5113216519581183
TTT,392,0.0005085203096784906,328,0.00099707261910914,-0.971393188565937
