site_2,count_x,proportion_x,count_y,proportion_y,ratio
AAG,247,0.00010744371819644191,206,0.0003964488956203944,-1.8835537701852907
AAT,346,0.00015050820443712106,135,0.0002598087422755012,-0.787607844000858
ACG,997,0.00043368982608037486,717,0.0013798730978632175,-1.6698000888904598
ACT,284,0.00012353852618538261,932,0.0017936425763019786,-3.8598594997363502
AGG,382,0.00016616801761554985,249,0.00047920279130814664,-1.5279935786190837
AGT,325,0.00014137331341637093,344,0.0006620311655020179,-2.227389321373032
ATT,131,5.698432017706029e-05,73,0.0001404891717489747,-1.3018220319293174
CAG,729,0.0003171112168631828,527,0.0010142163494754751,-1.6773046218970293
CAT,980,0.00042629491430167237,596,0.0011470074844162868,-1.4279510560463429
CCG,1165,0.0005067689542463758,1014,0.00195145233086932,-1.9451481720484498
CCT,1073,0.0004667494316792801,1402,0.002698161901261131,-2.5312567478408514
CGG,605,0.00026317186035970593,419,0.0008063693556550741,-1.6154355761241455
CGT,1074,0.000467184426489792,1942,0.0037373968703631358,-2.999969682020531
CTC,2298878,1.0,519613,1.0,0.0
CTG,1132,0.0004924141254994828,824,0.0015857955824815776,-1.6872627589380862
CTT,1070,0.00046544444724774434,1421,0.002734727576099905,-2.554716232541022
GAG,353,0.00015355316811070443,185,0.0003560342023775387,-1.213277561831882
GCG,316,0.00013745836012176376,628,0.0012085917788815907,-3.1362604753012757
GCT,304,0.00013223842239562083,222,0.0004272410428530464,-1.6919088274932719
GGG,224,9.743883755466798e-05,51,9.814996930407823e-05,-0.010490894500643222
GGT,253,0.00011005368705951338,261,0.0005022969017326357,-2.1903328964623245
GTG,298,0.00012962845353254937,72,0.00013856466254693397,-0.09617695556690009
GTT,338,0.00014702824595302577,95,0.0001828283741938712,-0.31439664663551525
TAG,138,6.0029283850643664e-05,1961,0.0037739625452019097,-5.9742698380007315
TAT,376,0.00016355804875247838,112,0.00021554503062856396,-0.3981865449667179
TCG,320,0.0001391983393638114,112,0.00021554503062856396,-0.6308473017569938
TCT,285,0.00012397352099589453,176,0.0003387136195591719,-1.4500339841719452
TGT,672,0.0002923165126640039,290,0.0005581076685918174,-0.9330121418229247
TTG,196,8.525898286033448e-05,99,0.00019052641100203422,-1.160067250551153
