site_2,count_x,proportion_x,count_y,proportion_y,ratio
AAG,507,0.0002236965703830153,313,0.00039171418130484623,-0.8082582216002354
AAT,1020,0.0004500404374569539,382,0.00047806650881294336,-0.08715670284784949
ACA,2266463,1.0,799052,1.0,0.0
ACG,2095,0.0009243477612473709,1224,0.0015318152010132006,-0.7287346257768981
ACT,2388,0.0010536240829874567,1615,0.0020211450568924177,-0.9398126399874407
AGT,288,0.00012707024116431637,336,0.00042049829047421196,-1.726473733007408
ATG,266,0.0001173634866309311,199,0.0002490451184653815,-1.0854234967134193
ATT,1037,0.00045754111141456974,70,8.760381051546083e-05,2.3848358501973
CAG,1097,0.0004840140783238023,324,0.0004054804943858472,0.2554164958476104
CAT,441,0.00019457630678285947,518,0.0006482681978144101,-1.736254753799992
CCG,686,0.0003026742549955592,410,0.0005131080330191277,-0.7614966450035929
CCT,1065,0.0004698951626388783,776,0.0009711508137142514,-1.0473564387448864
CGG,213,9.397903252777566e-05,372,0.00046555167873930605,-2.308530502553152
CGT,530,0.00023384454103155444,417,0.0005218684140706738,-1.158136335665061
CTG,321,0.0001416303729643943,102,0.00012765126675110005,0.1499228334798488
CTT,375,0.0001654560431827036,364,0.00045553981468039625,-1.461129166486412
GAG,160,7.059457842462021e-05,140,0.00017520762103092165,-1.311436233728564
GAT,491,0.00021663711254055329,88,0.00011013050464800789,0.9760662840064356
GCG,682,0.00030090939053494366,195,0.00024403918643592658,0.3022163036036041
GCT,425,0.00018751684894039743,110,0.00013766313081000985,0.4458780058294458
GTG,284,0.00012530537670370087,77,9.63641915670069e-05,0.3788792671388208
GTT,160,7.059457842462021e-05,164,0.00020524321320765108,-1.5397052214016806
TAG,687,0.000303115471110713,8264,0.010342255572853832,-5.092539561717919
TAT,587,0.0002589938595953254,162,0.0002027402471929236,0.3532853785544692
TCG,350,0.0001544256403038567,149,0.00018647096809719518,-0.2720387203007917
TCT,273,0.00012045199943700824,555,0.0006945730690868679,-2.527668131988575
TGG,334,0.0001473661824613947,321,0.00040172604536375603,-1.4468065063192093
TGT,194,8.5595926339852e-05,168,0.00021024914523710598,-1.2964858922625933
TTG,117,5.162228547300353e-05,209,0.00026155994853901873,-2.3410757241684372
