site_2,count_x,proportion_x,count_y,proportion_y,ratio
AAG,481,0.00033975140933263924,1057,0.0013699411327093211,-2.011562460340027
ACA,1415741,1.0,771566,1.0,0.0
ACG,1876,0.0013251011307859276,2842,0.0036834178799998963,-1.4749426094547893
ACT,1805,0.0012749507148553303,3904,0.00505983933973244,-1.9886500985157385
AGG,671,0.0004739567477384635,711,0.0009215025027022964,-0.9592326761466179
AGT,524,0.0003701241964455363,274,0.00035512192087261494,0.05969503584953806
ATG,401,0.0002832438984249238,434,0.0005624923856157477,-0.9897886887169438
ATT,468,0.0003305689388101355,9457,0.012256890531723793,-5.21249804452727
CAT,222,0.0001568083427689104,3789,0.004910791818198313,-4.968881440885987
CCG,246,0.00017376059604122505,8781,0.011380750318184057,-6.033350908518053
CCT,530,0.00037436225976361496,12696,0.016454846377367587,-5.457933746112006
CGG,123,8.688029802061252e-05,1169,0.001515100458029514,-4.124240591919802
CTG,271,0.00019141919319988615,5234,0.006783606327909732,-5.147245050421549
CTT,396,0.0002797121789931916,5583,0.00723593315413069,-4.693164103428083
GAG,234,0.00016528446940506774,730,0.0009461277453905434,-2.517083816911361
GAT,508,0.0003588226942639932,912,0.001182011649035857,-1.7199012101199624
GTT,345,0.00024368864078952294,623,0.0008074487470935733,-1.7283316840858554
TCG,126,8.899932967965186e-05,1125,0.0014580735802251525,-4.034125245331868
TCT,241,0.00017022887660949284,897,0.0011625706679661881,-2.7717707214166847
TGG,163,0.00011513405347447025,5528,0.007164649556875238,-5.959509628884567
TGT,141,9.959448797484851e-05,701,0.0009085418486558506,-3.1894151643392163
TTG,274,0.00019353822485892547,2304,0.0029861346923011124,-3.9475888012091715
