site_2,count_x,proportion_x,count_y,proportion_y,ratio
AAG,1346,0.0009475630171645479,3234,0.004168240175184665,-2.1371446112719603
AAT,1420486,1.0,775867,1.0,0.0
ACT,1752,0.0012333806880180445,8275,0.010665487770455503,-3.1122598793893843
AGG,432,0.00030412126553869593,2454,0.0031629132312625745,-3.3785353739080524
AGT,373,0.0002625861852915129,1116,0.00143839085822699,-2.4535928339825652
ATG,199,0.0001400928977828715,2924,0.0037686871590105007,-4.749606317817403
ATT,951,0.0006694891748317125,5176,0.0066712464894112,-3.3168237135405594
CAT,500,0.00035199220548460175,4763,0.006138938761411428,-4.124373891110551
CCG,179,0.00012601320956348743,4941,0.0063683595255372375,-5.65927490559187
CCT,911,0.0006413297983929444,9245,0.011915702046871436,-4.2156537028981225
CGG,760,0.0005350281523365946,3618,0.004663170362961693,-3.1236244266989095
CGT,163,0.00011474945898798017,4216,0.005433921019968629,-5.565434339814753
CTG,931,0.0006554094866123285,7895,0.010175713105467818,-3.95658953559742
CTT,1153,0.0008116940258474916,10409,0.013415959178570554,-4.046870398866867
GAT,943,0.0006638572995439589,4972,0.006408314827154654,-3.2709999627860045
GCG,531,0.00037381572222464706,1711,0.0022052748731419174,-2.560559336093876
GTT,755,0.0005315082302817486,2592,0.0033407787674949443,-2.6520205110807993
TAG,769,0.0005413640120353175,14244,0.018358816652854163,-5.083730274809851
TAT,768,0.0005406600276243483,11364,0.014646840244526445,-4.759723957877
TCT,196,0.00013798094454996388,1327,0.0017103446853648885,-3.6317461536636007
TGT,644,0.00045336596066416704,439,0.0005658186261305095,-0.3196635938293557
TTT,810,0.0005702273728850548,14634,0.018861480124815207,-5.047761788153967
