site_2,count_x,proportion_x,count_y,proportion_y,ratio
AAG,152,0.00015479860396101113,145,0.00044521410192639537,-1.5241068293131335
AAT,889,0.0009053681507982821,220,0.0006754972580952206,0.4225546425633251
ACT,436,0.00044402757451974243,140,0.0004298618915151403,0.04677605509017724
AGT,555,0.0005652185868313235,434,0.001332571863696935,-1.237332523948794
ATG,800,0.0008147294945316375,183,0.0005618909010519335,0.5360310987488983
ATT,720,0.0007332565450784737,560,0.0017194475660605613,-1.229555173357074
CAG,596,0.00060697347342607,162,0.0004974116173246624,0.2871932648357536
CAT,463,0.0004715246949601852,197,0.0006048770902034474,-0.359308688937924
CCT,283,0.00028821055869056674,311,0.0009549074875800618,-1.7282377800405033
CGG,130,0.00013239354286139108,110,0.0003377486290476103,-1.3511171532379898
CGT,667,0.0006792807160657528,114,0.0003500303973766143,0.9565276842780595
CTT,286,0.0002912657942950604,191,0.0005864544377099415,-1.009682743999143
GAG,1662,0.0016926005248894768,1252,0.003844193486978255,-1.1834394329040574
GAT,1219,0.0012414440672925825,5063,0.015545648262436826,-3.646419611031382
GCG,236,0.00024034520088683306,245,0.0007522583101514956,-1.6461201423825127
GCT,310,0.00031570767913100954,163,0.0005004820594069134,-0.6647290016986229
GGG,129,0.00013137513099322656,1229,0.003773573319086482,-4.844167197691192
GGT,1715,0.0017465763539021978,1550,0.004759185227489054,-1.4461848918432088
GTG,721,0.0007342749569466383,261,0.0008013853834675117,-0.12617580007084506
GTT,1469,0.0014960470343337194,919,0.0028217362735886713,-0.9154276234745371
TAG,1688,0.001719079233461755,5683,0.017449322353432446,-3.3434630640859275
TAT,1753,0.0017852760048924505,1323,0.004062194874818076,-1.1861123182609221
TCG,119,0.00012119101231158107,139,0.00042679144943288933,-1.816248562157348
TCT,540,0.0005499424088088552,343,0.0010531616342120938,-0.9373744218637654
TGG,589,0.0005998445903489181,221,0.0006785677001774716,-0.17790398830275578
TGT,712,0.0007251092501331574,192,0.0005895248797921925,0.2986456775034583
TTG,723,0.0007363117806829674,337,0.0010347389817185878,-0.49087819697252577
TTT,981921,1.0,325686,1.0,0.0
