site_2,count_x,proportion_x,count_y,proportion_y,ratio
AAG,1778,0.006102835175396444,3429,0.1581569115815691,-4.695733167105383
AAT,704,0.0024164206768723826,241,0.011115723444490569,-2.2016583045921827
ACG,1515,0.005200109837303494,68,0.0031363866980305337,0.7294386501104553
AGG,3000,0.010297247202581176,9593,0.4424611410912781,-5.425220143262679
AGT,2694,0.009246927987917897,346,0.01595867349292007,-0.7872946791739395
ATG,3041,0.010437976247683119,403,0.01858770351921037,-0.8325065144966883
ATT,958,0.003288254273357589,126,0.005811540058115401,-0.821598664763254
CAG,2054,0.007050181918033912,1388,0.06401918730685854,-3.1827719732595843
CAT,817,0.0028042836548362736,1560,0.07195240071952401,-4.681338632603445
CCG,1354,0.004647490904098305,1103,0.05087403717540704,-3.452405639015904
CCT,181,0.0006212672478890643,733,0.03380840367141737,-5.766024088050125
CGG,3921,0.013458502093773597,6592,0.3040450163737835,-4.497695187666147
CGT,762,0.0026155007894556187,2593,0.11959780452931137,-5.51495989035949
CTG,1693,0.005811079837989977,1322,0.06097504727641714,-3.391340790611568
CTT,873,0.0029964989359511224,336,0.0154974401549744,-2.370680166148839
GAG,4537,0.015572870186036933,2797,0.12900696462340297,-3.050342181124965
GAT,1090,0.003741333150271161,1654,0.07628799409621327,-4.349831686506503
GCG,2722,0.009343035628475322,294,0.013560260135602601,-0.5374215803318876
GCT,455,0.0015617491590581452,52,0.0023984133573174667,-0.6189175700545508
GGG,7309,0.02508752660122194,12248,0.5649185923158526,-4.493000836262714
GGT,2744,0.009418548774627583,4732,0.21825561551588948,-4.534370179166494
GTG,291340,1.0,21681,1.0,0.0
GTT,3425,0.01175602388961351,249,0.011484710114847101,0.03368575366765292
TAG,3332,0.011436809226333493,8341,0.3847147271804806,-5.072032544612915
TAT,893,0.003065147250634997,2147,0.09902679765693465,-5.013790697737068
TCG,2040,0.0070021280977552005,126,0.005811540058115401,0.26887292635942295
TGG,3102,0.010647353607468936,11001,0.507402795074028,-5.574564667396249
TGT,2451,0.008412850964508821,1847,0.08518979751856465,-3.3400139691151165
TTG,3859,0.013245692318253587,2315,0.10677551773442184,-3.0109857366058628
TTT,918,0.00315095764398984,3203,0.14773303814399705,-5.551058326360394
