site_2,count_x,proportion_x,count_y,proportion_y,ratio
AAG,674,0.0006884097938039033,2949,0.00910820510603075,-3.725827252194903
AAT,1790,0.001828269333692859,3661,0.011307269885784529,-2.6287001124679508
ACG,998,0.001019336756997471,475,0.0014670727112121417,-0.5253096241960744
ACT,979068,1.0,323774,1.0,0.0
AGG,584,0.0005964856373612456,6015,0.018577773385139017,-4.960946389498447
AGT,1007,0.0010285291726417369,248,0.0007659663839591814,0.42522973130488495
ATG,454,0.00046370630027740665,3186,0.009840197174572386,-4.407403990549419
ATT,663,0.0006771746191275784,4348,0.013429120312316616,-4.309693091229747
CAG,165,0.00016852762014487246,2990,0.009234836645314324,-5.776029481154676
CAT,119,0.00012154416240751409,3545,0.01094899528683588,-6.493174075133959
CCG,515,0.000526010450755208,2871,0.008867296323979071,-4.075330919451625
CCT,1191,0.0012164630035911704,2351,0.007261237776967885,-2.577523052103931
CGG,669,0.0006833028962237557,4603,0.014216706715177871,-4.378918252897451
CGT,961,0.0009815457149043784,3466,0.010704997930655333,-3.4470852447014435
CTG,474,0.0004841338905979973,3806,0.01175511313447034,-4.601738523690787
CTT,888,0.0009069850102342228,3844,0.011872478951367312,-3.7103986807386686
GAG,1600,0.0016342072256472482,4527,0.013981975081383928,-3.0969053277881393
GAT,1124,0.0011480305760171918,4744,0.014652195667348211,-3.673883900640102
GCG,1140,0.0011643726482736642,4247,0.013117174325300981,-3.4938322106103223
GCT,1420,0.0014503589127619328,4630,0.014300098216657299,-3.3015431900705794
GGG,2387,0.0024380329047624886,5296,0.016357088586483163,-2.7461264820404656
GGT,1858,0.001897723140782867,5540,0.017110700673926876,-3.1725574008689224
GTG,1399,0.0014289099429253126,7101,0.021931964889089304,-3.940048170606042
GTT,1201,0.0012266767987514657,7884,0.024350318431992687,-4.311113551652876
TAG,114,0.00011643726482736644,4160,0.012848468376089495,-6.785899725178736
TAT,1066,0.001088790564087479,3938,0.012162804919480873,-3.4816775994574023
TCG,187,0.00019099796949752213,113,0.00034900887656204635,-0.8697064288425747
TCT,638,0.0006516401312268403,337,0.0010408494814284038,-0.6756140937320136
TGG,1159,0.0011837788590782254,4388,0.013552663277471323,-3.5171048857117464
TGT,869,0.0008875787994296617,5179,0.01599572541340565,-4.171667402631473
TTG,1020,0.0010418071063501208,5490,0.01695627196748349,-4.024658923348728
TTT,672,0.0006863670347718443,3742,0.011557444390222809,-4.073698346777047
