site_2,count_x,proportion_x,count_y,proportion_y,ratio
AAG,171,0.0025620664339331464,7404,0.17893999081615392,-6.12602415223029
AAT,236,0.0035359513357206,5739,0.13870024409696208,-5.293728096951041
ACG,136,0.0020376668714322103,104,0.0025134736689465162,-0.3027643641363671
ACT,114,0.0017080442892887643,121,0.0029243299417550813,-0.7757607103554669
AGG,458,0.006862142846440825,10976,0.2652681441380477,-5.272648465321482
AGT,172,0.0025770492785760304,346,0.008362133552456678,-1.6981509601802403
ATG,275,0.004120282276793072,5835,0.1410203736375281,-5.097016619428302
ATT,233,0.0034910028017919484,2342,0.05660149358339174,-4.019126703092549
CAG,331,0.0049593215767945705,10071,0.2433960896150035,-5.617019402857102
CAT,376,0.005633549585724346,5496,0.13282741619740435,-4.5593649243860765
CCG,151,0.0022624095410754687,2451,0.05923580733257607,-4.710537516787374
CGG,283,0.004240145033936143,9636,0.23288300263431375,-5.779347922652203
CGT,205,0.0030714831517911993,6494,0.1569470962128719,-5.675199057026256
CTG,158,0.002367289453575656,6259,0.15126761244169465,-5.99772320001239
CTT,241,0.0036108655589350194,6616,0.15989559417067453,-5.468641670186927
GAG,783,0.011731567355378092,27670,0.6687290040360587,-5.83295401345189
GAT,366,0.005483721139295507,14602,0.3529013703265099,-6.007966013538941
GCG,787,0.011791498733949628,10376,0.2507673345095101,-4.410530425989826
GCT,376,0.005633549585724346,7098,0.17154457790559974,-4.928395494628921
GGG,741,0.011102287880376968,24213,0.5851801725596346,-5.7199519753703125
GGT,435,0.0065175374196544955,20748,0.5014379969548299,-6.2656005508729615
GTG,535,0.008015821883942885,16080,0.3886216980448075,-5.599372192023396
GTT,424,0.006352726128582772,8102,0.19580926601735263,-4.945929402368851
TAG,249,0.0037307283160780908,9447,0.2283152476013244,-5.9354260980341
TAT,363,0.005438772605366855,7529,0.18196099282209924,-5.064204293119134
TCA,66743,1.0,41377,1.0,0.0
TCG,1048,0.015702021185742324,1192,0.028808275128694685,-0.8755330061703255
TCT,1028,0.015402364292884647,998,0.02411968001546753,-0.6470589433889966
TGG,457,0.006847160001797942,16886,0.40810111897914303,-5.897277130959278
TGT,268,0.0040154023642928844,14724,0.35584986828431253,-6.469580331171903
TTG,325,0.004869424508937267,12976,0.313604176233173,-6.009049683547071
TTT,484,0.007251696807155807,9534,0.23041786499746236,-4.989790160040695
