site_2,count_x,proportion_x,count_y,proportion_y,ratio
AAG,758,0.0008350601893317205,4081,0.008948050438851335,-3.421621295896638
AAT,849,0.0009353114785522833,8273,0.018139480833280344,-4.2775424620710885
ACG,673,0.0007414188752246014,576,0.0012629446343490245,-0.7684306456416241
ACT,907719,1.0,456077,1.0,0.0
AGG,1863,0.002052397272724268,6757,0.01481548071926451,-2.851723519649844
AGT,953,0.0010498843805186407,603,0.001322145164084135,-0.3326501267997717
ATG,1022,0.0011258990943232433,6618,0.014510707621739312,-3.687968434184546
ATT,610,0.0006720141365334426,4813,0.010553042578336553,-3.9730236143242514
CAG,622,0.00068523408676033,4318,0.00946769953319286,-3.7883450967015317
CAT,924,0.0010179361674703294,3969,0.008702477871061246,-3.095779144393404
CCG,382,0.0004208350822225821,2628,0.005762184894217424,-3.7752890710962097
CCT,1690,0.0018618096569533082,4074,0.008932702153364454,-2.262391072605971
CGG,666,0.0007337072375922505,5091,0.01116258877338695,-3.927323322002186
CGT,732,0.0008064169638401311,5052,0.011077076897102902,-3.779907424313139
CTG,1012,0.0011148824691341703,4889,0.010719681106479827,-3.2652984541234567
CTT,796,0.0008769233650501973,4540,0.009954459444348213,-3.5048203004442575
GAG,1646,0.0018133365061213879,5935,0.013013153480662256,-2.8432520329172712
GAT,1108,0.0012206420709492695,7041,0.015438182587589376,-3.660790800004767
GCG,1201,0.0013230966852076469,8329,0.01826226711717539,-3.7868754802783737
GCT,1403,0.001545632514026918,6174,0.013537187799428606,-3.130658812804854
GGG,1678,0.0018485897067264207,9643,0.021143359564284103,-3.515707671126666
GGT,2649,0.0029183040125853924,9678,0.021220100991718505,-2.862229434316805
GTG,1451,0.0015985123149344677,10178,0.022316407097924255,-3.8033030107200823
GTT,1214,0.0013374182979534416,9539,0.020915327894193304,-3.9670379496251096
TAG,736,0.0008108236139157603,5268,0.011550681134983786,-3.83244601300913
TAT,363,0.00039990349436334373,5452,0.011954121782067503,-4.9017124476190865
TCG,326,0.00035914198116377425,240,0.0005262269309787602,-0.5511307801870693
TCT,332,0.00036575195627721794,419,0.0009187045170004188,-1.328735341162055
TGG,1560,0.0017185935294953614,6828,0.014971156186345726,-3.122885368087755
TGT,1228,0.0013528415732181436,9212,0.020198343700734745,-3.900172189232295
TTG,1002,0.0011038658439450975,6099,0.013372741883497742,-3.5986585461803084
TTT,794,0.0008747200400123827,4791,0.0105048051096635,-3.5860842397990593
