site_2,count_x,proportion_x,count_y,proportion_y,ratio
AGT,257,0.00048292657261186234,130,0.00045635011180577737,0.08166276390138272
GGT,110,0.00020670008944476598,64,0.00022466467042745963,-0.1202342587393801
TGT,532172,1.0,284869,1.0,0.0
TTT,105,0.00019730463083364024,125,0.0004387981844286321,-1.1531327392600037
