site_2,count_x,proportion_x,count_y,proportion_y,ratio
ACG,531,0.00047930114102556,267,0.0015373719576445388,-1.6814619788532728
AGG,130,0.00011734302887631413,142,0.0008176285317809907,-2.8007134044460997
AGT,310,0.000279817991935826,66,0.0003800245288559534,-0.4416038120540886
CAG,243,0.00021934120013034102,57,0.000328203002193778,-0.5814116085288337
CCG,629,0.0005677597320246276,4650,0.026774455442123993,-5.559432891973341
GAG,2863,0.0025842545513299025,238,0.0013703914828441957,0.9151600937215374
GCG,870,0.0007852956547876408,398,0.0022916630679495373,-1.54508712777743
GCT,546,0.0004928407212805194,63,0.0003627506866352283,0.4421431194500638
GGG,803,0.0007248188629821557,829,0.004773338400327051,-2.719306211948309
GTG,788,0.0007112792827271965,79,0.0004548778451457624,0.6449369733094006
GTT,226,0.00020399634250805378,51,0.00029365531775232763,-0.5255804775261801
TAG,166,0.0001498380214882165,7695,0.04430740529616003,-8.208000277838522
TAT,232,0.00020941217461003752,135,0.000777322899932632,-1.8921686998931317
TCA,1107863,1.0,173673,1.0,0.0
TCG,4419,0.003988760343111016,1111,0.006397079569075216,-0.6814729836019593
TCT,3744,0.003379479231637847,752,0.0043299764499951056,-0.3575582300641047
TGG,653,0.0005894230604325625,69,0.0003972983710766786,0.5690806267983888
TGT,346,0.00031231298454772837,108,0.0006218583199461056,-0.9935933724966173
