site_2,count_x,proportion_x,count_y,proportion_y,ratio
AAG,1294,0.0011680144566611577,10046,0.05784433964980164,-5.630045755649194
AAT,670,0.0006047679180548498,5407,0.031133221629153638,-5.685929453706738
ACG,1062,0.00095860228205112,5461,0.03144415078912669,-5.035715488639983
ACT,571,0.0005154066883721183,3465,0.019951287764937556,-5.274626799631607
AGG,388,0.00035022380926161446,11442,0.06588243422984574,-7.555472884816657
AGT,251,0.00022656230959965267,141,0.0008118705843740823,-1.8413418964178945
ATG,442,0.00039896629817946804,3416,0.019669148341999045,-5.6235237981989314
ATT,228,0.00020580161987538171,1866,0.010744329861291048,-5.70617735465689
CAG,2230,0.0020128842645706193,10295,0.05927806855412183,-4.880162312681822
CAT,667,0.0006020600020038579,5212,0.030010421884806505,-5.639412515353422
CCA,1107863,1.0,173673,1.0,0.0
CCG,2045,0.0018458961080927876,761,0.004381797976657281,-1.2472016136443065
CCT,2026,0.0018287459731031726,817,0.0047042430314441505,-1.3631079073144186
CGG,1527,0.001378329269954859,14034,0.08080703390855228,-5.873488398246605
CGT,851,0.0007681455197980256,10154,0.058466197969747745,-6.250079321013532
CTG,1810,0.0016337760174317583,4158,0.023941545317925066,-3.8732341588576746
CTT,317,0.0002861364627214737,3833,0.02207021241067984,-6.269253350630983
GAG,338,0.00030509187507841675,9601,0.05528205305372741,-7.501423625090418
GAT,345,0.0003114103458640644,7505,0.043213395288847434,-7.116517902812392
GCG,518,0.0004675668381379286,43,0.00024759173849706056,0.9172094350145823
GGG,1236,0.0011156614130086481,95,0.0005470050036562966,1.028273321603555
GGT,614,0.0005542201517696682,369,0.0021246825931491944,-1.9387162586600901
GTG,1538,0.0013882582954751626,2053,0.011821066026382915,-3.0900122221166475
GTT,1064,0.0009604075594184479,1269,0.007306835259366741,-2.9275280163097896
TAG,680,0.0006137943048914893,11226,0.06463871758995353,-6.718499505794112
TAT,348,0.00031411826191505627,1930,0.011112838495333184,-5.144775734276586
TCG,683,0.0006165022209424811,703,0.004047837027056595,-2.714973208752318
TCT,679,0.0006128916662078253,1057,0.006086150409102163,-3.3118259951078244
TGG,353,0.0003186314553333761,3583,0.020630725558952744,-6.016762052909428
TGT,794,0.0007166951148291802,775,0.0044624092403539985,-2.6383914009885148
TTG,1155,0.001042547679631868,3598,0.02071709477005637,-4.312636432917935
TTT,104,9.387442310105131e-05,1901,0.01094585802053284,-6.865437196477332
