site_2,count_x,proportion_x,count_y,proportion_y,ratio
TAC,531567,1.0,284540,1.0,0.0
TAT,109,0.000205054113592454,93,0.0003268433260701483,-0.6725945526998878
