site_2,count_x,proportion_x,count_y,proportion_y,ratio
AGT,243,0.0004721545402613754,157,0.0004833505738633565,-0.0338108110731099
GGT,131,0.00025453598672526824,81,0.0002493719521205852,0.02957043286556349
TAT,123,0.00023899180432983202,65,0.0002001132949115807,0.25614412652352314
TGT,514662,1.0,324816,1.0,0.0
TTT,163,0.00031671271630701313,128,0.0003940692576720359,-0.3152744115561852
