site_2,count_x,proportion_x,count_y,proportion_y,ratio
ACT,433,0.0007724060179883194,308,0.0007673870471046089,0.009404991114495331
CCT,144,0.0002568740567905727,74,0.00018437221261604237,0.4784399528960357
GCT,181,0.0003228764186048171,142,0.0003537953269118651,-0.1319329153388047
TAT,293,0.0005226673516641515,221,0.0005506251214614238,-0.07517738788651052
TCT,560586,1.0,401362,1.0,0.0
