site_2,count_x,proportion_x,count_y,proportion_y,ratio
AAG,675,0.0006092811114731695,321,0.0018483011176175918,-1.6010198931539819
ACG,487,0.000439585038944346,69,0.0003972983710766786,0.14591940733430064
AGG,1120,0.0010109553257036294,3255,0.018742118809486796,-4.212492909077905
AGT,225,0.00020309370382438983,240,0.0013819073776580124,-2.766443502361353
ATT,614,0.0005542201517696682,969,0.005579451037294225,-3.3315921080147746
CAA,1107863,1.0,173673,1.0,0.0
CAG,2180,0.0019677523303874215,475,0.002735025018281483,-0.4750053815238946
CAT,729,0.0006580236003910231,197,0.001134315639160952,-0.7856109130993119
CCG,521,0.0004702747541889205,159,0.0009155136376984333,-0.96107749097572
CCT,524,0.00047298267023991234,135,0.000777322899932632,-0.7167266934832526
CGG,978,0.0008827806326233478,4989,0.028726399613065935,-5.0241783970260645
CGT,267,0.00024100452853827593,4977,0.028657304244183033,-6.893698837959339
CTG,602,0.0005433884875657008,4751,0.027356008130221737,-5.6537299126210145
CTT,1056,0.0009531864499491363,5205,0.029970116252958146,-4.9746224267981995
GAG,480,0.00043326656815869833,7797,0.04489471593166468,-6.695146921554711
GAT,564,0.0005090882175864705,8364,0.04815947211138173,-6.563760092160658
GCT,895,0.0008078616218792396,210,0.0012091689554507609,-0.5818357434843762
GGG,842,0.00076002177164505,400,0.002303178962763354,-1.5995138646782028
GGT,334,0.00030148132034376094,193,0.0011112838495333183,-1.8820868427639006
GTG,801,0.0007230135856148278,485,0.0027926044923505667,-1.9495166026356543
GTT,2223,0.0020065657937849714,270,0.001554645799865264,0.36814253800628727
TAT,922,0.0008322328663381664,3866,0.02226022467510782,-4.741337079751771
TGG,501,0.0004522219805156414,1048,0.006034328882439988,-3.738090306312115
TTG,892,0.0008051537058282477,4098,0.023596068473510562,-4.873138467060814
TTT,418,0.00037730296977153314,1069,0.006155245777985064,-4.02802110360948
