site_2,count_x,proportion_x,count_y,proportion_y,ratio
AAG,1145,0.0007287414349014321,4939,0.03742659038381389,-5.68251279038582
AAT,424,0.0002698570903041111,2590,0.019626416095176753,-6.1844573480023985
ACT,1252,0.0007968421628791205,3316,0.025127874815291933,-4.978850864554815
AGG,1404,0.0008935833839315378,7715,0.05846247110976395,-6.031764641145219
AGT,627,0.0003990575368412209,3164,0.023976054256810517,-5.908853671662435
ATG,2315,0.0014733942548443802,1909,0.014465956882506726,-3.295446329248021
ATT,978,0.0006224533828241053,2687,0.020361459477891867,-5.031731371052613
CAG,417,0.00026540190249248663,2348,0.017792596521805024,-6.06695453965707
CAT,656,0.00041751474348937945,3022,0.02290001136665025,-5.777377360538428
CCG,152,9.674122105241719e-05,1460,0.01106353957488728,-6.837466560315477
CCT,537,0.00034177655069176336,9490,0.07191300723676733,-7.717055513914742
CGG,1728,0.001099794934069585,3978,0.03014435645815178,-4.7765814786619565
CGT,729,0.00046397598781060614,1416,0.010730117834274239,-4.531471965747742
CTG,210,0.0001336556343487343,95,0.0007198878490508847,-2.4292515106565062
CTT,1087,0.000691827021605115,1274,0.00965407494411397,-3.8026547572206724
GAG,580,0.00036914413296317087,4076,0.030886977607699012,-6.386670666142562
GAT,911,0.0005798108709128425,6778,0.0513621035880726,-6.4689780976736255
GCG,826,0.0005257121617716882,8106,0.061425377941120754,-6.868417908619077
GCT,3630,0.002310333108028121,10241,0.07760391012768537,-5.069956563304659
GGG,1652,0.0010514243235433764,7713,0.05844731557609972,-5.796719844127049
GGT,2137,0.0013601051933487865,14742,0.11171143863903307,-6.359914870415192
GTG,1332,0.0008477585950119718,4433,0.03359224036676391,-5.308330700085684
GTT,861,0.0005479881008298106,4706,0.035660970711931195,-6.024057597819135
TAC,1571202,1.0,131965,1.0,0.0
TAG,2876,0.001830445735175999,14565,0.11037017390974879,-5.914011540580095
TAT,1339,0.0008522137828235962,367,0.0027810404273860495,-1.7063374275105847
TCG,1348,0.0008579418814385419,5148,0.039010343651725836,-5.506832977030525
TCT,1643,0.0010456962249284305,6268,0.047497442503694164,-5.505314119514187
TGG,1676,0.0010666992531832317,8050,0.061001022998522336,-5.837608054181672
TGT,606,0.0003856919734063475,6874,0.0520895692039556,-7.077401572891028
TTG,913,0.0005810837817161638,376,0.0028492403288750807,-2.2937592216850966
TTT,2818,0.0017935313218796819,3160,0.02394574318948206,-3.7388943667465098
