site_2,count_x,proportion_x,count_y,proportion_y,ratio
AAG,7653,0.0035297601257485694,10217,0.024715578531289386,-2.8077786270819907
AAT,13988,0.006451624805823989,10009,0.02421241318583493,-1.9080124298914756
ACG,6748,0.003112350885737795,5882,0.014228935394053456,-2.1927511000435924
ACT,5714,0.0026354435330625016,6046,0.014625661916431009,-2.472384232135431
AGG,8322,0.0038383201053808435,19775,0.04783699378058604,-3.6395797906468523
AGT,2168136,1.0,413383,1.0,0.0
ATG,4359,0.002010482737245265,12577,0.030424569950868806,-3.9196230169050708
ATT,9469,0.004367345959847537,21136,0.05112934010348757,-3.5493226821005512
CAG,6976,0.003217510340679736,15861,0.03836877665506322,-3.575916076769266
CAT,4342,0.0020026419006925764,12578,0.030426989015029646,-3.9253751990797534
CCG,2281,0.001052055775098979,5486,0.013270985986361316,-3.6569924649802337
CCT,1638,0.0007554876631355228,4242,0.010261670170277926,-3.763713553333641
CGG,5593,0.002579635225834542,11810,0.028569147739505495,-3.4692190187430336
CGT,6362,0.0029343177734238073,13476,0.032599308631462834,-3.473744346026338
CTG,4162,0.0019196212783699916,8417,0.020361263041779657,-3.4069334417073636
CTT,4590,0.002117025869225916,14266,0.034510369318525434,-4.026919109366342
GAG,7711,0.0035565112151636244,16247,0.03930253542114698,-3.466087766198261
GAT,5410,0.0024952309264732473,19141,0.04630330710261428,-4.213869994050758
GCG,8462,0.0039028917005206314,18686,0.045202632909432654,-3.533791471691498
GCT,7865,0.0036275399698173917,23992,0.058038187346843004,-3.9999390460097857
GGG,12254,0.005651859477449754,32411,0.07840428851694434,-3.7941350668711173
GGT,14729,0.006793393034385297,39720,0.09608522846851467,-3.8221104278982234
GTG,13152,0.006066040137703539,28440,0.06879818473425371,-3.5035435502691903
GTT,13205,0.006090485098720745,31084,0.07519419037551132,-3.6259921547749734
TAG,8151,0.0037594505141743876,16626,0.04021936073810486,-3.4192964347035373
TAT,6721,0.0030998977923894075,13804,0.033392761676217936,-3.4292428594235833
TCG,17414,0.008031783984030523,2976,0.007199134942656084,0.15789690745089846
TCT,9765,0.004503868761000233,3709,0.008972308972550878,-0.9943145131729505
TGG,9963,0.004595191445555076,20589,0.04980611200750878,-3.4381259212849713
TGT,16609,0.007660497311976739,26899,0.06507040686240122,-3.0864916157739146
TTG,5823,0.0026857171321356225,16691,0.04037659990855937,-3.9101401583552375
TTT,7682,0.0035431356704560967,21441,0.05186715467254338,-3.871722614569591
