site_2,count_x,proportion_x,count_y,proportion_y,ratio
AAG,4079,0.0013665980519863413,15196,0.02064034511048208,-3.916806212543964
AAT,9036,0.0030273547432578037,17429,0.023673372922518567,-2.967135628117137
ACG,9406,0.0031513168122048363,7291,0.009903182166394107,-1.6519373770099035
ACT,7075,0.0023703557778385303,5620,0.00763350483817513,-1.6872419901731455
AGG,7648,0.0025623294683970433,25026,0.03399218720287737,-3.729675297301097
AGT,2984784,1.0,736228,1.0,0.0
ATG,7987,0.0026759055261620273,14763,0.020052212086473214,-2.9056623111764743
ATT,10953,0.0036696122734509434,20309,0.027585204583362763,-2.910195137220903
CAG,5940,0.001990093755528038,18180,0.02469343735907898,-3.633219371064806
CAT,9105,0.0030504719939533314,12607,0.017123771440369015,-2.488896093771144
CCG,2909,0.0009746098880186975,7270,0.009874658393867117,-3.3408340753781145
CCT,4013,0.001344485899147141,11681,0.015866008899417028,-3.5608127337825817
CGG,8555,0.002866204053626661,14699,0.019965282494010007,-2.800280257047657
CGT,4663,0.0015622571013513876,14220,0.019314668825418213,-3.627993137838347
CTG,4293,0.0014382950324043548,14090,0.01913809309072733,-3.7340155414206393
CTT,3606,0.001208127623305405,14162,0.019235888882248434,-3.992955727306268
GAG,8628,0.002890661434797292,24039,0.03265156989410889,-3.4976808085884326
GAT,5944,0.0019914338860031414,28816,0.03914004900655775,-4.2967660730391435
GCG,8891,0.0029787750135353177,23810,0.03234052494607649,-3.4405520303318804
GCT,9572,0.003206932226921613,21549,0.029269465437337345,-3.190130627037849
GGG,14615,0.004896501723407791,41006,0.055697419821033704,-3.50778719891502
GGT,21149,0.007085604854488633,43375,0.0589151730170545,-3.0556763161612626
GTG,12052,0.004037813121485508,38615,0.05244978457760368,-3.699290801004688
GTT,13694,0.004587936681515312,38279,0.05199340421717186,-3.502411231502215
TAG,9170,0.003072249114173756,23106,0.03138429942898124,-3.352675897707189
TAT,5701,0.0019100209596406305,21968,0.029838582612994886,-3.9655186316855042
TCG,30301,0.010151823381524426,3612,0.004906088874642094,1.0490936010073852
TCT,19392,0.006496952543299616,4404,0.0059818425813742485,0.11917322223711757
TGG,10508,0.003520522758095728,23666,0.03214493336303428,-3.190729786114124
TGT,18380,0.006157899533098542,26520,0.036021449876940295,-2.5483460164950174
TTG,8467,0.002836721183174394,26416,0.03588018928918759,-3.6608912388596906
TTT,13143,0.004403333708569867,23045,0.031301444661164746,-2.829561154851369
