Translation,mean,std
*,-0.8525035337985809,
A,-0.4509519758960656,0.8199909755983168
C,0.23540983247108827,
D,-0.06912778768792194,
E,0.02999013329941924,
F,-0.44298414594216684,
G,-0.31646238672708726,0.192196487827906
H,-0.3480899564638502,
I,0.3346362637547262,
K,-0.19460631508182757,
L,-0.6725480591216751,0.15101488236062058
M,-0.9986625991569706,
N,-0.2928617898334567,
P,-0.8831192325633439,0.14254719903986493
Q,-0.9828641870834804,
R,-0.6454053653679068,0.3902860653701834
S,-0.596126607615358,0.06031713823388547
T,-0.37365935285621754,0.013290799322704579
V,-0.13693097183882585,2.6291675482980157
W,-0.6588052649511589,
Y,-0.3331008555055339,
