Translation,mean,std
*,-0.9657417259639081,
A,0.5129121488096722,0.3354264202486706
C,-0.31388436580596846,
D,-0.6460460091786508,
E,-0.10282478640655324,
F,-0.1545148029926171,
G,-0.46304067503826474,0.021207186447258868
H,-0.5286612492223153,
I,0.7769929420669435,
K,-0.45065892085980686,
L,-0.31403807283660357,0.25089725795880724
M,0.48634113517424105,
N,-0.22537570336020352,
P,-0.7671968528365736,1.0639280653621233
Q,0.1958797960087031,
R,-0.538319659208347,0.11186494831837648
S,-0.7884486150166827,0.7047496202488522
T,0.43629860464004455,0.7864636630333136
V,-0.377681750621468,0.8645705020187641
W,-0.5189040586146278,
Y,-1.664289836257538,
