Translation,mean,std
*,-1.332245287959993,
A,0.004705209959263712,0.2959011601344482
C,0.6633901020364856,
D,-0.2704670206759867,
E,-0.3327622413562634,0.4705968747716969
F,-0.9389189325778498,
G,-0.6711185089379033,0.39452044793641106
H,-0.7560861472637299,
I,-0.6308719437250208,
K,-0.7840659194299278,
L,-0.8345502316460696,1.0159345114812146
M,0.40405221393860735,
N,-1.2338337221959268,
P,-0.9784587545523356,0.4361586707480837
Q,1.1370359093685334,
R,-0.7167227132150499,0.9334487761796592
S,-1.1254861164747643,0.903742320713504
T,-0.8753152468798713,0.16555258531626135
V,-0.26075652501556146,0.5142099110084976
W,-0.2850642391434155,
Y,-2.2395897642823126,
