Translation,mean,std
*,-1.0281212563455187,
A,-0.4807163105665402,0.5888715358125773
C,-0.33189263134606684,
D,-0.20514845300476647,
E,-0.02337823784631521,
F,-0.8897668624973267,
G,0.06182456262604097,0.3487898181060579
H,0.3414477007810284,
I,0.34426052717678246,
K,0.985753153489231,
L,-0.5865461467391885,0.5422940810291995
M,-1.4393380104535343,
N,-0.27730293170584797,0.3921655669042303
P,-0.45363657872694096,0.38925971957179467
Q,0.6252916394611674,
R,-0.27286660905789945,0.3553648097967945
S,-0.08934169790720059,0.6116444733110894
T,0.17375886884292324,0.32437698395681713
V,0.036406246407652,0.5585678885733167
W,-0.5937312714157006,
Y,-0.9928875585432309,
