Translation,mean,std
*,-0.5897730304377848,
A,-0.022760101299377222,0.0068437164986815575
C,-0.09479964830133714,
D,-0.0910899857683578,
E,0.6542774938307723,
F,-0.04223231107810754,
G,-0.1543874501109972,0.019342122343909043
H,-0.22014630069241203,
I,0.09374839108409994,
K,-0.4031666621328265,
L,-0.23927849035461643,0.21771399022631296
M,-0.3462078260183796,
N,-0.11505966013691182,
P,-0.35578741201880915,0.11204729524757365
Q,-0.3978186833013746,
R,-0.16097773674818447,0.17698755891066045
S,-0.26718748947554855,0.2522897469316658
T,-0.18683865915311682,0.1344025602394238
V,0.03528728724289188,2.722164166221958
W,-9.706829723121757e-05,
Y,-0.049798862132737653,
