Translation,mean,std
*,-0.6452768037974845,
A,-0.15275624799281795,0.09952472655617492
C,-0.23784448421399862,
D,0.2070567638533003,
E,0.26089835240601467,
F,0.03373137863018094,
G,0.050849321595439534,0.16005227616877796
H,0.23611310724630874,
I,-0.48483530632523664,
K,0.4653621434615811,
L,0.315282733263869,0.19016316346904638
M,0.0791375052153862,
N,-0.5175148324497165,
P,-0.07741837782435036,2.152078835605277
Q,-0.10919007181768858,
R,0.15821088212655354,0.14105299166850205
S,-0.30215346055337555,0.11907752018219693
T,0.01564421985233011,0.20433570104310467
V,0.20538571599148492,0.05051992615861101
W,0.28009247833973117,
Y,-0.046572593756106784,
