Translation,mean,std
*,-0.5518171608183646,
A,-0.8487842402899592,0.40954492117333924
C,-0.39437800889034724,
D,-0.22357961171220264,
E,-0.2945984991192381,
F,-0.44642286885226046,
G,-0.22330856552195555,0.3469570042766162
H,-0.9190709335838809,
I,-0.026389729383585525,
K,-0.3139882916427039,
L,-0.7214071958043418,0.3563205716691769
M,-0.2195711436454948,
N,0.06916899515864028,
P,-0.42515917544440285,0.4895975498561072
Q,-0.5678404575721672,
R,-0.5333343053331219,0.9249141069309282
S,-0.19204144387244831,1.7970659962631506
T,0.264900259437467,0.11380324976060226
V,-0.19503832312507385,0.2618838255024084
W,-0.5779336284540353,
Y,-1.2174031242756707,
