Translation,mean,std
*,-1.1483348580201778,
A,0.49900918579108655,0.6283783256766945
C,0.09947080199197611,
D,-0.29773820355912495,
E,0.30268960779276455,
F,0.21860500974105168,
G,-0.10547735493823085,0.20601183781537025
H,-0.9256368056518305,
I,0.24456104773423615,
K,0.608039260909365,
L,-0.07421136241367421,0.2935839273335721
M,0.032550580678885055,
N,0.2506776432808282,
P,-1.5135190479357536,1.0362105463272424
Q,-0.3410470954736997,
R,-0.023770557092120132,0.31692855353600935
S,-0.030778941123956145,3.0705022086016225
T,0.3234836884931238,0.05822009123531217
V,0.039521618813251,0.06366113484809309
W,-0.47102590182201,
Y,-0.38322332847335083,
