Translation,mean,std
*,-0.7098166560551937,
A,-0.7305255483952036,0.17819817299931057
C,-0.19610064664981852,
D,-0.15940090519350214,
E,0.017041670351499505,
F,-0.8588734289310391,
G,-0.46694257666746664,0.13307208234712503
H,-0.4739873397761625,
I,-0.5622149333678235,
K,-0.3751259618565461,
L,-0.4658283071335865,0.17054147755432517
M,-0.34591258540570546,
N,-0.4573285099655511,
P,0.024713256364161662,0.04468116019340467
Q,0.22876162904094066,
R,-0.2498529116736187,0.17794998003379922
S,-0.19674131728796335,1.9386725433838286
T,-0.18236989206204113,0.02894824034839826
V,-0.20549227394537373,0.1938205077451795
W,-0.7965160670405216,
Y,-0.36599708697286104,
