Translation,mean,std
*,-0.49255326643489195,
A,-0.17566290754845792,2.858913327231242
C,0.07073233922457778,
D,-0.08409594874774218,
E,-0.630047541755359,
F,-0.512991286480978,
G,-0.41903763334152444,0.20778785351606718
H,-0.28111261081861283,
I,-0.4482075429107164,
K,-0.6912184484458672,
L,-0.17521097762252294,0.39183759654903644
M,-0.2887558080062105,
N,-0.3011484359040022,
P,-0.6596635455804281,0.39530963217663234
Q,-0.4322911861203673,
R,-0.6365380937309887,0.3173650821840434
S,0.2981164138869194,0.5866298466884218
T,-0.5510452611322418,0.26661736219351434
V,-0.5025853784421344,0.24674884649471598
W,-0.5098795685061859,
Y,-0.3897150564763727,
