Translation,mean,std
*,-0.9117508363305076,
A,-0.8191296469462639,0.0310234089963189
C,-1.6213371023757306,
D,-1.5903994191004944,
E,-1.639270473262319,
F,0.32064017709785997,
G,0.08007693613481948,0.28692729387732646
H,-0.30100656953186444,
I,-1.4161246313981524,
K,-0.12220771787103235,
L,-0.4031527148407597,0.8476632992867271
M,-0.2122796862930425,
N,0.14852933886566522,
P,-0.011748806842782011,0.14889264653712145
Q,-0.8233054199949512,
R,-0.2547758996401382,0.5785310626487163
S,-0.5055185137761139,0.2974728267096125
T,-0.09164216911834859,2.479652781905801
V,-0.8105817060094953,0.4676554784154145
W,0.13033246165699897,
Y,-1.3809814131517264,
