Translation,mean,std
F,0.06065512894274905,0.08577930597832456
L,-0.021437745178382706,
