Translation,mean,std
*,-1.181327538326311,
A,-0.49708343096399865,0.24997984316033783
C,-0.5825811726846339,
D,-0.20700154848508023,0.29274439729983226
E,-0.695993193762928,
F,-0.9511788480513772,
G,-0.9602967247297225,0.18135116742281607
H,-0.9859879313330184,
I,-0.26645731179927257,
K,-0.3789125295151994,
L,-1.1490821955139523,1.1739152807481077
M,-1.1900106559818795,
N,-0.12868181101254894,
P,-1.119073290232261,0.4612198103084523
Q,-0.465976010454904,
R,-0.4753536352172931,0.4222950933464827
S,-0.6087384047495131,0.6189749142163417
T,-0.6447688594507044,0.10332698623941977
V,-1.2072940824821279,0.7915134514755866
W,-0.6649329711366372,
Y,-1.91462101478281,
