Translation,mean,std
*,-1.1656432237839311,
A,0.06600149655997578,0.11870507619253873
C,0.11464198352432398,
D,-0.1401225446889729,2.8722608998597714
E,-0.07969164994793676,
F,0.5057971655911979,
G,-0.005157036600651033,0.1192026059165121
H,-0.005325826910392628,
I,0.051843467819514544,
K,-0.45633238482556937,
L,0.2683623256602801,0.07794769817719667
M,-0.20607838286559588,
N,0.1607969773393627,
P,-0.44752120645736326,0.12370921299506975
Q,-0.2594338050866236,
R,0.06758698725554406,0.01813650348700949
S,-0.3408265290293162,0.4110000281923325
T,-0.03899206374084896,0.5877720838933149
V,-0.06874687367137877,0.3870188500347309
W,0.17759779286055455,
Y,-0.01156196173638957,
