Translation,mean,std
*,-0.8091903643786065,
A,0.21811988242559543,0.014034342169106071
C,0.11975192249301791,
D,-0.4248461448500329,
E,-0.27488033399555967,
F,-0.0759210949206146,
G,0.40362729239088724,0.2427842758703451
H,-0.48384201729975285,
I,0.574834056198311,
K,-0.2206947677843143,
L,-0.29974810054032847,0.8035318431379272
M,0.1981993529092101,
N,0.12692840894933877,
P,-0.7575848742891949,0.10395077557165555
Q,0.055823669826244426,
R,-0.6658284454865461,0.36499042201385756
S,0.283243899724992,0.24285527870395363
T,0.45940883486987616,2.271350632705975
V,0.18853467102409516,0.06470446920548083
W,-0.2415720285546783,
Y,0.0031496889081208956,2.7621346809830047
