Translation,mean,std
G,0.39997840469774015,
K,-0.43271656325168273,
M,-0.42820651855705094,
R,-0.8789202161026664,2.2040150537164913
S,-0.05368057127008363,
T,-0.03400909763248805,
W,-0.2035968462522426,
