Translation,mean,std
*,-0.3572248133398741,
A,-0.0660901150745814,0.11477015672816118
C,-0.043768382046820875,
D,-0.17678566374873483,
E,0.008652381276450072,
F,-0.02211199101094863,
G,0.04681348297472998,0.059332528242855585
H,-0.22582525468532744,
I,0.007175470962238251,
K,-0.019221579911700815,
L,0.04843973869676044,0.10486107074477838
M,0.16859250235720946,
N,-0.08438402742247941,
P,0.08275555313303373,0.06786796997796957
Q,-0.2786106422364236,
R,0.03095723096780123,0.20241050759957022
S,0.04384190353525508,0.36874718696299047
T,0.29613174475222737,0.406074931072614
V,-0.012426993024043487,0.08577724616052144
W,0.10562522752681058,
Y,0.19732649423295978,
