Translation,mean,std
*,-1.7687146727461465,
A,-0.1647333791172021,0.14115567248606556
C,-0.6467526148428124,
D,0.06669374126101157,
E,0.5364926379426276,
F,-1.4262519061493704,
G,0.04915820114470648,0.48494043974507095
H,-0.05450641392384359,
I,-0.19083332096747618,
K,-0.24958011657423462,
L,0.2716461744540955,0.18922192808170132
M,-0.38099735715335203,
N,-0.14741675212613137,2.782032865312131
P,0.47963059198787317,0.7193401944871994
Q,-0.7471588233311621,
R,-0.7235657914047667,0.7678209169413484
S,-0.013025586020448307,0.2974291983078935
T,0.29950770159897644,0.9622407754395722
V,-0.6688714745688635,0.06480682379419049
W,-0.35150761900282035,
Y,-0.06359690226928816,
