Translation,mean,std
*,-1.1274600371470358,
A,-0.5004612671482538,0.017171654789957184
C,-0.08130649787709032,
D,-0.3035256797778807,
E,-0.8924310617993871,
F,-0.12089745854430708,2.9420963335908445
G,-0.43720281768973823,0.02912643396167663
H,-0.6684130805582953,
I,-0.42591317987663935,
K,-0.39073701277236683,
L,-0.7178254064650297,0.3989526463129175
M,-0.786031737104822,
N,-0.61885734833582,
P,-0.5919736405529443,0.1411365961699829
Q,-2.0575427253889496,
R,-0.634947130047301,0.2829084875282707
S,-0.6593914538333321,0.2296349654098987
T,-1.1738739991141571,0.87437179100961
V,-0.6245915853142863,0.1951741663772755
W,-0.6101292722246203,
Y,-0.22826590335884323,
