Translation,mean,std
*,-0.9459841265434434,
A,-0.10130250932452567,0.03845716923551822
C,0.08326456453984576,
D,-0.08154498052511983,
E,-0.2392731089318243,
F,-0.6399312902543297,
G,-0.04191704223561132,3.0052065717997687
H,-0.32235659817038265,
I,0.14278148007523495,
K,0.10208961957700069,
L,-0.780849832974304,0.23936898363605838
M,-0.13306818377727403,
N,0.1507171273108785,
P,-0.4404129455089416,0.06646380719998014
Q,-0.5117996477017464,
R,-0.2583318472536306,0.3230763820736298
S,0.09399782608965879,0.37189986509681294
T,-0.18695178326121864,0.26486256826780324
V,-0.1780073960584314,0.17820713583497766
W,-0.5368449390686072,
Y,-0.25592798092880376,
