Translation,mean,std
*,0.0758485860516398,
A,0.0728954244237019,0.13096733655800946
C,-0.447841674210002,
D,-0.027548563847600516,2.500695296142664
E,-0.21422884492227112,
F,-0.23931621529495928,
G,-0.1808460858954426,0.053678888661919014
H,-0.4327562498142594,
I,0.22067253723346258,
K,-0.2427646269382242,
L,-0.1965060103855354,0.3558391033210113
M,0.33827736352307625,
N,0.28164035829896505,
P,0.10685147619794089,0.49106046023903477
Q,-0.579210414928407,
R,0.18342739109690331,0.2142685678416051
S,-0.0013213561505830047,0.2182425010121338
T,-0.25295042813996815,0.3918652198903762
V,-0.10796183261534686,0.0852632321568345
W,-0.03813002904123053,
Y,0.29207717984687953,
