Translation,mean,std
*,-0.08281125460135552,
A,-0.15661524214049294,0.04336572808808317
C,-0.24738804580116103,
D,0.08130420972343089,
E,-0.02151998552696699,0.03043385539430943
F,0.02331054501958807,
G,0.05563798905784556,0.12988873760959402
H,-0.13042559403783205,
I,0.029375182257857624,
K,0.1334687839681541,
L,-0.09630185631838166,0.025457024458213462
M,-0.10521125863599945,
N,-0.20071329943230243,
P,-0.07018865498459492,0.06820576284157603
Q,-0.22995566092143527,
R,-0.14226572338131552,0.16574340072865854
S,-0.14813504605397002,0.16119510372721665
T,-0.282568412470817,0.20429284230529893
V,-0.12438380787509073,0.18190037031682882
W,0.01310746062992596,
Y,-0.015888064185510586,
