Translation,mean,std
*,-0.13212656944985834,
A,0.039895153661229976,0.18757507854787744
C,-0.2673996775137528,
D,-0.24860999325484556,
E,-0.12167312543802744,
F,-0.022102795046508222,2.4713542941482394
G,-0.03530562973453444,0.2163564900298246
H,0.030739577969796983,
I,-0.005366081994472971,
K,0.050998629039008314,
L,0.01209715615471385,0.23667835641729085
M,-0.034323303870705146,
N,-0.17436416957481793,
P,-0.0746807046097433,0.089140977242423
Q,-0.29786325235502087,
R,0.026429334606887345,0.19473802326277176
S,0.01378871657338987,0.05046335884410802
T,-0.08501584960211206,0.13545975684396472
V,-0.167222113940376,0.08291396044852156
W,0.03742707442162985,
Y,-0.013901075716537648,
