Translation,mean,std
*,-0.20334509327113626,
A,-0.20834521159440644,0.2786764995431966
C,-0.06037578593602699,
D,-0.6438095106211499,
E,0.04887559969762467,
F,-0.33201181069549346,
G,-0.15960222229153587,0.08061568634294454
H,-0.3033160089039244,
I,-0.2860515232089309,
K,-0.45105406964204064,
L,-0.10236625416440741,0.08647770347338238
M,-0.08431891966013882,
N,-0.13925343778878752,
P,0.12659041341783928,0.22687953577120312
Q,0.19526291267541573,
R,-0.15555660541739544,0.07769218972507133
S,-0.17580931139263653,0.12884800442827976
T,-0.06464262821293841,2.769714862518262
V,0.03544750568927135,0.14327521559706224
W,0.0377455999760139,
Y,0.2085225402440516,
