Translation,mean,std
*,-0.6272343371331583,
A,0.1712606479376917,0.19126186663140324
C,0.49429443003245677,
D,0.2829391352045958,
E,-1.0694349868837243,
F,0.9321441901512904,
G,0.27870510316434505,0.038957607962454156
H,0.6252225927712773,
I,0.4654448463372569,
K,0.11503265106236782,
L,0.8605449718195569,0.5480385900076042
M,-0.27512077795748624,
N,0.03563434757569883,
P,0.5545139652886846,0.07237009578773312
Q,1.411693835920608,
R,0.633588787360063,0.7305077119858705
S,0.10406159346808508,0.5412649801432835
T,-0.044400655938647705,2.716815138113057
V,0.5984732832979804,0.3197163587984233
W,1.6147109168741833,
Y,0.39508597013679037,
