Translation,mean,std
*,0.03453591179560167,
A,-0.1518971621639147,0.09079880324600144
C,-0.31498690833684817,
D,-0.41980959423820874,
E,-0.03639671914128506,
F,-0.0398090318235296,2.1849333256218353
G,-0.16209482271006936,0.08960076156292242
H,-0.35416091324742993,
I,-0.019638212856364134,
K,-0.1549104262413179,
L,-0.12350589047284988,0.06196597838156356
M,0.0940546367862467,
N,-0.165348923268132,
P,-0.3600153568384701,0.15849180311309136
Q,-0.061481623154151954,
R,-0.13918828557239982,0.016203042073777412
S,-0.2444772863359003,0.11799527586939464
T,0.22762952786673063,0.07863981770066465
V,0.004299289929048378,0.07352967158082056
W,-0.22421605191065952,
Y,0.08821697921283356,
