Translation,mean,std
*,-0.6905698970125664,
A,-0.4530826491167579,0.4863248462154929
C,-0.08382685869969553,
D,0.12024359937240625,
E,-0.27062748633612976,
F,-0.4906022017567224,
G,-0.328559768456985,0.05497090303084447
H,-0.31924937407297893,
I,0.8807880641422408,
K,-0.7837491998370405,
L,0.06499682457147819,1.0207024493111492
M,-0.44096216838920554,
N,0.11531018740888843,
P,0.6977689758278602,0.2891037336037711
Q,-0.8355385171711776,
R,-0.6900550872312067,0.7055124653238006
S,-0.2068639906735541,0.3918775280083395
T,0.31734761392307576,0.5017820827458737
V,0.7576199993564665,0.6667018753340644
W,-0.3825084336187805,
Y,-0.1287299007366527,0.18205157150471651
