Translation,mean,std
*,-0.5268169601472064,
A,0.022570621217797626,0.0641386589273182
C,-0.6350860714465596,
D,-0.8404585841890597,
E,-0.22201945130709833,
F,-0.24052569074398278,
G,-0.17394507175009744,0.07824872867070892
H,-0.8317902293888468,
I,-0.4061292140884847,
K,-0.525703631299395,
L,-0.25892439577266124,0.14735900133979654
M,-0.21530209973302084,
N,-0.16410383230165237,0.2320778652783968
P,-0.43714663719055125,0.47216517745364783
Q,-0.8426505804861062,
R,-0.19520463601873242,0.12799339451035233
S,-0.41500826895220283,0.1590908651268743
T,0.113250518028855,0.24626091060075117
V,-0.41967702188664346,0.036300070146387156
W,-0.15843641422656018,
Y,-0.2328327699478545,
