Translation,mean,std
*,0.3498206431183375,
A,0.7462764330621035,0.027612866784043563
C,0.34596064238442903,
D,0.8763995724343028,
E,0.8865914280340537,
F,0.6053179113728637,
G,0.1848179189235477,0.26996465011481285
H,0.3448688907513535,
I,-0.26036077329556573,
K,0.20274912472917084,
L,0.37256845606588485,0.2876325836959396
M,1.1094580540008385,
N,0.564758542029387,
P,1.896820782350741,0.9093385411639151
Q,0.1233144348444517,
R,0.7832446280809728,0.3130351987520784
S,0.8803420099277443,0.8482490623903625
T,-0.10404991363042804,0.15435136239884822
V,0.49103735590440706,0.4255475744034544
W,-0.5408416339440958,
Y,1.167101936485027,
