Translation,mean,std
*,-0.45336653565253293,
A,0.16373181460180364,0.01576446958890923
C,-0.11126021053577961,
D,0.15103430907983473,
E,0.16223227332864187,
F,0.21647142980702938,
G,0.1624032120754022,0.441305753837683
H,-0.1843999480496734,
I,-0.4983006206625804,
K,-0.10531444293124004,
L,-0.21842466308457512,0.2381656819122039
M,-0.8361849561905741,
N,-0.518383002327317,
P,-0.2617463842460386,0.17166365909009695
Q,-0.34002507273190563,
R,-0.11422935850202531,0.08804825650795667
S,-0.09261361143097774,2.623817402583706
T,-0.3308638581437666,0.21221989346956277
V,-0.005891596775501551,0.3056595526595616
W,0.3538283742180308,
Y,-0.17935876980076326,
