Translation,mean,std
*,-0.017471950765574285,
A,0.7089216915179826,0.26916603908386944
C,0.6264449906754335,
D,0.6324487810591091,
E,0.1783181767749369,
F,0.9602669341330596,
G,0.457578005489383,0.10020358128321552
H,0.6159280186363585,
I,1.3994829685361712,
K,0.5725486628300134,
L,0.5208689120509797,0.19019906122697697
M,0.9294142149677151,
N,1.1323249407368934,
P,0.03471561369991649,0.6196442878098772
Q,0.429074284905024,
R,0.6939232590447286,0.3353644896773706
S,0.20601955203055797,0.06230921459281886
T,0.5850522740890516,0.4439748942920641
V,0.2739116008660436,0.23729744297358504
W,0.8622833563632408,
Y,0.5886231075080035,
