Translation,mean,std
*,-0.4476042197728507,
A,0.3047994109069143,0.5110503312292958
C,0.22649014236636944,
D,-0.04954299438121357,
E,0.6359927259124598,
F,-1.008300049081864,
G,-0.160896669134303,0.3908096861210783
H,0.16844701960554787,
I,-0.500635960757382,
K,0.2952315553773399,
L,0.14702815791755577,0.20722654978493424
M,0.4310024813061215,
N,-0.17971597945606188,
P,-0.18228625559613043,0.16361421415223967
Q,0.014369689856558454,1.7327472523176513
R,0.44098883042555537,0.33816191832836656
S,0.0482437922078347,0.452998165092798
T,-0.1527245803787607,1.0860353721600173
V,0.2975503725053388,0.20729055407768474
W,0.19565325266677025,
Y,0.04750391559016354,
