Translation,mean,std
*,-0.5329374405963136,
A,-0.09418080556838593,0.26096541048570465
C,-0.07357214036330717,
D,-0.030800450800767543,
E,-0.35555442663598846,
F,-0.2522070813497672,
G,0.10679770790362175,0.04946757373239463
H,-0.11662081522576617,
I,0.03843297060599629,3.0355599136985885
K,-0.06950257293714834,
L,-0.25065834155766975,0.26647183616833586
M,-0.06851680385370074,
N,-0.01646701319280286,
P,0.04635691941308773,0.03182272937686797
Q,-0.3413285932208865,
R,-0.0179326603008807,0.077895808794932
S,-0.04233099725631225,0.3119638823322386
T,-0.25244719478982613,0.6136508073883963
V,-0.1402939514301682,0.3004847080805843
W,-0.27889107013612513,
Y,0.19100057464313647,
