Translation,mean,std
*,-1.2241925338962947,
A,-0.4615717770281731,0.2631484651607216
C,-0.24104527634218614,2.7951030323801365
D,0.31404638115683614,
E,-0.571236341285803,
F,-0.4997111336942268,
G,-0.6146142958473888,0.9093446289479442
H,-0.5047776992928599,
I,-1.3287365509563438,
K,-0.32659235573642587,
L,-1.1161069646636186,0.6604078207445498
M,-1.25712662967858,
N,-0.8120797113730287,
P,-0.6081631153640501,0.29249752383219996
Q,-0.6972923488050409,
R,-0.8905725781054438,0.17905573752431658
S,-0.4675275603190488,0.17405696482084324
T,-0.14947910662556918,0.0832028472069608
V,-1.1810462444594618,0.3929849341020519
W,-1.0939571439109543,
Y,-0.5876749158065877,
