Translation,mean,std
*,-2.2190995837139633,
A,-0.9685076611544203,0.5515986541569343
C,-0.7284509316753907,
D,0.022039466377203887,
E,-0.08296844437782003,
F,-0.6779618027755223,
G,-0.0468986643403535,0.3276697642266646
H,-0.2062447255660258,
I,-0.1217282654742613,
K,-0.06826620741385536,
L,-0.2930136112212643,0.22894026425647815
M,-1.5273963727789432,
N,-0.7720266244154477,
P,-0.38561631692226905,0.7082416552694293
Q,-0.4771986521087834,
R,-0.4667011931751877,0.3727866777204046
S,-0.7640811703084118,1.648958933375198
T,-0.8751052470305045,0.6426373075830073
V,-0.1200049956791451,3.410231704217348
W,-0.7770537935545798,
Y,-2.166891015348641,
