Translation,mean,std
*,-2.1435245308360225,
A,-0.0982228799395517,0.2426815560213644
C,-0.3766373989795966,
D,0.15276656839252833,
E,-0.0617049798471907,
F,-0.8456850503041142,
G,-0.3752060637793441,2.687707478848552
H,0.3186168421265272,
I,2.4527847706589734,
K,0.13424457846331794,
L,-0.17602610307074773,0.8297837184876604
M,-0.3748567834245691,
N,-0.09213525153584001,
P,-0.20193523114280998,0.1699276591536092
Q,-0.07220746665198163,
R,0.25990011802591234,0.3795263524834244
S,-0.07255532257948882,0.2599519526762952
T,-0.14548626088473737,0.017752134153954845
V,0.17139966980663424,0.31792351158925697
W,-0.2578521426929532,
Y,-0.6995525449835647,
