Translation,mean,std
*,-1.3982245066659855,
A,-0.13847876175117646,0.21037311817309362
C,-0.3878218609733439,
D,-0.7201370974859129,
E,-0.15759209568801147,
F,0.018662466777942477,
G,-0.37391870969321506,0.6121037323041528
H,0.44211853254168965,
I,-0.7329394643035361,
K,-0.24288682062404288,
L,0.6069373557633485,0.8324258547838652
M,0.8541913335779894,
N,-0.01916531707603042,
P,0.09962901589972262,0.05930585653541713
Q,-0.7992991186750045,
R,0.8345552391598794,0.4001956554881775
S,-0.1558011967331699,2.5835961260457023
T,-0.003677117267653962,0.025182044888251296
V,0.36290643266043254,0.42333524720187665
W,-0.40680697340505567,
Y,0.8919107544625584,
