Translation,mean,std
*,-3.384382641211011,
A,-0.6699834094552144,0.9637123167280528
C,-1.0681785775439803,
D,0.4450388275798396,
E,-1.8373809842262885,
F,-0.06495135002034136,
G,-1.061904087816528,0.23094503759983367
H,-0.8945334644911833,
I,-0.6363502698886148,
K,-0.6307400585231706,2.96918786631251
L,-0.11386395568060248,0.5442027510501551
M,-0.7579470095658483,
N,-1.073483818632167,
P,-2.0507782388546465,0.195258992193763
Q,-0.7962900552099139,
R,-0.366644629919584,0.31395313840787614
S,-0.9377458954335672,1.3999679820635302
T,-1.0547143300441526,0.036822584322567214
V,-0.8213197234771439,0.4782195580785254
W,-1.0233762072665034,
Y,-0.9340338842060811,
