Translation,mean,std
*,-3.8444196611668255,
A,-0.32283534486590204,0.7078597849847481
C,-0.41794058224695707,
D,-0.6079815176017516,2.9835362606250677
E,-0.21771440216097293,
F,-0.6606816942919647,
G,0.6381584696114366,1.2589157561266087
H,-0.04523508495808937,
I,0.5418157365940814,
K,-0.5983145614276975,
L,0.40730315921767996,0.6956709370139094
M,0.5566393060453141,
N,-0.35700769753010686,
P,-0.5214785306727308,0.37048916722538766
Q,0.44136856959857784,
R,0.7877743480229246,0.7635135566365742
S,0.018644883931224914,0.43666435085810973
T,0.25786387337150973,0.463465680125781
V,-0.5080563861936263,0.37630132606304517
W,0.6579386239337204,
Y,-0.4634382216528081,
