Translation,mean,std
*,-3.0046985616784996,
A,-0.8930475236735562,0.05606363632421968
C,-0.7000089952395552,
D,-0.8255029444459714,
F,-0.7930411011441771,
G,0.31022842801408945,2.548223550263384
H,-0.3540575871564471,
I,0.5724127069840392,
K,-0.20670705151597168,
L,-0.7780423572012992,0.676041046700306
M,-1.312409014794647,
N,-0.19460316513732057,
P,-0.8646605841718586,2.7660641064579656
Q,-1.3039971352662576,
R,-1.6818182312719587,0.5062473202600597
S,-1.3086049732914111,0.7581362050005234
T,-1.346838027806823,0.04587179059605121
V,0.46837950627110647,0.5342238662939747
W,2.333666848500073,
Y,-2.3945610635008157,
