Translation,mean,std
*,-1.8686429287140722,
A,-0.3088165112326262,0.14786786455152867
C,-0.6275043544748735,
D,-0.34451289849797373,
E,0.2795391426353069,
F,-0.3843317871263965,
G,-0.06046569426484938,0.08973840425267224
H,-1.0965071983981263,
I,-0.9770714237940155,
K,-0.5581305052468206,
L,-0.4964493642193884,0.17639671873408688
M,-1.0510112738898432,
N,0.018031161920847083,
P,-0.45536854051678066,0.17142278272339673
Q,-1.4102054888056408,
R,-0.5366112964374326,0.20008055537885594
S,-0.05865785343425737,0.6523538769969354
T,0.04031525647016975,2.8834960420316245
V,-0.483917463449655,0.13766206024342661
W,-0.214141800585665,
Y,-0.6806682920621396,
