Translation,mean,std
*,-3.459091592603079,
A,-1.6894736559738899,1.1921070327163994
C,-1.747847951539324,
D,-2.124340111452065,
E,-1.2770615907532235,
F,-2.0314788127165393,
G,-1.650883799371668,0.08323139766799323
H,-2.165462558698943,
I,0.5996874892764108,
K,-1.7179593765158545,
L,0.0791744500375892,0.7535038132721424
M,-0.44452737069523884,
N,-1.4349271800205123,
P,-0.42396262074159186,
Q,-0.9230295655960381,
R,-2.11280338570173,0.679551675131421
S,-1.3952853589354854,0.8854121309256708
T,-0.507321368868487,0.04333004463487516
V,-0.5099617941173882,2.1738212827292513
W,-3.598478614245923,
Y,-2.0305614607161733,
