Translation,mean,std
*,-1.7613701068432581,
A,-0.6440403156299516,2.434658410246128
C,1.3579315313047076,
D,0.22014123368050154,
E,-0.2380280351996511,
F,0.12847230775815355,
G,-1.1744880466898264,0.5011043519405426
H,-1.4078316406106302,
I,0.6430228283004968,
K,-0.4069002915709836,
L,0.3936322445032487,1.5736201951323028
M,-0.9810425667689016,
N,0.3988434103049805,
P,-0.6051585046010342,0.3054029752395897
Q,0.5695651611934389,
R,-0.7199601552796517,0.4089624056697874
S,-0.7090200002088679,0.37446038489578026
T,1.5017771103891686,1.6055615991976193
V,-0.04208076848332132,0.30922721688109
W,-1.204204797191455,
Y,-0.2462676166528741,
