Translation,mean,std
*,-1.9956681943137347,
A,1.350246881617105,
C,-0.4775808847426867,2.3813277758789053
D,0.41057708798869363,
E,-0.9159311849471417,
F,-0.6613928749537372,
G,-1.6553234733300188,0.12506701199896422
H,-0.8444383054981826,
I,0.8077012367894696,
K,-2.014555837519082,
L,-0.6485166798343176,1.2877326299760135
M,-0.6932049161802594,
N,-2.5565912675289226,
P,0.011389937105021009,0.9922175858481299
Q,-1.5144596682968992,
R,-1.8530798918251499,0.4785227867379401
S,-0.5494259334841066,0.5331425079022161
T,-0.9014357151542898,0.06747895495430759
V,-0.48950321649072936,1.1714608933655877
W,-1.288796025622534,
Y,-0.8961227506540883,
