Translation,mean,std
*,-0.4476525223617358,
A,0.2937471773675635,0.5249865729552519
C,0.5622771412097229,
D,0.5292463446047444,
E,0.14617416021752927,
F,-7.54435671082021e-05,
G,0.024919862362725365,0.1001612523521555
H,0.11330823582122829,
I,0.06091188705885475,
K,-0.26983536315940704,
L,0.3343272592021374,0.34956460361179653
M,0.033801799585267744,
N,0.06242861748663303,2.2196973969388756
P,0.29053356180017254,0.7324935320982817
Q,-0.20706367891652366,
R,0.08777520418743379,0.27602459387150685
S,0.04990867583321871,0.04779966503161866
T,-0.04317107300512513,0.4683522957313795
V,-0.09498060941278785,0.15207712454783898
W,0.18834243379055682,
Y,-0.06375712135994416,
