,site_1,site_2,site_3,count_x_x,proportion_x_x,count_y_x,proportion_y_x,ratio_x,count_x_y,proportion_x_y,count_y_y,proportion_y_y,ratio_y,mean,std
CTTCCTTAA,CTT,CCT,TAA,41.0,0.0003228219361442,21.0,4.164361395180049e-05,2.9545714344534098,,,,,,2.9545714344534098,
CATCCTTAA,CAT,CCT,TAA,77.0,0.0006062753434904,82.0,0.0001626083973356,1.898571388690902,,,,,,1.898571388690902,
TCATTTCTT,TCA,TTT,CTT,46.0,0.0003621904649423,87.0,0.0001725235435146,1.0699553128223709,35.0,0.0002512671041107,102.0,0.0001625521322218,0.6283193257371256,0.8491373192797482,0.31228380128399147
TCATTCCTT,TCA,TTC,CTT,127005.0,1.0,504279.0,1.0,0.0,139294.0,1.0,627491.0,1.0,0.0,0.0,0.0
TCACCTTAA,TCA,CCT,TAA,,,,,,31.0,0.0002225508636409,19.0,3.0279318747201155e-05,2.877730447706943,2.877730447706943,
