,site_1,site_2,site_3,count_x_x,proportion_x_x,count_y_x,proportion_y_x,ratio_x,count_x_y,proportion_x_y,count_y_y,proportion_y_y,ratio_y,mean,std
TCACCGTCT,TCA,CCG,TCT,70,0.0002252005893821,65,0.0001657136010075,0.4425185859928469,74,0.0001975008140236,126,0.0001709176787208,0.2085569709110046,0.3255377784519258,0.1654358445617275
TCACCTTCT,TCA,CCT,TCT,81,0.0002605892534278,113,0.0002880867217515,-0.1447255774542277,95,0.0002535483423276,235,0.0003187750357095,-0.3302778094520811,-0.2375016934531544,0.1312052415099816
TCACCATCT,TCA,CCA,TCT,310834,1.0,392243,1.0,0.0,374682,1.0,737197,1.0,0.0,0.0,0.0
