,Mean0,Mean1,Mean2,Mean3
*,-8.072088402259237,,,
A,0.32073981854077527,-1.3061751906351227,,
C,-2.245358636179376,,,
D,-1.5653005335703831,-1.351761978589936,,
E,-0.8952376779378923,,,-0.6884770633384205
F,-0.3574348330210224,,,
G,-0.9978118828495469,,,
H,-6.060284514349502,,,
K,-0.7303288403240131,,-0.06847255656743911,-0.5766988820247461
L,-2.08626281914777,,-0.11613250768602867,
M,-1.2441518022814653,,-0.08769221234068078,-4.629152113547191
N,0.41713585953248256,,,-0.9516348668051284
P,-2.0408186761370453,,,
Q,-2.7020344380206613,,,
R,-1.2677764053768905,,,-0.636050672780434
S,-1.2787265845839948,-1.1805086702414034,,
T,-0.14226975961232258,,,
V,-0.47891324445937106,,,
W,-2.1852247505817033,,,
Y,-0.28745209120009285,,-4.1066057364365625,
I,,,-0.012954007880952467,
