site_2,count_x,proportion_x,count_y,proportion_y,ratio
TAG,8,1.1803031018365516e-05,2,1.5747411519231526e-05,-0.4159573138513437
TAT,7,1.0327652141069827e-05,3,2.3621117278847288e-05,-1.1935648925148943
TCA,677792,1.0,127005,1.0,0.0
TCG,6605,0.009744877484538029,1899,0.014952167237510335,-0.6176386578666513
TCT,5403,0.00797147207402861,1252,0.009857879611038935,-0.30643119415652986
