site_2,count_x,proportion_x,count_y,proportion_y,ratio
AAC,507758,1.0,741671,1.0,0.0
AAG,78,0.00015361648659400738,239,0.00032224530822965976,-1.068826294804147
AAT,267,0.0005258410502641022,656,0.0008844892142203214,-0.750217778616177
ACG,71,0.00013983039164326312,35,4.719073551480373e-05,1.567102396874068
ACT,26,5.1205495531335795e-05,51,6.876364317871402e-05,-0.42534732951605037
AGG,291,0.0005731076615237968,247,0.00033303176206161495,0.7831464056379573
AGT,126,0.00024814970911339655,264,0.0003559529764545196,-0.5204759015441844
ATG,60,0.00011816652814923644,375,0.0005056150233728971,-2.097217895460373
ATT,37,7.286935902536248e-05,1017,0.0013712279433872971,-4.234012303914199
CAT,54,0.0001063498753343128,50,6.741533644971962e-05,0.6576696067030969
CCG,304,0.0005987104092894646,7246,0.009769830558293367,-4.028403282695349
CCT,241,0.0004746355547327664,3823,0.0051545766249455624,-3.440961854290335
CGG,325,0.0006400686941416974,477,0.0006431423097303251,-0.0069112537753426295
CGT,241,0.0004746355547327664,331,0.0004462895272971439,0.08884022373709577
CTG,154,0.00030329408891637357,451,0.000608086334776471,-1.003558788246126
CTT,68,0.0001339220652358013,864,0.001164937013851155,-3.120786366598777
GAG,288,0.000567199335116335,191,0.000257526585237929,1.1391344677209165
GAT,119,0.00023436361416265229,184,0.0002480884381349682,-0.08210589843471716
GCG,300,0.0005908326407461823,474,0.000639097389543342,-0.11328626408802478
GCT,113,0.00022254696134772864,482,0.0006498838433752971,-1.546072079500421
GGG,1315,0.002589816408604099,1671,0.0022530205441496295,0.20098936043282833
GGT,644,0.0012683207354684711,1312,0.0017689784284406428,-0.47999683218911393
GTG,379,0.0007464185694760102,1058,0.0014265085192760672,-0.9344315796285798
GTT,676,0.0013313428838147307,821,0.0011069598245043962,0.266279318818734
TAG,117,0.00023042472989101106,12092,0.016303724967000194,-6.14476224972995
TAT,95,0.00018709700290295771,363,0.0004894353426249644,-1.3873318353504516
TCG,89,0.00017528035008803407,187,0.00025213335832195135,-0.5245227346068848
TCT,33,6.499159048208005e-05,214,0.0002885376400048,-2.15043457272834
TGG,421,0.0008291351391804758,3225,0.004348289201006915,-2.390768727817231
TGT,41,8.07471275686449e-05,191,0.000257526585237929,-1.6732385291033118
TTG,283,0.0005573521244372319,576,0.00077662467590077,-0.47862846429607764
TTT,74,0.00014573871805072496,2434,0.0032817785783723513,-4.493021792770426
