site_2,count_x,proportion_x,count_y,proportion_y,ratio
GGA,533229,1.0,460601,1.0,0.0
GGG,310,0.0005813637292795403,210,0.0004559260618192318,0.35064118649103193
GGT,172,0.00032256310140671267,138,0.0002996085549097809,0.10650259680684648
GTT,3,5.6261006059310355e-06,4,8.68430593941394e-06,-0.6262752003959271
