site_2,count_x,proportion_x,count_y,proportion_y,ratio
AAG,269,0.00022565656413134388,1311,0.006737311653339363,-4.899972385916318
ACT,169,0.00014176936556950599,332,0.001706168931280449,-3.5891427733159276
AGG,1543,0.0012943794738091584,8186,0.04206837009476432,-5.022403383123537
AGT,1375,0.0011534489802252706,5991,0.030788126708738463,-4.738347993116932
ATG,425,0.0003565205938878109,340,0.0017472814356486526,-2.293054683363824
ATT,405,0.00033974315417544334,1071,0.005503936522293256,-4.017947445229456
CAG,197,0.0001652577811668206,1091,0.0056067177832137645,-5.084366345118418
CAT,96,8.053171061936436e-05,506,0.002600365901288877,-5.01301385222434
CCG,88,7.382073473441732e-05,1120,0.005755750611548502,-6.2848341765588565
CCT,104,8.724268650431138e-05,371,0.0019065923900754415,-4.449818436730897
CGG,1180,0.0009898689430296868,6635,0.03409768331037885,-5.10629238425954
CGT,1320,0.0011073110210162598,9237,0.04746952535613707,-5.421869216771343
CTG,197,0.0001652577811668206,1585,0.008145414927950336,-5.62319808382158
CTT,390,0.0003271600743911677,390,0.002004234587949925,-2.6149827782511856
GAG,703,0.0005897270058897202,11256,0.05784529364606245,-6.616008512415185
GAT,1041,0.0008732657370287322,9092,0.04672436121446338,-5.7416103937696175
GCG,2051,0.0017205264425032946,718,0.0036898472670462723,-1.1007110355943848
GCT,1689,0.0014168547837094417,1264,0.006495775690176167,-2.196809913626903
GGG,16741,0.014043555911237278,2974,0.015283573498879684,-0.12207362294048973
GGT,1192077,1.0,194588,1.0,0.0
GTG,3547,0.0029754789329883894,10375,0.05331777910251403,-4.16342287932501
GTT,3368,0.0028253208475626994,13881,0.07133533414187926,-4.658130239471243
TAG,109,9.143704643240328e-05,2239,0.01150636216005098,-6.975437266326859
TAT,130,0.00010905335813038922,1684,0.008654182169506856,-6.310291388289128
TCT,14,1.17442077986573e-05,660,0.003391781610376796,-8.1739500704394
TGG,1870,0.0015686906131063682,11992,0.06162764404793718,-5.295944891424047
TGT,3158,0.00264915773058284,11217,0.05764487018726746,-4.443586578970274
TTG,657,0.0005511388945512748,2795,0.014363681213641129,-4.703865785659409
TTT,283,0.00023740077193000117,1116,0.005735194359364401,-4.594445847248491
