site_2,count_x,proportion_x,count_y,proportion_y,ratio
AAG,390,0.0004997213092698303,497,0.0026744586508244007,-2.4200512543441004
AAT,4095,0.005247073747333218,1473,0.00792651427095441,-0.595173505038904
ACG,142,0.00018194981004183565,24,0.00012914890869172155,0.4945050922520995
ACT,160,0.00020501387046967397,63,0.00033901588531576906,-0.7256313551439799
AGG,541,0.000693203149525585,817,0.004396444100047354,-2.664987010850295
AGT,412,0.0005279107164594105,454,0.002443066856085066,-2.2103274866391214
ATG,326,0.0004177157610819607,117,0.0006296009298721426,-0.5919160918837534
ATT,468,0.0005996655711237964,624,0.0033578716259847602,-2.4853170258102697
CAG,840,0.0010763228199657884,257,0.001382969563907185,-0.36165855805918135
CAT,780435,1.0,185832,1.0,0.0
CCG,240,0.00030752080570451096,293,0.0015766929269447672,-2.3581457853451546
CCT,680,0.0008713089494961143,385,0.0020717637435963667,-1.2496032259759886
CGG,431,0.0005522561135776843,729,0.003922898101511042,-2.828510471769265
CGT,729,0.000934094447327452,691,0.0037184123294158166,-1.993046422592748
CTG,448,0.0005740388373150871,1028,0.00553187825562874,-3.268549153667699
CTT,791,0.0010135373221344507,1213,0.00652740109346076,-2.6871094771791437
GAG,346,0.00044334249489066995,86,0.0004627835894786689,-0.06191605359679997
GAT,900,0.001153203021391916,718,0.003863704851694003,-1.7443383691374414
GCG,245,0.0003139274891566883,25,0.0001345301132205433,1.22250222269642
GCT,199,0.000254986001396657,45,0.00024215420379697792,0.07449199768254822
GGG,516,0.0006611697322646985,433,0.0023300615609798095,-1.8172754858348963
GGT,622,0.0007969914214508575,482,0.0025937405828920746,-1.7023980926307853
GTG,152,0.00019476317694619026,80,0.0004304963623057385,-1.1442801079752023
GTT,199,0.000254986001396657,43,0.00023139179473933446,0.1400803393101242
TAG,443,0.0005676321538629098,876,0.004713935167247837,-3.0539036975775806
TAT,956,0.001224957876056302,1007,0.005418872960523484,-2.145260686557462
TCG,347,0.0004446238315811054,163,0.0008771363381979422,-0.9802158281842424
TCT,334,0.0004279664546054444,193,0.0010385724740625943,-1.2790322713254536
TGG,715,0.0009161557336613555,751,0.004041284601145121,-2.141149192379946
TGT,161,0.00020629520716010944,30,0.00016143613586465193,0.3537467559746723
TTG,644,0.0008251808286404377,1295,0.006968659864824142,-3.0780990309907255
TTT,626,0.0008021167682125994,1293,0.0069578974557664985,-3.116767239409061
