site_2,count_x,proportion_x,count_y,proportion_y,ratio
AAG,1019,0.0009109413984872473,48,0.00035944824694094567,1.341574179820011
AAT,22,1.9667037062531345e-05,47,0.0003519597417963426,-4.161558888664986
ACG,773,0.0006910281658789422,30,0.00022465515433809104,1.6210323526916817
ACT,2,1.7879124602301223e-06,16,0.00011981608231364855,-6.066401655624645
AGG,1076,0.0009618969036038058,122,0.0009135976276415702,0.07432336936909145
AGT,169,0.00015107860288944534,104,0.0007788045350387156,-2.3659619374835543
ATG,1365,0.0012202502541070585,60,0.0004493103086761821,1.4413929845740476
ATT,318,0.00028427808117658944,149,0.001115787266545852,-1.9726872208024542
CAG,26,2.324286198299159e-05,20,0.0001497701028920607,-2.687890032370918
CAT,5,4.469781150575305e-06,58,0.000434333298386976,-6.602454555864856
CCG,122,0.00010906266007403745,72,0.0005391723704114184,-2.3055893195040724
CGG,778,0.0006954979470295175,37,0.00027707469035031227,1.3277713237325948
CGT,793,0.0007089072904812435,11,8.237355659063338e-05,3.105343781442034
CTG,542,0.00048452427672236313,98,0.0007338735041710974,-0.5989624583859836
CTT,1207,0.0010790051697488787,95,0.0007114079887372883,0.6009526967994265
GAG,1966,0.0017575179484062102,190,0.0014228159774745766,0.3047903423849849
GAT,2100,0.0018773080832416283,612,0.004582965148497057,-1.287615885763814
GCG,26,2.324286198299159e-05,136,0.0010184366996660126,-5.453424778733893
GCT,385,0.0003441731485942985,123,0.0009210861327861732,-1.4202015253816231
GGG,1992,0.0017807608103892016,295,0.002209109017657895,-0.31097086780576966
GGT,2840,0.0025388356935267735,848,0.006350252362623373,-1.3226468957958017
GNT,4,3.5758249204602446e-06,2,1.4977010289206069e-05,-2.066401655624645
GTG,2227,0.001990840524466241,232,0.001737333193547904,0.19650319203556954
GTN,17,1.5197255911956038e-05,4,2.9954020578412138e-05,-0.9789388143743061
GTT,1118623,1.0,133538,1.0,0.0
TAG,1237,0.0011058238566523306,3636,0.027228204705776634,-4.621908354842384
TAT,1399,0.0012506447659309705,55,0.0004118677829531669,1.6024188780154471
TCG,13,1.1621430991495794e-05,109,0.0008162470607617307,-6.134146262260481
TGG,724,0.0006472243106033042,116,0.000868666596773952,-0.42453676366901405
TGT,130,0.00011621430991495795,64,0.0004792643292545942,-2.0440338425961926
TTG,572,0.0005113429636258149,101,0.0007563390196049064,-0.5647418015980534
TTT,2158,0.001929157544588302,375,0.0028081894292261377,-0.5416692915198738
