site_2,count_x,proportion_x,count_y,proportion_y,ratio
GAC,853563,1.0,128600,1.0,0.0
GAG,36,4.217614868498283e-05,7,5.443234836702955e-05,-0.3680369179432592
GAT,209,0.0002448559743100392,143,0.0011119751166407464,-2.1831192020254733
