site_2,count_x,proportion_x,count_y,proportion_y,ratio
AAG,242,0.0007742216193389043,58,0.0006771429238564457,0.19328621987059158
AAT,6,1.9195577338981098e-05,3,3.502463399257478e-05,-0.8675960222764303
ACG,91,0.00029113292297454666,28,0.0003268965839306979,-0.16715630413533944
AGG,55,0.00017595945894066008,12,0.0001400985359702991,0.3288011905270736
ATG,312572,1.0,85654,1.0,0.0
ATT,307,0.0009821737071778662,116,0.0013542858477128914,-0.46348217203382447
GTG,66,0.0002111513507287921,9,0.00010507390197772434,1.0068730956397083
TTG,85,0.00027193734563556556,31,0.0003619212179232727,-0.41240139652560615
