site_2,count_x,proportion_x,count_y,proportion_y,ratio
AAG,775468,1.0,463984,1.0,0.0
AAT,1033,0.0013320988100089237,959,0.002066881616607469,-0.6337546588593597
ACG,3,3.8686315876348216e-06,4,8.620986930583814e-06,-1.1560296919851325
AGG,435,0.0005609515802070491,1062,0.0022888720300700024,-2.028688652774349
AGT,220,0.00028369964975988695,1179,0.002541035897789579,-3.162980482161391
ATG,289,0.00037267817627548784,174,0.0003750129314803959,-0.009010006054337438
ATT,2,2.579087725089881e-06,9,1.939722059381358e-05,-2.910917194148599
CAG,9,1.1605894762904465e-05,55,0.00011853857029552743,-3.3524269047886346
GAG,134,0.00017279887758102203,57,0.00012284906376081934,0.492206983586744
TAG,205,0.00026435649182171285,104,0.00022414566019517915,0.2380481886580661
