site_2,count_x,proportion_x,count_y,proportion_y,ratio
AAG,2805,0.0017777039796486166,444,0.0016662288437722821,0.09342855152732987
AAT,742,0.0004702518192154273,221,0.0008293616542199872,-0.8185678203893474
ACG,12,7.605150715074296e-06,63,0.00023642436296768867,-4.9582580603974815
ACT,428,0.00027125037550431656,48,0.00018013284797538184,0.5905638480612723
AGG,4429,0.0028069343764220048,543,0.002037752842721507,0.46201625646223654
AGT,1415,0.0008967740218191774,152,0.0005704206852553759,0.6527181866569407
ATG,553,0.00035047069545300716,325,0.0012196494914999813,-1.79910087529983
CAG,1191,0.0007548112084711239,133,0.0004991180995984538,0.5967346247442045
CAT,520,0.00032955653098655285,84,0.00031523248395691825,0.06410975263097463
CCG,11,6.9713881554847716e-06,5413,0.020313731376890458,-11.508721691696064
CCT,3,1.901287678768574e-06,2055,0.007711937553946035,-11.98590081546661
CGG,4632,0.002935588176018678,275,0.0010320111081922917,1.508191091958496
CGT,666,0.0004220858646866234,119,0.0004465793522723008,-0.08138003385540138
CTG,1271,0.0008055122132382858,204,0.0007655646038953729,0.07338233541474537
CTT,2,1.2675251191790493e-06,141,0.0005291402409276842,-8.705491990017512
GAG,1688,0.0010697912005871177,378,0.001418546177806132,-0.4070838731326081
GAT,966,0.0006122146325634808,168,0.0006304649679138365,-0.042378681561707765
GCG,1134,0.0007186867425745209,370,0.0013885240364769017,-0.9501171731928029
GCT,843,0.0005342618377339693,176,0.0006604871092430667,-0.30598343531393546
GGA,1577878,1.0,266470,1.0,0.0
GGG,12743,0.008076036296849312,1301,0.004882350733666079,0.7260714569214723
GGT,5503,0.0034875953654211543,1060,0.003977933726123015,-0.18978657373992025
GTG,3587,0.002273306301247625,315,0.0011821218148384434,0.9434133739515271
GTT,1888,0.0011965437125050226,68,0.0002551882012984576,2.2292395704927834
TAG,3142,0.0019912819622302865,11835,0.044414005328930084,-4.4792452579465
TAT,413,0.0002617439371104737,119,0.0004465793522723008,-0.7707604295072183
TCG,224,0.00014196281334805352,127,0.0004766014936015311,-1.74727040233328
TCT,2,1.2675251191790493e-06,76,0.00028521034262768793,-7.813868151062303
TGG,3275,0.002075572382655693,369,0.0013847712688107479,0.5838615476330595
TGT,1198,0.0007592475463882505,243,0.0009119225428753705,-0.2643409484357129
TTG,874,0.0005539084770812446,244,0.0009156753105415244,-0.7251885056810075
TTT,1341,0.0008498755924095526,451,0.0016924982174353585,-0.9938307389696277
