site_2,count_x,proportion_x,count_y,proportion_y,ratio
AAG,1718,0.0017578486715350275,5832,0.029350780070457976,-4.061516063874108
AAT,1512,0.0015470705421193026,6746,0.03395067941620533,-4.455829559482688
ACG,1074,0.0010989112184101395,155,0.0007800704579768495,0.49439849202554065
ACT,1904,0.0019481629048909734,847,0.004262707599396075,-1.1296557767098898
AGG,2749,0.002812762513416642,8242,0.04147961751383996,-3.8823429374531804
AGT,1092,0.0011173287248639407,545,0.002742828384499245,-1.2956106594300696
ATG,1504,0.001538884983695391,6022,0.03030699547055863,-4.2996935217326735
ATT,2047,0.0020944797617183943,5886,0.029622546552591847,-3.822031820602618
CAG,1981,0.0020269489047211233,4520,0.022747861097131353,-3.488349273098698
CAT,2451,0.002507850462125933,5753,0.028953195772521388,-3.5291993667030335
CCG,1920,0.001964534021738797,3381,0.017015601409159538,-3.114599085970493
CCT,2007,0.002053551969598836,4334,0.021811776547559135,-3.4089139174166903
CGG,3005,0.0030747003829818148,6396,0.03218922999496729,-3.388060328567418
CGT,1451,0.0014846556591369762,6840,0.03442375440362355,-4.53520418639215
CTG,1338,0.001369034646399224,4712,0.023714141922496226,-4.114516803874634
CTT,2103,0.002151778670685776,4659,0.023447408152994464,-3.4458268610623115
GAG,2885,0.00295191700662314,7386,0.03717161550075491,-3.6544773243584032
GAT,3883,0.003973065420006119,8562,0.043090085556114745,-3.439031508974076
GCG,2117,0.0021661033979276214,6155,0.03097634625062909,-3.837992968049865
GCT,2301,0.0023543712416775895,7652,0.038510317060895825,-4.031831270807657
GGG,3966,0.004057990588654202,9130,0.04594866633115249,-3.50118556332837
GGT,3137,0.003209762096976357,9814,0.04939104177151485,-3.9437111229102584
GTG,2662,0.0027237445655566026,7794,0.03922496225465526,-3.84810874094278
GTT,2633,0.002694071916269923,7521,0.03785103170608958,-3.812472356194667
TAG,2622,0.002682816773437044,7995,0.04023653749370911,-3.906685728831575
TAT,3554,0.003636434329822752,8316,0.041852038248616004,-3.5247014575153255
TCG,5685,0.005816862454992218,2004,0.010085556114745847,-0.7939775401012321
TCN,2,2.0463896059779134e-06,2,1.0065425264217413e-05,-2.298255380685635
TCT,977331,1.0,198700,1.0,0.0
TGG,2290,0.0023431160988447108,8189,0.0412128837443382,-4.136595070234012
TGT,3873,0.003962833471976229,7886,0.03968797181680926,-3.3240975897651035
TTG,2162,0.0022121471640621244,7395,0.03721690991444389,-4.072439004937414
TTT,3290,0.0033663109018336676,7560,0.03804730749874182,-3.498554031171466
