site_2,count_x,proportion_x,count_y,proportion_y,ratio
AAG,1692,0.00022358434243607034,439,0.002362526773509563,-3.401439613670277
AAT,7567614,1.0,185818,1.0,0.0
ACG,318,4.202117074153095e-05,36,0.00019373795864770904,-2.204918383412826
ACT,534,7.056385275464631e-05,64,0.0003444230375959272,-2.287180405567316
AGG,553,7.307455163542961e-05,141,0.0007588070047035271,-3.3762920194189565
AGT,2117,0.00027974471213780197,158,0.0008502943740649453,-1.6038515314243842
ANT,38,5.021397761566592e-06,4,2.152643984974545e-05,-2.0999488238112853
ATG,1110,0.00014667767145628728,133,0.0007157541250040362,-2.2868148115185907
ATT,4838,0.0006393032202752413,473,0.0025455015122323997,-1.9933776566143404
CAG,187,2.471056266876191e-05,48,0.0002583172781969454,-3.3859443780883893
CAT,911,0.00012038140423124118,128,0.0006888460751918544,-2.5165690934528193
CCG,2,2.6428409271403115e-07,13,6.996092951167271e-05,-8.048316055395963
CCT,571,7.545310846985588e-05,113,0.000608121925755309,-3.010708364307215
CGG,740,9.778511430419152e-05,34,0.00018297473872283632,-0.9039577179888969
CTG,435,5.7481790165301775e-05,98,0.0005273977763187635,-3.1977145906339857
CTT,624,8.245663692677772e-05,47,0.00025293566823450904,-1.6170629700702577
GAG,1163,0.0001536811999132091,155,0.0008341495441776362,-2.440365361055889
GAT,2648,0.00034991213875337724,249,0.0013400208806466543,-1.9371908625157328
GCG,314,4.149260255610289e-05,102,0.000548924216168509,-3.725680930334738
GCT,387,5.1138971940165026e-05,103,0.0005543058261309453,-3.4381871082936772
GGG,591,7.80959493969962e-05,224,0.0012054806315857452,-3.948216939134941
GGT,880,0.0001162850007941737,161,0.0008664392039522544,-2.8974335018448265
GTG,190,2.5106988807832956e-05,111,0.0005973587058304362,-4.572436595274027
GTT,1559,0.00020600945027058728,192,0.0010332691127877816,-2.3264336252782396
TAG,804,0.00010624220527104051,5424,0.02918985243625483,-8.101966109212285
TAT,3406,0.000450075809891995,371,0.0019965772960638907,-2.1492889941971303
TCG,139,1.8367744443625165e-05,71,0.00038209430733298174,-4.378682384036043
TCT,278,3.673548888725033e-05,209,0.0011247564821491997,-4.9362943966122454
TGG,1004,0.00013267061454244364,129,0.0006942276851542908,-2.387560038727351
TGT,246,3.250694340382583e-05,93,0.0005004897265065817,-3.94452064302366
TTG,533,7.04317107082893e-05,150,0.0008072414943654544,-3.5187033049915755
TTT,1203,0.00015896688176748972,124,0.000667319635342109,-2.069651720465668
