site_2,count_x,proportion_x,count_y,proportion_y,ratio
AAG,1327896,1.0,343306,1.0,0.0
AAT,2129,0.0016032882093175971,1028,0.0029944131474544575,-0.9012394980786045
ACG,1570,0.0011823215071059782,440,0.0012816554327626083,-0.11638605308268879
ACT,881,0.0006634555718218896,256,0.0007456904336073357,-0.16857697441660768
AGG,2299,0.001731310283335442,818,0.00238271396363594,-0.4607414655605879
AGT,1076,0.000810304421430594,532,0.0015496379323402445,-0.9353952562815859
ATG,2044,0.0015392771723086748,967,0.0028167290988214597,-0.8717677818762386
ATT,590,0.0004443119039442848,246,0.0007165619010445492,-0.689518544427056
CAG,1136,0.0008554886828486568,419,0.0012204855143807566,-0.512634497531689
CAT,509,0.00038331315102989994,349,0.0010165857864412506,-1.407136563470976
CCG,793,0.0005971853217420642,422,0.0012292240741495924,-1.0414973163402266
CCT,800,0.0006024568189075048,521,0.0015175965465211794,-1.3328585558408044
CGG,1607,0.0012101851349804503,589,0.0017156705679481278,-0.5035447934923862
CGT,705,0.0005309150716622386,261,0.000760254699888729,-0.518001732620748
CTG,1234,0.0009292896431648261,716,0.002085602931495517,-1.1662642814518591
CTT,696,0.0005241374324495291,223,0.0006495662761501402,-0.3095315874085962
GAG,2107,0.0015867206467976409,1175,0.00342260257612742,-1.109045625972076
GAT,1300,0.0009789923307246954,734,0.0021380342901085327,-1.1269155282644157
GCG,1405,0.0010580647882063054,489,0.0014243852423202624,-0.4289114231809652
GCT,704,0.0005301620006386042,230,0.0006699562489440907,-0.3376336156440978
GGG,6368,0.004795556278503739,1961,0.005712105235562443,-0.2523243829855195
GGT,1629,0.0012267526975004066,582,0.0016952805951541774,-0.4666796377197855
GTG,1558,0.0011732846548223655,488,0.0014214723890639837,-0.2768330028382362
GTT,1094,0.0008238596998560128,257,0.0007486032868636144,0.13819729026165817
TAG,3311,0.0024934181592534354,26459,0.07707118430787693,-4.949994804453626
TAT,811,0.000610740600167483,456,0.0013282610848630667,-1.1209070932844885
TCG,1378,0.001037731870568177,214,0.0006233505968436322,0.7353180029661246
TCT,993,0.0007477995264689403,354,0.001031150052722644,-0.4635308258916435
TGG,1940,0.0014609577858506991,562,0.0016370235300286042,-0.16416056648345467
TGT,707,0.0005324212137095074,426,0.001240875487174707,-1.2207183987534584
TTG,2223,0.001674076885539229,527,0.0015350736660588514,0.1250578980527557
TTT,1013,0.0007628609469416279,269,0.0007835575259389582,-0.03861908709250628
