site_2,count_x,proportion_x,count_y,proportion_y,ratio
AAG,303,0.00021402219756297232,124,0.0004628540927126609,-1.112797043617137
AAT,2,1.4126877726928867e-06,34,0.00012691160606637477,-6.489237557953553
ACA,1415741,1.0,267903,1.0,0.0
ACG,806,0.0005693131723952333,675,0.002519568649847146,-2.145882380113438
ACT,753,0.0005318769464188718,672,0.0025083705669589366,-2.2375860848100455
AGT,5,3.5317194317322166e-06,53,0.00019783279769170184,-5.807767076379051
ATT,23,1.6245909385968195e-05,86,0.0003210117094620068,-4.304477515348298
CAT,201,0.0001419751211556351,59,0.00022022896346812092,-0.6333660748861263
CCG,64,4.520600872617237e-05,45,0.00016797124332314307,-1.8936278130328876
CCT,164,0.0001158403973608167,199,0.0007428061649178994,-2.680847332628778
CGG,99,6.99280447482979e-05,217,0.0008099946622471566,-3.533969329068082
CGT,2,1.4126877726928867e-06,160,0.0005972310873711754,-8.723702811590575
CTG,76,5.3682135362329695e-05,146,0.0005449733672261975,-3.3436717621396443
GAT,201,0.0001419751211556351,133,0.0004964483413772895,-1.8060054610254745
GCG,2,1.4126877726928867e-06,140,0.0005225772014497785,-8.53105773364818
GCT,361,0.00025499014297106605,71,0.0002650212950209591,-0.055666809320722876
GGG,281,0.00019848263206335057,41,0.00015304046613886369,0.37509959889962907
GGT,955,0.0006745584114608534,122,0.00045538870412052126,0.5668448686570127
TAG,751,0.0005304642586461789,5090,0.018999413966995518,-5.162555560151999
TAT,67,4.73250403852117e-05,260,0.00097050051697816,-4.358053339273896
TCG,4,2.8253755453857733e-06,108,0.0004031309839755434,-7.156662218866682
TCT,109,7.699148361176233e-05,20,7.465388592139693e-05,0.04448151318635141
TGT,5,3.5317194317322166e-06,51,0.00019036740909956216,-5.752271963787347
TTT,292,0.00020625241481316144,9,3.359424866462861e-05,2.6181248407344917
