site_2,count_x,proportion_x,count_y,proportion_y,ratio
AAG,1349,0.0013712080861635041,462,0.002648778809769522,-0.9498798520153873
AAT,18,1.8296327317229855e-05,224,0.0012842563926155257,-6.133235364162887
ACG,681,0.0006922110501685295,104,0.0005962618965714941,0.21526582632338176
ACT,409,0.0004157332151526117,38,0.00021786492374727668,0.9322240759505664
AGG,552,0.0005610873710617156,145,0.0008313266827198716,-0.5671900767843621
AGT,2,2.032925257469984e-06,135,0.0007739938080495357,-8.572621040598428
ATG,548,0.0005570215205467756,425,0.0024366471734892786,-2.1290923916121347
ATT,1435,0.0014586238722347133,1135,0.006507281275083133,-2.157447004162824
CAG,983804,1.0,174420,1.0,0.0
CAT,1044,0.0010611869843993316,400,0.002293314986813439,-1.111755636752438
CCG,1462,0.001486068363210558,3561,0.020416236670106638,-3.7801445679582217
CCT,370,0.000376091172631947,2811,0.01611627106983144,-5.421291721411628
CGG,1343,0.001365109310391094,452,0.002591445935099186,-0.9247408165353423
CGT,1038,0.0010550882086269215,177,0.0010147918816649467,0.056179734727285435
CTG,1202,0.0012217880797394604,451,0.0025857126476321523,-1.0815678860917934
CTT,155,0.00015755170745392375,165,0.0009459924320605435,-2.586003252519175
GAG,657,0.0006678159470788897,224,0.0012842563926155257,-0.9434108052828698
GAT,112,0.0001138438144183191,2,1.1466574934067194e-05,3.311549478510008
GCG,657,0.0006678159470788897,55,0.00031533081068684784,1.082584403250074
GCT,495,0.000503149001223821,84,0.00048159614723082214,0.06316184864061647
GGG,1019,0.0010357754186809567,356,0.0020410503382639607,-0.9786005383481804
GGT,708,0.0007196555411443742,238,0.0013645224171539962,-0.9230176567725437
GTG,1963,0.0019953161402067893,1256,0.007201009058594198,-1.8515817349730517
GTT,1438,0.0014616732601209184,885,0.005073959408324734,-1.795491128078659
TAG,1342,0.0013640928477623591,6088,0.034904254099300536,-4.677389130850958
TAT,725,0.0007369354058328691,185,0.0010606581814012154,-0.5253497191616123
TCG,321,0.0003262845038239324,165,0.0009459924320605435,-1.5356981706711093
TGG,137,0.0001392553801366939,414,0.002373581011351909,-4.0912603180863965
TGT,441,0.00044826001927213144,132,0.0007567939456484348,-0.7555647173485305
TTG,411,0.0004177661404100817,192,0.0011007911936704506,-1.3977733605870704
TTT,130,0.00013214014173554896,131,0.0007510606581814012,-2.5068606320565916
