site_2,count_x,proportion_x,count_y,proportion_y,ratio
AAG,1694,0.0015202164558495578,7184,0.07816171990599705,-5.6841135519940575
AAT,908,0.0008148503789323486,1858,0.02021498824963008,-4.632746375676847
ACG,1244,0.0011163809156297816,5926,0.06447471494472974,-5.851832217415789
ACT,3,2.6922369347985083e-06,1825,0.019855949168770128,-12.848478324518695
AGG,2517,0.0022587867882959485,7438,0.08092523283140395,-5.162969608036118
AGT,622,0.0005581904578148908,4211,0.045815562712159454,-6.358936466623601
ATG,1114315,1.0,91912,1.0,0.0
ATT,2026,0.0018181573433005927,1468,0.015971799112194273,-3.134977870627184
CAG,1162,0.0010427931060786222,163,0.0017734354600052224,-0.7660938774116577
CAT,660,0.0005922921256556719,1232,0.013404125685438245,-4.500224403034196
CCG,451,0.00040473295253137576,1976,0.021498824963008093,-5.7311436849144055
CCT,251,0.0002252504902114752,1303,0.014176603707894508,-5.97583789120247
CGG,732,0.000656905812090836,5337,0.05806641134998695,-6.465873534289384
CTG,539,0.00048370523595213204,124,0.0013491165462616416,-1.479814924219479
GAG,1534,0.0013766304859936373,10571,0.11501218556880495,-6.384501548493223
GAT,448,0.00040204071559657727,2860,0.031116720341195926,-6.274204586193256
GCG,1277,0.0011459955219125652,384,0.00417790930455218,-1.8661797676035405
GCT,322,0.0002889667643350399,316,0.003438071198537732,-3.572623946647596
GGG,1072,0.000962025998034667,10696,0.11637218208721385,-6.918454636220689
GGT,837,0.0007511341048087839,4786,0.05207154669684046,-6.115280945573264
GTG,1900,0.0017050833920390553,670,0.007289581338671773,-2.095993658711934
GTT,445,0.0003993484786617788,12,0.00013055966576725562,1.6129389485474945
TAG,1651,0.0014816277264507792,15411,0.16767125076159806,-6.822308530739965
TAT,393,0.00035268303845860464,400,0.004351988858908521,-3.625230764101227
TCG,1019,0.0009144631455198934,3552,0.03864566106710767,-5.401237606769402
TCT,469,0.00042088637414016685,1318,0.014339803290103577,-5.090450619077784
TGG,2322,0.0020837913875340454,13200,0.1436156323439812,-6.10685812885272
TGT,294,0.00026383921961025384,666,0.007246061450082688,-4.779466098820007
TTG,2382,0.0021376361262300156,412,0.004482548524675777,-1.068302905904213
TTT,806,0.0007233143231491993,5748,0.06253807990251545,-6.433968394514479
