site_2,count_x,proportion_x,count_y,proportion_y,ratio
ACT,433,0.0007724060179883194,229,0.0007349991173591385,0.07161688723660653
CCT,144,0.0002568740567905727,63,0.0002022049973520774,0.34524253854922193
GCT,181,0.0003228764186048171,111,0.00035626594771556497,-0.141972518660074
TAT,293,0.0005226673516641515,168,0.0005392133262722065,-0.044963107749685705
TCG,29,5.173158088143479e-05,22,7.061126891659847e-05,-0.448853162902898
TCT,560586,1.0,311565,1.0,0.0
TGT,14,2.4973866632416793e-05,15,4.8144046988589864e-05,-0.9469382129440884
TTT,74,0.00013200472362848877,80,0.00025676825060581257,-0.9598772686515851
