site_2,count_x,proportion_x,count_y,proportion_y,ratio
AAG,4181,0.008084741862565189,10800,0.04070694392618474,-2.332001299424828
AAT,2525,0.004882557570671396,844,0.0031811722846018446,0.6180785482885627
ACG,1535,0.0029682082657348876,610,0.0022991884995345086,0.36846757227652027
ACT,1694,0.0032756643662246905,1029,0.0038784671574114906,-0.24369904309254053
AGG,3300,0.006381164349788358,37398,0.1409591008288386,-4.465313124529635
AGT,2487,0.004809077496340499,942,0.0035505501091172248,0.4377176070733517
ATG,4010,0.007754081528076156,1197,0.004511686285152142,0.7812891488680087
ATT,2275,0.004399136029020762,740,0.0027891794912385842,0.6573794339263372
CAG,1916,0.0037049426952104527,771,0.002906023496952633,0.3504048602903751
CAT,2465,0.004766536400675243,5546,0.020903769538390793,-2.1327499053049763
CCG,1198,0.002316556027589834,603,0.0022728043692119815,0.027508065357928047
CCT,1506,0.0029121313669034144,583,0.002197421139719047,0.40626404594065946
CGG,4207,0.008135017702896855,36698,0.1383206877965859,-4.087727652254427
CGT,3953,0.0076438614165798115,24606,0.09274398724515757,-3.6008802247595306
CTG,1323,0.002558266798415151,415,0.0015642020119783953,0.7097398845136169
CTT,1724,0.0033336749512227664,464,0.0017488909242360851,0.9306731284307546
GAG,3275,0.006332822195623295,1239,0.004669991067087305,0.4394287836408015
GAT,4260,0.008237503069726789,2509,0.00945682613988866,-0.19914897582674396
GCG,2334,0.004513223512850311,897,0.0033809378427581216,0.4167347352573145
GCT,517147,1.0,265311,1.0,0.0
GGG,4195,0.008111813468897625,2487,0.00937390458744643,-0.20862563242049248
GGT,4707,0.009101860786198122,2484,0.00936259710302249,-0.04074725606199969
GTG,1951,0.0037726217110415415,598,0.0022539585618387478,0.7431064528801485
GTT,2378,0.004598305704180823,841,0.0031698648001779045,0.5366810739597394
TAG,3368,0.00651265500911733,41536,0.1565558910109268,-4.5872881804635135
TAT,3366,0.006508787636784125,4027,0.015178413258402404,-1.2215602311465776
TCG,1793,0.0034670992967183413,654,0.002465031604418965,0.4921230118395208
TCT,2137,0.004132287338029612,1034,0.0038973129647847243,0.08446078681410452
TGG,4309,0.008332253691890314,14077,0.05305848607860209,-2.6708048407833456
TGT,2201,0.004256043252692175,731,0.0027552570379667635,0.6273258984083476
TTG,2394,0.004629244682846464,839,0.003162326477228611,0.5497905009729074
TTT,4410,0.008527555994717169,4425,0.016678539525311804,-0.9677887349436114
