site_2,count_x,proportion_x,count_y,proportion_y,ratio
AAG,513,0.0004630536447196088,4558,0.05049800024373761,-6.768903107786393
AAT,338,0.00030509187507841675,3727,0.041291366149278204,-7.080452581574815
ACG,329,0.0002969681269254411,4422,0.04899125868315219,-7.366072450209134
ACT,815,0.0007356505271861232,4335,0.048027387243660055,-6.028692943118908
AGG,369,0.0003330736742719993,4988,0.05526196253088266,-7.374301657897423
AGT,889,0.0008024457897772559,6485,0.07184719867938534,-6.484384164437442
ATG,457,0.0004125058784344274,393,0.00435403995080932,-3.399868061328686
ATT,1134,0.0010235922672749249,2034,0.02253464951640243,-4.460431953043421
CAG,1280,0.0011553775150898622,3218,0.03565216427914603,-4.947553429964234
CAT,837,0.0007555085782267302,3323,0.03681545739577448,-5.606719679269838
CCG,200,0.00018052773673279097,3284,0.03638337709531248,-7.654915136131229
CCT,463,0.0004179217105364111,2640,0.029248512646658027,-6.128986745113729
CGG,878,0.0007925167642569524,2893,0.03205149510862942,-5.33780639252239
CGT,617,0.0005569280678206602,3246,0.035962375776913615,-6.012853519526703
CTG,485,0.0004377797615770181,488,0.005406543246806483,-3.626429314616545
CTT,134,0.00012095358361096995,1093,0.012109327394998948,-6.645521409342281
GAG,1127,0.001017273796489277,7640,0.08464342296229822,-6.378618036879039
GAT,633,0.0005713702867592834,3715,0.041158418364520666,-6.170617720125766
GCG,461,0.0004161164331690832,6997,0.0775196374957069,-7.541430750013568
GCT,1282,0.00115718279245719,4378,0.04850378347237456,-5.389408606690355
GGG,1159,0.0010461582343665237,11633,0.12888179834036848,-6.944803639825865
GGT,1212,0.0010939980846007133,9550,0.10580427870287278,-6.595643948465673
GTG,1021,0.0009215940960208979,6825,0.07561405258084887,-6.358379093944924
GTT,338,0.00030509187507841675,6279,0.06956492837438097,-7.832972574822831
TAC,1107863,1.0,90261,1.0,0.0
TAG,847,0.0007645349650633698,11052,0.12244490976169109,-7.323334601608442
TAT,780,0.0007040581732578847,350,0.003877643722094814,-2.4614137122108684
TCG,837,0.0007555085782267302,5534,0.06131108673735057,-6.342556030187761
TCT,757,0.0006832974835336138,4907,0.05436456498376929,-6.314008980210645
TGG,645,0.0005822019509632508,6087,0.06743776381826037,-6.855893214295349
TGT,795,0.0007175977535128441,7138,0.07908177396660795,-6.784026050005455
TTG,766,0.0006914212316865894,1270,0.01407030722017261,-4.34694511386272
TTT,1815,0.001638289210850078,1720,0.019055849148580228,-3.539971930834497
