site_2,count_x,proportion_x,count_y,proportion_y,ratio
AAG,1270,0.0008058968807348765,5238,0.05294278177021741,-6.037694940848341
AAT,13,8.24933814925464e-06,851,0.008601433235291145,-10.026082981702142
ACG,435,0.0002760355457635207,10,0.00010107442109625316,1.4494361176914552
ACT,689,0.000437214921910496,77,0.0007782730424411495,-0.8319337461478824
AGG,1811,0.0011491962606384734,12903,0.13041632554049545,-6.826355463872911
AGT,5163,0.0032762563742001313,1769,0.017880065091927185,-2.448231828086371
ATG,387,0.00024557645105858047,7508,0.07588667535906687,-8.271530556843736
ATT,543,0.00034456850884963616,6113,0.06178679361613956,-7.486363842117758
CAG,307,0.00019481129321701344,5268,0.05324600503350617,-8.094452163043607
CCG,635,0.00040294844036743824,1936,0.019568007924234614,-5.601757833772338
CCT,721,0.00045752098504712275,2779,0.028088581622648757,-5.940002048117013
CGG,1445,0.0009169456635133043,8340,0.08429606719427514,-6.522485269101257
CGT,2432,0.0015432607983836373,10208,0.10317676905505524,-6.062992478478558
CTG,194,0.0001231055077658,3363,0.033991327814669944,-8.109127599496727
CTT,652,0.0004137360364087712,2199,0.02222626519906607,-5.747411112781162
GAG,211,0.000133893103807133,4067,0.041106967059846164,-8.262157464912221
GAT,551,0.0003496450246337928,2767,0.02796729231733325,-6.32170579819607
GCG,1148,0.0007284800150264868,2,2.0214884219250634e-05,5.171399548518416
GCT,673,0.00042706189034218253,17,0.00017182651586363038,1.3134924752027057
GGG,2337,0.0014829771734467766,8508,0.0859941174686922,-5.857669677335119
GGT,5136,0.0032591231334286024,12933,0.13071954880378422,-5.325847238934617
GTG,535,0.00033949199306547944,1344,0.013584402195336426,-5.322429719647523
GTT,1154,0.0007322874018646043,1084,0.010956467246833844,-3.9032289108656606
NGT,3,1.9036934190587632e-06,2,2.0214884219250634e-05,-3.408544877436116
TAG,2147,0.0013624099235730548,17838,0.18029655235149641,-7.0480671509273005
TAT,1308,0.0008300103307096208,5745,0.058067254919797445,-6.1284517301926655
TCG,6,3.8073868381175263e-06,11,0.00011118186320587849,-4.867976496073412
TCT,655,0.00041563972982783,307,0.0031029847276549723,-2.9002511271026385
TGG,3398,0.002156250079320559,26644,0.26930268756885695,-6.964560307547485
TGN,3,1.9036934190587632e-06,2,2.0214884219250634e-05,-3.408544877436116
TGT,1575884,1.0,98937,1.0,0.0
TTG,728,0.00046196293635825987,5773,0.05835026329886696,-6.980818247966361
TTT,1899,0.0012050379342641972,8505,0.08596379514236333,-6.1565787085585235
