site_2,count_x,proportion_x,count_y,proportion_y,ratio
AAG,434,0.0003917451887101564,6,6.647389237876824e-05,2.5590558175951728
AAT,8,7.221109469311638e-06,30,0.0003323694618938412,-5.524423509736669
ACG,531,0.00047930114102556,84,0.0009306344933027554,-0.9572822861027568
ACT,957,0.0008638252202664048,12,0.00013294778475753647,2.6998796996367194
AGT,310,0.000279817991935826,76,0.000842002636797731,-1.5893360222974984
CAG,243,0.00021934120013034102,90,0.0009971083856815236,-2.1845735068520433
CAT,312,0.0002816232693031539,2,2.215796412625608e-05,3.667869304734099
CCG,629,0.0005677597320246276,4117,0.04561216915389814,-6.32799444057013
CCT,4,3.610554734655819e-06,2338,0.025902660063593357,-12.808592128659807
GAG,2863,0.0025842545513299025,33,0.0003656064080832253,2.8213849215127507
GAT,765,0.0006905185930029254,63,0.0006979758699770665,-0.015496900048052709
GCG,870,0.0007852956547876408,2,2.215796412625608e-05,5.147338676607941
GCT,546,0.0004928407212805194,12,0.00013294778475753647,1.8902617260705465
GGG,803,0.0007248188629821557,79,0.0008752395829871152,-0.272057484787938
TAG,166,0.0001498380214882165,5975,0.06619691782719003,-8.7872164805367
TAT,232,0.00020941217461003752,101,0.001118977188375932,-2.4177634017523726
TCA,1107863,1.0,90261,1.0,0.0
TCG,4419,0.003988760343111016,786,0.00870807990161864,-1.1264142006297506
TCT,3744,0.003379479231637847,580,0.006425809596614263,-0.9270772845596786
TTG,717,0.0006471919361870556,35,0.0003877643722094814,0.7390133776287886
TTT,123,0.00011102455809066644,80,0.0008863185650502432,-2.9969465036762717
