Translation,mean,std_err_of_mean,len
Q*A,-3.607396319887324,0.7964137346559533,3
QAA,-0.32435519948219393,0.6666486008768067,5
QCA,-0.07284676530248646,,1
QDA,-1.1582034545463173,,1
QEA,1.3104657286839352,,1
QGA,0.28107665703414336,0.7046953574925143,5
QLA,-1.0281914064610387,,1
QNA,1.2701540095164265,,1
QPA,1.7334489647954108,,1
QRA,1.7234362386177082,,1
QTA,1.998978794704433,,1
QVA,0.10259031310295601,0.7841888838939051,5
