Translation,mean,std_err_of_mean,len
E*N,-4.56034052438017,0.9560390928874296,2
EAN,-2.608841042883096,0.4410285370663949,4
ECN,-2.687644503252593,1.1459791303791986,2
EDN,-2.766018088582272,0.06055394990430302,2
EEN,-2.3217324989867745,0.08882297123971462,2
EFN,-2.842617886331466,0.12156019549812486,2
EGN,-0.7977573897280978,0.6982723519801746,4
EHN,-1.5805763389626062,,1
EIN,-2.089646735738116,0.3256341641832975,2
EKN,-2.3173315117417106,0.30616702913588195,2
ELN,-2.9567141419965766,0.27381900345587296,3
EMN,-3.1102017903544112,,1
EPN,-1.250661032289754,,1
EQN,-2.076649202546296,1.4072134887177516,2
ERN,-2.962828944338971,0.38955978520630896,6
ESN,-2.725983090647558,0.13583935062202324,5
ETN,-1.4993357691378582,1.0922474824418995,2
EVN,-2.122875087971701,0.3721085592417524,4
EWN,-3.1822418738561655,0.6475922871647938,2
EYN,-2.61843787717886,0.11184374297972184,2
