Translation,mean,std_err_of_mean,len
T*L,-5.3611145778096345,0.5298992103695783,3
TAL,-0.5038498745285667,0.18569375406158006,2
TDL,0.7777090343079731,,1
TEL,-0.27925977782110323,,1
TFL,0.2482592048906085,,1
TGL,-0.5109948100139059,0.4411228591316245,2
TIL,0.31428033940308175,1.9592756180375475,2
TLL,0.4580412878129305,,1
TML,1.519614913848141,,1
TNL,-0.9071670032034191,,1
TPL,-0.9231736954844356,,1
TRL,-0.12663725508532586,,1
TSL,-0.5129709051888597,0.5922414907108008,3
TTL,-0.4803974985593939,1.1689938746982018,8
TWL,-1.0812565260837002,0.11131329797828861,3
TYL,1.7418018377067277,,1
