Translation,mean,std_err_of_mean,len
VAM,-0.5065150390032291,0.2998205939595169,5
VCM,-0.3937476923995611,,1
VDM,-2.3310809358905944,0.3499020181921952,2
VEM,-3.8638370515020988,,1
VFM,0.5120718924550776,1.6350031503986844,2
VGM,0.20880585741714963,0.5743352052331194,4
VHM,-0.6989231612902618,,1
VKM,-2.382023464752147,0.02641015105978783,2
VLM,0.9564509299886677,,1
VPM,-2.6436733469895835,0.031110318803215867,2
VRM,0.04745953643933376,0.3274010495483962,3
VSM,0.5543934438989959,0.8896143529306636,3
VTM,-1.5426270927828352,,1
VVM,-1.047113726695958,,1
VWM,-0.5777745325772075,0.7985585653998865,4
