Translation,mean,std_err_of_mean,len
T*I,-1.555435814389795,0.278749077286403,3
TAI,1.3149419831795859,0.434988435818509,4
TCI,0.34036521978526313,0.13516341645335464,2
TDI,-0.14122526816158754,0.39542688648340485,4
TEI,0.07385388611148613,0.34718215855765877,4
TFI,0.636368125302648,0.6895408700191346,3
TGI,0.09695155199711743,0.27524416211219244,9
THI,0.2059833459428253,0.43828593187507264,2
TII,-1.8988898792838524,0.04434262155463038,2
TKI,-0.09087824626920948,,1
TLI,0.120312388745771,0.37807034018409924,7
TMI,0.18350452191735833,0.8346138060955431,2
TNI,0.23993586740077255,,1
TPI,-1.047503305765595,0.01079061347883858,2
TQI,0.93561088810171,,1
TRI,0.05079914352388867,0.5161229437119697,9
TSI,0.6413704284656806,0.6869902522929701,5
TTI,0.409387600955266,0.4827880088057026,3
TVI,-1.241206607937419,0.4302843934164013,8
TWI,-0.41554196978308644,0.5535285353156685,4
TYI,-0.2520558787055638,,1
