Translation,mean,std_err_of_mean,len
S*L,-1.4578407227586503,,1
SAL,0.10071662713351652,0.47806000527731984,11
SCL,0.463591287129067,0.26681599469416284,3
SDL,-0.2913306255596237,0.5575903155873121,3
SEL,-0.7303724779397749,0.748408263209715,2
SGL,0.1956547250332985,0.5818219276679885,6
SRL,0.14984820177477123,0.5233987564847177,6
SSL,1.2478426519445565,1.674622146284683,2
STL,-0.14744610838680394,,1
SVL,-0.1872759958890627,0.6692156350866251,3
SWL,-0.9115019258238668,,1
SYL,2.1007001206686713,,1
