Translation,mean,std_err_of_mean,len
K*A,-1.3554616469511291,,1
KAA,-2.325038118896821,0.6819834554222832,3
KCA,-1.5082235391003689,0.17971291492125954,3
KDA,-3.033115829124645,,1
KEA,-3.0747815934624376,0.22008583531558407,3
KFA,1.3463368975671237,,1
KGA,-3.550399190285151,0.39245030892613414,8
KHA,-4.145280540944307,0.5313122409054285,2
KIA,-0.6982625068539536,1.1220459905771376,2
KKA,-2.95669539161144,0.7421991128218144,3
KLA,-0.61704079570175,1.6186446539928292,9
KMA,-0.5363145510663397,0.6085395202913666,4
KNA,-2.6102555420240297,0.8043243040281072,2
KPA,-2.296880555383724,0.7521833417587878,3
KQA,-1.3201648348356514,1.31383459905461,2
KRA,-3.2228068649692263,0.5047534872374349,11
KSA,-2.762021418803604,1.0452203170439065,5
KTA,-1.909063655459582,0.78602742268815,7
KVA,-0.7125423326362623,0.3196492478817437,4
KWA,-3.026053577697968,0.29828418753346037,2
KYA,-0.7274978496690157,0.33951812711579377,2
