Translation,mean,std_err_of_mean,len
P*V,-3.671449323848371,0.1434090079946393,3
PAV,-2.8218390833619305,0.39866493884568505,5
PCV,-3.7372396475635683,0.25748953928452833,4
PDV,-3.1516966008903666,0.7641662010062605,3
PEV,-3.6785029941900085,0.9867634803682263,3
PFV,-0.5139251513863762,0.3103552447480575,7
PGV,-3.2101967470627537,0.4672919590000094,8
PHV,-2.5239294770231404,0.3682270892124072,3
PIV,-2.8143371157263846,0.8612204258624566,3
PKV,-3.724887153655105,0.5592993382148204,3
PLV,-2.353183646657311,0.35950695242989306,7
PMV,-3.1153379561653876,0.5771613363515087,4
PNV,-3.7731159094312963,0.40583424839180815,4
PPV,-2.134378863598164,0.5569144882795861,3
PQV,-4.577926004494527,,1
PRV,-4.018781111032481,0.6309217768799055,10
PSV,-3.3622492604505076,0.6912895731541437,6
PTV,-3.2587416100612216,0.10962462433531005,2
PVV,-3.4778763535467587,0.7282713443135578,7
PWV,-0.41989012177510965,0.8785940965667567,3
PYV,-0.8385597135758296,,1
