Translation,mean,std_err_of_mean,len
M*G,-3.151516671474789,0.9337309771088208,3
MAG,0.2598031643069705,1.841841615373348,2
MCG,-0.3657903829233568,0.9119351168242664,3
MDG,-3.380898568364895,0.6418652998586755,3
MEG,-3.4518080336585086,0.5565180025362273,3
MFG,-0.7467970141420842,0.8987408722808579,3
MGG,0.07303881760660536,0.814978586047228,8
MHG,-0.20388250421650866,,1
MIG,-0.5711673063715423,0.8104981661885452,3
MKG,0.836428782456133,0.20251267424439767,2
MLG,-1.8526187129740699,0.3636424159596179,5
MMG,-1.950738410909404,1.0508185009370774,4
MNG,-0.3610836220995595,1.0044750014457153,3
MPG,0.9670991337906356,0.48551123474148145,4
MQG,-1.3654398978045699,0.5353726482905654,3
MRG,-0.7244646166970427,0.7485301831581086,7
MSG,-1.106383601952965,1.7106211371582773,8
MTG,-0.2073812684851649,1.6865480305587452,3
MVG,0.150025900713459,0.790699980521958,4
MWG,-2.468827578500284,0.8631503526677378,4
MYG,-1.599170514307567,0.4569031407247753,3
