Translation,mean,std_err_of_mean,len
L*T,-3.4376854210860444,0.921248101232162,4
LKT,1.094740898718447,,1
LLT,1.6866541181346228,,1
LPT,-0.6801628292505488,0.7317605016108153,4
LVT,1.2206228840108322,0.3009108795357259,2
LYT,1.4030253584198338,,1
