Translation,mean,std_err_of_mean,len
C*S,-1.6957685626205041,,1
CAS,0.07102741083156835,0.5692065130043922,10
CCS,1.5208288370663379,,1
CDS,-0.28113414121382235,0.30550371164287154,3
CES,0.24590439573374567,,1
CGS,-0.22772222676050563,0.14929054999880417,5
CPS,-1.0350900092029,0.0005532920360375268,2
CRS,-0.008175568529175337,0.18721053210957994,2
CSS,-0.08034513966177359,0.0331883662284074,2
CTS,-0.25242632900587836,,1
CVS,0.253366470691025,0.044859626473540824,4
CWS,0.651915451340038,,1
