Translation,mean,std_err_of_mean,len
L*Q,-2.073598991650949,0.39703684577814996,4
LAQ,0.06003445376461229,0.3363046251430785,5
LCQ,-0.1385188436455027,0.13676497436571258,4
LDQ,-2.212207204537448,0.3145437189317621,4
LEQ,-0.41465468511133197,0.3103404297589515,4
LFQ,0.7199478813144857,0.1265291226405843,2
LGQ,-0.5453482461488941,0.15595127028985944,8
LHQ,-0.20519570696161704,0.1523540947657591,2
LIQ,-0.5791581933657577,0.2245498537127186,2
LKQ,-0.19917687279134205,0.2589160855658092,5
LLQ,-0.03822402783908595,0.34866474839668893,15
LMQ,-0.19079336373828132,0.22634164345329577,5
LNQ,-0.04767340826524791,0.3184598247012838,2
LPQ,-1.2710258773493468,0.8523761385862807,4
LQQ,0.35324524542483615,0.4309364248716596,4
LRQ,-0.5620899612252191,0.2551478680947435,13
LSQ,-0.30849192727054664,0.6504473859585644,9
LTQ,0.41970693226955946,1.0660221226821218,4
LVQ,-0.013458723396603527,0.466502246904017,9
LWQ,-0.03151303296410379,0.18419690332138255,4
LYQ,-0.1392917567294898,,1
