Translation,mean,std_err_of_mean,len
W*L,-5.184267549591408,,1
WAL,-3.2215247318360873,0.8353770512943046,3
WCL,-1.6758906636117628,0.08310693806905288,3
WDL,-3.1328554373718447,,1
WEL,-1.595997441572602,0.73594219809115,3
WFL,-0.29468459437992073,0.5672661992659793,5
WGL,-4.095581757314846,0.6131678514853787,8
WIL,-0.8845979044758776,,1
WLL,-1.1917588815717388,0.24902637796503413,4
WPL,-1.0506876736812671,,1
WRL,-3.89212883160603,1.0615452438044721,5
WSL,-3.331393091513546,0.7448135424094642,5
WTL,-1.4272354014761097,0.3801927350604822,2
WVL,-0.38498552189804736,1.0757671658434622,4
WYL,-1.2081699120633607,,1
