Translation,mean,std_err_of_mean,len
G*F,-3.3096224777137895,,1
GAF,0.5700838843156781,0.7019727076463759,5
GCF,-0.18599057232388994,,1
GFF,1.8640517256057603,0.6801855042215373,2
GGF,1.361744228623298,0.5836099156654128,3
GHF,-0.7011163142390311,,1
GLF,-0.3903318076622231,,1
GMF,0.24537800324771553,,1
GPF,-0.4634331982871771,0.28305587073981253,9
GRF,0.8429984685576292,1.396195054092162,3
GSF,-0.8277524213650427,0.3669490593406979,3
GTF,0.8777205178463112,2.047055052633182,2
GVF,0.49367961746020317,0.5027120580565577,2
GWF,1.378200114639304,,1
