Translation,mean,std_err_of_mean,len
T*V,-3.77461302793691,0.14704433778313408,4
TAV,0.9098661487762343,0.7904604937921755,4
TCV,0.2769911778064473,0.7450629498637424,3
TDV,-3.1845783202904094,0.2870196579737739,4
TEV,-1.889169475113813,0.3725744719085512,4
TFV,-0.3862450967348856,0.8990153749236014,4
TGV,0.10642877075426302,1.0558814645074988,7
THV,0.2961996019143349,,1
TIV,0.15014629501790244,0.6740035858163228,4
TKV,1.4510330490057317,,1
TLV,0.8222819416333658,1.036196592938353,8
TMV,0.9428143362695186,0.6147590585864894,3
TNV,0.049401063821886915,0.9142835442092678,4
TPV,0.3803669715061841,0.3400937560029344,6
TQV,-0.15543339812504442,,1
TSV,-0.17375633651094846,0.6117665009521889,8
TTV,0.8630783247656924,0.2459690095062498,2
TVV,0.736824568250608,0.6583034877471606,8
TWV,-0.16016160390195044,0.6657434873849709,4
TYV,0.2717274369654499,0.6987687843133794,4
