Translation,mean,std_err_of_mean,len
L*E,-1.5944029267144781,0.547046050458595,4
LAE,0.8554945367598141,0.2926834512567805,4
LCE,0.4944043423312614,0.5657272176963773,2
LDE,0.22285132557012055,,1
LEE,-0.34570001520043325,0.46356450131058885,4
LFE,-0.7547992407331373,0.8021877876048226,3
LGE,-0.08297162295429494,0.49608423779226307,7
LIE,1.235039457684385,0.09244752063190384,2
LKE,-0.05262212099639877,0.10444124150841465,3
LLE,-0.05559909840567497,0.6452263479714274,3
LME,-0.450433872416232,,1
LNE,-0.11201182464474613,,1
LQE,0.038562098026853064,,1
LRE,-0.5782967213031227,0.3960920785496545,5
LSE,0.4286344890922611,0.6772396839628181,4
LVE,-0.10227870104251864,0.4712044250723151,6
LWE,-0.19930571862266255,0.5425361974772931,3
LYE,0.5398397562660984,0.1425776545950492,2
