Translation,mean,std_err_of_mean,len
I*V,-2.3956220318225028,0.8286352326554371,4
ICV,2.677868456957521,,1
IDV,-2.274720435847174,0.4612625515668145,3
IEV,-3.6752218543683783,0.5751741322947491,2
IFV,-2.70135553973222,0.14261259369355517,2
IGV,1.6802973338998786,0.7839698666330459,4
IHV,-1.5425890648190368,,1
IIV,-0.9898959738357216,0.10923154989901188,2
IKV,-2.3108711070485626,,1
ILV,0.1937508290716199,,1
INV,-2.6448922391348626,0.09128535247887946,2
IQV,-1.7433078934021324,,1
IRV,-2.5942591844350593,0.5321964181303758,7
ISV,0.8602861714977896,,1
ITV,-0.2500927057152088,0.9628473438745413,5
IVV,0.570825891739255,1.08752301503175,4
IWV,-3.021755114568984,0.2308917689625628,3
IYV,-2.557159900260295,1.0995805815915458,2
