Translation,mean,std_err_of_mean,len
A*T,-2.5252403539754145,,1
AAT,-2.559614551762862,0.7964322954210596,5
ADT,-1.5140470016563103,1.003497731819783,2
AET,-0.7415031148073368,,1
AGT,-0.14546910527376422,0.5365473676176717,4
ALT,-1.4417972918249482,0.5941100613357572,3
ANT,-0.8783521720958767,,1
AQT,-2.173011729075906,,1
ART,-1.181446984334268,0.7678196325315427,5
AST,0.03978722628865761,,1
ATT,-0.925380300538734,,1
AVT,-1.5190152265756725,0.06624694484060721,2
AWT,-1.2978741417619277,0.3388945593579544,2
