Translation,mean,std_err_of_mean,len
W*Y,-2.7137862722648025,0.5786754835979186,2
WAY,-1.1438352280304773,0.10886449103305093,2
WCY,0.6996411279599775,0.4872861822497329,2
WDY,-3.192717793001858,,1
WEY,-3.3249433594898745,0.2647630615766552,2
WFY,-0.6434425697336734,0.8913900733142791,2
WGY,-3.371859911266742,0.38310297376927943,4
WHY,-2.20345885607244,1.1793763819422094,2
WIY,-0.390589429938057,,1
WKY,-3.5448378310006454,,1
WLY,-0.8441931168300769,0.7562520683241908,3
WMY,0.5228280205354974,1.9783579156818965,2
WNY,-2.488400681954989,,1
WPY,-2.868041455748397,,1
WRY,-3.1164294936219608,0.5511515115203864,5
WSY,-2.3349531686418374,0.40739540506792826,4
WTY,-1.5264375522346274,,1
WVY,-1.6089618660366407,0.13971839671038738,3
WWY,-3.2506836624838855,0.576999950636162,2
WYY,-2.337608824625633,,1
