Translation,mean,std_err_of_mean,len
C*M,-3.10146111264604,0.7029322443318117,2
CAM,-2.3872143115207693,0.6751775356848365,4
CCM,-2.760019286936269,0.2516681640205967,2
CDM,-1.9852835357831005,0.643012802146383,2
CEM,-2.4075198172524415,0.4517669334648214,2
CFM,-2.662002521591642,0.6329561877787285,2
CGM,-2.2264101670559855,0.5303088335116186,4
CHM,-1.273602861440307,0.28257380660843323,2
CIM,-1.4057040644708305,0.36544931022057514,2
CKM,-2.7062195138956397,0.10405337475107042,2
CLM,-1.2455193464144156,0.4208281200203699,5
CMM,-1.6802997059150853,1.2064952192341494,2
CNM,-2.747120300467887,1.2385613746089146,2
CPM,-2.906009418412942,0.41515484810011877,3
CQM,-2.3533842953127957,0.30763502950066784,2
CRM,-2.7232486477371034,0.3463154183550167,6
CSM,-2.679135763234992,0.44635890979496656,6
CTM,-2.113750833831085,0.5943136618277449,4
CVM,-1.304205545909501,0.6706622555868325,4
CWM,-3.848765263591951,0.9352009595195071,2
CYM,-0.08871711972259888,0.12123133055193658,3
