Translation,mean,std_err_of_mean,len
D*V,-3.7565454793942674,0.6405238996252218,4
DAV,0.11088973258624257,0.0413786509889148,2
DCV,-0.3385718459910521,0.28026176811990877,5
DDV,-0.2680279880787739,0.554041277514115,4
DEV,-0.3231878274796198,,1
DFV,-0.5502262044743093,0.19825068437650373,3
DGV,0.043098982410311494,0.7638760764091659,5
DIV,0.3889458527253824,0.03013335917364947,2
DKV,1.320142694575356,,1
DLV,-0.26820899500216244,0.326753194664219,4
DMV,-0.9741426452428783,,1
DNV,0.5976647052772552,1.0902049874071011,2
DPV,-1.1609100407054984,0.5437173583036186,5
DRV,0.41478587481374374,0.6834128048018788,5
DSV,-0.43402553382475767,0.7264667376164414,5
DTV,-0.2584593062735303,0.5267781452259888,2
DVV,0.16515559943701347,0.800393318837344,5
DWV,-0.2380941325337409,0.6411010649587537,4
DYV,-0.9366168487684394,,1
