Translation,mean,std_err_of_mean,len
E*P,-2.886649697786512,0.5189172442659649,3
EAP,-1.1752189434733484,1.3887628711839364,2
ECP,-0.3673469972440131,,1
EDP,-1.7681188952965976,0.13715843415441045,2
EEP,-4.07784429901631,0.3752850496464312,3
EFP,-0.48672271435595427,1.10690967378084,2
EGP,-2.3586235513620313,0.5647444764725625,6
EHP,-0.18871444299194717,0.8557118134680723,2
EKP,-3.2807274401923436,0.8986706947858544,2
ELP,-0.3755808263069748,0.5621726844391948,3
ENP,-3.5952242806474537,,1
EQP,-0.7405812321838994,,1
ERP,-3.4580836222493603,0.8948040354743563,5
ESP,-1.973706626357313,0.17553348771017874,2
ETP,-0.7045741300942385,,1
EVP,-0.4507649171093364,0.9692443745066941,2
EWP,-1.7632231786305013,0.35096049813074365,3
EYP,-4.179555924380409,,1
