Translation,mean,std_err_of_mean,len
G*D,-1.938202699232436,,1
GAD,-0.5680849033269286,,1
GDD,-0.7503720747453357,0.07473446668022742,2
GED,-1.2627939217695765,,1
GFD,-2.634475884072579,0.07349485696166895,2
GGD,-0.9198060132386932,1.1031450995971668,3
GHD,-1.8695601216834046,,1
GID,-2.2110877371741884,,1
GLD,-0.4850413628970305,,1
GMD,-3.6989429724577576,,1
GRD,-1.3031515208667859,0.40467507159799476,3
GSD,0.783901783875379,,1
GTD,-0.8946409645408432,0.7812196732165175,3
GVD,-0.20506727010384473,0.21140013131791396,2
