Translation,mean,std_err_of_mean,len
H*D,-2.686810710524558,0.22805122054884527,3
HAD,0.28236361622987094,0.40935235657559566,7
HCD,0.10437893954307172,0.6559802944102173,3
HDD,-0.2052876996961399,0.3637813906223435,4
HED,0.5103406486801716,0.09579348232538792,2
HFD,0.08551889683843195,0.5808754442918547,2
HGD,-0.11544852874559264,0.463702150210718,8
HID,0.3359809880951472,0.6105579599655214,2
HKD,0.7979011035393277,,1
HLD,0.310115390971277,0.4809590975396288,3
HND,-0.2119904016547931,0.6813250738258583,2
HPD,-0.015276439185695878,0.17541085333331644,4
HQD,0.5992416821370572,,1
HRD,0.18969782417895528,0.3356848597989697,9
HSD,0.49666322571951776,0.29570598011836613,6
HTD,1.5001943807134737,,1
HVD,0.10211381805299359,0.2730826753285426,7
HWD,0.11468882759270072,0.4119199589267361,4
HYD,0.31312483781240097,,1
