Translation,mean,std_err_of_mean,len
P*S,-2.6197288174340123,,1
PAS,-0.8285606565888536,0.30971558668585025,3
PCS,0.12110980787418768,,1
PDS,-1.375072163170773,0.7875402665909785,3
PES,-1.7539950690083237,0.6058918028837895,4
PFS,0.49832695187967646,0.7149432261204746,2
PGS,-2.2843862150093366,0.2890741782821722,7
PHS,-0.03188312379079483,0.1009598503714479,2
PIS,-0.14953647425384808,,1
PKS,-2.651808712731574,,1
PLS,0.1472961655370692,0.5533031063775202,13
PNS,-1.86402547372915,,1
PPS,-0.9870462295158675,0.8260077919146076,2
PRS,-2.2319164350688,0.7002325479492676,6
PSS,-1.9667075455729024,0.006631404950973899,2
PTS,-1.2233642679958994,,1
PVS,0.28417742303318894,0.5774260616375556,5
PWS,-2.1101904814199153,0.05894522029344343,2
