Translation,mean,std_err_of_mean,len
S*K,-3.761462245929053,0.2287069037174849,4
SAK,-3.2267828150142766,0.6056687716992759,8
SCK,-3.5762238121160452,0.49405976405291946,4
SDK,-3.5880718816611994,0.7447629071222689,4
SEK,-3.272011807077968,0.5990542679010458,4
SFK,-3.6344476573655524,0.6027746355017248,4
SGK,-0.486772912809373,0.9905173557273014,11
SHK,-2.589418057259131,0.28818839969001064,4
SIK,-3.228627523231346,0.2616236624876283,4
SKK,-3.0907926703702184,0.20258436858145099,3
SLK,-3.3513478410601567,0.8312910168379418,11
SMK,-3.350986765084021,0.49640954646175117,4
SNK,-3.2949340003711516,0.3808862019890779,4
SPK,-2.9139719834477957,0.4224307542965526,6
SQK,-3.66832269139906,0.17834933652711216,3
SRK,-3.5590939802967725,0.4640754937525336,12
SSK,-3.3598589516526247,0.41276307274795826,11
STK,-2.73985474238833,0.7248242168997894,7
SVK,-3.6222861934186383,0.40419594556090166,8
SWK,-3.355142706538125,0.6303451480793346,4
SYK,-3.50210317777118,0.7682998319248924,4
