Translation,mean,std_err_of_mean,len
E*T,-0.8456321180213451,0.3003115539550233,4
EAT,-0.1550911437291762,0.38738194618487565,6
ECT,-0.13701800963608002,0.1738031090059717,4
EDT,-0.5960340333457683,0.5629011932073185,4
EET,-0.23603867792738065,0.16818596629846086,3
EFT,-0.034894304776377894,0.10980997024099098,5
EGT,-0.7529976836054365,0.16537588787718094,8
EHT,-0.5939191174489906,0.017620573240523144,3
EIT,0.08184128978723249,0.4806809222915826,4
EKT,-1.0240778183766892,0.2211758901601812,3
ELT,0.013035473792584362,0.31680501381898285,10
EMT,0.07296303140765008,0.3230630861239659,3
ENT,-0.16440907111221748,0.14401284535165865,3
EPT,-1.1447555534072613,0.3178106069040603,2
EQT,-0.11722788694189419,0.5377678283338169,3
ERT,-1.140896424500587,0.34724347219586776,11
EST,-0.004703606179252794,0.3119781229227255,9
ETT,-0.1427699592054926,0.2626591930864741,6
EVT,0.02178975861240673,0.35173895235635305,8
EWT,-0.29132182741932766,0.2233991941160406,4
EYT,0.07086496731907532,0.4567838691858387,4
