Translation,mean,std_err_of_mean,len
E*C,-2.8633602719239413,,1
EAC,0.413540671167246,0.3600378055440166,2
ECC,-0.5365235492252842,1.7384378518885744,2
EDC,-0.673425809558978,,1
EEC,-1.0605617409206607,0.08185830395671018,2
EGC,0.08993134375793883,0.34243478579947095,6
EPC,1.2202715047975552,,1
EQC,0.5048668149826057,,1
ERC,0.8955771248762767,1.165631179622654,5
ESC,0.008068429009973066,,1
EVC,0.6688025918294699,1.294780965881191,6
EWC,-1.1538062607405841,,1
EYC,0.444131017434259,,1
