Translation,mean,std_err_of_mean,len
F**,0.8191393979034878,,1
FA*,-0.340916563000196,0.5003487773105415,4
FC*,0.08186520114348905,0.11556850712374331,2
FD*,-0.10474939731102273,0.03496996634950236,2
FE*,-0.11195402324111292,0.37988982832312757,2
FF*,-0.29041021669037725,0.5446002310741975,2
FG*,-0.08784489156668096,0.20476599016579594,4
FH*,0.22628692643692006,0.5350288272878626,2
FI*,-1.0931700820914934,,1
FK*,-0.48329104770166254,,1
FL*,-0.2313802473346905,0.6677698315807923,6
FM*,-0.02757008519777493,0.3440166629204219,2
FN*,-0.30526162007392266,0.18908852964819822,2
FQ*,0.2112547654391553,0.34443364610601257,3
FR*,0.037105496323936414,0.23968580894835925,6
FS*,0.11920661984525815,0.2880673412191076,4
FT*,0.2091953756257583,0.2123443482481596,2
FV*,-0.06048146627106399,0.5604431402160044,4
FW*,0.15638391518852224,0.02235815987034069,2
FY*,-0.7207835751972542,,1
