Translation,mean,std_err_of_mean,len
L*L,-2.796915765159304,0.4198342387186069,2
LAL,-2.7557092017391045,0.8071270646347424,3
LCL,-2.2841341382662237,0.1443367967801577,2
LDL,-3.2338606959969525,,1
LEL,-3.149281252603838,0.006415565687713716,2
LGL,-2.808652488700311,0.5101039516320511,7
LKL,-1.6776494788058578,1.5205825982541865,4
LLL,-2.3119379242699147,1.5159008876270572,3
LML,-2.7411956803393416,,1
LPL,-2.026848411249449,0.333536978761748,2
LQL,-1.6164553283973238,,1
LRL,-2.601642357316087,0.583371659469058,10
LSL,-2.274020601585084,0.5945050461851925,3
LTL,-1.9085157448276728,,1
LVL,-2.470220011445867,0.8130461983116505,5
LWL,-1.0413871252647822,0.6551493912539276,7
