Translation,mean,std_err_of_mean,len
D*V,-3.083502080678899,0.58844566247841,3
DAV,0.8783135883795286,0.09115127124513665,2
DCV,-0.4970035792202392,,1
DDV,0.20481627610945474,1.4203239361095608,4
DEV,-1.7352896377406442,,1
DGV,0.03459461244824006,0.6821083566925876,6
DHV,1.684767440643066,,1
DIV,-0.39999710416019774,0.9079377779449593,3
DLV,0.36610320102042415,0.14972645063707718,2
DPV,-0.9917342782840515,1.07371752347534,2
DQV,1.1656383901971257,,1
DRV,0.8772388401039173,,1
DSV,0.46280284779411396,,1
DTV,1.2030384205798281,0.09341553827426204,2
DVV,0.5890320299295363,1.0460939262122695,6
