Translation,mean,std_err_of_mean,len
D*L,-5.724757085193692,,1
DAL,-1.175045164439616,1.1101477776631143,2
DCL,-3.043845510983365,,1
DEL,-1.6054839455880545,,1
DFL,-2.178546451994196,,1
DGL,-2.574406500617597,0.7037066842200032,2
DIL,-2.9687829889571997,,1
DKL,-3.940394162370424,,1
DLL,-1.714043037534437,1.7110653303836831,4
DML,-1.7947167071747891,,1
DPL,-6.883126961697574,,1
DRL,-2.7408762422956596,0.9489252350017536,3
DSL,-2.7651059761610206,,1
DVL,-2.5017375307749004,0.43137439421010104,2
DWL,-3.277565923355243,,1
