Translation,mean,std_err_of_mean,len
YDD,-1.6743273376718326,,1
YED,-0.5755069429588087,0.8138897239722265,2
YGD,-3.3114862492702906,0.5053042589253856,4
YRD,-1.4829537161696447,0.2803651611553111,2
YVD,-1.6175172380895138,,1
