Translation,mean,std_err_of_mean,len
N*N,-4.612336441851059,0.21505372814680135,4
NAN,-0.26183480405783977,0.24522600057466462,4
NCN,-3.2166368602141246,,1
NDN,0.9665529979755765,0.4408818112996475,2
NEN,0.16018722203431324,0.38597496181225416,3
NFN,0.5448708965920694,,1
NGN,0.016532567480570304,0.513742245760438,8
NHN,-0.4084553470635699,0.3822105414458686,3
NIN,-0.7541828097813266,,1
NKN,0.5358947529804148,,1
NLN,-0.853451027787388,0.5239901070712186,4
NMN,0.06557957051854757,,1
NNN,-0.7277203632601825,,1
NQN,0.08149366844723094,,1
NRN,0.008382570395264577,1.0373722007703596,8
NSN,-0.21188107876626994,0.7464606681105498,3
NTN,-0.9032120175359974,,1
NVN,0.6511975578599474,0.414858145090554,4
NWN,0.33580031693695006,0.6210494375924003,3
NYN,-0.6898531395769556,,1
