Translation,mean,std_err_of_mean,len
L*R,-4.515064651642825,0.27596476563742284,4
LAR,-0.11900463944485236,0.3464063072814265,3
LCR,1.2777101611679509,,1
LFR,-1.652696056851907,,1
LGR,0.38497562309603184,0.9085474023247373,5
LIR,-0.871749128775709,0.6683522207371255,8
LNR,-1.2762675461649344,,1
LRR,0.010868285535668765,0.9498187906699973,4
LSR,-0.3254702856036573,,1
LVR,-0.7847144647671263,,1
LYR,-0.02292604655468189,,1
