Translation,mean,std_err_of_mean,len
QAR,-1.3717838714003658,,1
QCR,-1.4984147701886297,,1
QHR,-1.0400310660934267,,1
QLR,-1.3773820293218701,1.2296004995679042,3
QPR,-1.9567053042432931,0.7485174623263067,3
QQR,-1.943937782962406,,1
QRR,-4.373044728690893,,1
QTR,-1.4938001557716234,,1
