Translation,mean,std_err_of_mean,len
G*S,-3.831327749215629,,1
GAS,0.7300699194773017,0.4645203805379672,2
GDS,-2.0364872399835594,,1
GHS,-1.2776530646128592,1.0878211901640449,8
GLS,-0.48250960273802984,0.4146183582393308,3
GNS,-1.2208390944799952,,1
GPS,-1.0524631073833548,0.47457080644846056,5
GQS,-0.24464995966684366,1.4215207934241603,2
GRS,-0.7291945492200966,0.6782286189620724,2
GSS,0.26507590415492555,,1
GTS,-1.1981403304560967,,1
GYS,-1.3464038660958897,1.2224217676164126,2
