Translation,mean,std_err_of_mean,len
M*N,-5.317541816899173,0.12210481592122725,2
MAN,-0.782991337352692,0.7664102906151025,4
MCN,-1.698991724793943,1.2646561292104364,2
MDN,-0.6084344753267539,0.2590434821611719,2
MEN,-0.8893165292315972,0.17867206852435458,2
MFN,-0.8766644072098195,0.1689267125601877,2
MGN,-1.4315660653367237,0.9127514865661752,4
MHN,-1.0157774410523306,0.49383225800601865,2
MIN,-1.3829793300889763,0.007067580297208815,2
MKN,-1.4164945590677855,0.35284753363911703,2
MLN,-1.260022935374265,0.7321384073547197,6
MMN,-1.2721280008643912,0.71616122148679,2
MNN,-1.311291167124534,0.04179149232533706,2
MPN,-1.1884620530314132,0.25112034404813205,4
MQN,-0.6994125312082154,0.6307978122020751,3
MRN,-1.2307300880142205,0.9781817047422141,6
MSN,-0.8989617994782093,0.40810874096626554,6
MTN,-1.8082753159204745,0.4063560523939246,4
MVN,-1.0672870441998457,0.6626321874365547,4
MWN,-0.849729456260607,0.3427320109489583,2
MYN,-2.8559944774626294,1.0441258458618394,2
