Translation,mean,std_err_of_mean,len
Q*C,-5.757777433554285,0.6521621457163461,4
QAC,-1.9184021149491963,0.5751949017997213,8
QCC,-1.2482323839390652,0.7071093835004323,3
QDC,-1.6443554585567233,1.233725431514173,3
QEC,-1.7323982226587349,0.21271161311417447,2
QFC,-2.29216821924528,0.38343247298656713,4
QGC,-1.4335956116269324,0.9581090807767171,4
QHC,-2.1385558674208838,0.35066311032458375,4
QIC,-2.509399071877839,0.22137777024541733,4
QKC,-2.0278157256551554,0.8840749834063648,4
QLC,-2.21416313000153,0.5363259924047721,11
QMC,-2.4106657308578687,0.29794064528025593,3
QNC,-1.4202634496814373,1.0634680250879422,4
QPC,-4.5511460446084655,0.3679067127652065,8
QQC,-1.932676280709079,1.065747591940511,4
QRC,-1.946376491097846,0.5616187202571642,11
QSC,-2.372776814421395,0.6241067702398789,10
QTC,-2.227245697153438,0.4349286624491631,8
QVC,-2.0085444989845103,0.4568279145393316,5
QWC,-1.94284479878962,0.37993103456651695,3
QYC,-2.6423355791248557,0.2969576432346191,4
