Translation,mean,std_err_of_mean,len
VAL,-2.4604692862075788,0.44787588219911434,3
VGL,-0.5885228870206545,0.5734641782974689,2
VHL,-1.8817111682249845,0.494553215048345,3
VKL,-1.7782483890329166,,1
VLL,1.3987664338829031,,1
VPL,-2.05106309547606,0.582648558971287,8
VQL,-1.1243439435454938,0.8301497711064153,4
VRL,-0.19159059394102496,1.02950824712827,2
VSL,-0.8420376477647613,0.9850025371950252,4
VTL,-2.941801134022496,0.31539857180706826,2
VWL,-0.6618252669410172,,1
