Translation,mean,std_err_of_mean,len
S*Q,-5.640266595102134,0.7883876716920726,4
SAQ,-2.572690838987004,0.7729252771557993,7
SCQ,-2.547317976934654,1.0918828956563147,4
SDQ,-1.9556775759594773,0.5495877853036425,3
SEQ,-2.4741397283420428,1.0821676133485683,4
SFQ,-2.1162938869127075,0.8814135226533181,4
SGQ,-2.3752706939532913,0.807939948384528,5
SHQ,-2.3850209072462825,0.2680693734555485,4
SIQ,-1.6370999024395279,0.6611993610576529,3
SKQ,-2.1550250553855372,0.9571615748133432,4
SLQ,-2.3762263479483106,0.5637333405400948,11
SMQ,-1.0984035646162946,1.141431788251706,6
SNQ,-2.575697133881564,0.4537767349897947,3
SPQ,-2.359834410619584,0.4127368083877196,8
SQQ,-2.2541241236137703,0.5207706473011662,4
SRQ,-2.8735319558716057,0.5825073804609091,12
SSQ,-2.3855937982517466,0.7306007152041412,12
STQ,-2.6078856476382035,0.3890277762787547,8
SVQ,-1.9678291122050713,0.41517875567996954,5
SWQ,-2.8577779276278683,0.9643252723483802,4
SYQ,-2.6251886404839206,0.5343577496973776,4
