Translation,mean,std_err_of_mean,len
N*Q,-5.477477908025546,,1
NAQ,-1.9240116904099969,2.170458072358665,4
NCQ,-0.9114592210563366,,1
NDQ,-1.7311376567044037,0.6169412717781275,2
NGQ,-1.0986041206216441,,1
NHQ,-3.1475986516039565,,1
NIQ,-1.6385789224487617,,1
NKQ,-0.9644273867074666,,1
NLQ,-1.640414495341437,,1
NMQ,-3.462386643629255,,1
NNQ,-0.940469264099578,,1
NPQ,-2.635407287983962,0.5328135134189241,6
NQQ,-1.8748984723205417,,1
NRQ,-1.9850610845304686,1.180893977472646,5
NSQ,-2.257206943334969,0.8691901984716668,4
NTQ,-2.357306009141734,,1
NVQ,-1.4574421733755472,1.1639511003247551,4
NWQ,-0.8537830128156756,,1
