Translation,mean,std_err_of_mean,len
L*L,-4.783102870518605,0.9549335611379616,3
LAL,-1.2795664456850036,0.7090318576173466,2
LEL,-2.064800159731128,,1
LHL,-1.4786462643729061,1.4720439377168413,2
LKL,-1.2200111019789153,0.830705559015914,7
LLL,-2.5402202449231854,,1
LML,-1.5306352070214189,,1
LNL,-2.2690576676888963,,1
LPL,-3.249322148821754,0.6054642480239601,3
LQL,-1.8182059362311662,,1
LRL,-1.2278858352813842,,1
LSL,-1.1999047819538071,0.9299332474360211,4
LTL,-1.5540980532109696,,1
