Translation,mean,std_err_of_mean,len
P*Q,-3.6242849299781223,0.2947481621963047,2
PDQ,-4.5242080766731,,1
PEQ,-4.280034111708831,0.5407339049909446,2
PFQ,-4.714870194706512,,1
PGQ,-0.43746186961742434,0.8043566503050091,6
PHQ,-3.8919679927493114,,1
PIQ,-4.653871689441976,,1
PKQ,-4.633335511198737,,1
PLQ,-4.005833842885334,0.6602155646213018,3
PMQ,-4.671109584578332,0.29865512227748925,2
PQQ,-4.354804735626767,,1
PRQ,-4.5124134143035945,0.7836393678908256,4
PSQ,-0.8273884291819957,0.0016133158638590745,2
PVQ,-4.431550806922724,0.3185098321175171,5
PWQ,-5.129319225225562,0.426363813349788,3
PYQ,-2.790556504385881,,1
