Translation,mean,std_err_of_mean,len
F*R,-4.6872243476436966,0.15581596079104887,2
FAR,-0.33081179067369426,,1
FCR,0.35370108038364556,,1
FDR,-1.1136969462642627,1.7044099316173633,2
FER,0.7544464313527364,,1
FFR,-1.301988343999799,0.9822404386003514,2
FGR,-0.6108339125628177,0.3253704774766581,4
FLR,-2.0846219434731665,,1
FMR,1.3534623800204262,,1
FNR,-0.15714255000891875,,1
FRR,0.8927252897814473,0.9660099297160487,3
FSR,0.39339332803131555,0.36200557135795136,2
FVR,-0.7097331310627365,0.8758271318820405,7
FWR,-0.7720317131651413,,1
FYR,-0.07111246476689814,,1
