Translation,mean,std_err_of_mean,len
FCV,-4.477460826613149,,1
FDV,-3.6534529518041348,,1
FEV,-4.86339145661584,,1
FFV,-3.397200536281318,,1
FGV,-4.218560452579559,,1
FHV,-4.034270654701325,,1
FIV,-3.152319391496694,,1
FKV,-1.7445291479898515,,1
FLV,-4.290413161203986,0.23190453235087702,3
FNV,-4.485595792294118,,1
FRV,-4.348281361495516,0.19179068403316946,2
FSV,-0.18310501686864752,0.490067122541266,3
FVV,-4.238655848293219,,1
FWV,-3.922856290749478,,1
FYV,-3.8260095208544525,1.3982702219159187,2
