Translation,mean,std_err_of_mean,len
L*C,-4.644591486823209,0.26531348789661807,4
LAC,1.1671380766934008,1.1763357401015864,7
LCC,1.104546701152446,1.046576956662197,4
LDC,-0.1708200388773855,0.5624759228515759,4
LEC,0.452168587375432,0.7070781986407375,4
LFC,-0.8995320096146007,0.1743975237267771,4
LGC,-0.2625972344875363,0.5244179586506709,8
LHC,-1.972034353698996,0.17679681895330976,3
LIC,1.2038635351014382,0.670615311423995,3
LKC,-2.503825201924546,0.13319783323408554,4
LLC,0.9048096523969266,0.9323715811493888,5
LMC,0.8950634276395453,0.20823357613281065,4
LNC,0.7552620928221612,0.7517239572498963,4
LPC,0.8985584675932756,0.4613225126266569,3
LQC,0.8516116474780707,0.4488582731129735,3
LRC,-4.230086888798533,0.33819145976647375,12
LSC,0.5812922403365611,0.4228065638022385,8
LTC,1.4627884197075545,0.8832383055491507,5
LVC,1.0510937928999453,0.9728868552598239,8
LWC,-2.8345121195617295,0.15480814551092703,4
LYC,-1.4784682469908286,0.5122018202937301,4
