Translation,mean,std_err_of_mean,len
Y*C,-5.780665951409549,1.3525103618692724,2
YEC,-2.7664365598364036,,1
YGC,-2.2946006527306206,,1
YHC,-2.2334768947144674,,1
YKC,-2.5220564361389837,,1
YLC,-4.741234770154984,1.3920639451210983,5
YPC,-2.009197209591202,1.0614029379472911,3
YQC,-0.5953790419410381,0.8419931158657158,2
YRC,-4.748559980895586,1.1369041789617063,3
YWC,-3.1668657576728556,0.7405663880334779,2
