Translation,mean,std_err_of_mean,len
C*N,-5.990563634835302,0.9255307810247785,2
CAN,-5.295510572966342,0.6791108970323603,4
CCN,-6.692421366866347,0.29243037275715766,2
CDN,-6.642523956150928,,1
CEN,-5.980360190497278,,1
CFN,-3.4024788146655816,0.2598375989569264,3
CGN,-6.583189385324816,0.44980306966426115,3
CHN,-5.945002165801435,,1
CIN,-3.7731830643200643,1.0756246614396874,2
CKN,-5.292818387547316,0.12131340240189886,2
CLN,-2.4722681157929323,1.5183529259721962,2
CMN,-2.0505924016746624,2.4161320812036333,2
CQN,-3.194502624095774,,1
CRN,-4.9246915463666605,1.1739572962827018,5
CSN,-5.537390362070512,0.8545782212657188,4
CTN,-4.334588135173174,0.9605294118192348,2
CVN,-6.247120335277213,0.22111774309573387,2
CWN,-6.243988589288334,0.04703003744332801,2
CYN,-1.479596701894587,2.092465722661826,2
