Translation,mean
C*M,[-6.295050398543172]
CAM,"[-1.8233049979788976, -2.2383758234133175, 0.0]"
CDM,"[-7.557976069447695, -6.225532814752967]"
CEM,"[-7.542461262817609, -6.511087243645042]"
CFM,[-6.132485693601563]
CGM,"[-1.7621564772076024, -0.7457074067169849, -0.2396404914639838]"
CHM,"[-5.988038871355906, -6.0283828434838505]"
CKM,"[-5.213626041873521, -5.207941379711757]"
CLM,"[-4.123060947354901, -2.8532024207907636, -4.846585220532708, -2.362634723373036]"
CNM,"[-6.946515766549462, -6.601259740549488]"
CPM,[-2.6320870395468505]
CQM,"[-6.095642856659717, -6.535235850353464]"
CRM,"[-4.891081475778074, -6.443015425487818, -5.2660605436267724, -5.126645066706948, -7.006162830527762]"
CSM,"[-0.8446526322314707, -3.2681284413694307, -2.7629067251865784, -3.7835292932448032]"
CTM,[-2.5154038127843963]
CVM,"[-0.7106423185196302, -1.1048265024485033, -3.738171850431469]"
CWM,"[-6.6820086169867325, -6.212624534338451]"
CYM,"[-7.707373171529053, -5.40874739452399]"
