Translation,mean
Y*F,"[-5.509681375512185, -4.9528606712478584]"
YAF,"[-2.2135714848700063, -0.9281700037007852]"
YCF,"[-0.3326368320820219, 0.29468712855637946]"
YEF,"[0.24937121724769362, -0.738239712805898]"
YFF,[-0.31206845770024483]
YGF,"[-2.366378351250569, -1.1601154874639636, -0.7529917730012627, -1.8533656924084276, -1.9314069246029657, -1.9974785821592667]"
YHF,[-1.679789363108073]
YIF,"[-0.7493486017700768, -1.8268640085180294, -0.9276186261081563]"
YKF,"[-1.5969264249669086, -1.28470259643853, 0.0]"
YLF,"[-1.2489125807371781, 0.930165216889427, -0.08263673478624689, 0.6317221158339503, 0.24744221990064919]"
YMF,[-2.1336877531025387]
YNF,[-1.5433185934389737]
YPF,"[-1.2413069425886825, -3.5704317291369296, -2.507193776953139, -4.60281988015561, -2.509580259661483, -3.8384205843331123]"
YQF,"[-0.1852064684267951, -1.9907490624049036]"
YRF,"[-1.2854583558670019, -2.003315127085502, -1.0988311246843834, 0.17433723638142062, 0.4089272603043064, -1.1773445268605514, -1.081317639086775, -1.3327559713275132]"
YSF,"[-1.5233221859658883, -1.091371303750698, 0.4781484513081331]"
YTF,[-0.4291320513128838]
YVF,[0.19008364586746307]
YWF,"[0.2365256834260574, -1.114285695698701, -2.11541677771735]"
YYF,[-0.690980580436257]
