Translation,mean
RHT,[0.1385904393715256]
RQT,"[0.0, 0.07249472901624099]"
