Translation,mean
F*Y,"[-3.143743793318432, -3.729108988432399, -3.212043094794229, -2.896344699292378]"
FAY,"[-0.924004279401613, 0.5710023864630465, -0.1432578262648878]"
FCY,"[0.2298446438375903, 0.0, -0.0996272638433302]"
FDY,"[0.37010530704917954, -1.5700691598865326]"
FEY,"[-0.20564187021102853, -2.8408491820969495, 0.05726382699203647]"
FFY,[-0.3856953661884086]
FGY,"[-0.9099646918890976, 0.7037924920788914, -1.0702264564138826, -0.2685719410069076, -0.7559682801876662]"
FIY,[-0.8549440119827363]
FKY,"[0.23782315660097453, -0.25137954920709404, -0.14338641444099665, 1.1687266591408019]"
FLY,"[-2.4138390411520287, -0.49219563499650576, -0.44066964154522026, 0.3771326731601832]"
FMY,"[0.14505598801726372, -1.7409688197280317]"
FPY,"[0.5284815796228965, -2.21249601660082, 0.7440525978581523]"
FRY,"[-0.17934217358238058, -0.5399536895542223, -0.20899980214742975, -0.381719098634937, 0.6520159767371467, 0.3557666043060763, -0.9792907625249203, 0.7632064011630888, -0.5991378815519628, -0.6661823685275685, -0.22584930124956504, -0.6034052449867708]"
FSY,"[0.1484572352686051, -0.7509010142479129, -0.751241938661412, 0.08847245965089634, 0.22720152469410948, -0.38283857474839955]"
FTY,"[0.53128411613514, -0.775864167495314, -1.9851706864611103, -2.7002059508164464, -2.0501484218734074]"
FVY,"[-0.08403854999425064, 0.7033096785671766, 0.323722584851156, -0.2585608156741177]"
FWY,"[-1.0307025724558674, 0.4411097486577802, -1.1597570827287482, -0.849235347473499]"
FYY,"[-2.362884092480046, 0.21132378019010467, -0.5135234639877835]"
