Translation,mean
D*T,"[-7.092173903668344, -6.306910415456954, -8.861905909686893, -7.550487754472341]"
DAT,"[0.6222217250442679, -3.9732183726219876, -1.719888692239981, 2.7256480437891533, -1.3896715963254227]"
DCT,[-0.32136376842248104]
DDT,"[-1.857718915231306, -1.0953094495267388]"
DET,"[-1.2194100425352605, -0.10927011316626611, 0.3259916762784334, 0.792957286316053]"
DFT,[1.7352149016866463]
DGT,"[-2.780356373328984, -0.4073150379412933, -1.3873444339128382, 0.280452107484507, 0.3850243622509857]"
DIT,[0.8124116866384448]
DKT,"[-0.4144868134499138, -0.34219660259183726]"
DLT,"[0.12379048431093587, 1.967883944460131]"
DMT,[-2.9863894164532496]
DNT,[-0.821884238065167]
DPT,"[-2.2806879901123525, -3.902583333085497, -2.8772568562788106, -3.1179667095705206]"
DQT,[-3.019368228280131]
DRT,"[1.6572776542424101, 0.15826382515800486, -3.1638128208006773, 1.0853267509239526, -4.792021078303128]"
DST,"[-3.046530298738559, 0.32619777485327717]"
DTT,"[0.0, -2.0216557793313576, -1.4989812962134828, 0.9019087138421575, -0.5569711115636307, -0.12234994021025614, 0.9163639081729844, -1.937202568927244]"
DVT,"[-0.5804666479001082, 0.49161135273428513, -3.929640403232911]"
DWT,"[-0.7716001089142779, -2.9900130727810534]"
DYT,"[1.1862154857455032, 0.5339351975750457]"
