Translation,mean
NCY,[-0.04714491727710968]
NFY,"[0.10216814791942408, 0.0, 1.4427493862318217]"
NIY,[-0.018603948446814123]
NLY,[0.1360990897848362]
NYY,[-0.11729800401515789]
