Translation,mean
G*H,"[-3.446582718644386, -4.579150895167779, -3.4693670265238725]"
GAH,"[-1.5455282121744354, 0.1914939128215405, -1.0234737603375956, -0.16954225301110526]"
GCH,"[1.1871789850023635, -1.2510187991957142, -1.6928011537070873]"
GDH,"[-1.164282697950509, -1.2823363842180662, -1.1363303367274984, -0.16032796127832505]"
GEH,"[0.41419566016805476, 0.3185363902271927, 0.43500141668324765, 0.24344366252429062]"
GFH,"[-1.3384188180101235, -0.09889860863271593, -0.18436356834103762, 1.115422231364315]"
GGH,"[-0.4035326336207561, -1.4208908361262065, -1.2889583110255334, -0.9935171771206583, -1.1484063079358293, 0.5661171436544752, -0.8795020726183127, -1.1310921560926541]"
GIH,"[-1.7749170271134087, 0.12359890795352335]"
GKH,"[-0.46606326209467497, -0.8009858785606667]"
GLH,"[0.9113115731168868, 0.7631103882949581, -1.8571408624293362, -1.1190054170723762, 0.46067693735227344, 0.001936205069821284, -0.018872439868431456, -0.705663304644137]"
GMH,[-1.0369927037769404]
GNH,[1.0080450146524669]
GQH,[0.04491408715870371]
GRH,"[-0.2959479691476492, -0.2852526332664418, 1.0147825923122094, -0.4761110917348237, -1.3383051963632955]"
GSH,"[-0.3326706049872268, 1.5148279149576211, 1.3959667034991643, -0.4960826780610752, -0.6027597683549715, -1.5126369677599367]"
GTH,"[-0.06402028439446106, -0.40721490588344444, -0.013979601894865468]"
GVH,"[-1.3494918914107359, -0.8367456416782666, 0.8282119890246538, -1.0022879211093514, 0.0, -1.4292109806009128, -0.4863602170719341, -0.7979792367820338]"
GWH,"[0.6627254674538658, 0.4595095113242351, 1.4903423502682696]"
GYH,"[-1.072426397271526, 0.5773443990777292]"
