Translation,mean
D*E,"[-3.3077418262124416, -4.345545389399475, -5.245643612871095, -5.256026581266994]"
DAE,"[0.9047287643514768, 0.8127993440808243, 1.0807772959494297, -1.2647650958352799, -0.8300949754211926, 1.424098138782048, -0.6762010338221236]"
DCE,"[-1.0009234490694183, 0.7030031819031652, 1.7199224797335102, 0.5862183497109843]"
DDE,"[-3.1261440925994792, -3.4359148215277546, -3.8230494584129353, -3.29293203097712]"
DEE,"[-3.8066581526063086, -4.264817135108969, -5.342152303694285, -4.757142113846554]"
DFE,"[-1.4560652941103607, -1.0676320054566144, 1.200570565813809]"
DGE,"[0.052617005489942414, -0.04757857524504594, 0.45334120368563546, -1.1360014223924253, -1.2753329163362324, -1.229985140703735, 0.37958539105469935, 0.10760830524372622]"
DHE,"[-1.0981275920706492, -0.14828940819707714, 0.3162822355755406]"
DIE,[-0.1846689450985739]
DKE,"[-2.497324401886612, -2.5693166695727445, -2.13222935544042, -3.5605516264825736]"
DLE,"[0.31335107327450906, -1.7244729846998794, -0.2872276342260598, -1.9975953680901348, -0.9411788634763578, 0.764291621900961, 0.0, -1.200431403677995, 1.127935513993723, 0.6291269411802745]"
DME,"[-0.3612550562581269, 1.2353779223892936, -0.0553712330917957]"
DNE,"[1.2239801914230792, 0.1552521806831786, -1.1670963156506247]"
DPE,"[0.07832330194031556, 0.5104824446816565, 0.4581344627814623, -0.09998211979208627, -0.40949869771856484, 1.7699894770201254]"
DQE,"[-0.2545575292070339, 1.0123733735440386, -2.4411531119168357, -1.9119301531501698]"
DRE,"[-2.197614216810684, -3.949152968827199, -3.273418964113262, -2.989659966730678, -4.535981043964261, -4.724917911520267, -2.4985539330439277, -3.82300463899136, -2.369996205381076, -2.453552378009787, -2.595529887678726, -2.970567803221]"
DSE,"[-0.23457404812211813, 0.02790572252992618, -0.9716608022549238, -3.0164508419262983, -1.110031663119491, -2.830420375649748, -1.2065916355962383, -1.674518844309305, -0.2571326654402304, -0.8093919914377317, -1.777900892304352, -0.9772448867125236]"
DTE,"[-1.0061439216712689, -0.5711988297269199, -0.3254106259489742, -0.22523460997989275, -0.5551891525676584, -0.7211648084259963, -1.9471985946299233]"
DVE,"[-0.053145185334449785, 1.1739196207337415, 0.4239849770554791, -1.0417612833506489, 0.4001071922155468]"
DWE,"[0.9894737203692401, 0.2457983016287688, -1.0520122210018812, 1.6608063794672088]"
DYE,[-0.7814135362660917]
