Translation,mean
Q*A,"[-5.172948386473044, -6.323285041529779]"
QCA,"[-1.8540923853142943, -2.3291890327008344, -1.7533533711929739, 0.0, -1.3075336305759686]"
QDA,"[-2.3476121227091156, -3.29409493418315, -5.718074300540209, -5.0311861735789005]"
QEA,"[-2.989501691515107, -2.8760659277270033, -3.4380441181180115]"
QFA,"[-2.2910895898127404, -3.348014474724156, -3.031717890053156]"
QGA,"[-6.693216217271891, -7.345374763803193, -7.324122958038513, -7.007283623764241, -6.190876331582471, -7.576635750331606, -6.328582844926441]"
QHA,[-2.6862718515160946]
QKA,"[-5.221590842605451, -6.339094962723572, -6.9251962633742306]"
QMA,"[-0.8199826302786466, -2.5355205697149383]"
QPA,[-3.91298879765432]
QQA,[-2.244122978358641]
QRA,"[-8.724422959220366, -6.290749893831737, -6.195633594347046, -5.84512230296467, -6.619228506822676, -5.544776571692835, -6.60056796473075, -5.900107722404818]"
QSA,"[-0.6223499304259246, -1.76205939704613, -2.8284445523010953, -2.6112739236564657, -0.2571306714261521, -2.4844956203654376]"
QWA,"[-5.8530846083042665, -5.531030798780551, -6.85517524376252, -6.673707144331399]"
QYA,[-3.0972131641263205]
