Translation,mean
E*C,"[-3.442944035939224, -4.289643390751987, -5.319706996630453, -4.922325197212597]"
EAC,"[-0.29670239417166044, -0.5859550383576497, 0.6681258449509437, -0.43262488210211636, -1.1084501814544172, -1.017363379245321, -0.8865448432677265]"
ECC,"[-1.5222223185969117, -0.44612026261560267, -1.0067088983985748, -1.76578474296707]"
EDC,"[-1.239018327922274, -1.1754251280300716, 1.147350765949282, -0.673425809558978]"
EEC,"[-2.5881039700990964, -1.7346293449909833, -1.11844430274488]"
EFC,"[0.6575631683472771, -0.021756309278685215, 0.12171658424144205, -0.030755820046618254]"
EGC,"[0.886638767399921, 0.07753300216534953, 0.7010155959270632, -0.3605584163054907, -1.1381776180990366, 0.05935565609095583, 0.06224222466975515, 0.0]"
EHC,"[-0.39644254579546967, -0.00731904736944422, -0.0069666812546955725, 0.38648079005687563]"
EIC,"[-3.224073413250359, -0.5285579702353544, 0.04543519634530746]"
EKC,"[-1.0144201037445875, -2.82398082864343, -1.9078210376711056, -0.8428231099897818]"
ELC,"[-1.5122064958091919, 1.189013854506558, -1.331140860432913, -0.5034581844672097, -0.573032536716684, -1.5740432249059992, 1.727046882656559, 0.5275288683575132]"
EMC,"[-0.6149826416363098, -0.7679852882073313, 0.7391869394687207, -1.679457565520325]"
ENC,"[0.6720804234386311, -0.1640456504191805, -1.241224043168181, -0.3139803856034966]"
EPC,"[0.37509051845839814, 0.9606419945055098, 0.06993459617956788, -0.19027860348897363, 1.2202715047975552]"
EQC,"[-0.3951171483289002, 0.5048668149826057, -1.904795612570089]"
ERC,"[0.1874971296145791, 0.5769877630501634, 0.3100908995076681, 0.09079888036140549, 0.41229493031225495, -0.5719615637110049, -1.1061579823247492, -0.9249380948575965, 1.777299918818649, 2.458609118293431, -0.13755381821922796, -0.15983330868526924]"
ESC,"[-2.0738463818797808, 0.008068429009973066, 0.48070070641899676, -0.17103612849676608, -0.05190451301833576, -1.9431697111472799, -2.7274210999480104, -1.0588733122632874]"
ETC,"[0.21653433109528386, -1.494552631245318, 0.9822610656202162]"
EVC,"[0.41514799979189654, 3.0718413258824917, -0.09619574538259279, 0.26569151742272634, -0.09376121350063915, 0.6746148511242538, -0.6898835035498498]"
EWC,"[-1.074939251714028, -1.3425137411494044, -1.4532484873036458]"
EYC,"[-0.6027778875023699, 0.444131017434259, -0.015013439159446307, -1.8857012647140659]"
