Translation,mean
K*V,"[-3.798949363889365, -5.333593847445864, -5.500451282007581]"
KAV,"[-2.1790803656299538, -1.073324848333245, -0.41329939863806153]"
KCV,[-1.549362798703454]
KDV,"[-4.126672328294906, -4.132847939726858, -3.838837580971618, -3.6991529816715976]"
KEV,"[0.5775211745875435, 0.11545300970691663]"
KFV,"[-2.3968768243352487, -2.5865433719898028, -1.842908562695123, -1.501149242690727, 0.0]"
KGV,"[-1.481852221221919, -1.2860996961935829, -2.036814628534124, -1.4031807715151645, -0.553146690426332]"
KHV,[-0.3964747759967011]
KIV,"[-1.5016552730589083, -2.170428064846404]"
KKV,"[-1.6196092925725694, -1.9869020371946693]"
KLV,"[0.6143996688119149, -2.0884355760846534, 0.985249977852213, -1.4192318910414876, -2.481376876536407]"
KMV,"[0.4134309691914382, 0.5479068002438048, -1.0068288331176785]"
KNV,"[-1.0501004088050143, 0.24354419850823028]"
KPV,[-1.0849354787690242]
KRV,"[0.14678843344406545, -0.8228824678247957, -0.9072417244189372, -0.20207476815691727, 0.4226031010079758]"
KSV,"[-0.5507238318618395, 0.5759542198979428, -0.13409115269994132, -2.789073772627047]"
KTV,[-0.9822930550305724]
KVV,"[-1.1583307624353996, -0.7123286253624448, -2.736216431099317, -1.7515137105202845]"
KWV,"[-0.8438498972882282, -1.2877685165542019, 0.2367887448481767]"
KYV,"[-1.288870027600387, -2.24412989102109]"
