Translation,mean
G*T,"[-3.9321225812527882, -4.6653511667939345, -5.60273854607766, -4.325380203478533]"
GAT,[-1.7342490634839276]
GCT,"[-0.9423499445306316, -1.199330551886618]"
GDT,"[0.054623680892875726, -1.3508653518792446]"
GET,"[0.47516343495238367, -1.872731017275358, -0.8378328092907683]"
GFT,[-0.9182871265055912]
GGT,"[-1.3193497764622961, -0.6406848937341358, -0.6093551047431092, 0.26896942475900865, -1.012270137911023, -1.6446380870640933, -1.1214808708164075]"
GHT,[-1.9684072876838785]
GIT,"[-1.5754598358783483, -2.7822041545889205, -2.0142760058622864, -2.900610049850796]"
GKT,"[-1.8820741339146965, 1.0401272282217757, -0.2632239821981619]"
GLT,"[-1.7492529268740888, -0.6196092925725711, -1.9277102461344313, -1.5676767409523915]"
GMT,"[-0.09295233957017857, 0.5311935553449434]"
GNT,[-0.9538677800007633]
GPT,"[-4.978091595011155, -2.971725735342633, -4.556235672764545, -3.063097192312762, -4.462746745722799, -4.7535665369755105, -5.3233948748114495, -3.811140750204258]"
GQT,"[-1.316890133869423, -1.0981520480576235, -1.840714347316153, 0.0, -1.9971396730318736, -1.168725644448978, -1.531127732332119]"
GRT,"[-2.4241694838569785, -2.2288748275006345, -0.30896273882332537, -1.3993965638740455, -1.1897042302199559, -1.3920143175298723, 0.6897576216473773, 1.603289426379492, -1.7321662233730528, -0.9900761270948042]"
GST,"[0.39821314889320014, -3.6554364635785905, -0.9792609374291601]"
GTT,[1.268324548770817]
GVT,"[-2.897036614688086, -1.3322603459001119, -2.2857779280246664, -2.915657684923879, -1.0439224362520019, -1.6861396728913478, -2.920728645723333]"
GWT,"[-2.4252720403041366, -1.4517837092959063]"
GYT,"[-0.4063339225266649, -2.0808269039756713]"
