Translation,mean
M*L,"[-5.270028725363236, -4.007475164517431, -3.9790198184643355, -3.4609892439796175]"
MAL,"[1.5906915125764503, -0.1299405069315256, -1.497687916301346, -0.027890496669687792, 0.09801840062421796, 0.08537639732480073]"
MCL,"[1.1954737637340838, -0.5978331331502105, 0.10676691084638801, -0.956500242824184]"
MDL,"[-5.040564778885314, -4.845582644078147, -3.951539821389903, -2.8489203556243687, -1.4528215354090954]"
MEL,"[0.0, -0.653266075349503, 0.04809133094286011, -1.5569502787312581]"
MFL,"[-4.586920976916245, -3.007481248175309, -2.792851142538092]"
MGL,"[-1.67204259354029, 0.42409813878204794, 0.23290150272426846, -1.1154778280218611, -0.10923526010457074, 1.6929734232049007, -0.35225206656993713]"
MHL,"[-1.9318443564591607, -0.7868041022508931]"
MIL,"[-0.32454400776425274, -0.4330633760389766, -2.7592175526761373]"
MKL,"[0.9275570909303976, -0.7440779897668719, -0.279224611556522]"
MLL,"[-1.033014256637383, -0.7572933043104602, 0.1587332169190656, 0.8968154481695692, -0.12402759375873806, 0.022923292884948765, -0.5400484135624524, -0.5179091559745679, -0.43864403625466064, -0.8585064044535677]"
MML,"[-2.219439188124568, 0.06152805939733952, 1.0295786393279247, -0.7698487846331705]"
MNL,"[-4.633718630635302, -3.521876642556635]"
MPL,"[-4.192645909154405, -2.152640832039056, -2.3776080578788923, -2.7077442926636746, -4.330655618140986]"
MQL,"[-0.5499534091803184, -1.4229338791343364]"
MRL,"[0.8244172184615479, 1.2705736044751283, -0.5124663319842933, -0.2542753015058743, 0.6282388555622713, -0.3143313774183323, -0.07131277696081639, -0.7614575143740296]"
MSL,"[-2.591691571471781, -2.340651453561854, -2.022537262175481, -1.1106438163058172, -1.9349913057480368, -0.9849819052003976, -1.4618228215051428, -1.358676512156352, -3.093462836442175, 1.473007739262993, 0.13714045341775716]"
MTL,"[-3.857496666876823, -4.337345510941828, -4.2802771275682145, -4.687098201148872, -4.295065356568125, -3.764023296287749]"
MVL,"[-1.9413082945861184, 0.5218862717089658, -0.9085600128722975, -1.0682064753413938, -0.0808106185747679, -0.549654061816546, -0.7036591966549466]"
MWL,"[-0.4754619600969239, -1.8862551777679126, -0.44654926818168583]"
MYL,"[-1.54016764948474, -3.315479898067675, -4.424328549632277]"
