Translation,mean
Y*Y,"[-5.503416614520335, -4.139418303279665, -4.82772845091412]"
YAY,"[-0.7278064740824277, -0.9186138137398228, 0.7686436363573428, -0.7065123345729702]"
YCY,"[-0.24520965070215972, -0.5972718411953668]"
YDY,"[-0.7066918832607829, -0.1572470384882454]"
YEY,"[0.5017985627542645, 0.16852132846518053, -2.173870868981897]"
YFY,"[0.38015977218736907, -1.4902513153465389]"
YGY,"[0.9485257623778303, 1.2547130826328603, -0.062120873873857896, 0.1275446285797539, -2.4854570196478, -0.6550854448652235]"
YHY,[1.130098134567156]
YIY,"[-0.9876358009747221, -0.2705468883935698, -0.3081719606934872]"
YKY,[-0.7510280597850434]
YLY,"[1.0430297488410645, 0.8364958465763639, -1.2807860728984082, -1.312847282130706, -0.34174804177535023]"
YMY,"[1.0891635368518973, 0.4401206803507911]"
YNY,"[-0.5970356807325929, 0.0, -1.3022904757364975]"
YPY,"[0.9917731351325401, 1.8245736645160626, 0.19536294068382176, 1.1052017469436688, 0.42197994788199544]"
YQY,[1.0147906950420023]
YRY,"[1.6448888163479563, 0.8115120349459204, -0.17387086898189708, -1.8685256582901388, 2.244797880743816]"
YSY,"[-1.075307034498307, -0.8012809225555575, -2.0321427593702364, -0.27875744114973244, 2.0839268884857507, -0.3462751544866691, 0.270913973691]"
YTY,"[-0.5780200521180046, 0.30107787051747614, -1.509738154827133]"
YVY,"[-1.2889473934285878, 1.144897617648967, 0.031782701161843896, -1.7542664201901212, -0.41422983684779346, 1.6988248067430245]"
YWY,"[0.6235487458277156, -0.32436249550934804, 1.1730005723256545]"
YYY,"[-0.6798604848229992, 0.33412964992437644]"
