Translation,mean
A*L,"[-2.6323754407224538, -3.8893864637110713, -3.4150980896883354, -3.2319145876220183]"
AAL,"[-0.09186335764101905, -2.0903473684740135, -1.103618498859377, -0.3805300755045522, -0.6281512613702294, -2.1144325976685643]"
ACL,"[-0.0555000869754565, -1.0299625199313631, -0.6651123318462915, -1.5675728293434252]"
ADL,"[-1.0818166941929412, -1.0987244618536316, -3.8171838811781305, -2.4803992996533246]"
AEL,"[-3.27086321481175, -3.9174578082330953, -3.916211784537417, -4.133613219424001]"
AFL,"[-1.4702839391655234, 0.04142989974854849]"
AGL,"[-2.061100790641972, -1.079532388820235, -2.4560409285434197, -1.313103630413282, -2.994587033878542, -2.4809402540755476, -0.7900389437471222, -1.0098604651728236]"
AHL,[0.8161450443303533]
AIL,"[0.10409242114605455, 0.17668967652900847, 0.7622265191545861]"
AKL,"[-3.2668788123508055, -3.6849531782860643]"
ALL,"[0.5235013656475207, -1.5653326565724281, 0.7825398325182018, 0.09123703254902615, -0.9453379701062152]"
AML,"[-0.5879965482382365, -1.518001850153114, -2.161091378069554, -1.6465184493199176]"
ANL,"[-2.4033832458381017, -3.660304214930135, -1.8134815832990725]"
APL,"[-2.9368094653422814, -4.328905029878825, -2.973225284102117, -3.0388184070336166, -2.790576096660441, -2.4879460304450234]"
AQL,"[-2.9031924794298787, -1.810926310220946, -4.442658790351272, -4.0571092184027515]"
ARL,"[-3.4597651553656528, -2.330270207444805, -3.556979592337889, -2.4363988804049503, -1.6601458022106907, -3.34458339459772, -2.9168918641391586, -3.305144789875413, -3.278657575407074, -3.532453082445075, -3.7280046652529375, -2.9942840183733104]"
ASL,"[-0.8991106428945912, -1.5391451007855395, -3.2439766604013442, -0.009484081033233949, -0.8831483481386027, -1.2906981924191196, -1.2225158781834171, -1.6894350028087164, -0.5808339546429995, -2.6668051920745857]"
ATL,"[-2.36755085169182, -1.2072249096045429, -3.4947406887423735, -0.08914385628742671, -0.7297928264056548, -2.9529278783979525, -1.3675254674225776]"
AVL,"[1.2771783579583875, 0.14316898225470087, -0.8558596948146002, -0.04189114207003186, -0.05813505510146655, -1.169676695956686]"
AWL,"[-1.2167066957084733, -0.8570830477285467, -1.188755621782037, -1.0318540329175967, 0.10839007311320081, -1.2748341407589203, 0.0]"
