Translation,mean
L*D,"[-6.339273311733516, -4.013158756140703, -4.0547533470926, -5.059938539266691]"
LAD,"[1.2352740623737457, -0.5409283393589188, -0.2465161708136634, -1.3701362626029887, -0.04458785203692983]"
LCD,"[0.8436165577469446, -0.6093001570919174]"
LDD,"[1.2302429812607105, 0.004293148020881432, -1.0391493135021959]"
LED,"[-0.9619517788749565, -3.6304276376990057]"
LFD,"[-0.8367422518869265, -1.103481541090499, 0.3670652808799808, -2.831638677639445]"
LGD,"[-1.1056993663403176, 0.47443950423567394, -1.672324376448378, -0.12000399700316144, 2.0212272036699837]"
LHD,"[-0.4048764206230526, 2.0115552260006027, -0.7252507691786718]"
LID,"[0.08064430449644888, -0.17387086898189708, -1.0125102537665178]"
LKD,"[-0.8937629497891617, -1.2829425681293678, 0.3345381284380622, -0.35866244854250695]"
LLD,"[-1.214512853479242, -0.41852674550083613, 0.9939975461664794, -1.4471553715094476, -0.6482869153396731]"
LMD,"[1.279447625928789, 2.153295866134828, -0.22720037138802418]"
LND,"[-0.7175699758144418, -1.44495354199874, -0.19492293164359875, 0.0, -3.437638257777066]"
LPD,"[-0.18190818804731457, 0.14063975434298293, 0.46767516010562815, 0.26470214475773624, -0.03157698651677521]"
LQD,"[2.2184056225727815, -0.7736913284301643, 1.8052646110965025]"
LRD,"[-1.51445841910086, -2.1558369461516342, -2.2886912709837546, -0.2855500674559437, -2.0103721366990186, -0.8450891030534713, -0.04632081926138554]"
LSD,"[-0.039670598056599005, -0.5513937886461733, -0.771349532227938, -0.7513948915498849, -0.3013317781641547, -0.39748229760750675, 1.1308707150887898]"
LTD,"[1.2000093055401884, -0.059334437406116436, -1.960275395882606, 1.5103687346217, -1.341765335196838, 0.16277873161223155, -1.3182607783170717]"
LVD,"[1.2448422884403456, 0.09723296682778404, 0.5009771352564556, 1.565097078095457, -0.25748030163265057, 0.7021968031597208, -1.4805877136330867, -0.9266785689063806]"
LWD,"[1.446623182387917, -0.7729914326997136, -1.5229728660448938, -1.1537492730611234]"
LYD,"[-0.9668264119788841, -2.5352073484274946, -1.6040080500711884]"
