Translation,mean
G*R,"[-5.984491544013208, -6.051735057781452, -6.707558509861955, -6.5206159005505215]"
GAR,"[0.04473171504507434, -0.4360889193261901, -0.09050720794818545, -0.0014034924415984307, -1.9157073543413201]"
GCR,"[-1.3385245781412554, -1.2752959085766697, -0.3348527805043009, -1.3982018734354007]"
GDR,"[0.0, -0.7452294810032187, -0.3071306989200515, -0.8603139750255968, 0.8676978872547778]"
GER,"[-0.8767132227254564, -3.2748545142207295]"
GFR,"[-0.41028041813187244, 0.8543872456724539, -1.6583848973814668]"
GGR,"[-1.638983524381703, -0.12151478828912854, -2.0402772216689415, -2.076539950265577, -1.1462955321782848, -2.450579841915527, -0.8562981735275468, -1.7554584357828613]"
GHR,"[-0.19096738972739757, -1.0426261551681115]"
GIR,"[-1.7952346956903034, -1.1244143825469433, -1.0199502057545562, -0.5265799617556226]"
GKR,"[-1.4552970367116131, -1.6267432184258848, -3.3002312347699423, -0.281571027026267]"
GLR,"[-3.584377262443623, -3.478035305151831, -3.965779949678385, -3.031732358552583, -2.7203039152288966, -4.924430490941505, -2.3156794891327017, -3.98549801308158, -3.117242895748033, -3.718035049756426, -2.2582972995577606, -3.4602118014124397]"
GMR,"[-1.4495386798966745, -1.5187361650484235, -3.8401569118800047, -3.026747961846394]"
GNR,"[0.29118856586674546, 1.019235622601137, 1.2478599976490994]"
GPR,"[-3.8904390730498664, -5.526489711730454, -4.631900187640028, -5.519728800132463]"
GRR,"[-0.19033763209841048, 0.21888975906289687, -0.4797635933116666, -2.088186624759656, -1.124414004012948, -0.03387571385842669, -0.3974463485768229, -0.8215144198656645, -1.235167193637933, -2.378150159168648, -1.3179331067545341]"
GSR,"[-1.197365160925548, -1.7644680313918233, 1.1303662751197772, 1.232499076839634, 0.39861173906412795, 0.6963866934289591, 0.46865611590564527]"
GTR,[-1.7481170631593663]
GVR,"[0.00037659534982026344, -0.9049495318633554, 0.6500018129354181, 0.18231013821675646]"
GWR,"[-0.8149652176040725, -1.8433201737715024, -1.328345672222376, -3.52362766170436]"
GYR,"[-0.5880414640075546, 0.04960927164465545, -0.1320737006738284, 0.24358956027086975]"
