Translation,mean
G*L,"[-2.4453149368522595, -1.9488742391127838, -2.051401431683761, -2.5895150218102936]"
GAL,"[-0.030818240265917396, -0.7714166090850147, -0.13127180722837117, -0.42916404993266255, 0.11422212329325188, 0.34713497907391755, -0.5687843979100737, -0.12890718014267222]"
GCL,"[-0.09307727457143233, 1.5413167925972573, 0.8727787527546091, 0.4547554488465444]"
GDL,"[0.5944289521622803, 0.24854048414719898, -1.0886529772095113, 0.49375079430409485]"
GEL,"[0.2185146019298152, -0.145176299308992, 0.21492215695214156, 0.22124267817253251]"
GFL,"[0.5038026742174733, 0.058719823033099416, 0.3958047562618203]"
GGL,"[0.15847927858167665, -0.5665716756977712, -0.48001201552017747, 0.5161848062991172, 0.3992407094632746, 0.48514782466042483, -0.8280114993501728, 0.00150295321956051]"
GHL,"[-0.2459605598832697, -0.0073018194911913525, 0.6866705007285212, 0.07995751356840053]"
GIL,"[-0.10621051270790449, -0.6072102024019541, -0.19514560422375915]"
GKL,"[-0.3567940601929669, 0.4458548815816945]"
GLL,"[-0.09880856179064068, 1.5747450044854219, -0.10528859055514417, -0.7046707451516472, 0.43602885894511534, 0.3034556096476617, 1.7188549781494444, -1.2177085451479481]"
GML,"[0.7462402003180895, 0.7960228386719042, 0.6046193300567637]"
GNL,"[-0.19683090547404092, -0.7157357330858112, 1.180602131907393, -0.09611312801803429]"
GPL,"[1.029087993574568, 0.00956094371516869, 0.5849787189325726, 0.38241729488619214, 0.9346696653018487, -0.2148843985987563, -0.20858644750384148, -0.2557422624668888, 0.0, -0.758723916648087, -0.12840844570664078, -0.039653455903757795, -0.2050835877089101]"
GQL,[0.24424460342104481]
GRL,"[0.2833357768978626, 0.44700153350412997, 0.1911091687379809, 0.5176593086898782, 0.18001479765513118, -0.12791567537907245, 1.2259989958307216, -0.028625393744837524, -0.14117478648918258, 0.4463805493188904]"
GSL,"[-0.2695918201112679, 0.2995381806009032, 0.4065149421526275, -0.7763944087301375, 1.1785724852018422, -0.2849463417800404, 0.6082163176658888, -1.7081148814915448]"
GTL,"[-1.3736732940474656, 0.9479530554403475, -0.7296147927030141, -0.18406994418455636, 0.023095913302379145, -0.3176024048357551, -0.7967499529384199]"
GVL,"[1.071657281285331, 0.6905175944086581, 0.6015282545685352, -0.805101714776062, 0.22291381756729578, -0.3141009835248685]"
GWL,"[0.33407954698907805, -1.291533980042617, 1.282162510912225, -0.4054996912711868]"
GYL,[-0.3826037213971283]
