Translation,mean
N*R,"[-2.7574979382701805, -2.4850808614119693]"
NAR,"[-0.06888653624724128, -0.48323431847515597, -0.49609871715714693, -0.706223854971447]"
NCR,"[-0.5648486199820502, 0.08314345996956529]"
NDR,"[-0.5799852695266043, -0.09557574049740847]"
NER,"[0.8836931945462867, 0.2933771801782461]"
NFR,"[-0.6672178678135454, 0.3369970968278704]"
NGR,"[0.0, -0.5191888612812718, -0.2057968674608679, 0.39774607567888687, -0.2958116036053928, -0.3755032951821349, 0.028322721731695033, -0.13369207669229954, -0.4257538417118445]"
NHR,"[0.2568243777650707, -0.22450934487085927]"
NIR,"[0.19684828190029613, -0.9754078391072154]"
NKR,"[-0.03533954944164286, 0.13883525581528477]"
NLR,"[0.45555618980766965, -0.3192863705533746, 0.14971604553558038, -0.4995545264367225, -0.17102087074450711, 0.3062773798561462]"
NMR,"[-0.04962523459936907, -0.3839515297312346]"
NNR,"[-0.07779567681930999, -0.6010054522063504]"
NPR,"[0.041796189581440935, 0.5139002807502759, 1.1790419655642017, -0.3728509932829942]"
NQR,"[-0.8147612709855174, -0.30867663742296436]"
NRR,"[0.3725506338722866, -0.35905595849627936, -0.24247839282578187, -0.2345976397732219, -0.1212593711785468, 0.0018447054956336473]"
NSR,"[-0.1680166056964696, 0.14258443676416732, -0.23273910122877872, -0.5916744728338301, 0.5773310679817634, 0.3280223585040689]"
NTR,"[-0.8531854302330455, -0.3319852048449503, 0.0361052393774397, -0.2541737576455443]"
NVR,"[-1.0591115689025816, 0.2711318926203976, 0.4379478984145466, -0.5229089579033239]"
NWR,"[0.006511034201010624, 0.18390534461491814]"
NYR,"[-0.0557271312660097, -1.1576891752560554]"
