Translation,mean
VAM,"[-1.874856659571904, 0.0, -0.03503042758649144]"
VDM,[-0.18926525655390591]
