Translation,mean
D*V,"[-3.799301903058568, -4.079507593699239, -3.947287242865885, -2.8046924366843164]"
DAV,"[-1.7914010320960703, -2.1253631089344083, -1.2475904346511895, -1.3852577958177674, 0.942767270390739, 0.03603214216350992, -0.22631908324432892]"
DCV,[-0.4970035792202392]
DDV,"[0.0, -1.6927229578476979, 0.36280577555047433, 0.9402361700074318, -1.0131155661135214]"
DEV,"[-1.928856630613863, -1.1513882042600647, -0.6920040645214982]"
DFV,"[-0.34911501399193057, 0.3875686435036183]"
DGV,"[0.2777241999008364, -1.3116968698848854, -0.8405887255884972, -1.3037299551704598, 0.04642002075715812, -0.153562740809015, -0.5346653092889646, 0.18726778117224896]"
DHV,"[-1.8481455485928375, 0.18996158288514486, -1.2120484551520816, 1.684767440643066]"
DIV,"[0.5624702826074408, -0.22406954926400324, -1.2760570634409998, -0.5212399564436705]"
DKV,[-1.6273358757139924]
DLV,"[-0.6293001282724777, -0.8108524856095283, -1.0786640317051948, -0.40937971391248773, 0.35929629466580515, -2.1035263818831975, -1.370439844468489, 0.6969749118617043, -0.40357859484531566]"
DMV,"[-0.49933716441900167, 0.247865491970634]"
DNV,"[0.67525635591437, -1.6832017700509319, -0.8024025410686582]"
DPV,"[-1.4209810001912508, -2.2747281930253456, -1.7509672202122903, -0.8393342712571741, -3.657827471541526, -2.257791410346801, -0.2325013363558126, 0.7582216981168965]"
DQV,"[-0.45002329388979145, 1.1656383901971257, -1.6406934268962878]"
DRV,"[-0.946796554621967, 0.8772388401039173, -0.4662424702814221, -0.9143750769295913, 0.10947166502477756, -1.0623606380622945]"
DSV,"[-0.3741448806127794, -0.721729998987195, -0.7586060295609016, -2.3687968671676405, 0.0031627628784374195, -0.4993375776507456, -1.5109506970521647, -1.0488947422407033, 0.9231944581750238]"
DTV,"[-0.46633610138709614, 1.2690931811617503, -2.6554201178118078, -0.3926674380289761, 0.430019251841804]"
DVV,"[-0.40946935834784437, -0.05039764449533379, 1.0843350957187186, -0.45336443518902136, 1.1336668336769637, -0.9710139892848328, -0.819816895168783]"
DWV,"[-1.3025605072705826, -0.09640600097828322, -0.3135046328459481]"
DYV,"[-1.2142955500671624, -0.19720911745886305]"
