Translation,mean
C*R,"[-4.076565036986194, -3.3346064053329147]"
CAR,"[-2.789528459657902, -3.3779322488371855, -4.171800631167344, -3.3924048156889572]"
CCR,"[-0.1010589906997712, -2.840080162742253]"
CDR,"[-3.8707825080311267, -3.313549192559843]"
CER,"[-2.4285919340397886, -3.902382911714733]"
CFR,"[-3.2759309628599893, -3.472921521880706]"
CGR,"[-3.0201898635723827, -3.641887784412504, -3.46692779654275, -3.8279975936734956]"
CHR,"[-3.2264092224456835, -2.939690987310818]"
CIR,"[-3.222295921754464, -4.405723198387676]"
CKR,"[-2.654423043207166, -3.766821251764055]"
CLR,"[-3.5617968221231657, -3.8686849241417534, -3.5777267607142598, -3.288785690321163, -2.727184368885675, -3.2072579463851167]"
CMR,"[-2.832265065693083, -3.1704049090081337]"
CNR,"[-4.050483786654505, -3.9009812712778404]"
CPR,"[0.0, -0.6615717247426778, -1.228175500528124, -1.2228725042081798, -1.305117327281863, -1.0319237799073262, -0.6242051534777486, -1.1207996167355878, -0.6281376991175769]"
CQR,"[-3.5222918801101324, -3.8474421426756997]"
CRR,"[-2.9622288797017515, -3.8963884381653417, -2.7990534721832194, -3.3205511836579893, -3.353904403716229, -3.3981345459941528]"
CSR,"[-3.865995474606126, -3.7875057445760434, -2.9744752821526417, -3.4761595194667803, -3.3206720106036234, -4.253903395281543]"
CTR,"[-2.98987665599502, -4.201846799235351, -3.0616086699058784, -3.2602059491736153]"
CVR,"[-3.412940005376859, -4.832071711144822, -3.7865920005244784, -3.7968071618183417]"
CWR,"[-2.113714463989131, -3.2719168587943943]"
CYR,"[-2.8426002945293662, -3.357582800890177]"
