Translation,mean
H*I,"[-3.91195532941331, -3.8207540545114025]"
HAI,"[-1.2743710354155002, -1.76319262370296, -1.1868298322499218, -1.7585448940628208]"
HCI,"[-0.7454832669116609, -1.091882132744097]"
HDI,"[-3.2830934598402632, -3.6112941416600393]"
HEI,"[-3.4111752582070802, -3.112952497468056]"
HFI,"[-3.622466995292474, -3.393864241101332]"
HGI,"[-1.236606757418763, -1.4367873489669645, -1.7816283953075818, -1.7082080657773195]"
HHI,"[-3.221735500801741, -3.357443103791802]"
HII,"[-0.9492382828014492, -0.7756345786447127]"
HKI,"[-3.492970950640553, -3.282399257956872]"
HLI,"[-0.7135951709115362, -1.2914902524581384, -1.177571924089008, -2.4067826492474174, -0.8865963577135538, -0.7178770277204407]"
HMI,"[-3.0511728496556043, -3.0451717352359697]"
HNI,"[-3.5839233574019747, -3.5056543095821544]"
HPI,"[-3.5404676148138594, -3.2378477349451087, -3.507065385293016, -3.2687555867637137]"
HQI,"[-3.844297812332912, -3.4825039952732197]"
HRI,"[-3.320999336364843, -3.4756092478874114, -3.4409750363209795, -3.485368243651982, -3.474671289938601, -3.605872196428222]"
HSI,"[-1.756096067374255, -1.5141760038510532, -0.6092830379430159, -1.1578979086181413, -1.7279277286216632, -1.6700253360875776]"
HTI,"[-1.8073718020641283, -1.4373837920831303, -1.7968095625681952, -1.314002551899776]"
HVI,"[-0.32367952114012954, 0.0, 0.14645096315622297, -0.4837833696451508]"
HWI,"[-3.3733147324068824, -3.0686149588130185]"
HYI,"[-3.1521196285220543, -3.741017370465064]"
