Translation,mean
D*L,[-5.724757085193692]
DAL,"[-2.2553271399047246, -1.9600381861443799]"
DCL,[-1.910426657730766]
DDL,[-3.1252637909816032]
DEL,[-1.6054839455880545]
DFL,[-2.178546451994196]
DGL,"[-2.076810732239332, -3.0720022689958615]"
DHL,[-4.389361878419875]
DIL,[-1.8889855995922584]
DKL,[-2.592139198823527]
DLL,"[-1.552505759785701, -2.676910487477177, 0.0, -1.0109767340423703]"
DML,[-0.5435609230982914]
DNL,[-2.4058385937789772]
DPL,"[-5.922173582467622, -5.585887242202112]"
DQL,[-2.5776545516887053]
DRL,"[-2.0794315520247677, -2.3150754265778066, -3.192764824344737]"
DSL,"[-2.0387393775369986, -2.2572596792107253, -4.533175956022048]"
DTL,"[-2.6244474134952904, -3.642513488537233]"
DVL,"[-2.196709771398699, -1.9322782955008524]"
DWL,[-3.277565923355243]
DYL,[-4.94629108359933]
