Translation,mean
P*Y,"[-5.886221665203277, -6.438529380452368, -5.403310746119949]"
PAY,"[-2.8681658348152457, -3.9697779691515187]"
PCY,[-1.4952368360627872]
PDY,"[-1.7458587993768901, -1.2048681528016605]"
PEY,"[0.36790586418056215, -1.8081016220375163, -4.215254003601009]"
PFY,"[-2.2987107787875534, -2.1768677419330835]"
PGY,"[-4.0923972558154755, 0.16065513992516678, -2.0969609983745556, -4.019382458517253, 0.6590913103285061, -0.4739554655837317, -1.5334692058589132, -1.583893575477635]"
PHY,[0.46534535858916826]
PIY,"[-1.7774760429842127, -1.8199254659704698, -1.654805860941364]"
PKY,"[-1.0060415390766337, -2.6762901547444695]"
PLY,"[-1.8200511897786722, -0.076224546618608, -5.079221867067741, 0.1926625854606243]"
PMY,"[-2.4732681519431274, -1.236244962888227, -2.0425487063649133]"
PNY,"[-1.6617308586381605, -0.7276003022980211, -1.4238124596668174, -0.7165435878577844, 0.0]"
PPY,"[-3.0023650549530014, -2.940394162370426]"
PRY,"[-1.8755038395088262, 0.307881093108346, -1.0813632699175795, 0.2115703499394801]"
PSY,"[-1.8018324967579868, -0.8845593153205771, -0.36990316470179607]"
PTY,[-3.5240312656250143]
PVY,"[-2.380170124339026, -0.6986617527584276, -4.245248743898845, -1.2207191164739912, -1.5843728688146541]"
PWY,"[1.402315894966394, -2.1968162625685306]"
PYY,"[-1.3580304302545176, -1.8757516741156373]"
