Translation,mean
I*K,"[-3.698126924009827, -4.828630815187545, -4.8215195912075, -4.647409245676403, -4.655792406778918, -4.344244302474319]"
IAK,"[-1.1014297617570126, -1.3974390016098326, -0.3537048998604817, 0.05516910979985923, -0.347700027699382, 0.5469654715154695, -0.3986067790499259, -0.010861830347266732, -1.134719079967283, 0.8036088092424283, -0.06539789509373506]"
ICK,"[-0.10268549985444153, -0.11986112124016834, -1.241597927103279]"
IDK,"[-1.1057763495801396, 0.05792599797511322, 0.8031120989462881]"
IEK,"[-0.5340319982836075, -0.6979155977254354, 0.3289531945624393, -0.7446190143656439]"
IFK,"[-1.563940222054235, -0.3261227029641125]"
IGK,"[-0.08342985127042724, -1.2355947890742742, 0.011972751588020358, -0.25237361947973014, -0.06002103948422466, -0.08363507921033353, 0.3184535481983328, -1.5895005896926957, -0.00789041324831885, -1.0323921431434613, -0.808474696521098]"
IHK,"[-0.38953297899610817, -0.29745521653461715, -0.25608315236429036, -1.2173026657462485]"
IIK,[-0.6895895155320027]
IKK,[-0.35604737041290235]
ILK,"[-0.6776339586018096, 0.33241970606211346, 0.20297377397487182, -1.555201816204832, -2.122807574517621, 0.0011979173618588135]"
IMK,"[-0.08963119043874457, -2.3073946924256283, -0.4364339539651372, -0.6557548585410977]"
INK,"[-1.1830821015286812, -0.4052951454779272]"
IPK,"[0.4575918991380794, 1.5150111193405849, -0.774591088050947, -0.9439956120268089]"
IQK,"[-1.712074603930839, -0.3232896694173313]"
IRK,"[1.0958575115895108, 1.1650686482836274, -0.8083174633815027, 0.4889050411229796, -0.2260705832978509, -0.45678565275694183, -0.025969551915092204, -1.5735123285974542, -0.3090728784282062, -0.8083153195749846, -0.5007615334340834, 0.0]"
ISK,"[0.03569432355025892, -0.23700343392523227, -0.3571115013037307, -0.2653144186293952, -1.4002932428260304, 0.23480376005919368, -2.5596804832328477, -0.16884486387190734]"
ITK,[-0.03723123506522796]
IVK,"[-0.5074076959971094, -1.9548941457108882, -0.5236715852868521, 0.865622953887514, -0.4599935423331116, 0.9612364963726971, -0.6303172389088045, 0.25677465857494397]"
IWK,"[-0.344833171525293, -0.517212788081741]"
IYK,"[-0.2351157229008578, -2.5562662941688146, -0.24015535495787965]"
