Translation,mean
R*S,"[-4.593939507331115, -5.107977952824614, -2.391137327570762]"
RAS,"[0.32981362169657924, -0.8496916936885075, -0.8413905386483505, 0.32021467201201315]"
RCS,"[-0.7114915385069658, -1.36655913967686]"
RDS,"[-1.473262854839251, -0.881380076468945]"
RES,"[-1.4301504053226095, -0.8644360991064417, -1.799728596253125]"
RFS,"[0.18776530310157558, -0.7723783131962874]"
RGS,"[-0.5285196545836044, -0.4132729359149496, -0.8935910970378851, -0.7412198246924095]"
RHS,"[-1.3274514460516347, -0.5927112883772878]"
RIS,"[-0.9435903923654969, -1.304548799217275]"
RKS,"[-1.2725884903792162, -0.7582588884714898, -1.7769783596961126, -1.2144364519274964, -0.05746709949631512, -1.5751539500884792, -1.3805828703042655, -1.195704550666214, -0.6424371933312374, 0.0]"
RLS,"[-0.9647610154351645, -0.6992111315030289, -0.060473830204873735, -0.6337792998613425, -0.5059417957819505, 0.5281670097498719]"
RMS,"[0.0038547018668388944, -1.0038760190723375, -1.7785711187682258]"
RNS,"[-0.5940991785330656, 0.7162096477398565, -1.524889264728027]"
RPS,"[0.5169479540071311, -1.3331179571491223, -1.8725456435161494, -0.4331228879014777]"
RQS,"[-0.620285049608019, -0.32961224953689516]"
RRS,"[-0.4221999709594222, -0.07884628005182215, -1.0067015784589488, -0.7737899245391384, -0.46036099484789705, -0.5580200268479567, -0.34942090884128607]"
RSS,"[-0.33543042483897345, -1.163182890921738, -0.009453393156653611, 1.3282752710863033, -0.2992210959233095, -1.4999668628452696]"
RTS,"[-0.4742149083156617, -0.0201569342348904, -0.06384773012277911, -1.111231254512047]"
RVS,"[-0.41805214446882477, -0.1582407921392912, 0.26101100694248736, -0.39222126263708557]"
RWS,"[-0.11970726115146668, -0.6594872267113949]"
RYS,"[-2.078772769274835, -0.8470330953605201]"
