Translation,mean
I*H,"[-4.441576285231864, -4.623589587418685, -5.046885320000735, -4.274589842474668, -3.9546290286433923]"
IAH,"[-1.0810374624823442, -0.9235320533569116, -2.1690936391475404, -0.9306687006577476]"
ICH,"[-1.3191971996771095, -1.1642964458637515]"
IDH,"[-1.1787901377579058, -1.3682894853037162]"
IEH,[-0.013060668666337705]
IGH,"[0.0, -1.4446943042663234, -1.2437461353215618]"
IHH,"[-3.855033787593518, 0.31398924755440305, -2.583906674932418]"
IIH,"[-2.1778638487752726, 0.01619198545674294, -1.5894521572102196]"
IKH,"[-1.792023990067717, 0.5275939441324446]"
ILH,"[-1.943146121066265, -1.3539138311085779, -2.150490646338721, -0.06254586043125343, -0.2490734617765007]"
IMH,"[-0.17674818691000738, -2.2047175488782607]"
INH,"[-2.8749631530879363, -0.2434033364102799, -0.9297938821061056]"
IPH,"[-4.408209298951958, -5.441600297989428, -4.06399348726203, -5.139063694034185, -3.9363037260652067, -2.4055862575288423, -4.5165086469029845, -5.787715566779292, -3.881843116619729, -4.0737809565964005, -4.7761499107193135, -4.811906539706579]"
IQH,"[-1.9050428929822534, 0.5345193268673789, -1.3663623077557894, 0.40633349942681285]"
IRH,[-1.1049298195691382]
ISH,"[0.14087218011033453, -2.318980887353307, 0.021930367907662784, 0.13276001557678185, -0.17434936459903483, -0.3065971628974751, -2.488604429613929, -0.015779600550144934]"
ITH,"[0.9051184656513396, -2.0055120020266397, -0.8236819960135158, -2.5297031774179928, -0.038562076005314694, -1.6307201215661378]"
IVH,"[-1.1655532814422926, -1.74316782372596, -0.005342562242441673]"
IWH,[-1.3380101155289363]
IYH,[0.30774914460477554]
