Translation,mean
M*F,"[-3.3670860173215234, -3.8748856279585033]"
MAF,"[0.0, -0.865430381219817, -0.3682086600248682, -0.9081795387895366, -0.280391893210028]"
MCF,"[-0.05645037361897831, -0.5128305555304467]"
MDF,"[-3.15014417069084, -3.773969648488901]"
MEF,"[-3.6776980474906784, -4.216765897891801]"
MFF,"[-3.5535086461244694, -3.629875218848555]"
MGF,"[-3.869683886813347, -3.6418219504304057, -3.745047431754364, -3.7235425782588054]"
MHF,"[-4.339542737556062, -3.4986167884071606]"
MIF,"[-3.1672126574113912, -3.5554360611075113]"
MKF,"[-3.474328791741574, -3.924990429331714]"
MLF,"[-2.8941052800121145, -3.6545422485330707, -3.6964031403845925, -3.3967448992450913, -3.7863400436674532, -3.850340921522474]"
MMF,"[-3.76954842358889, -3.5428428160736374]"
MNF,"[-3.517123108604863, -3.556218995736386]"
MPF,"[-3.661797184889645, -4.272932706441008, -3.33927669559247, -3.68488392007305]"
MQF,"[-3.8114744254621136, -3.9696602774231855]"
MRF,"[-3.832807889155944, -3.8000057412609243, -2.905029989834253, -3.7298968581658416, -3.2873283480408957, -3.83824038473394]"
MSF,"[-0.9702782489647479, 0.06797986480427021, -0.20158133075700224, 0.20144804727860954, 0.17900756848444477, -0.5253946335030655]"
MTF,"[-0.5985169146942875, -1.088297691652346, -1.6538868902720418, -0.8779997397016892]"
MVF,"[-0.21571190509120797, -0.7624821817671652, -0.1187345475989563, -1.6376236952886085]"
MWF,"[-3.728806544601757, -4.042512735062262]"
MYF,"[-4.19541990693023, -3.256620767653049]"
