Translation,mean
V*L,"[-5.667653748129381, -6.094112615450215, -4.919157222182662]"
VAL,"[-2.0426778601533284, -3.2092801025026985, -1.4568397984780876, -0.5292487137062842, -2.6644527419110187, -2.2069108241027404, -2.2535224157680034]"
VCL,"[-0.007938847332960464, -2.0916099314707903]"
VDL,"[-1.702628905420231, -2.6067177567271527, -1.6592220550077545]"
VEL,"[-2.6807792087021394, -1.954606668565992, -3.637036757640356, -3.659743988395558]"
VFL,[-1.4724060558675554]
VGL,"[-1.9515937536254624, -1.8963798100677982, -0.18302247777894287, -1.8388533144268715, -3.1357126036938894, -2.8241372890249403]"
VHL,"[-2.371285407291107, -2.1177754683982393, -3.8847040115733655, -2.086255258805785]"
VIL,"[-1.898447024422902, -1.750203814373089, -0.3065971628974751]"
VKL,"[-2.6405405597214546, -1.7782483890329166, -3.021867685964363, -2.7810831272570624]"
VLL,"[-1.6894542564271706, -2.682973041807214, 1.3987664338829031, -2.419978185410468, -4.52570205342595, -2.802454288707631, -4.131451989639983, -0.06217843523102751, -1.9873186464240629]"
VML,"[-2.24094575401274, -0.9145093025493294, 1.0591753485255762]"
VNL,"[-2.805948452285464, -3.9042831712392747, -1.9930976900806936, -0.5501189123195172]"
VPL,"[-2.371797759287422, -1.8905163567828644, -1.8069744729118078, -2.396650541981158, -1.7462103526984256, -2.6774557499387766, -1.8607692141727314, -2.488729655485363]"
VQL,"[0.0, -1.9033834205743476, -2.779550743268336, -2.245466392183962, -1.9846871270705648]"
VRL,"[-2.488995830514419, -1.556594974968423, -3.227741742186236, -2.442112133553957, -2.2620591634095435, -1.7854399897154902, 0.5363816688908507, -2.9785096234075112, -3.6017655527520427, -1.9729977936288705]"
VSL,"[-1.2851174354870238, -4.093846070967864, -0.9611005968717077, -1.3249298444522406, -3.4119289356787963, -2.8131174938157493, 0.02732390285019104, -1.444358208887551, -3.0614846650609433, -2.2163305082748206]"
VTL,"[-2.6024517461749443, -3.2065492571390024, -1.3533164777442117, -0.46162794904009274, -3.299698496502619, -4.503538594600389, -1.8087920266787751]"
VVL,"[-1.4365835593369063, -2.666507005509523, 0.5504707478307971, -3.2715907130695623, -1.606147566252333]"
VWL,[-0.6618252669410172]
