Translation,mean
L*L,"[-5.92134090590668, -5.419645655126962, -7.855140176223664, -4.499492358686847]"
LAL,"[-2.520510989747711, -2.7592027399696866, -0.30866531231173155, -1.82186732482044, -4.96921620179195, -3.148248964380482, -2.574994296057957]"
LCL,[-2.519308242666055]
LDL,[-2.7672435832524034]
LEL,"[-2.3757105824610143, -1.9249517579929227]"
LFL,[-1.310921286252098]
LGL,"[0.938920628889587, -3.5151577552535027, -0.13563655015451204]"
LHL,"[-3.9000280104099234, -2.5195385149370324, -3.8964471090533213, -1.822908565493214]"
LIL,"[-3.576376044473289, -3.235694338275106, -0.40128468451806043]"
LKL,"[-1.5138972974979072, -0.9403450303893024, -1.6930469040247598, -2.2733640872513625, -0.9999267496953701, -1.8022464386288561, 0.0, -2.1339663923000955]"
LLL,"[-2.891788371832611, -3.269101109757588, -3.6894049326451928, -2.213989929851353, -3.204811482167127, -1.9191545204894167, -2.1390611984608947, -6.0328024806727525, -2.520057240713969]"
LML,"[-2.1211325931557097, -1.9510614883978779, -0.9569634679654024]"
LNL,"[-1.7720497567436748, -2.6098106362798905]"
LPL,"[-4.654426261800188, -3.337150658250771, -3.3943315596462362, -4.964815054263733, -2.60474029024149, -3.7481305917054, -3.520891721073272, -3.718047766509648]"
LQL,"[-2.945281789604409, -3.4306040173945735, -3.2980183777767653, -2.0330539448445712]"
LRL,"[-1.4523394871061317, -1.8465434829678085, -1.2278858352813842, -0.9408574004116197, -1.868555791076055, -2.488089512055332, -3.679494240908097, -3.3618608330819875]"
LSL,"[-2.2627132322800634, -3.534499977012292, -0.9905792837187644, -1.8658660040621307, -3.611076871582549, -1.2320841926343613, -1.3148097589798695, -1.5711036103315594]"
LTL,"[-2.2971753221920537, -2.1454111789351673, -3.702036960765861, -2.9052099649203065, -3.2114124802993587, -2.858261834396334]"
LVL,"[-2.800828435488036, -1.4335356165351545, -1.4737502725521177]"
LWL,[-2.5465679773210628]
LYL,"[-2.9274411022556297, -1.2981185684112617, -2.312648335916859]"
