Translation,mean
V*K,"[-5.186923304088609, -5.460443875834297, -6.121034927619608]"
VAK,"[-4.166301423479972, -3.7719707027947305, -2.3067782027674664, -3.080431543142087, -2.7161713190547037, -2.2179482197272797, -1.6085409028902617, -1.9657389886338557]"
VCK,"[-2.4222575219167073, -1.233235703494448]"
VDK,"[-4.9639995460048265, -5.084060535533968, -5.41667517876317]"
VEK,"[-4.477806538793471, -2.951826038417817]"
VFK,"[-1.9855462362436338, -3.987979927450427, -0.9401006069732656, -2.6240671815743077]"
VGK,"[-4.626061367262356, -4.451563636030219, -4.407426152136765, -4.0335805719870805, -4.689358641826027]"
VHK,"[-5.280069113599298, -4.686879139824681, -4.234082020173668, -5.937691146614738]"
VIK,"[-1.9489923442375643, -1.4425373602409248]"
VKK,"[-6.144540588907901, -5.678355226891032, -6.420912171649642, -5.942139491266341]"
VLK,"[-2.1758233595604457, -2.3837220990534655, -1.6223906037669256, -0.5564764870355834, -2.898649843856547, 0.0, -1.7204437177710652, -1.7567225981030434, -2.578016986208138, -2.1147622646613264, -3.8653394867451514, -1.4432352762710732]"
VMK,"[-3.706924113978591, -0.9139855268088706, -0.8038920336171032]"
VNK,"[-7.98016118198453, -3.9716467395800756, -2.7824618844221334]"
VPK,"[-3.875265560964179, -4.925614985371093, -4.824076858821814, -4.0139664261553, -3.4920433652318947, -5.784892628939716, -3.4816344899180347]"
VQK,"[-3.815838021627176, -2.5223594141400785, -2.5950938565100987, -2.446510408303933]"
VRK,"[-5.177277572129818, -5.394178825104944, -5.581347212180191, -5.1563916446733025, -5.315384000728235, -5.991998625960079, -5.2346355216247655, -3.954906359222044, -6.243760975902045, -6.215969736587429]"
VSK,"[-3.6005173611580163, -1.2772017228420687, -1.9406017167528393, -3.095792226860893, -1.9794169406652582, -3.542787026230286, -1.979540126853344, -2.6770315161249805, -3.056074679301707, -1.902203707212701]"
VTK,"[-2.4343884922220873, -1.1855328592756251, -3.228846685383914, -2.0188510286766146, -0.9818814448891704, -3.0730520127764898, -1.1691960574397093]"
VVK,"[-3.4046402187144214, -0.7986328434630714, -0.5437989446416207, -1.4753931607776005, 1.6248633039490574, -2.0522934526096908]"
VWK,[-3.2812275254920404]
VYK,"[-2.1021983584360076, -2.818586885667866, -3.3929027926312436]"
