Translation,mean
K*P,"[-6.16142708614125, -5.731345116701166, -5.062095385592243]"
KAP,[-0.5216420717663581]
KCP,"[-2.6708548592710706, -2.583053001324953, -0.3677952783376206]"
KDP,"[-0.5638570196732982, -1.770041131231757, -1.185127068426258, -0.3783972234682462]"
KEP,[-2.0730520127764898]
KFP,"[-2.873056647002592, -3.7215796422751115, -4.185574703173879]"
KGP,"[-1.2084038656713751, -1.9765891732751992]"
KHP,"[-3.324924312322983, -4.0299937671274035, -1.156245948302887, -2.751594694542314]"
KIP,"[-6.3920328236135155, -5.118944916425378, -4.974171820527061, -4.5493738729103725]"
KKP,[0.8175836445436016]
KLP,"[-4.4345108536204245, -5.562947074089151, -4.4935589811083645, -2.1740553314599644, -4.431505983688966, -4.800161411197681, -4.392299197727144, -2.952912224035151, -3.8603226887907596]"
KMP,"[-2.632813959372502, 0.15923886962619704, -2.2455265219471423]"
KNP,"[-1.5592505409765707, -2.8358016327129274]"
KPP,"[-3.7488472306008163, -4.787079986300011, -3.3325065283344806, -4.047094985425241, -3.596355814580173, -3.699972911471744, -4.134688779354221, -3.62680371324684]"
KQP,[0.3683831765669616]
KRP,"[-1.0516783619839227, -2.4816917408571832, 0.16795608672730467, -1.96954743702263, -4.110725934699822, -2.8834346275316616, -3.9984626963558068, -1.1832875749846128]"
KSP,"[-1.5502583331417625, -1.4522887906274864, -1.8932414774473472, -2.8612063353405084, -3.290010548062309, -4.331786281176658, -0.1088972117232121]"
KTP,"[0.0, -0.5668339629737087, -1.9422570400472594, -1.3131031006094442, -1.593557852241302, -0.7699561231560157, -2.0189069979138576, -2.8598079736542275, -1.9213191434357784]"
KVP,"[-1.3837528522405975, -0.821305678692779, -2.308940276597161, -2.213620211159256, -0.6505952633173049, -2.1822810825312473]"
KWP,"[-4.189902898513383, -3.219893401105761, -4.252254827806812]"
KYP,"[-2.7469482419179325, -2.064151953453255, -3.1623193508735774, -3.6057472038806715]"
