Translation,mean
P*T,"[-4.984481268280407, -7.631855353030792, -6.097056277894512, -5.825709503089247]"
PAT,"[-0.9138534179272355, -2.9063932767929614, 0.8030156593651281, -1.046000688221973, -1.7922931068655306, -2.457027455764468, -2.1034256618200082, 1.671690931981436]"
PCT,"[-1.1255194326706253, -0.8232737036449631]"
PDT,"[-1.2174419221116644, -1.060151524068683, 0.04242520464344679, 0.32253312383618216]"
PET,[-1.782136787565749]
PFT,"[-0.30907050005454195, -0.7235176478223897, -0.8091403220017757, -0.3754606569444281]"
PGT,"[-2.370956878457335, 0.48456850150122044]"
PHT,"[-1.36445032092439, -0.4675525810526384, -0.5493319051170715]"
PIT,"[-1.173491913897518, -1.6564770001660616, -0.8693630301184498, -1.6942841154229846]"
PKT,"[-2.486866108794425, -1.4124523247081573, -0.32565848940881814, 0.0, -1.6331190169810341, -1.4949653819070479, -1.8155149719010009]"
PLT,"[-2.5791136857507304, -0.11689484186829358, -2.193346246494201, -2.786136772435534, -1.1322912161511667, 0.9487158023057471, -0.28888317823714793, -1.9079119356624439]"
PMT,"[-0.988163115189975, -2.6749433115478585, -1.9577172831445315]"
PNT,"[-1.1016211649732597, -3.2815220578805686, -0.8961742506924093, -2.047597563917914]"
PPT,"[-3.602330380919968, -5.045972293892687, -4.527315243339979, -2.8093975348018922, -2.5730707307994756, -4.76507427191106, -2.5506015710766654, -3.3069565117961632]"
PQT,"[-0.8320439132726936, 0.7566546459012695, -0.5771622935506961, -2.2657107748381398]"
PRT,"[0.1956248872561659, -0.4425787993002386, -1.807718278737556, -2.746539217017963, -0.10621887671169006, 0.47687847178990594]"
PST,"[-0.4541421801319956, 0.8914493060021247, 0.09359785663296272, 1.1983608108566255, -2.034925648139472, 1.5873367581169067, 1.2046966335423246, -0.8750608194734211, -0.5698504838782714, 0.5612985149068308]"
PTT,"[-0.7807850611291549, -0.42740158535622896, -2.2594395967186944, -1.3408049675128133, -1.490663455719158, -1.2577343569885233]"
PVT,"[-1.8220904392432704, 0.8811442976103852, 0.1005351309213296, -1.0488857016457374]"
PWT,[-3.5029451170048134]
PYT,"[-1.7724732380825596, -1.5451204570917128]"
