Translation,mean
V*T,"[-5.439887308120182, -7.581357974986878, -5.085874128319922, -5.968013786071371]"
VAT,"[-1.504209177418609, -0.6062156129174401, -2.244233439716732, 0.8404564615965384, -2.692289858959114, -0.6614721505854497]"
VCT,"[-1.776170231484711, -0.5482105044929035, 0.412374814393754]"
VDT,"[-1.483653181011289, -0.9540810638579185, -1.1629706526608814, 0.0, -1.4868985060410136, -1.3187159668579325, -1.1878509585543355]"
VET,"[-0.675151066758465, -2.38931135757716, 1.2092500806041393, -1.0250835374216862]"
VFT,"[-1.5660920240566067, -0.20120836426717048]"
VGT,[-0.821214160932838]
VHT,"[1.306135043778351, -0.49822795884491633, 0.049835532542179095, -0.7759522572262441]"
VIT,[-1.9527577790587785]
VKT,"[-1.8841493365199096, 0.5708041769982337]"
VLT,"[-1.7042031518956247, -0.5101508777480053, -1.560059298429664, -1.3720657157158502, -0.9155107357900096, -1.252601433107202, 1.728316306446514]"
VMT,"[-0.262951713980069, -2.0730520127764898]"
VNT,"[-0.5849965407589828, -2.3341127206601326, -0.8479158403251068]"
VPT,"[-0.7944037651881057, 0.13146539640997723, -1.2628517983043972, 2.2261709545686887, -0.23024825471459565]"
VQT,"[0.6089516898898459, -0.4498892425862291, -0.5790631721028241, 1.3127076939801086]"
VRT,"[2.0959803655530145, 1.1261807775804513, -0.9870787896666364, -0.07527389202602564, 0.7433338936435554, -0.8431844708778957]"
VST,"[-1.8804069348340935, 0.28058494183821203, -2.1371823501962037, -0.4244947932032961, -1.749757082125221, -0.7027525734309306, -0.6241164777363455, -0.33993874410588987, -1.3709283898158926]"
VTT,"[-0.218781899143214, -2.1303851878424407, -0.18416914764351144, -0.6702882685236267, -1.860415133805847]"
VVT,[-0.966518171980046]
VWT,[0.4917326060070355]
VYT,"[-2.84059047036219, -0.6311155558956845, -0.5491650888071007, -0.30432512295391767]"
