Translation,ratio_x,ratio_y,all_ratios,len,mean,std
A,"[0.1562114547891209, 0.0]","[0.3251426805125401, 0.0]","[0.1562114547891209, 0.0, 0.3251426805125401, 0.0]",4,0.12033853382541525,0.13434501331014378
D,[-0.0412071533068498],[-0.1384465635984124],"[-0.0412071533068498, -0.1384465635984124]",2,-0.0898268584526311,0.048619705145781296
G,[0.6394204567095425],[0.2700011263200785],"[0.6394204567095425, 0.2700011263200785]",2,0.45471079151481053,0.184709665194732
P,[-0.6614460226499901],[0.095971726545029],"[-0.6614460226499901, 0.095971726545029]",2,-0.2827371480524805,0.3787088745975095
S,[-0.3354089675555514],[-0.4293812850379712],"[-0.3354089675555514, -0.4293812850379712]",2,-0.3823951262967613,0.0469861587412099
T,[0.1654892683771311],[0.1975926307920286],"[0.1654892683771311, 0.1975926307920286]",2,0.18154094958457984,0.01605168120744875
V,[0.2551264808618061],[-0.3010758481461284],"[0.2551264808618061, -0.3010758481461284]",2,-0.022974683642161153,0.27810116450396727
