Translation,ratio_x,ratio_y,all_ratios,len,mean,std
*,[-0.5231077252406688],[-0.1542827741081591],"[-0.5231077252406688, -0.1542827741081591]",2,-0.338695249674414,0.18441247556625487
F,[-0.2219381905201043],[0.3226824743138881],"[-0.2219381905201043, 0.3226824743138881]",2,0.05037214189689189,0.2723103324169962
L,"[0.0, -0.4129248074902456]","[0.0, 0.4051446345058611]","[0.0, -0.4129248074902456, 0.0, 0.4051446345058611]",4,-0.001945043246096137,0.28923776496890385
