Translation,mean,std,len
T*I,4.573230858019687,0.09083090899791123,4
TAI,1.834007835121883,1.5211975764747914,8
TCI,1.6406482732946013,1.8929233336774947,2
TDI,2.6938434425100235,0.8645787500181594,2
TEI,2.089163525636618,2.056405771877745,3
TFI,4.721972817002247,4.302936427132602,2
TGI,1.1589986271370987,1.0674633763177983,8
THI,3.370654919884568,,1
TII,0.42640963847241276,0.6737125975626209,4
TKI,2.046608531461228,1.4279647010032133,3
TLI,1.0301907373023127,2.102460490102386,4
TMI,2.4885563435678035,2.4441839674086077,2
TNI,-0.724171333735902,,1
TPI,1.0939357404596624,1.5262675032529671,6
TQI,4.376350711900139,0.3848551829155299,2
TRI,0.008252525111164937,1.135303238650097,7
TSI,1.0257173172222696,1.325315858387124,9
TTI,0.2229746908179426,1.237917255356159,7
TVI,1.815637147843404,2.6446965433309733,4
TWI,2.258997703772389,1.1841028729701202,2
TYI,2.6976191601170103,1.1477195563197138,3
