Translation,mean,std,len
A*V,2.991320765414554,0.11014625895703332,4
AAV,0.7913749243419674,0.5008057338968089,8
ACV,0.38086861598579236,0.8692108015466675,4
ADV,3.3212951023567365,0.7251289327363802,4
AEV,3.396651057776598,0.13791167177191077,4
AFV,3.371819607624528,0.20791670813270977,4
AGV,-0.32428737596121415,0.6948855032866961,7
AHV,1.3419738026002608,0.29577743771347864,4
AIV,2.526763772183685,0.5763573814871787,4
AKV,1.4268550920653298,0.4619016346882897,4
ALV,1.0156248767972922,0.5841312035944489,12
AMV,0.42627971119247193,1.268395722159967,4
ANV,1.0993146044841817,0.5251230175195678,4
APV,2.87046137540856,0.8662116448831473,8
AQV,1.485732874006254,0.7884295931085499,4
ARV,0.6562447697829484,0.6344006859705076,12
ASV,0.6888691237924204,0.8830339924561327,10
ATV,1.7683044174273679,0.4838199941806587,8
AVV,2.155801173659337,0.4912748587959437,8
AWV,3.0251985795228364,0.11890733853326926,4
AYV,3.579207618441333,0.4993269049641068,4
