Translation,mean,std,len
TFK,-0.034434278203947,,1
TIK,0.2463329733231685,0.9366692956382795,5
TNK,-0.0010746917021666,,1
TSK,0.1833616011508362,,1
TTK,0.1620104675868701,,1
TVK,0.0767122396178292,,1
