Translation,mean,std,len
G*A,5.285770402860867,0.6919831943390663,4
GAA,2.431996286007116,1.9906539376479513,3
GCA,2.8059947725313674,3.2620975587443426,3
GDA,2.412707374367628,,1
GEA,0.7140058305420354,,1
GFA,5.212007074127173,6.278007322912781,2
GGA,0.7254986256813978,0.30219763395652344,6
GIA,2.1050540904551913,1.723706467648162,3
GKA,5.953601125922639,,1
GLA,3.6971330044748023,2.8136526518650093,4
GMA,8.372567983514411,,1
GNA,1.876819093455273,0.6927226998069137,2
GPA,2.104155751418053,0.9671658797328436,3
GRA,1.9199439700902206,1.4612114726480736,6
GSA,1.4066478768999968,0.973776661836771,12
GTA,0.9289097166871625,0.28212801856921926,2
GVA,1.9329818090300417,0.8842842736581978,6
GWA,2.7557072633934996,2.2815185045881234,4
