Translation,mean,std,len
F*Y,2.7007932784921946,0.2864929165565592,4
FAY,0.36443687201375763,0.4970396351785134,4
FCY,0.14909367819500174,0.19033545315072728,3
FDY,0.8714398711787092,0.5160422429688309,2
FEY,0.3833750762331505,0.6239563922081435,3
FFY,0.4635104854638578,,1
FGY,0.3211303119232932,0.5905561578127858,5
FHY,-0.2321756634732228,,1
FIY,0.5273014619635301,,1
FKY,1.175859095141754,0.9745358133608606,4
FLY,1.0573613055127917,1.1921414461675532,5
FMY,-0.09687988325299206,0.3849727987582927,2
FPY,-0.006921915590075027,0.42263340717839265,3
FRY,0.30095350982580876,0.6469774928757681,12
FSY,0.5504811438122543,1.0927496986629677,7
FTY,1.0060235430567286,0.7818798723193853,5
FVY,0.3456738539054953,0.862414211124287,4
FWY,1.291685529339266,0.10771018740556709,4
FYY,0.4340895420848592,0.4777547284667956,3
