Translation,mean,std,len
R*F,3.5862280714348715,0.3204656089127856,2
RAF,0.17344067609601885,0.5807351172870532,3
RCF,0.8166680085727633,0.2301263313815591,2
RDF,0.4722817326782439,,1
REF,0.535771494391458,0.5420182908402363,2
RFF,-0.1148312026730762,,1
RGF,0.04538538348048468,0.9637704495416147,4
RHF,-0.007560926572232,,1
RIF,0.2207464955546711,,1
RKF,1.4232629504253098,0.44923317517168254,2
RLF,0.2725753900834181,0.8383153975801316,5
RMF,0.6603253462645005,0.725339019829999,2
RPF,2.0852405161074383,0.43735895665564756,4
RQF,0.10715764441573183,1.5155417507067557,2
RRF,0.29666955429184955,0.9535428464955502,5
RSF,1.1710136541017488,0.45529560722259194,4
RTF,0.4441261737042197,,1
RVF,0.38596481439018326,0.11770280026932248,4
RWF,1.1270271165391503,1.4493977222268153,5
RYF,0.2234274327639447,,1
