Translation,mean,std,len
T*N,4.107196738649885,0.1916283358196758,4
TAN,1.1516860735222547,1.2073739938728394,5
TCN,0.5803941361339846,0.1315322107628302,4
TDN,1.1126946806628584,1.2128038027389605,4
TEN,6.35469367361034,,1
TFN,1.2732423300280062,0.8392171957238208,4
TGN,0.2506850835206737,0.8296811696717242,8
THN,0.8033605722725422,0.4635198581464454,4
TIN,0.8573940243162395,0.35339226474587143,4
TLN,0.8836019649457337,0.8356117426690385,11
TMN,0.8232404357159009,1.7544879282842885,3
TNN,0.4300345436457307,0.7379551274523097,4
TPN,1.7282381525047084,0.732052153881635,7
TRN,0.923858864518968,0.6495203599197924,12
TSN,0.7451874783130978,0.7011191270887022,10
TTN,0.9056009843329632,1.1213473708081174,7
TVN,1.0957595731125578,0.6221414214154156,8
TWN,2.3261185065589487,2.8713943904205115,4
TYN,0.5239839575989974,0.8119376625577518,3
