Translation,mean,std,len
Y*P,4.033287104379728,1.3143932183470657,4
YAP,3.325105265382278,0.2676237672153966,8
YCP,3.3263921629179674,0.3516992108008639,4
YDP,3.2062942608982947,0.18118455702032854,4
YEP,3.5897193306119615,0.3366174408610756,4
YFP,3.152684931131677,0.5697498924174722,4
YGP,0.5813544671095578,0.5597709499454784,9
YHP,3.9071915357118194,0.845621171466124,3
YIP,3.3484342297137095,0.700115479083903,4
YKP,4.103165912247696,0.46003425008298576,4
YLP,3.4700096822077495,1.199298387191165,12
YMP,3.0219327138437055,0.5155758521326469,4
YNP,3.5847191396657427,0.7606454629656331,4
YPP,3.643950222280835,1.4905181766157576,8
YQP,2.8404543366404944,0.5918535023873306,4
YRP,2.943912768741505,0.47445583532101754,12
YSP,3.512247734697439,0.9704848348482908,12
YTP,3.4290475551273163,0.7855878572049436,8
YVP,3.169977322240464,0.6329110654135479,8
YWP,4.0044167920541875,0.6446350620156598,4
YYP,4.621774525056573,1.520631793659156,4
