Translation,mean,std,len
L*T,3.1101520214592187,0.31262781542778534,4
LAT,1.465318529872902,1.329220276602466,4
LCT,1.2399876480825966,0.13015094510396213,2
LDT,0.8966603748206623,0.22696354891608173,4
LET,0.3504961748367806,1.3985411499989988,3
LFT,-0.1253181477758769,0.5555318986807456,3
LGT,1.5568677822168746,1.3055763614699651,6
LHT,1.6522531589765477,,1
LIT,0.5331403819977151,1.4556831406708186,3
LKT,2.685811770723949,1.6144008686911189,2
LLT,0.4710075648305514,0.34933083289183636,6
LMT,1.6670826412297295,,1
LNT,1.0952112213334804,0.1870135541526978,3
LPT,0.6626689693749869,0.4353367930005054,9
LQT,0.6616689108965215,0.9281158738259667,2
LRT,2.15947305745223,0.94048007842165,3
LST,-0.06824401165025813,0.8602773230754591,3
LTT,1.5480205739342194,0.422052514584635,3
LVT,1.222890634707306,0.7368485756217017,6
LWT,0.40050561678431146,0.0772771583936964,3
LYT,0.6162098023422811,1.6089454585948555,3
