Translation,mean,std,len
I*V,3.405654718643002,0.7582064830669394,4
IAV,0.3968492044569697,1.5498635836988786,8
ICV,1.6209854274114535,2.2819791863290404,4
IDV,1.5354504876277262,1.6349720567766852,4
IEV,2.6823380185864343,1.1242690777666817,4
IFV,-0.2363027596567795,1.2029427834212967,3
IGV,0.42846507246169396,1.2547646051587242,8
IHV,-1.925840881141081,1.7079672910894428,2
IIV,2.629702187917964,,1
IKV,2.572064884662083,1.3861675392366484,3
ILV,0.848498221083625,2.1544863561839422,10
IMV,0.49955514631672865,2.1133333369163476,2
INV,4.883252152971311,,1
IPV,1.270784038621454,2.9912794353813474,5
IQV,1.6871093918521878,1.9433230463031628,4
IRV,2.028998295184737,2.801342674338522,12
ISV,1.2348093603371946,2.346280457663376,9
ITV,2.023383995219492,2.687707515761759,5
IVV,2.0829740442119205,2.1137237745247703,8
IWV,1.3338265750626361,1.275289278840194,4
IYV,-0.8171611468258106,,1
