Translation,mean,std,len
I*G,3.610776438452257,0.3930162242503976,4
IAG,0.8325973495875554,0.45021307878005623,8
ICG,1.071006222462648,0.6319656658509173,3
IDG,0.3887322912550948,0.3264621766286285,4
IEG,0.7982644387160742,0.4267160348722327,4
IFG,0.9653549262798123,0.21233069662047266,4
IGG,0.277652580763452,0.5502122214540048,8
IHG,0.6544171605631661,0.5371004186259971,4
IIG,0.5184358976211663,0.18468806172431942,4
IKG,0.9894389491176938,0.4446633816754497,4
ILG,0.30120844559258764,0.7002857805305153,12
IMG,-0.23445018401113882,0.25414552925208966,4
ING,0.5943404332098974,0.4348058197387073,5
IPG,4.036961263155983,0.31798054317657765,8
IQG,0.2552075438281287,0.1750864739061306,4
IRG,0.31778094934903606,0.9091397797789076,12
ISG,0.20042695204146765,0.8151952267242185,12
ITG,1.4591523063779768,2.1206124469165584,8
IVG,0.2815530423228564,0.9322376696518407,8
IWG,0.7333775591905654,0.16167257485576708,4
IYG,0.8010321029999354,0.12233747623336873,4
