Translation,mean,std,len
M*Y,1.474317556663128,,1
MEY,1.665445141160209,,1
MKY,0.0,,1
MMY,1.310628706355364,,1
MNY,1.4696823416936473,,1
MRY,1.772351816753842,,1
