Translation,mean,std,len
L*A,3.9137466920178663,0.49591963998043814,4
LAA,0.8583472742939439,1.006288935790931,7
LCA,0.38842783682821175,0.1475701430770387,3
LDA,-0.031828455069745396,0.1713453435276747,2
LEA,0.486893927124951,0.5814609237201469,4
LFA,0.653050108832006,1.008397302009403,2
LGA,0.28395832349775013,1.1895765540930723,8
LHA,0.585213558488558,0.5268231488913621,2
LIA,1.0390338816575395,,1
LKA,1.816711319849372,0.6899430007778184,4
LLA,0.9579211559999428,1.1628356651243121,10
LMA,1.6233775407894862,1.6674011064698604,4
LNA,0.7031665958123039,,1
LPA,0.8049777702750331,0.8777031852016968,6
LQA,2.2164204885000163,2.445340477405091,4
LRA,0.5421935175878713,0.9337338172355562,12
LSA,0.2832656517153751,0.7933608950253117,8
LTA,1.3821522432372595,1.0695947931900498,5
LVA,0.5139453674603822,0.5295345421516193,12
LWA,0.5110478486358783,0.5209441772862342,4
LYA,0.5785446678241012,0.6512300915297727,2
