Translation,mean,std,len
T*K,3.5585655826845213,0.4264702497328623,4
TAK,1.1761700320229478,0.9391204992670857,8
TCK,0.22096484607344213,0.20193732173448803,4
TDK,5.3678413668390865,1.5040937635648335,4
TEK,4.140533992764487,0.5127224896869474,4
TFK,0.39518418497265195,0.22613647712984533,4
TGK,5.366977552319355,0.44359250161682023,8
THK,1.174030363485732,1.2911169106995228,3
TIK,1.4735682882563377,1.0999090399762652,5
TKK,5.323599245395901,0.9219703463732162,4
TLK,0.28250511140756474,1.1093655955121,8
TMK,0.623786696853919,0.19621419822851013,2
TNK,1.7573033076766353,0.3012648916654759,3
TPK,4.879421201117129,1.7013406003202618,8
TQK,4.439088820606398,1.2384644974352972,4
TRK,4.926472029224446,0.9989175439233369,12
TSK,1.1232934578565692,0.8314821790741389,12
TTK,2.159073628245023,2.9979120728108097,4
TVK,0.8603599604746908,1.156682646177978,8
TWK,4.869645755773748,0.353924673699168,4
TYK,3.1678789401836465,0.30824461299743605,4
