Translation,mean,std,len
DGQ,0.2155252764549082,,1
DKQ,0.2518494994858571,,1
DMQ,0.0266518999517355,,1
DRQ,0.1590885807294692,0.13821779236515674,3
DSQ,0.0571974607015297,,1
DTQ,0.1154359333217254,,1
DWQ,-0.2043905116858999,,1
