Translation,mean,std,len
K*A,3.206941669596384,0.2653164889304712,4
KAA,2.96215661734613,0.9790606526037905,8
KCA,2.143790937197865,0.8632223001541063,4
KDA,2.6169211792604057,0.6668666845823998,4
KEA,2.932618063586496,0.2415089527389736,4
KFA,-0.1555556392152285,0.411024088935663,3
KGA,3.3396661667968064,0.3777125129706927,8
KHA,3.1398467308131357,0.7267172192183795,4
KIA,0.7968553118879269,0.6375619480880926,3
KKA,3.0673796803273365,0.5686808678773327,4
KLA,1.239698666681305,0.72147161862737,10
KMA,0.5456921034211661,0.6295757446387037,5
KNA,3.1193045694417725,0.4962212313071303,4
KPA,3.497743522501832,0.6330732589769835,8
KQA,1.6501370478314799,1.677961911582152,4
KRA,3.3245060336823826,0.3534699422697706,12
KSA,2.916063579839671,0.5794399189186338,12
KTA,2.4932961583825515,0.40275378154612645,8
KVA,0.6783872560469447,0.781434660558481,7
KWA,3.5187041208947294,0.5044084812904276,4
KYA,0.8924561511921341,0.7307127537280292,4
