Translation,mean,std,len
N*F,4.140573509001997,0.5227344360381264,4
NAF,1.5677591453736124,1.3353994430729637,8
NCF,0.44553794162414073,0.35865680494492125,4
NDF,0.576548010477629,0.703768329202398,4
NEF,-0.38061225789589265,1.149255178638958,3
NFF,0.7780546894926484,0.36862845960411045,4
NGF,0.7390902676005437,0.46319318570418394,8
NHF,0.4879948039772773,1.3586909508647642,4
NIF,1.3056901840440729,0.5973610672933884,4
NKF,0.12822811088548955,1.087041524136203,3
NLF,0.985590663525926,1.1297570710631017,10
NMF,0.3426460505605031,0.12487099306296952,2
NNF,0.09933145743986731,0.7966797817744362,3
NPF,0.6860599106830796,0.48888605454234896,8
NQF,0.5641505039345277,0.9345946131406514,4
NRF,0.9592299210550158,0.7433088546374065,11
NSF,0.7990787828534873,0.8376898001930965,10
NTF,1.8524674720205472,1.4160730552049907,7
NVF,0.7557971857204995,1.1059205761577415,8
NWF,0.38925373124672413,0.3303908966486463,4
NYF,1.1546504947813891,0.45745737509174117,4
