Translation,mean,std,len
C*S,3.15495006379698,2.5282128775962724,3
CAS,1.6030362156738343,2.2562550939061494,11
CCS,5.858317038480799,2.5510683000552383,2
CDS,1.640798895814888,2.1003590660391995,3
CES,1.352954432261094,5.869482614180016,3
CFS,3.498570218379392,5.462572784022927,2
CGS,1.7159367365712976,2.0930487491910394,8
CHS,0.025925834075716914,0.5274051821747255,2
CIS,1.5125938452557055,3.3911846502592877,3
CKS,6.318240331502535,,1
CLS,4.038911888933279,5.285660534064528,4
CMS,-0.5774309213260045,0.8010022992066489,2
CNS,-0.4696622278888966,,1
CPS,6.695369330799608,4.15094487928414,8
CQS,4.005835996722158,5.4510271243111825,2
CRS,3.2972800617830087,2.7602176632358533,5
CSS,3.01854427463879,2.866899153405835,7
CTS,2.3957965292368537,3.3017163467781034,3
CVS,1.3279220140566257,2.356182762286513,5
CWS,-2.477864007707224,,1
CYS,1.760362640035187,2.647487976789335,3
