Translation,mean,std,len
L*E,5.440913962264043,0.5892048216420417,5
LAE,3.204833817726744,2.5029340217622,7
LCE,0.6756294704785886,0.6414398465407387,4
LDE,0.8322114022265146,1.0293031678445796,4
LEE,0.7160787238799791,0.5323558974409818,4
LFE,1.4964925254194448,1.111049796982698,5
LGE,0.9653260426374214,0.7114340823684161,7
LHE,1.4932754831791255,1.368732495923544,4
LIE,3.1568296904573443,5.089343174815068,4
LKE,2.42622786086294,1.0765365212153255,4
LLE,1.4800568970326506,1.0464598005531376,10
LME,1.2492543819104027,1.5205525471005685,4
LNE,1.7514608084782972,1.1921592169594049,4
LPE,1.3035335508946027,1.2229520425378673,3
LQE,2.8820493306216455,1.0269263328690736,3
LRE,1.743585043718987,1.8867340583648469,12
LSE,1.1512175994258875,1.4972964421007326,11
LTE,1.2560679459431452,0.8455027241472383,6
LVE,1.1479830297713554,0.554052359646963,6
LWE,1.4053464981517614,0.5431503861023639,4
LYE,1.112138769845513,1.1100070316744366,4
