Translation,mean,std,len
L*R,3.8419964607576276,0.21160528765588588,4
LAR,1.081091042972175,1.0349241583926068,7
LCR,-0.01808909208602069,0.317670571703457,3
LDR,0.7069367313238113,0.516146630622202,4
LER,0.38034591224969877,1.6102412547525506,3
LFR,0.7754567326026205,0.3532461910749525,4
LGR,0.16615306822186504,0.37466812797376725,7
LHR,0.43611294546035256,0.6935121204808089,3
LIR,0.746883648337886,0.4348911198238066,4
LKR,1.0554050998667368,0.9139326402755614,4
LLR,1.019294965352214,1.7656003944772056,7
LMR,2.39259693067016,1.9419882229705607,3
LNR,0.7279178990954491,0.3399012007279318,11
LPR,1.7958070248926987,1.059678676796075,3
LQR,1.2391232749272412,0.5823835177377623,2
LRR,0.9963288799541806,1.7181220670806738,6
LSR,1.552368172595183,1.296369278382316,4
LTR,1.2186713053414522,0.5142312247447164,7
LVR,1.7169771147076631,1.7344179248578815,7
LWR,1.0174040341058754,1.1309098844366368,4
LYR,0.3226529492887156,0.7439477259897318,4
