Translation,mean,std,len
S*C,2.299431403210812,0.17775826414161786,4
SAC,2.7165382299029384,0.21750957778213567,8
SCC,0.9558645625174664,0.3915879330317825,4
SDC,2.396954395461422,0.2811219756060448,4
SEC,2.3371979720043408,0.205835674500546,4
SFC,0.1216042384835273,0.4365191960018769,6
SGC,2.159728220122642,0.2425475556127491,8
SHC,2.3611681910857474,0.45846722350483127,4
SIC,0.3961950821906084,0.3072370786276887,4
SKC,2.317837018704036,0.4190225425357814,4
SLC,0.10653803672003022,0.4494079079915842,12
SMC,0.33082779443400145,0.6640526866851092,4
SNC,2.3382271817939237,0.23478663692658364,4
SPC,2.5934554103317304,0.49869903790003395,8
SQC,2.234214852682734,0.4314470453322864,4
SRC,2.1582845730664215,0.14822604291064387,12
SSC,2.2106727692840344,0.34879835658228026,12
STC,2.440344785454145,0.2590910044185993,8
SVC,0.0781058582782444,0.355631444511572,8
SWC,1.330032725830632,0.23046623125404142,4
SYC,0.3348651878632742,0.3484871489786428,4
