Translation,mean,std,len
A*T,3.2965809429853334,0.6307527735307564,4
AAT,3.626117729772104,0.42857004966864654,8
ACT,3.394982058671337,0.41241969610395157,4
ADT,3.0329980785249413,0.4885060539937205,4
AET,3.022763808214453,0.33910687928396216,4
AFT,2.937663369450913,0.48598859588511856,4
AGT,1.4600267493601755,1.5986263448452753,12
AHT,3.0050304133419834,0.6392140050654885,4
AIT,3.25793391399775,0.4469444867104976,4
AKT,2.8708902683335085,0.4823496609712368,4
ALT,3.455795260474289,0.5809445410925186,12
AMT,3.002737705386047,0.3721575423395294,4
ANT,3.4578632374356726,0.7900956880544592,4
APT,3.4738326260322347,0.35233342904520304,8
AQT,2.975907365681328,0.44127983307824814,4
ART,3.0500472585708107,0.628482087517561,12
AST,3.6171281826547337,1.277333102176693,12
ATT,3.3518175054776007,0.8808539202023815,8
AVT,3.3424377755070034,0.38397042123621267,8
AWT,2.96944466304675,0.08336732563780341,4
AYT,3.589879792850965,0.5676585151351254,4
