Translation,mean,std,len
L*Q,5.040264135011329,1.7663415834959546,4
LAQ,1.0330200047230007,2.086864711321252,8
LCQ,1.8929702307475584,3.4797195798410097,4
LDQ,7.455203265989658,2.436833171037315,4
LEQ,3.841765611314988,2.2732233359772787,4
LFQ,1.8154711097123768,1.6240416828110258,4
LGQ,2.4810254427826366,0.5920063099222507,8
LHQ,2.8561189639493674,4.369281047994131,4
LIQ,3.9886230246904177,2.4785233624123357,3
LKQ,2.2621276064248343,1.2023865413178945,4
LLQ,1.0632192276883425,1.8685769955208666,16
LMQ,3.025077086773636,2.853141626623696,5
LNQ,2.2139780114998215,1.4848607394562283,4
LPQ,5.146083044180887,3.267999045010848,9
LQQ,0.9374138827904357,2.1438491032998486,5
LRQ,2.9156184107914678,1.1203967197976354,13
LSQ,3.4664317517871006,3.231082621639431,12
LTQ,0.6626899799327888,2.1962887801832185,5
LVQ,0.6789604459554562,1.6208476740011788,9
LWQ,0.493542511416452,0.4882329884411663,4
LYQ,0.19639232495702932,1.2885523442394384,3
