Translation,mean,std,len
T*L,3.8050660662822615,0.1654679848953145,4
TAL,0.9589735055010566,1.3992906909683032,7
TCL,1.8814834767452546,2.210148090652695,5
TDL,0.5334204608001099,0.9965270538831537,4
TEL,2.1740235915841484,3.926779614618108,4
TFL,1.551651709552293,1.8120110323302652,5
TGL,0.6255938127586727,0.7684255708317477,8
THL,0.666735491153583,1.5061878322357543,4
TIL,0.8009881384925596,1.1741589995137418,4
TKL,1.048824421987993,0.5955172572018669,4
TLL,1.1019640098501258,1.045576547561796,11
TML,0.808376394407613,1.362206913780343,4
TNL,0.7995815922109855,0.8179986255363141,4
TPL,0.8889893161024873,1.5192239641621959,6
TQL,0.9304433973593884,0.9957063138687523,3
TRL,0.7264545221602347,0.7866125519587055,11
TSL,0.8639827903376507,0.6277969102525225,10
TTL,1.0597456009250794,1.022724809845089,14
TVL,1.265770173781325,0.8519428096851752,7
TWL,1.9169812558580133,0.14090656780870886,4
TYL,0.8936813819324172,1.7096833196748362,5
