Translation,mean,std,len
A*L,6.047302598058162,3.1305596911091,3
AAL,2.352592756882269,4.908295558701507,6
ACL,2.137595826702529,5.162349869131398,4
ADL,0.18739989983568292,2.785869065660041,3
AEL,1.6411641339082832,1.549887030975444,4
AFL,1.806143659745442,3.2654725084415537,4
AGL,0.7828445113498628,2.093706169118782,5
AHL,4.509099942164229,3.9750599174290464,3
AIL,3.706176884203472,3.1846792339386045,3
AKL,2.0749039897857813,1.4373452115707608,4
ALL,2.70436202714932,2.6803663734459007,10
AML,-0.6470711270172709,0.8992455576075825,2
ANL,6.6534519106048435,0.3053109876704853,2
APL,1.9508077772583998,3.5091100251568896,6
AQL,7.545016313793702,0.45866207932482295,2
ARL,1.7482686815448447,2.015713670338319,12
ASL,2.4998874019403665,3.2117223685055674,16
ATL,3.898527705591293,3.7272057173802216,5
AVL,2.5155080711201614,3.1329557909428147,4
AWL,2.4393682990415546,2.4382775890823183,3
AYL,5.163007755152626,2.3457068093607787,2
