Translation,mean,std,len
SFL,0.4245686596398741,0.6004307566212765,2
