Translation,mean,std,len
G*T,3.01174762040035,0.4078932503366353,4
GAT,-0.20554005067359926,0.8559017833147954,8
GCT,-0.3725521639234031,1.1054435552121091,4
GDT,-0.43919822846741075,0.6003864369713631,4
GET,0.14581890167947398,0.8932198047802875,4
GFT,0.6734861107514412,0.564345144119828,4
GGT,-0.6028281253060742,1.224332749367206,8
GHT,0.4319383712164626,0.7963690840965392,2
GIT,-0.14208546827742877,0.3483485102754272,3
GKT,0.3878204918446504,0.7806547967387789,4
GLT,0.7467055155119559,1.1604677650072006,10
GMT,0.301023031907635,1.2143250847212241,4
GNT,0.5223262335780419,0.2362338953152264,3
GPT,0.06609118421953368,1.0047077859014084,6
GQT,1.8099083367159965,,1
GRT,0.3173368187082047,1.017851293419761,9
GST,0.13008599156385314,1.1611766656586158,8
GTT,0.2990045952096683,1.0137997174327535,9
GVT,-0.7394492069617211,0.47086637530748177,6
GWT,0.8649884484507366,0.8988580681492068,4
GYT,0.6538823025050048,1.7084494354954383,3
