Translation,mean,std,len
G*T,1.9973858740388046,0.9075279843247352,4
GAT,0.4416428090065517,0.9219208492763389,7
GCT,1.352512236311951,1.3317356364301685,4
GDT,2.1203684962484446,2.6793260704428232,4
GET,1.0573901915295558,1.5966958160993279,3
GFT,0.9747892522547404,1.2450777435851745,3
GGT,0.7024275116553355,0.7308839150634684,8
GHT,5.456065717343277,0.043746063839819875,2
GIT,0.506012354761682,0.8290218828383191,3
GKT,1.1487114913676761,0.45074725724960774,3
GLT,0.8889877446399689,1.1382434338113416,7
GMT,0.710722328512485,0.504176979992511,3
GNT,2.875155404979276,3.59141230961741,3
GPT,2.3283038689321884,2.589403423280759,5
GQT,0.5238740169450176,0.007204531376286196,2
GRT,0.4291882621495132,0.9041876229056728,11
GST,1.7085097318877982,0.6120807360883503,8
GTT,1.3240163377774503,0.6386986241823601,4
GVT,0.9173088144139917,1.3728243366293196,12
GWT,0.5796314918923633,0.9456393851285929,3
GYT,1.1594424035235407,1.1234422760644283,4
