Translation,mean,std,len
R*V,3.39493352666139,0.21054418189485805,2
RAV,3.283666736114814,0.11407495888980348,4
RCV,3.4577370454503846,0.22845095725043535,2
RDV,2.791761764620532,0.2047230554457832,2
REV,2.6937687933016083,0.23616567436394048,2
RFV,3.1081834322250845,0.41808963669323296,2
RGV,3.370895961925761,0.14183519585962645,4
RHV,0.6327470533814583,0.6872371799317144,8
RIV,3.4909754893308502,0.1600307120115491,2
RKV,3.200970937106346,0.10142452605024159,2
RLV,2.8351598522873274,0.4187023893830409,6
RMV,3.348408407665048,0.35177566703435875,2
RNV,3.102759364831359,0.638197365975118,2
RPV,3.206585662651417,0.4176476398158034,4
RQV,3.1836112200214446,0.2812234594968338,2
RRV,3.2279656176432585,0.2277253660034491,6
RSV,2.942341171373617,0.25664463565327794,6
RTV,3.310597138877249,0.3487334955299179,4
RVV,3.478035612726569,0.12510938163406363,4
RWV,2.978017004548338,0.21580479719753162,2
RYV,3.1610802891713945,0.2034565695080731,2
