Translation,mean,std,len
L*D,3.0291976085346795,0.9694332735726677,4
LAD,0.809937782088388,0.804769212073731,6
LCD,1.8032814920963953,0.4180996466157986,4
LDD,1.2113110854381308,0.6446485686917466,6
LED,0.43863583577707477,1.195005621153269,3
LFD,1.2892411998030782,0.20813577928417418,2
LGD,0.586480582492509,0.7466784421986837,8
LHD,0.5881300949904467,1.090272667790387,2
LID,1.1133076308307377,0.8829742363507533,4
LKD,0.9650471100189427,0.5979065685372543,2
LLD,1.086030796424503,1.4012910722351477,8
LMD,1.7947187001636724,1.3762799951519333,4
LND,0.7384177995459273,1.2236382024960868,3
LPD,4.355915595787625,1.97708735806354,8
LQD,0.47430011783112325,0.23143335997465375,3
LRD,1.1190298184061023,0.7189994735986865,12
LSD,1.2370929145478744,2.2038880486204624,11
LTD,1.3320365443474322,0.9357148207268282,5
LVD,1.3446596877345383,0.7718803681095899,8
LWD,1.2611547695544376,1.4094446631502,3
LYD,0.998922167086758,1.0648544617701536,3
