Translation,mean,std,len
N*L,3.0828678746311233,0.31391991169447137,4
NAL,0.7567448581195774,0.8898538138494182,8
NCL,3.1231355803233627,0.7146878946200442,4
NDL,3.825293044172601,2.1504035465427793,4
NEL,3.070756057522538,0.2952675079363025,4
NFL,3.468119781986079,0.3093569080592674,4
NGL,0.772556955753137,0.7636942826641802,11
NHL,3.7837589518769894,1.3865927469619017,4
NIL,3.4044458301557023,1.7068421815512627,4
NKL,3.2107742219488364,0.5293082719989204,4
NLL,3.1232067293102386,0.7557978334410005,12
NML,2.5872795966853976,0.8741382183772352,4
NNL,3.8583047947549725,0.5097654383526795,4
NPL,3.793325192967852,1.2334419337797575,8
NQL,2.6818539930726732,0.9277263964230664,4
NRL,3.2150111669700414,0.6911541357244698,12
NSL,3.336681805669533,0.45681116706263514,12
NTL,3.22124955923115,1.1579730286746968,8
NVL,3.750246773370553,0.33017304614514603,8
NWL,3.3798195841338003,0.22332750004922616,4
NYL,2.671622138510843,0.4437347800382082,4
