Translation,mean,std,len
W*D,3.0065018247816786,0.3683318922844885,2
WAD,0.42747045110255644,0.28024394627864885,4
WCD,-0.2031396862120647,0.4762308087138758,2
WDD,3.473142851807801,0.32747744360959946,2
WED,3.130109028439814,0.6646635849054223,2
WFD,0.5494973264617152,1.0283499129822806,2
WGD,3.4147852480667895,0.2755545895930053,4
WHD,2.441348358605988,0.43508084591782575,2
WID,1.3013098566364927,0.08949379303910515,2
WKD,1.4190509759868162,0.953537052030543,2
WLD,0.8498600044003696,0.43713627170083275,6
WMD,0.0514338187061386,,1
WND,6.131618749411562,1.9005519018795523,2
WPD,2.8271665743949086,0.6751648061204331,4
WQD,3.159224028328896,0.4092788319458044,2
WRD,3.2189797866596925,0.5892702573074581,6
WSD,4.45929433483152,0.9048962742434826,6
WTD,0.45730438538397955,0.5696087163971664,3
WVD,1.2327093668209637,0.9900631799195418,4
WWD,4.355181615678205,3.5367191331600933,2
WYD,3.539866974078587,0.6430602437749098,2
