Translation,mean,std,len
L*P,4.074698066184244,0.3289552302666923,4
LAP,0.5277035623318278,0.5467935209311402,5
LCP,0.7663440665282719,1.5778387112199732,2
LDP,1.5128433632262586,0.8471054676065286,4
LEP,0.5114158470641876,1.4142454648393763,4
LFP,0.4461184473314397,0.5630027661723578,3
LGP,-0.025115201403545426,0.32328098562943525,7
LHP,4.18320002441877,1.0103447858371748,2
LIP,-0.12814192801954175,0.24927563937581929,3
LKP,0.5860394619264095,0.2975325685039485,4
LLP,0.6349785453146035,0.7104481898967671,9
LMP,0.7860045376336023,0.836338174401529,4
LNP,0.7116561512565128,0.42524304935878243,7
LPP,2.3354607549302018,0.6102856195811847,8
LQP,0.5493478101532521,0.6196713739577697,4
LRP,0.5319944956006332,0.9677912459756939,11
LSP,1.0794241944581486,0.5460975401745283,6
LTP,0.7730548658214232,1.082932893720672,6
LVP,-0.09157062150417754,0.7567404901690136,6
LWP,-0.3895659613527558,1.3185077887907688,3
LYP,1.236698343211985,1.2037817469245458,4
