Translation,mean,std,len
E*L,3.976929747694143,0.37938386662158335,4
EAL,0.3074372510860398,0.6296424630329379,8
ECL,1.1731660714711247,1.513172662580481,4
EDL,0.4310900957858375,0.579018394283202,7
EEL,0.03343865527638224,0.815771929079423,4
EGL,0.45271703568582766,0.6013881934290763,8
EHL,2.9465327537989343,2.2186709689046125,2
EIL,0.25408544303124275,0.4924903446990075,2
EKL,0.610408428301108,0.9103360720902886,3
ELL,0.9409020204559645,0.47150899393854695,7
EML,0.513384135993106,,1
ENL,1.1034225535130242,1.153780478198324,3
EPL,1.3501691267077178,1.4094907161796422,5
EQL,1.0808984704723104,0.7238915471310344,2
ERL,0.2094261341902713,0.453519996136018,9
ESL,0.7534735461874726,0.9902020551561369,6
ETL,0.23386395087731593,0.7391847153857638,4
EVL,0.19670038556111097,0.6401116794804417,9
EWL,0.1883765161462497,0.9538758937413054,3
EYL,0.45641015421426506,0.6026868916845848,3
