Translation,mean,std,len
T*E,4.001589773168958,0.22732356117827157,4
TAE,0.7635861913900204,1.5952303300734447,6
TCE,1.0590074898005022,0.8795471141880424,4
TDE,0.3388499477321762,0.5213973304851824,4
TEE,0.23606674771175312,0.5762285879555802,4
TFE,1.198741206677902,0.8242704982780852,4
TGE,-0.0757498720614038,0.6338908967273138,8
THE,1.2951671772194515,0.11965122381751697,2
TIE,1.4170824135341746,1.923073421192726,2
TKE,0.5568046790099652,0.9133958232845761,4
TLE,1.1993453061245098,1.0826300603887857,8
TME,1.1651224112763179,0.8565572107454249,4
TNE,0.6136487294236079,0.5323365110082706,4
TPE,1.5739012640458123,0.554832763484997,4
TQE,1.5319375732406144,0.7236749863763211,3
TRE,1.2457699799988415,0.9895656285961548,11
TSE,0.5517055542455473,0.6780743835037537,12
TTE,1.3764641045170654,0.3835770490596201,7
TVE,0.5274323735959736,0.38559331887281645,8
TWE,-0.15516833335565425,0.16467711013299816,3
TYE,0.586728843318093,0.5944922091113607,4
