Translation,mean,std,len
Q*C,4.15358730746032,0.2424206474399487,4
QAC,2.0871885020386527,0.39716926683976456,8
QCC,2.0545982917158208,0.6877548158747201,4
QDC,2.502273127346771,0.3003211119119057,4
QEC,2.810674905682109,0.4907227159321428,4
QFC,2.7983933145128024,0.39483498743191925,4
QGC,2.299453147645541,0.6929337778690755,8
QHC,2.229823236659626,0.14765274891186783,4
QIC,2.4696831425554877,0.24747931447485383,4
QKC,2.192939413434163,0.1918973328855869,4
QLC,2.100352865636814,0.5672553268273828,12
QMC,2.2836382744149937,0.24432598109108114,4
QNC,1.5305204656720983,1.1289889011915446,4
QPC,4.244808072099754,0.17975884931918285,8
QQC,2.333447060938718,0.5320569690873087,4
QRC,1.9203423701724578,0.3727302552393464,12
QSC,2.0799302421032126,0.33740765518442517,12
QTC,2.043489006498741,0.19978739410196836,8
QVC,2.0850015936646344,0.446537703186617,8
QWC,2.765814539741924,0.3477401921206365,4
QYC,2.3151779032546873,0.4974785358649079,4
