Translation,mean,std,len
H*M,3.9155880690387543,0.15199514186723545,2
HAM,1.7029878852696791,1.1438940459676497,4
HCM,1.3423487120535174,1.2224371174647088,2
HDM,0.3669278452595126,0.3527740738959069,2
HEM,2.6457669605018044,1.4732752206862794,2
HFM,1.686377139044906,0.7150284209882513,2
HGM,1.8350034837259732,0.5647690023135401,3
HHM,1.522862757854846,0.5364943950917815,2
HIM,1.742582221580397,0.6762387718837113,2
HKM,1.2425050510044313,0.34128852816450356,2
HLM,1.8859931365761897,0.8439802435210093,6
HMM,2.129824946520391,0.01129112112135859,2
HNM,1.205278371164832,0.41240624468613396,2
HPM,2.101221061883776,0.5257901360575471,4
HQM,1.613828080511591,0.7602639207432716,2
HRM,1.62027917740922,0.5123188716038194,6
HSM,1.1982453811531604,0.71043715632781,6
HTM,1.190595000124719,0.5863766613978108,4
HVM,1.6631667111678416,0.47002415556536414,4
HWM,1.4762617614392717,0.5641645805995869,2
HYM,2.013501506776791,0.9016867781652612,2
