Translation,mean,std,len
M*N,4.034549694809871,0.09585364793906759,2
MAN,1.2679098001394147,0.7696347553578524,4
MCN,1.6190839185033745,0.7043089340953775,2
MDN,1.5424119344508438,0.048629059023044485,2
MEN,2.22610803366684,0.510344082307004,2
MFN,1.0999994450938924,0.7014871073663358,2
MGN,1.6087814219536019,0.6435116544389633,4
MHN,0.9826304938493187,0.275600463686204,2
MIN,1.7422910579270376,0.5702421774268177,2
MKN,1.5392277543248212,0.3101049429877885,2
MLN,1.5376171918034816,0.6164710512916479,6
MMN,2.5161784015079256,0.5922503443109844,2
MNN,1.5006179155494719,0.15993931029538502,2
MPN,1.0142958995136846,0.31320663577065333,4
MQN,1.0049091680178357,0.8775380175057858,3
MRN,1.520973689494132,0.5435054246884221,6
MSN,1.2894156270675665,0.4390320047093284,6
MTN,1.5934772607679766,0.38647651949425404,4
MVN,1.2867560602422967,1.0316925170841378,4
MWN,1.9018862915800416,0.9106856953641318,2
MYN,1.937425478971153,0.64921516066681,2
