Translation,mean,std,len
G*S,3.9569536174726068,1.0491666475970938,4
GAS,1.5810773031211531,0.8919751143523875,7
GCS,1.3079071639981938,,1
GDS,2.1316631990543766,1.5263738035887187,4
GES,1.4163020695196682,,1
GFS,2.1805323172929825,,1
GGS,2.493948912324827,,1
GHS,1.415070464689557,0.8187883435580304,8
GIS,2.138397866237444,0.8894234988748378,2
GKS,4.8130449199980605,3.1898065258533794,3
GLS,1.9346221734650273,1.2729348949480006,8
GMS,1.9668965060369303,1.389731466474172,4
GNS,0.9688659061905671,0.0891901265532798,2
GPS,0.898189364063111,0.44787323324049705,7
GQS,1.3629077320816534,1.1743450208592763,4
GRS,2.2101973522828167,2.1991029421880994,9
GSS,1.32184631801215,0.8866295094616241,6
GTS,1.6376295287647016,1.688482531464599,6
GVS,2.48489216979135,2.428180360486377,2
GWS,2.066302680782447,1.4499793526480336,2
GYS,2.397457980653064,0.5553746092801473,3
