Translation,mean,std,len
K*P,4.962846996859416,0.6533235143554146,4
KAP,1.550181320834027,1.0220478173883785,7
KCP,2.332181606003912,1.3113111133965365,4
KDP,2.734302765924453,0.4117446742847792,4
KEP,3.9442942938256658,1.004748579508751,3
KFP,3.4942551403010498,0.180064173045026,4
KGP,3.304168300685911,1.1009670274648347,7
KHP,2.447474739261799,0.790789747824934,4
KIP,5.541890816210355,0.36220598617114813,4
KKP,2.4751189925644446,1.1147198927576838,4
KLP,3.3980827748106535,0.9675633923363898,12
KMP,2.254568219535825,1.6215864593390803,4
KNP,2.1045211835913937,0.7198278607436192,4
KPP,3.7750276928339326,0.37085963228914604,8
KQP,0.9753450690411927,1.1121402178085835,4
KRP,2.1772282246405474,1.022607248520804,12
KSP,2.3977044156458165,0.8740893054650939,12
KTP,1.8671636105808902,1.0421352722171469,9
KVP,2.8380985974309882,1.5983136424389612,6
KWP,5.003023635986256,1.0151338995489583,4
KYP,2.9088096226750433,0.27392736115359917,4
