Translation,mean,std,len
D*A,4.321695832750811,0.8964687073203562,4
DAA,2.294297834388151,0.8895558210375046,6
DCA,2.4430443724837567,0.3310255447977279,2
DDA,1.8426357655446435,0.32189424106122805,3
DEA,3.8512836789049034,0.22968807119066711,2
DFA,3.746263625200049,4.16864486239179,2
DGA,3.027896540456149,0.8658757373273943,3
DHA,1.4046126089891855,0.5599030311176726,3
DIA,2.5241750673840837,0.8718505599449028,4
DKA,2.4804090592356696,0.4114395755046388,3
DLA,2.2576690556702874,0.7973247383328662,6
DNA,1.9829809686061288,1.6040132367141524,2
DPA,2.1142459655499084,1.070960994908769,6
DQA,1.7124144057595183,0.4678698245087083,2
DRA,2.781766920831893,1.8971721498895526,5
DSA,2.894982185795061,1.1053452434991284,5
DTA,1.422484317879082,0.9062205266442112,9
DVA,4.454320942571022,3.410701977411494,3
DWA,2.6628681815866404,,1
DYA,3.6316388366549095,0.336714482977177,2
