Translation,mean,std,len
P*T,4.591475362830546,0.18526170229932643,4
PAT,1.169566963215076,1.1707176860665596,8
PCT,1.630158795068759,0.9277578753745649,4
PDT,1.5106769472130412,0.5946776683918851,4
PET,2.0013123802198454,0.790281581806585,4
PFT,1.8860845710171616,0.6038154733332775,4
PGT,2.4450824035148218,1.1498128456599177,8
PHT,1.6253421797023646,0.24405006332743914,3
PIT,1.4303557501279915,0.3093095397578461,4
PKT,1.4370809723539217,0.7527531130541393,7
PLT,1.627555894714546,1.1162284377653002,12
PMT,2.0873370021013926,0.6646423395512664,4
PNT,2.180586979988828,0.5042819491058318,4
PPT,3.6821796642510467,0.7924875536930865,8
PQT,1.2841439111280686,0.15560455592457584,4
PRT,1.980688573157689,1.0479901196740633,12
PST,1.1773404343062137,0.9330561752473014,12
PTT,1.4902476181605344,0.5939551127361024,8
PVT,1.7201959616433953,0.8906797736141808,8
PWT,2.483042037152297,0.6205944074705045,3
PYT,1.4152403927335413,2.053646327957711,4
