Translation,mean,std,len
L*L,4.664544034290684,0.5428797846941318,4
LAL,2.544836089894445,0.48960575223365593,8
LCL,2.562882270569469,0.703369256570341,4
LDL,3.105537579683498,0.5603607319657705,4
LEL,3.602326607872617,2.0873016631369996,4
LFL,3.1116974312612964,0.7794113189884543,4
LGL,2.9621449327993425,1.4573226872136025,6
LHL,3.0871782470506997,0.3812043621153761,4
LIL,2.615852330224897,0.9940461277745876,4
LKL,2.186849668076756,1.7110369584560572,9
LLL,3.2765859563073705,1.3321635932734124,12
LML,2.849318975647958,0.7130061530541406,4
LNL,2.269239963331818,0.8158614094021306,4
LPL,3.312272625595207,0.40111854201129127,8
LQL,3.3340262938981153,0.26966157143949704,4
LRL,3.0349385792303725,0.8807727135176812,12
LSL,3.616844014074832,1.9105354088722948,12
LTL,2.838189066043862,0.8660943563768064,8
LVL,3.2243345087217206,1.2759436660712569,7
LWL,3.6293920938071143,1.1864198036496016,4
LYL,3.878946588349485,1.1251558455235893,4
