Translation,mean,std,len
R*Q,4.647572940959046,0.05563887330247093,2
RAQ,2.0657658214073025,2.142133510339053,3
RCQ,1.3125896414871008,0.6885115646269593,2
RDQ,2.9387353105847067,0.2627792523552768,2
REQ,0.26714157967603563,0.02570798883044197,2
RFQ,1.2304408616569096,0.8646973368586418,3
RGQ,0.02314536111492395,0.3656209940448038,4
RHQ,2.4277828264141696,,1
RIQ,1.0282683800420251,0.7996979724517943,7
RKQ,1.233280643417562,0.5158500761034982,2
RLQ,0.8577515031561745,1.0048093427686648,5
RMQ,0.3943023672074623,,1
RNQ,1.2768602908337359,1.2614347982197,3
RPQ,2.074895122412973,0.888767590166407,4
RQQ,1.3916477510935805,0.34768391487429484,2
RRQ,0.8876287659170945,1.4148295761412761,6
RSQ,1.3534840012618286,0.5974697263108365,6
RTQ,1.0856537693716415,1.2510250196201167,4
RVQ,0.759244879493794,0.9675401322750287,5
RWQ,3.006278491458387,0.16313439701725965,2
RYQ,1.2712177029512333,0.24334378954916924,2
