Translation,mean,std,len
P*Q,4.8259303275233645,0.20586098107034173,4
PAQ,2.5151807601495872,0.6731037216019568,8
PCQ,3.5582610111214077,0.9958460178219612,4
PDQ,5.129258637619741,0.2600799620183758,4
PEQ,4.8453767967900525,0.2476192300986748,4
PFQ,4.5864608161674205,0.46361622010566844,4
PGQ,0.5797328047100704,0.6432098969894487,9
PHQ,5.80070870653557,0.19922324913715073,4
PIQ,5.33850757255999,0.6839439902768996,4
PKQ,5.273970109826897,0.4594184549999274,4
PLQ,4.718567076939384,0.35450849088026426,12
PMQ,5.735559207056631,0.1613656750564184,4
PNQ,5.727527934941126,0.1370092796158425,4
PPQ,5.703177281709275,0.45950559209033176,8
PQQ,5.493801435241252,0.5854370023328138,4
PRQ,4.825804738998731,0.7687006536317323,12
PSQ,1.6428929508650354,0.8191674825961195,12
PTQ,2.5628790053518253,0.5823245110156129,8
PVQ,5.407655633041174,0.45280792200826664,8
PWQ,5.936289090002994,0.16938694024227585,4
PYQ,3.192233837493311,0.590094681970593,4
