Translation,mean,std,len
YDG,0.7643065265589604,,1
YIG,1.148928497404123,,1
YKG,2.9862758438862773,,1
YMG,3.5116548965884187,,1
YNG,0.534117823286195,0.755356669596533,2
YRG,2.811288669045515,,1
YSG,0.7933717962158333,,1
YYG,0.5685171965397293,,1
