Translation,mean,std,len
Y*C,4.539290077560297,2.874206269313151,4
YAC,2.881059542727501,0.4953010520670199,2
YCC,1.669618507862916,,1
YDC,6.657658057257819,1.4872885275943581,3
YEC,6.226297989817883,1.2168016892822318,4
YFC,1.7107395308103908,0.4580929900364758,4
YGC,3.1427690046738723,0.8780889534261858,4
YHC,0.7239671110425445,0.9582705065780028,2
YIC,3.556703364687054,0.8034317195205092,2
YKC,2.61994894781445,0.15692074001779216,2
YLC,4.422784440584597,1.08891827633013,10
YMC,3.2474348084492,,1
YNC,1.0775548975820095,,1
YPC,2.023257162586299,1.4920770236267933,4
YQC,0.8881801021452183,1.2560763462836886,2
YRC,5.625932367480961,2.0715601194143867,10
YSC,5.01600445738992,1.0443161540489783,2
YTC,2.606959879298051,,1
YVC,0.6223270348203336,,1
YWC,3.0411801201042263,0.8094729949942322,3
YYC,4.332274159897405,1.4361783779720916,3
