Translation,mean,std,len
SPS,0.02934536166625713,0.2826645085950489,3
