Translation,mean,std,len
S*V,4.519878071279814,0.17412650806389796,4
SAV,1.403057980287848,1.5041359880616154,4
SCV,1.898479198032128,0.449433923022931,4
SDV,5.180311375135759,0.7622189603616762,4
SEV,5.3033491795965055,0.5239029350196386,4
SFV,0.9667099805353914,,1
SGV,1.5319516507764463,1.0805349276171397,13
SHV,1.677857384414522,,1
SIV,5.45984271172207,0.3628364547609457,4
SKV,6.320330011208606,1.276074505992084,4
SLV,5.2893754279631855,1.1923572055100378,12
SMV,2.22427070346767,1.4719259978714272,4
SNV,2.5186909981366328,0.1738473315565589,2
SPV,5.590584014313043,1.8597536119403195,8
SQV,5.020276669375846,1.7324774660282047,4
SRV,4.344038320219815,0.5301898196020991,12
SSV,1.8196175874287237,0.2873361173738038,3
STV,4.446178299693479,3.148049326692362,6
SVV,4.687658035387078,0.6269023007043455,8
SWV,0.20332665472568578,0.4579968438789407,3
SYV,3.7877395160734215,1.4765236621840987,2
