Translation,mean,std,len
Y*G,5.367799399097375,1.305081978965527,4
YAG,4.2046954686761495,,1
YDG,5.518333985987877,3.405203060017403,3
YEG,2.8247362634179005,,1
YFG,4.046165259023574,0.6243691952172882,2
YGG,4.68817587435779,2.135636364244163,5
YHG,2.151599752972664,,1
YIG,4.343463002200453,1.7212699754377772,2
YKG,2.991084005485273,0.6751507564623408,3
YLG,6.905053205191348,3.6627609227347477,4
YMG,3.794586882473823,,1
YNG,1.7030309492119593,1.2866426955189152,5
YPG,4.5805494693708235,0.6244499812367692,6
YQG,3.8466309515376373,1.6469817380210368,2
YRG,3.771574361085337,1.777491950402501,4
YSG,3.156727304094428,1.3459232453857626,4
YTG,4.020896460075683,3.571380021828449,4
YVG,3.674717896821277,1.4369590247465127,5
YWG,4.722037552683644,1.105827588344563,2
YYG,2.864884115865609,0.8989735612652024,2
