Translation,mean,std,len
P*G,4.4975383468139,0.5746473925797857,4
PAG,5.579844872688931,3.5074633282115517,3
PCG,3.8291850041356654,3.2506272375820187,4
PDG,0.8629664979356081,1.133444923522823,4
PEG,3.290608443671703,4.500920991152802,2
PFG,1.7468836358295938,0.7388326106182481,2
PGG,1.585440922556891,0.6792665302528139,4
PHG,1.5827586173135335,,1
PIG,2.00293871729565,0.16803182325972477,2
PKG,2.7388185301175962,2.273316973586376,2
PLG,0.2485682606608392,,1
PPG,4.869749707858571,0.747691184398463,8
PRG,3.934905544737133,2.9305956670624567,5
PSG,1.620641837472254,1.041559291377819,11
PTG,2.145162739409153,0.5773682006871909,3
PVG,1.081131629713641,0.564488514169321,3
PWG,2.217013360982037,,1
PYG,1.63939260228714,0.5994123228218764,3
