Translation,mean,std,len
S*G,5.755691613328734,0.9736202897916408,4
SAG,5.179239813876903,4.235367330775065,8
SCG,4.488517583556973,2.3448108256750717,4
SDG,4.3661111245861655,4.2818504342387005,5
SEG,1.6628088484472936,3.519135201582112,4
SFG,5.935041623629526,2.8525996820646218,5
SGG,2.2363812084631416,2.738705636894788,11
SHG,1.6656941929219666,1.014658423635264,4
SIG,5.867247760715152,3.767542184316442,3
SLG,3.6827621000700206,2.9040276380470935,5
SNG,5.916224615018659,2.9105019216092733,3
SPG,5.24873781999103,4.225025333742488,5
SQG,6.891208883045467,3.5784919987593464,4
SRG,4.374352377656511,3.9597537843274293,11
SSG,7.798118959805824,0.772193055904584,6
STG,7.433873236173608,0.2847935825485518,3
SVG,1.6832844355826484,2.727039172554481,13
SYG,4.134855056083538,3.826899391057351,4
