Translation,mean,std,len
F*N,5.115468217811218,1.7894830888339122,4
FAN,2.576803608646615,3.2697478985129504,8
FCN,0.9321454998503292,2.2797029691410264,4
FDN,0.7878594357080642,1.5916457749841957,4
FEN,6.7685285769055055,2.4155004467786023,2
FFN,0.8199751254244831,1.1904897219759507,4
FGN,1.0480292307989818,2.1272549337600846,8
FHN,2.5533714017739206,2.4375553993850705,3
FIN,1.9184816331472312,3.024371112511761,4
FKN,1.6451317091958468,5.087226742714586,3
FLN,1.0492548102085921,2.2273344719073447,11
FMN,-0.5112925038182166,1.1064377235694378,2
FNN,4.965583207513259,3.6815669397918347,4
FPN,5.055923614621665,2.540618532817045,8
FQN,2.142142465937408,3.8867117309007844,2
FRN,2.4325074034486325,3.3289445677622727,8
FSN,4.107382725756173,3.7526614717651863,11
FTN,3.600253527017914,4.662219360883607,6
FVN,2.4220750665649056,2.234726235139938,8
FWN,3.389113720171302,2.4736069318246843,4
FYN,2.0731806847318115,1.7738956917579711,4
