Translation,ratio,std
*,-4.162336950656215,
A,-2.9350696821518305,0.5756863310949994
C,-4.332504404328395,
D,-3.720511995566631,
E,-4.477737145934953,
F,-1.1351244370451319,
G,-4.179564261150686,0.13706738869660182
H,-1.0381140016482777,3.692887337176188
I,-4.211650492754866,
K,-3.52001284131196,
L,-4.208495331556847,0.33055778176661454
M,-4.760993149030408,
N,-3.3240844661763944,
P,-4.144836200282138,0.8160344085122919
Q,-2.692870429116618,
R,-4.504504328186408,0.27949724002802323
S,-4.343661281877734,0.3340164478458174
T,-4.694153817520685,0.5582452998285051
V,-4.564183083439682,0.37889652423177084
W,-3.94407758866471,
Y,-0.04766834944192411,
