Translation,ratio,std
*,-1.4495168214267204,
A,0.19453519394697416,0.02612867726540471
C,0.1405548057046193,
D,-0.040851995309544975,
E,-0.08245952909273235,
F,-0.13675386709088144,
G,0.17586624185976207,0.111054857529751
H,0.11363591827964292,
I,0.22271341014372403,
K,-0.3419479679102011,
L,0.2395263703957949,0.36433413632607947
M,0.7447535406455792,
N,-0.2642818381160028,3.0993525962183943
P,-0.5547064339669046,0.39403100843497213
Q,-0.4357257508361698,
R,-0.22828550701589792,0.21830809941321633
S,-0.12212913465126422,0.24085866337481343
T,-0.2170056231420059,0.16368270745946306
V,-0.16059159083506014,0.09248500983656863
W,0.002383642827510357,
Y,-0.47013437132914415,
