Translation,ratio,std
*,-6.425250547040032,
A,-0.27779721082324116,2.6071973211255415
C,-3.5863659931627545,
D,0.9927674287562045,
E,-0.5692300808487243,
F,-0.41644099172044236,
G,0.735721066948293,0.2220411537276209
H,-0.8667933164468771,
I,-0.01998719775635749,
K,-2.097866331942889,
L,-2.5292439472431383,2.1813693041443987
M,-2.3742930019045385,
N,0.0032131356287710133,
P,-2.213871324721123,1.3568457326816588
Q,-0.5942281109357239,
R,-1.0314126930948717,0.709400619445227
S,-1.3478438242013595,1.6353042613368478
T,0.6089145825564515,
V,-2.4133553774840646,0.13483695054992456
W,-1.784528076072716,
Y,-1.5068812093359387,
