Translation,ratio,std
*,-4.492577909962749,
A,-0.9218391127418313,0.5693975372233612
C,0.1935285441787098,
D,-4.292888266480829,
E,-4.065353655748205,
F,-0.633840485288701,
G,-0.24784143071032894,0.6938295809567103
H,-0.3964593144511692,
I,0.332194626093397,
K,-3.539073703224876,
L,0.3244769840352107,1.3086009954421005
M,-1.2570315809353954,
N,-0.815194587792746,
P,-4.493189980451533,0.6181272113887497
Q,0.5297644757499551,
R,-3.2279218677783796,0.3500101854881
S,-0.4578959832033546,0.7239799925174651
T,-0.5443606225570914,2.6255350855483224
V,-1.0648554320618224,1.7395740678318234
W,-1.400587166037102,
Y,-0.6863957343224456,3.7924166911549677
