Translation,ratio,std
*,-5.123149645920695,
A,-1.9219052997280386,0.9190369242466067
C,0.03877620640353108,
D,-3.7352274935254224,
E,-0.08547552504732003,
F,-0.4024110824953251,
G,-0.44494715844769583,0.20135804627201076
H,-2.561430558225469,
I,1.7314609549258506,
K,1.7398742385149273,
L,-2.3087745402282107,0.5802834749045389
M,-1.2394268902818908,
N,-1.8993066704111392,
P,-2.830381944888886,2.4527964672078237
Q,-1.341349556759047,
R,-1.6056777326051421,0.7321577573732064
S,-1.5660954619789493,0.7292946790426901
T,-0.13430397350473378,0.6192453690531229
V,-0.05584163041483592,0.9596885570716553
W,-2.214327516877434,
Y,0.06264813529285718,
