Translation,ratio,std
*,-6.0084638205643115,
A,5.41138050998314,
C,0.689322717178042,
D,4.971502711996319,
E,-0.9176798462680509,
F,3.636368011668967,
G,1.1165851766884454,2.6348817157880604
H,-2.1854242790990206,
I,-0.3075167914217509,
K,2.1417026434139075,
L,-0.701832999907591,0.7878735977003011
M,-1.9779282981007569,
N,0.14304870440657602,
P,4.287645141560894,
Q,-1.1763170308919024,1.6635634987377794
R,2.050402352677338,4.88044575976948
S,2.870458234064462,6.26767464626784
V,-3.066776174512638,
W,-0.8634513214611719,
Y,2.523831988529766,
