Translation,ratio,std
*,-5.057610474464013,
A,-0.2859925431363859,1.3933182701214233
C,-5.185032854103742,
D,-4.157663141263043,
E,-2.7052891925623124,
F,-5.627983109033441,
G,-4.769267779537863,0.16289662820580983
H,-5.005856100514719,
I,-1.202879618967689,
K,-4.544902320948312,
L,-3.2653443011860688,0.730384270849415
M,-1.7527352442531159,
N,-2.382280638645774,
P,-3.581924237689892,0.2435265163304463
Q,-2.67032160294137,
R,-5.127927102089083,0.6612312138553155
S,-2.832221910945511,1.9481221877556303
T,-1.201271112913453,0.05587625846983862
V,-2.8883796513360425,2.8273090610479183
W,-5.029615031507244,
Y,-5.03921954916482,
