Translation,ratio,std
*,-3.7520903244170505,
A,-0.23245414908761397,0.43401433215760904
C,-0.7567898832687519,
D,-0.26189456328236194,0.37037484330569503
E,-1.015295547976276,
F,-1.0622590269468617,
G,-0.9815707546419006,0.39109382589226727
H,-1.4387946260033146,
I,-0.9165173934981024,
K,-1.8394457125768575,
L,-1.0486112711836555,0.5479079636909692
M,-1.3237613830570751,
N,-0.2615379693896518,
P,-1.748846689441896,0.4382494103325737
Q,-0.8550970925187364,
R,-2.16217675949373,0.32181027003522733
S,-0.6219050501232969,0.4160217335596063
T,-0.24280281039914975,0.5806629750202069
V,-0.7286599181609761,0.005187415226266138
W,-2.197494370162075,
Y,-0.9800311026125623,
