Translation,ratio,std
*,-3.731944646380362,
A,-0.19578371755999058,0.3805617377606063
C,-0.6668391029691048,
D,-0.571317603323104,
E,0.6522401182791562,
F,-0.5590202008324212,
G,0.12612507737018674,0.3289589551573596
H,-0.5842505254995061,
I,-0.14132525812369323,
K,-0.35100118054987384,
L,0.4131032494302899,0.9997382692875485
M,-0.33944876564546433,4.2194355776088415
N,-0.4817499013433384,
P,0.29038597794202037,1.715609004187946
Q,5.799453766974546,
R,-0.027543306524971573,0.23327603948403977
S,-0.24231858677871246,0.5136128132880579
T,-0.7619260592890562,
V,-0.5276787925865589,0.16378139676908438
W,0.21816194989129123,
Y,0.32756141237575775,
