Translation,ratio,std
*,-0.3633849957278219,
A,0.12771766579769128,0.4140020232487599
C,0.056488010656815746,
D,0.11238498654159379,
E,0.007235410338648052,
F,0.011165652240569202,
G,0.009944541474557589,0.2246049211888983
H,0.06063532758351364,
I,-0.5970875161659368,
K,-0.03744568289445738,
L,0.08812901298446126,0.35438328488205517
M,0.19367354286257488,
N,-0.44843979554820024,
P,-0.3053564919352896,0.02829911176796135
Q,-0.05244944997571643,
R,-0.4690782995256046,0.5964455475191016
S,-0.348602933434659,0.27989562837482096
T,0.6302014024683977,0.8538989099934694
V,-0.13307385479685063,0.4666136375694412
W,-0.02005561832844549,
Y,0.23446888447966963,
