Translation,ratio,std
*,-6.977193278258602,
A,-1.6386515312327097,0.8261477291171146
C,-4.438337742922517,
D,-5.734988357558206,
E,-6.628919348596575,
F,-4.582482560461097,
G,-1.6504513821469005,2.407031294616091
H,-4.960529877888858,
I,-4.0210839962493,
K,-4.896219490030005,
L,-4.320256722626275,1.5273918483983298
M,-2.308917025650006,
P,-5.355798726647553,1.302653299579976
Q,-5.094767913438177,
R,-5.187004179087284,0.1977660967631652
S,-4.739032265687475,
T,-3.5915493106365926,
V,-4.326441878422797,0.21846368754166293
W,-5.304265614815614,
Y,-6.3271145212377755,
