Translation,ratio,std
*,-6.130888898177983,
A,-0.8072462291135851,1.017510625050088
C,-1.6344272647331604,
D,-0.17112308895470107,
E,1.1489381114685209,
F,-4.450431184586828,
G,-0.14614230588831312,0.48284983324465053
H,0.5206430857814084,
I,-4.281455294018876,
K,-1.2043341578457323,
L,-1.2766742840141656,0.9584646675549672
M,-2.084866792343833,
N,-1.8155162167922676,2.5675276564959173
P,-3.7407990330135896,0.41600464899121264
R,0.2936734214508097,0.4353700085618983
S,-1.0580483209926588,0.8854122806905972
T,1.4686357823130791,
V,-0.335113783666821,0.8361921562464211
W,-2.3915162280832387,
Y,-1.4191459903477348,
