Translation,ratio,std
*,-0.06451815238950331,
A,-0.033127108714573694,0.2383628250253284
C,-0.15580123404836677,
D,-0.1937164046004618,
E,0.2370042035622557,
F,0.4106061344697487,
G,-0.028171563150104717,0.21732750873960238
H,-0.4676039096710767,
I,-0.4966297821201451,
K,0.35024390859535437,
L,-0.1495863704681065,0.14988960411763874
M,0.3483317876515759,
N,0.3536358195115028,
P,-0.7702946061016327,0.7427871008960806
Q,1.1933571276752346,
R,-0.15794032109123238,0.5971814403940776
S,-0.19085474491484553,0.875567355699971
T,-0.4520947244762681,0.03833408558450725
V,-0.03459022515879369,4.2204714307361515
W,0.1823960699228646,
Y,-0.05420203117031974,
