Translation,ratio,std
*,-1.3680812650151681,
A,-1.9861947647307927,0.05547392020829963
C,-1.7062990783257295,
D,-1.726100974285429,
E,-1.8041930474762289,
F,-0.11759473221966066,0.1663040651686765
G,-1.5220295728364706,0.18603822996577915
H,-0.8384902106929815,
I,-1.9381160109105533,
K,-1.989320992830093,
L,-0.03769343263740943,0.4916509479618373
M,0.37900600030519094,
N,-2.2709958023384447,
P,-1.7216927669468536,0.420154364918353
Q,-0.4729293266355281,
R,-1.7135061966864134,0.1636565039054074
S,-1.4663098785625177,0.12145829838750914
T,-1.6229462896885334,0.5727923887563638
V,-1.4217335920579663,0.07078076873090336
W,-1.6700866711471098,
Y,-1.642222625402474,
