Translation,ratio,std
F,-1.79660741623871,2.5407865743048683
L,-2.0839050937602313,
S,3.0926836379630895,
