Translation,ratio,std
*,-4.6195078486347345,
A,-0.07380016820405189,0.3703607521536155
C,-1.4463421860582333,
D,-3.911951612053918,
E,-3.848401377798564,
F,-0.9941239996568232,
G,-3.9007673429164207,0.03323124127307974
H,-3.235276635785686,
I,-1.7115234885357005,
K,-3.9900228894502465,
L,-1.938919245631412,1.7138305194514303
M,0.030797055025836073,
N,-4.471079011433454,
P,-4.916322642473275,1.3835269499320884
Q,-3.2899628656755233,
R,-3.900416193960512,0.07619822799469998
S,-4.22853664335,0.5536394762416755
T,-0.4156773837389842,0.07531482429357209
V,-1.1825200256212547,1.207882392233758
W,-4.428200746476477,
Y,-4.553327068068278,
