Translation,ratio,std
*,-4.393497693452522,
A,-0.34566016924564824,0.2667318540135907
C,-0.7514011664140963,
D,-1.2325891442807873,
E,-1.3272996767489902,
F,-0.7196815806884391,
G,-0.9131236281709163,0.34269490983013906
H,-0.6671185705977543,
I,-1.6135005934955124,
K,-0.5888008378415012,3.3977526068969257
L,-0.379016760622869,0.1361672179426367
M,-0.8373413931402247,
N,-0.8079373293733507,
P,-1.310794236896288,0.994872575858865
Q,-0.5813378871497541,
R,-0.4936116984779222,0.14764256980702886
S,-0.5378711689359429,0.7954712555926418
T,-0.6841768985236278,0.28727103950199273
V,-0.2949813665482992,0.1337161726679362
W,-0.6081886105974732,
Y,-1.6954340344417602,
