Translation,ratio,std
*,-5.1275363909722085,
A,-3.545394273793519,1.2011063953292855
C,-4.779658819239461,
D,-6.223471408379767,
E,-5.394998967841912,
F,-5.503414392510941,
G,-1.567722819108739,1.3645411141013262
H,-5.977156669166172,
I,-5.060871744212263,
K,-5.002577436183039,
L,-4.899524447099904,0.2848202053771104
M,-5.540892760921208,
N,-6.546004217423827,
P,-6.229018791539506,0.5976053722258327
Q,-6.463517890222497,
R,-5.407492033145135,0.6256355515095113
S,-3.340387791538961,0.36522512833283377
T,-3.3515279523850654,0.13514736815345518
V,-5.405884953040903,0.389715574179071
W,-6.043445926676469,
Y,-3.9175611786511197,
