Translation,ratio,std
*,-4.676188676292583,
A,0.27660374197284465,0.27896124761019553
C,-0.7134813978265164,
D,-4.50715662378386,
E,-5.896963478802428,
F,-1.4094076557836477,
G,-1.350755758789894,0.19898664434359928
H,-1.8202350994199392,
I,-2.4996532800722573,
K,-1.151957456611738,
L,-1.883266476270937,0.6628921797270282
M,-0.8295189504540605,
N,-2.0306005801253537,
P,-4.8667669034534775,0.6810875484697708
Q,-2.988924034779881,
R,-1.4758396816056834,0.2890183773222757
S,-0.8298650899533092,0.24216949077685607
T,-1.7759950667121531,0.8276481393673312
V,-0.9073570413985825,0.6210651747317419
W,0.3042487417009063,
Y,-1.4119691319177485,3.7708837675734044
