Translation,ratio,std
*,-4.0586515108728785,
A,1.7621044291541477,4.951762534955313
C,0.039307204553006514,
D,-1.4399693616302898,
E,-1.428982621872839,
F,0.5465384020415964,
G,-0.2208294914814113,0.7740905822479257
H,0.9297151709638882,
I,-0.7976883599545399,
K,-0.37024822970942317,
L,0.05863242826209003,0.6172048803662692
N,0.15040110810603124,
P,-2.193953084547064,0.274155346383903
Q,-1.072857595743434,
R,0.5722172528969587,1.507953467484647
S,-0.11042542899477059,1.486681782890549
T,-0.7273896271937236,0.6347497202490611
V,-0.6175030511220507,0.49266092795607835
W,-1.2580252702754198,
Y,-0.38394955500792705,
