Translation,ratio,std
*,-3.885009276672262,
A,-0.7782122723918272,0.06578360819777328
C,-0.3972831750703776,
D,-0.05056922092880356,
E,-0.5661083647658849,
F,-0.051548077613448484,
G,-0.2630829749587722,0.15929269037226054
H,-0.4347920788422641,
I,-0.4889620094322087,
K,-0.40989704043008324,
L,-0.8901067459836245,0.7462541354459405
M,-0.1081196921848786,
N,-0.5729769287931474,0.8103117436261522
P,-2.341500787281954,0.19266973088009634
Q,-0.18313600855209344,
R,-0.4660147318482147,0.3424158589391266
S,-0.4921953925367865,0.2825091752072093
T,-0.6099584443431052,0.25647947636929114
V,-0.5516004291110281,0.27190097633954724
W,-0.23467918066535276,
Y,0.454015272513848,
