Translation,ratio,std
*,-6.532035017866114,
A,-2.5343641985429954,0.26275667118830714
C,-2.9384842054626867,
D,-5.128434718793215,
E,-3.9574923974223637,
F,-1.141549524812083,
G,-5.455206544896395,0.04887656056409838
H,-6.969642655887426,
I,-1.2003061147476384,
K,-4.750250026290378,
L,-1.490117511298762,3.048793690308617
M,-4.660680979604145,
N,-5.60094326030256,
P,-4.384535097471881,0.3976362895944374
Q,-6.694069688947178,
R,-4.4326435820628545,0.5423165778163149
S,-5.784481673343316,0.3017228172112101
T,-4.074720849717824,0.0029377707206055463
V,-2.4857873824871453,2.3126931074479637
W,-5.409541152905341,
Y,-5.655896850438033,
