Translation,ratio,std
*,-0.5696657729970322,
A,-0.018201854002966478,0.3691926993665742
C,-0.03525671098307015,
D,0.08173065920552247,
E,-0.4868709876871815,
F,-1.296233474241001,
G,0.03199741731628514,0.16426341270532602
H,0.2798646809542671,
I,-1.07720028721452,
K,-1.3894750017839623,
L,-1.0604739034639472,0.29649475280687426
M,0.45431340650242014,
N,0.1530615196235594,
P,-1.4609721191778604,0.04944821498217443
Q,-0.3824363548732297,
R,-0.8601506295149598,0.18009792336004599
S,0.32939884717077916,0.051611468879114296
T,-0.16991506453611663,0.15103534450555428
V,-1.1446194775520078,0.06787399171301647
W,-0.5135692994241996,
Y,-0.2725720914934371,
