Translation,ratio,std
*,-4.769767059439391,
A,-0.9449459765237398,0.7549248860711459
C,-0.04005302032355473,
D,-1.0934657605992637,
E,-0.5034023881852434,
F,2.898158762399486,
G,-0.9013381813749701,0.052016249431455275
H,-2.3031790478649654,
I,-1.6572989332348271,
K,-1.851317149666654,
L,-1.4022054288397765,0.2693066465314413
M,-3.4236007251369944,
N,-1.5033268591347348,3.340733486327587
P,-2.20324318773714,
Q,-0.3913959523792556,
R,-1.5408385218562302,0.6899441619535441
S,-1.1008530402379642,0.546689621627222
T,-1.0592581597822477,0.07724021475240768
V,0.40719080010734743,2.6369739616598595
W,-0.23588477476331526,
Y,-2.2117271725565644,
