Translation,ratio,std
*,-4.2432987035634575,
A,0.3359263221007778,0.018560946969961585
C,-2.5482307250151663,
D,-0.09186012224705742,
E,0.2865503730230774,
F,-0.1753480078691929,
G,-0.19423370921245775,0.2339292608395359
H,-0.6192739950292597,3.22229545015705
I,-0.07439404977138508,
K,0.36271514967332763,
L,-1.579610590406716,0.8386272333615014
M,-0.31582781990226927,
N,-0.628586269938177,
P,-0.6271545857364345,0.6344955557668498
Q,-0.05189208507338883,
R,-0.6935956690405979,0.9261742749814036
S,-1.2425640004833054,1.280186061973254
T,-0.6567026394026891,0.021310722404723398
V,-0.19609632347156403,0.07217481240553711
W,0.06766300934040004,
Y,-0.3499995291580902,
