Translation,ratio,std
*,-6.415122408843081,
A,-0.9595185562438338,0.7176646915326585
C,-1.1206914018576457,
D,-0.061812666133027605,
E,0.052477924246342234,
F,-0.5780303408254284,
G,-0.2578839374521884,0.06301960617536563
H,0.20478163960621742,
I,-2.6354462008035147,
K,-0.3969401501685432,
L,-0.572171734256227,0.3975528551755792
M,-0.8938586391768153,
N,-0.29596658780140395,
P,-6.558381694808871,0.0671041583144321
Q,-0.5042570511615452,
R,-0.9994966286018242,1.1796784781244156
S,-0.6832586587051392,1.0570024610527684
T,-1.204115765064396,0.8018566882914235
V,0.11925614422345943,0.2241705460765766
W,-0.003174396330781981,
Y,-1.585110445739204,
