Translation,ratio,std
*,-4.026382049154401,
A,0.009508488348944688,0.09937959994822114
C,-1.2957659708777367,
D,-0.9682011658765592,
E,-0.3085621552294846,
F,-0.4631847592278593,
G,-0.08301538361525296,0.062140494608963856
H,-0.027596636750848447,
I,-1.1356533351417593,
K,-1.1308484946366715,
L,-1.0309253323942247,0.9273122098450719
M,-0.8176497889755137,
N,-1.5197243636818487,2.787546598809089
P,-1.2669457652251674,0.525927355751277
Q,-0.8720543416465567,
R,-0.10277035937755781,0.5889841775067245
S,-0.6324927478925287,0.2534231339941143
T,0.3763528594334895,1.6325024769511645
V,-0.42749664206940174,0.5360938828995591
W,0.19530786091850594,
Y,-1.1677502006724971,
