Translation,ratio,std
*,-4.01744556389811,
A,-0.8396999674431331,0.41520468862518356
C,-0.4822783254567824,
D,-0.9372552908346208,
E,0.20916873041486284,
F,-0.1341575330069773,
G,-0.43570815729732093,0.8602880735652999
H,-0.03765085286901382,
I,-0.6687286011703133,
K,-0.8312279430089298,
L,-0.9166787108871848,0.1055667539034524
M,-0.6049657589743873,
N,0.21449008563675065,
P,-1.21327432014618,0.9139012329526636
Q,-0.6547116572504681,
R,-0.15461358071382728,0.5214879731087116
S,-1.0223074119807292,2.7145773441555625
T,-1.1501180047159036,0.5959582219303686
V,0.21418446571616467,0.345349839892173
W,-0.7012582530043066,
Y,-0.7624660826856715,
