Translation,ratio,std
C,-0.3499607494070478,
F,-0.11599402097614386,2.7106737671274814
I,-0.14649805660544857,
L,-0.08080285268128407,0.3974195403193092
S,0.16850633952720173,
V,0.061193315384567626,
Y,-0.4794107546085673,
