Translation,ratio,std
*,-5.3960466179749895,
A,-0.13902647875163954,0.5844485792329682
C,0.2962979957520311,
D,-4.050702428457996,
E,-4.124292090325293,
F,-4.380154201083979,
G,0.4649679270224807,0.043950308746579146
H,-3.9222310811750374,
I,-1.6350684044483508,
K,-3.795718442425936,
L,-1.74548118840304,0.6784250248388524
M,-2.1157883912318542,
N,-4.059203914804822,
P,0.21657298808881542,
Q,-4.915046091519945,
R,-3.5963985242295937,0.23123298664131695
S,1.5000396456595482,0.03543242026465045
T,-0.6823810404437008,0.6083204899149269
V,-0.889567088055002,0.9378144293315036
W,-3.3935285325536997,
Y,-3.5636233839768305,
