Translation,ratio,std
*,-5.5980445330566395,
A,-6.401625459821113,0.8026201201909426
C,-3.344196170571016,
D,-4.615270456266156,
E,-5.539666364663691,
F,-4.9638199145163355,
G,-4.745153997815919,0.03518117265785824
H,-5.706735975794944,
I,-5.45355717877713,
K,-4.439200378406529,
L,-2.3261471297359444,1.7755477523239476
M,-3.7746160184240702,
N,-6.515843660743004,
P,-5.216630892431919,0.2812878677497953
Q,-4.6122349721029865,
R,-4.841256186354635,0.1325292544237258
S,-5.214161441709719,0.40391499910939405
T,-6.565784406227368,1.0445590461337904
V,-3.3214098244648014,0.24729040972989447
W,-4.940549224391436,
Y,-5.062277107779087,
