Translation,ratio,std
*,-3.684811515840553,
A,-0.012768980423099485,0.043646921079156166
C,-0.2962379790389864,
D,0.195429018664953,
E,0.6263348411794993,
F,-0.6274438875143584,
G,-0.28064425664162673,0.3398768155817214
H,-0.14188297464850663,
I,-0.6950915049058359,
K,-0.028503951647964598,
L,-0.34516110310713327,0.3972167057560307
M,-1.1322280717734117,
N,-0.8527367741537084,
P,0.010583325531227317,0.31961405185400726
Q,0.13678834828099617,
R,-0.16110426287352717,3.963281374352049
S,-0.14250292980539628,0.09872800897023536
T,-0.2353630408538816,1.5034105559937552
V,-0.039083471037248074,0.48254850586330134
W,0.42877531008274694,
Y,1.1771307387494616,
