Translation,ratio,std
*,-4.024115935885205,
A,-0.6428411809840835,0.24604251592853046
C,-0.6521023889052149,
D,-1.1292436506540184,
E,-0.31638713600834656,
F,-1.3349367598526278,
G,-0.9228351203704279,0.01782803665858381
H,-2.1399691376277605,
I,-1.3380168912016757,
K,-0.9672629067386946,
L,-0.823496936618105,0.3611780885553486
M,-0.4389209583905558,
N,1.0567823477466884,
P,0.7148590187423283,0.37782464419336276
Q,-0.9596674211319076,
R,0.10053684146783048,0.1720321099634348
S,-0.15621814497301992,0.5752016411011046
T,-0.9811668441161414,0.2196699363343183
V,-2.0099421166007696,2.552313307437183
W,0.9649283285187362,
Y,-0.16259713994397096,
