Translation,ratio,std
*,-0.39817455908153754,
A,-0.2532407673989612,0.30021259394628264
C,0.011628236652612145,
D,-0.09429274860887737,
E,-0.3881518412203384,
F,-0.23063822674295587,
G,-0.16454267355822028,0.028407335659294083
H,0.054918377646394845,
I,-0.5445961950448233,
K,-0.05518463288886366,
L,-0.09661854933530023,0.27202992330783216
M,-0.41064647900742557,
N,-0.19118859935055,
P,-0.13077184773794492,0.30865515138668914
Q,-0.2125785132194089,
R,0.13469617419419797,0.21726307554381014
S,0.1785367277933864,0.4175673676914585
T,0.44490898724662387,1.009418325998372
V,-0.31908368648732405,3.3956367698931333
W,-0.08419450245184201,
Y,-0.12086255691416525,
