Translation,ratio,std
*,-6.237345578923419,
A,-2.506587923373056,0.9894338161812406
C,0.6673563791553505,
D,-1.4526146042739274,
E,0.2203546378136778,
F,-0.8932944986010423,
G,-1.447590468542657,0.8670049818441342
H,-1.5838721376741969,
I,-1.2450073683264904,
K,-0.8348219340736573,
L,-1.4406875080142416,0.4765454148636909
M,-0.0671364579017748,
N,-0.7541214320134273,
P,-1.7170371889272928,1.0970828021498018
Q,-0.6962357241018129,
R,-0.1321007960813505,3.0261878607718993
S,-2.635320093461194,0.5367677213609786
T,-2.345443121966918,2.0319836778297016
V,-1.471810956882015,1.9524785093604422
W,-0.45577340411854195,
Y,-3.089563680861346,
