Translation,ratio,std
*,-6.387848878775398,
A,-0.9962724684738493,0.6712707526332118
C,-1.2079206515978171,
D,-1.767878880933539,
E,0.698511262205912,
F,5.406431294011405,
G,1.0739738465000044,3.599097087507386
H,-1.2728016495269485,3.2530351112827156
I,2.487661010896881,
K,-1.4733371229592986,
L,-0.9690231387428057,0.9109007367819819
N,-1.8881868794461996,
P,-1.5377291394824724,1.012443329023242
Q,0.8911306795392182,
R,-0.6699061411765156,0.5732617344956334
S,0.13310293089413516,2.028818994326335
T,-0.7762386017264902,0.0364444609731429
V,-0.8483449719588494,1.2819107848921139
W,-1.1844057691368874,
Y,-1.6090860331332681,
