Translation,ratio,std
*,-2.691766018501645,
A,-1.8977840831307011,0.5090901537357347
C,-0.5298222241635315,
D,-4.432160973095039,
E,-3.462169529843756,
F,-2.1327514812277126,
G,-3.874267946340121,0.18358646628407246
H,-4.746455914600939,
I,-1.8901476605420093,
K,-4.367600861304567,
L,-1.8954815137788117,3.4265279144798564
M,-1.2433004011526032,
N,-3.77505891328662,
P,-4.656659586264807,0.4868315209535093
Q,-1.6021969775695428,
R,-4.893314855391999,1.7499341967367543
S,-3.3719669632901366,1.1982353230144402
T,-1.9145137811945228,1.6017326880258838
V,-2.7189124377749896,1.2293771526250827
W,-3.2450295478555917,
Y,-3.6072605994957323,
