Translation,ratio,std
*,-5.3658490797644625,
A,-0.9516001226720716,3.675517559547464
C,-0.12602880635748015,
D,-1.760959570521726,2.490372907422526
E,-0.3448372489074796,
F,-2.2059241549028723,
G,-0.7531721964854796,0.6716060572365486
H,0.4523109117661992,
I,-0.5416482381036012,
L,-0.5856605701904604,0.8422520557171074
M,0.40835891948850644,
N,-0.3387191397445246,
P,-1.242414289300708,1.7912875150725753
R,-0.6859954499194068,0.609197331430942
S,-1.1599480991153985,0.6563802467607897
T,-0.015585391147891592,0.4805939826450943
V,0.23876194215377566,1.1903435609506303
W,0.015205190009991654,
Y,-1.7607902308778947,
