Translation,ratio,std
*,-6.041972996931156,
A,0.11568184945910609,1.4590354358345208
C,1.4066812461954772,
D,-1.1095893735653348,
E,-2.5760976577089263,
F,-2.8794129680629883,
G,0.2734948110130144,1.25014159373863
H,-0.33798387280162423,
I,-1.5243230610857452,
K,-1.5821147312836246,
L,-1.1494389407878725,0.7189378151564738
M,-2.2839906956967937,
N,-1.3855426061727514,3.578363164380561
P,-0.19766888606269184,
Q,0.4218079382829458,
R,0.09746597548000106,3.73279018385668
S,-1.8674940053654219,0.7759363328050152
T,-2.065566263825694,0.4470460730183222
V,-1.809114764472394,1.3005166639168244
W,0.32965561419789324,
Y,-1.2190161356647113,
