Translation,ratio,std
*,-2.7278647601287194,
A,-0.2441368760864977,0.04162109346099787
C,1.159571150861085,
D,-0.08992474643744508,
E,1.2728097894924275,
F,-0.23232178702205708,
G,-0.42988597316850363,0.39583695549247977
H,-0.13846016218529966,4.243246688184477
I,-0.44060464233926133,
K,-0.09428834309792222,
L,0.2627805158284063,0.4127983422167711
M,0.29149399771802287,
N,-0.2970380481213848,
P,-1.1633905568250587,0.3443863840125986
Q,-0.7387321917707848,
R,-0.21387867724315868,0.8642708588260529
S,0.3230631873027126,0.43193028355886726
T,0.2981795742993052,0.5797459481539583
V,-0.6984038821138627,0.5272596965796056
W,0.4008607069758696,
Y,-0.2830209545300324,
