Translation,ratio,std
*,-4.491311840106756,
A,0.07058185300651498,0.2689848490824062
C,-0.44658540190508766,
D,-0.4122375973333199,
E,0.28740261016645974,
F,0.17687985707925513,
G,-0.7712378634461515,3.6523245727565214
H,-1.6254021356491144,
I,-1.2255964671072288,
K,0.5174330548625523,
L,0.14185659396908376,1.0072901273731065
M,-1.3930755078099484,
N,0.36539102490738884,
P,-3.3392599229021114,0.3555497078614271
Q,-1.6583374932814952,
R,-0.0724525516110693,0.5909852158418932
S,-0.22625076954724102,0.379525145596833
T,0.11734060772787203,0.45786812504634133
V,-0.8409414194642402,0.34600301403849953
W,-0.17942559686756177,
Y,0.6652593300482934,
