Translation,ratio,std
*,-3.8367112979291527,
A,0.34282776602953646,0.35800627720364614
C,-0.5256189193283145,
D,-3.289714735174597,
E,-1.7110708203507965,
F,-0.5365210250070049,
G,-0.6811619540936148,0.601354985670322
H,0.21274648474863156,
I,-0.3380322296024669,
K,-0.05374014751286893,
L,0.05860691871924514,1.1171910548345705
M,0.5485261483490245,
N,-0.1928747568417304,
P,0.029521294484355032,0.42420024157837466
Q,-1.2086224031174382,
R,-0.047269983484817736,0.6570978548594224
S,-0.8140251035608012,0.8160016164447875
T,-0.853842131942911,0.7468818972511181
V,-0.05638287489465732,0.13711923027061831
W,-0.6355412867816188,
Y,0.12562406369296042,
