Translation,ratio,std
*,-1.8052255048643664,
A,-0.28431256061606636,0.1870835168774176
C,-0.10789332633590831,
D,-1.7640712769676146,
E,-1.8514236956369663,
F,-0.33118610831373463,
G,-2.088096499608917,0.03949663821391489
H,-0.9741607693222711,
I,-1.0527328404495035,
K,-1.194176396133476,
L,-0.10122675435397643,0.5183856896621832
M,-0.05464317238408434,
N,-0.7103000205266348,
P,-1.718369170230321,0.0567625890713508
Q,-0.3687933479663368,
R,-0.11727180857365778,0.21004384680497093
S,-1.2090674790386038,0.23298226392877425
T,-0.2475331121440032,0.3122810467223132
V,-0.038996727351975125,0.18248347795901745
W,-1.0497172276109232,
Y,-1.0363774637968035,
