Translation,ratio,std
*,-4.013471017421874,
A,-3.4270643294887457,1.4908473604020296
C,-3.4359323162490343,
D,-3.2270196423849757,
E,-3.2011366348345867,
F,-5.085386631385486,
G,-1.4220468866883504,1.2411807281763525
H,-4.254858738446151,
I,-3.643425428857075,
K,-3.038852078964938,
L,-2.951710442614741,0.41336253470166995
M,-4.438395429319008,
N,-3.266878126279911,
P,-3.833608891541895,2.2955746941397246
Q,-2.5896503162495152,
R,-2.977044096507855,0.3599257009206068
S,-4.375853703959753,0.9923874767537056
T,-4.216302003783908,0.16151210373181119
V,-3.645616718314001,0.35797079378277413
W,-3.7435801691647264,
Y,-3.9576879126189155,
