Translation,ratio,std
*,-3.724592220622168,
A,0.19857950849241401,0.1530338570989887
C,-1.5622991294729598,
D,-0.7093365214333875,
E,0.8113302724010225,
F,-3.1048653366718444,
G,-0.6810961562045161,0.04287991075271385
H,-0.06042446081808173,
I,0.21267202402986918,
K,-0.23929580066894474,
L,0.49969541564731834,1.7155683579951204
M,-0.5483264024158832,
N,-0.30691000008775937,
P,-1.9675684094257597,1.7110684834846068
Q,-0.5700609826288918,
R,0.02907290738671442,1.6932477219005957
S,0.6836504147716358,1.47703164322222
T,0.041120150313527226,0.6060309252592186
V,-0.4168627057311909,0.25817268653526537
W,0.10615377349411403,
Y,-0.021756952486583714,
