Translation,ratio,std
*,-3.844539577632897,
A,-1.2400395159528586,0.9963713936212096
C,-1.1162928734442303,
D,-1.0842407060255486,
E,-1.2649428548116735,
F,-1.694139020204295,
G,-0.6599841852399668,4.003750405728836
H,-0.5404398095122094,
I,0.31930892367189934,
L,-0.46776384212338584,0.837655835036139
M,-1.5930486770304473,
N,-0.17973585822106486,
P,-0.3708656114574893,0.4748978894010907
Q,-1.3034789152883075,
R,-0.20515348828928737,0.6160172615682088
S,-1.3367974052738572,1.0617180274759994
T,-0.13432231063606448,0.7497456809059275
V,-0.5357002328292095,1.2262391082527775
W,-0.7439227164653204,
Y,-1.9131921634772517,
