Translation,ratio,std
*,-3.797266504288821,
A,-0.30367301562269056,3.650551363422644
C,0.9133217315328253,
D,-0.17918789519337786,
E,-0.6333011622286673,
F,-0.6243235818684578,
G,-0.3141240405744794,0.2030246662958308
H,-0.18027763551946663,
I,-0.9226891816826583,
K,-0.8836891276855141,
L,-0.20287706559151056,0.830951683633006
M,-0.6537843466472495,
N,-0.00802964019165131,
P,-0.3991811945731998,0.5422758758910867
Q,-0.24226837143407742,
R,-0.508488714018427,1.2946207875826532
S,0.012937386643430434,1.3551203480307548
T,-0.60595336062649,0.09822401397944075
V,-0.708767983128884,0.6823254874998597
W,-0.2837922954308709,
Y,-1.0263699716387453,
