site_2,count_x,proportion_x,count_y,proportion_y,ratio
AAG,1718,0.0017578486715350275,4545,0.0031963891000670224,-0.8626321617675661
AAT,1512,0.0015470705421193026,5166,0.0036331234523534076,-1.2316714077214872
ACG,1074,0.0010989112184101395,1751,0.0012314361527430925,-0.16426699427270464
ACT,1904,0.0019481629048909734,3455,0.002429818336794623,-0.3187341357922371
AGG,2749,0.002812762513416642,5753,0.004045946423033131,-0.5244894671958455
AGT,1092,0.0011173287248639407,2524,0.001775068446329849,-0.6678209578872565
ATG,1504,0.001538884983695391,4826,0.0033940096362867875,-1.1411052523626726
ATT,2047,0.0020944797617183943,5831,0.004100801945542532,-0.9693141242243009
CAG,1981,0.0020269489047211233,3765,0.0026478338749730116,-0.3855028884943632
CAT,2451,0.002507850462125933,5598,0.003936938653943936,-0.6506229065306348
CCG,1920,0.001964534021738797,2978,0.0020943557183717475,-0.09231934679814202
CCT,2007,0.002053551969598836,5471,0.003847622610883758,-0.9058458428445224
CGG,3005,0.0030747003829818148,5366,0.0037737786382749487,-0.29556396748653313
CGT,1451,0.0014846556591369762,6852,0.004818846669671999,-1.698559535841814
CTG,1338,0.001369034646399224,2955,0.00207818037199077,-0.6021619182479938
CTT,2103,0.002151778670685776,5444,0.0038286341607843494,-0.831300120596774
GAG,2885,0.00295191700662314,6514,0.004581139405464595,-0.634054304687619
GAT,3883,0.003973065420006119,6248,0.004394068008188945,-0.14530465005806192
GCG,2117,0.0021661033979276214,6890,0.004845571154997092,-1.161564617408625
GCT,2301,0.0023543712416775895,7310,0.005140947045432328,-1.1266923264402697
GGG,3966,0.004057990588654202,7634,0.005368808446625225,-0.4038364128112697
GGT,3137,0.003209762096976357,8721,0.006133269382108801,-0.9341899468383508
GTG,2662,0.0027237445655566026,6442,0.00453050353853284,-0.7340799932954827
GTT,2633,0.002694071916269923,6655,0.004680301311539281,-0.7968130485777509
TAG,2622,0.002682816773437044,7097,0.004991149272425887,-0.8956235246055222
TAT,3554,0.003636434329822752,8570,0.006027074716738037,-0.7289334267957432
TCG,5685,0.005816862454992218,10820,0.007609445558355375,-0.38755014875912686
TCT,977331,1.0,1421917,1.0,0.0
TGG,2290,0.0023431160988447108,6212,0.004368750074723067,-0.8987921352275547
TGT,3873,0.003962833471976229,7318,0.00514657325286919,-0.3770798181352992
TTG,2162,0.0022121471640621244,6315,0.004441187495472661,-1.0054981147648245
TTT,3290,0.0033663109018336676,7857,0.005525638978927743,-0.7149728802737085
