site_2,count_x,proportion_x,count_y,proportion_y,ratio
TCA,541656,1.0,627491,1.0,0.0
TCG,3041,0.005614264403975955,3323,0.005295693484049971,0.0842773881804435
TCT,2436,0.0044973193318268425,3090,0.004924373417307977,-0.13087484004372651
