site_2,count_x,proportion_x,count_y,proportion_y,ratio
AAG,1393,0.0006510188468320432,1274,0.0007940138584710808,-0.28646487828436484
AAT,777,0.00036313111556963214,779,0.0004855076889709356,-0.4190035882832781
ACG,1004,0.00046921961394068295,1113,0.000693671447785175,-0.5639891820205065
ACT,398,0.0001860053848091552,878,0.0005472089228709646,-1.5567473676210266
AGG,3831,0.001790418666341391,4548,0.0028345172906801223,-0.6628060870976871
AGT,1165,0.000544462998247904,1031,0.0006425653752619187,-0.2390092364557841
ATG,707,0.00033041660065344906,1068,0.0006656254323760709,-1.0104243855074735
ATT,984,0.0004598726096789164,651,0.00040573235625170615,0.18070591354428522
CAG,1152,0.0005383874454777558,1249,0.0007784327387993563,-0.5319276187949633
CAT,319,0.00014908471797517715,160,9.971916589903684e-05,0.5801896602481875
CCG,746,0.00034864325896389394,809,0.000504205032577005,-0.5322589308040566
CCT,318,0.00014861736776208882,473,0.00029479478418902765,-0.9881082766843594
CGG,3407,0.0015922621759919392,3947,0.002459947173771865,-0.6275494304260754
CGT,851,0.00039771503133816853,1194,0.0007441542755215624,-0.9038666582081607
CTG,868,0.00040565998496067015,540,0.0003365521849092493,0.26944077676433054
GAG,1719,0.0008033750162988386,1713,0.001067618319906563,-0.4102504652352561
GAT,791,0.0003696740185528688,982,0.0006120263807053386,-0.7273401884712207
GCG,641,0.0002995714865896193,1283,0.0007996230615529016,-1.41641976710026
GCT,535,0.00025003236400225636,975,0.0006076636671972557,-1.281158185977782
GGG,7201,0.0033653888844490617,7133,0.004445605064736436,-0.40160656523805915
GGT,2809,0.001312786748565118,2452,0.0015281962174027396,-0.21919721319370034
GTG,1161,0.0005425935973955507,2180,0.001358673635374377,-1.3242550214280406
GTT,746,0.00034864325896389394,871,0.0005428462093628818,-0.638791946972944
TAG,1285,0.0006005450238185036,1980,0.0012340246780005808,-1.0390269295150496
TAT,213,9.954559538781422e-05,428,0.00026674876877992354,-1.4220522248046272
TCG,2322,0.0010851871947911015,2312,0.0014409419472410823,-0.409068284264432
TCT,1136,0.0005309098420683424,613,0.0003820490543506849,0.4747089971845835
TGG,2139723,1.0,1604506,1.0,0.0
TGT,2664,0.00124502096766731,2478,0.001544400581861333,-0.31087696369865725
TTG,2664,0.00124502096766731,2082,0.0012975956462612168,-0.059670844857473426
TTT,289,0.00013506421158252728,405,0.000252414138681937,-0.902147273900626
