site_2,count_x,proportion_x,count_y,proportion_y,ratio
ACG,575,0.0005145119205700971,456,0.0003214294021906542,0.6787025998218148
ACT,814,0.0007283699188592331,995,0.0007013645946923265,0.054506736990054705
AGG,885,0.0007919009560078886,1734,0.001222277595172356,-0.6261800700966553
AGT,1157,0.0010352874645210475,387,0.000272792058438121,1.924157861117898
ATG,846,0.0007570036257431342,1142,0.000804983283556419,-0.0886586140880734
ATT,352,0.0003149707757229116,1762,0.001242014488289326,-1.9793921221282957
CAG,401,0.0003588161393888851,1178,0.0008303592889925233,-1.21049092922072
CAT,1676,0.001499690398044318,1941,0.0013681896264299556,0.13239649914050666
CCG,259,0.00023175406509157417,648,0.00045676809784987694,-0.9788672470432509
CCT,804,0.000719421885458014,1392,0.0009812055435293654,-0.447717336514982
CGT,816,0.0007301595255394769,1781,0.00125540738004727,-0.7818719909753042
CTG,300,0.0002684410020365724,1132,0.0007979343931575012,-1.5716650841811823
GAT,4845,0.004335322182890644,4746,0.003345403383326414,0.3739590332633149
GCG,3446,0.003083492310060095,4028,0.0028392930526841115,0.11903348637298272
GCT,1117564,1.0,1418663,1.0,0.0
GGG,109,9.753356407328797e-05,1367,0.0009635833175320707,-3.3044387346743136
GGT,428,0.0003829758295721766,1330,0.0009375024230560747,-1.2915690758325873
GTG,565,0.0005055638871688781,1148,0.0008092126177957696,-0.6786254012183175
GTT,1077,0.0009637031973112949,1609,0.0011341664651858827,-0.23497160802441996
TAG,1935,0.001731444463135892,1863,0.0013132082813183963,0.39888036024495577
TAT,109,9.753356407328797e-05,1842,0.0012984056114806687,-3.734698553159589
TCG,1075,0.0009619135906310511,468,0.0003298880706693556,1.543930693048237
TCT,1913,0.00171175878965321,2663,0.0018771195132318247,-0.13304108670968162
TGG,135,0.00012079845091645758,2907,0.00204911243896542,-4.084325290930586
TGT,627,0.0005610416942564363,170,0.00011983113678160353,2.2271051648191573
TTG,1731,0.0015489045817510228,1091,0.0007690339425219379,1.010129091197852
TTT,1314,0.001175771588920187,1346,0.0009487806476943432,0.3094613338668317
