site_2,count_x,proportion_x,count_y,proportion_y,ratio
AAG,491,0.0009619001347835627,1547,0.0005186057784819165,0.8912488387748692
AAT,121,0.00023704667272670283,1360,0.00045591716789619035,-0.943600592953894
ACG,399,0.00078166630097483,2746,0.0009205503992962785,-0.2359438680155428
ACT,694,0.0013595900072093533,3864,0.0012953411299638819,0.06983957965170084
AGG,479,0.0009383913738519889,3098,0.0010385524898105865,-0.14631247714417484
AGT,340,0.0006660815597279253,2373,0.0007955084113365144,-0.2561783431470346
ATG,175,0.00034283609691878507,1744,0.0005846467211845265,-0.7700461070353857
ATT,180,0.0003526314139736075,1518,0.0005088840153429536,-0.5291758731765803
CAG,449,0.0008796194715230542,2823,0.0009463633565962833,-0.10551467279933391
CAT,2312,0.004529354606149892,10916,0.0036594057387903042,0.3076961091357511
CCG,1777,0.0034812556812838917,10467,0.0035088860267422236,-0.01140531097763997
CCT,510448,1.0,2982998,1.0,0.0
CGG,1026,0.002009999059649563,5395,0.0018085831770587844,0.15233487714088767
CGT,685,0.001341958436510673,3979,0.001333892949308045,0.00869710006336355
CTG,882,0.0017278939284706767,3189,0.0010690587120742287,0.6926735692144721
CTT,390,0.0007640347302761496,2348,0.0007871275810443051,-0.04295927345122941
GAG,697,0.0013654671974422468,2943,0.0009865913419988884,0.46887012483724
GAT,691,0.00135371281697646,3164,0.0010606778817820193,0.35193512182467934
GCG,761,0.001490847255743974,5346,0.0017921567496860542,-0.26556437283032075
GCT,700,0.0013713443876751403,4371,0.0014653043682898881,-0.09560944504412916
GGG,2798,0.005481459423878632,10893,0.0036516953749214714,0.5859936375526011
GGT,1150,0.002252922922609159,7325,0.0024555832756173487,-0.12426779245602226
GTG,1147,0.0022470457323762656,4742,0.0015896758898262754,0.4992968344430295
GTT,762,0.0014928063191549383,3475,0.001164935410617104,0.3577770309043018
TAG,1118,0.0021902328934582955,6349,0.0021283956610094945,0.04131791616627467
TAT,205,0.0004016079992477197,1569,0.0005259809091390608,-0.3892224315534385
TCG,589,0.0011538883490580824,3826,0.0012826022679197236,-0.15257022860643943
TCT,415,0.0008130113155502617,3073,0.001030171659518377,-0.34153741944946425
TGG,1188,0.0023273673322258097,5424,0.0018183049401977473,0.35610476357363297
TGT,306,0.0005994734037551327,2767,0.0009275902967417343,-0.6297919800080898
TTG,493,0.0009658182616054916,3048,0.0010217908292261678,-0.08127624520619925
TTT,340,0.0006660815597279253,1920,0.0006436477664416805,0.04942744643839525
