site_2,count_x,proportion_x,count_y,proportion_y,ratio
AAG,811,0.0003801955170682472,1031,0.0006443685563144369,-0.761144574509057
AAT,1032,0.0004837999674653898,388,0.00024249757502424975,0.9964403518779044
ACG,725,0.00033987885311279807,428,0.0002674973250267497,0.3454961371429288
ACT,281,0.00013173235548233966,43,2.6874731252687472e-05,2.293287504160606
AGG,1545,0.0007242935559438248,1719,0.0010743642563574363,-0.5688367680445463
AGT,1138,0.0005334925997825713,835,0.000521869781302187,0.03177839358694534
ATG,215,0.00010079165988862288,77,4.812451875481245e-05,1.0665322475363386
CAG,1430,0.0006703817378638637,1148,0.0007174928250717493,-0.09798155636815764
CAT,406,0.00019033215774316692,669,0.0004181208187918121,-1.135400544814507
CCG,1046,0.0004903631453186025,498,0.0003112468875311247,0.6557911428206395
CCT,104,4.875503548100827e-05,240,0.00014999850001499985,-1.6213249388256479
CGG,977,0.0004580160544706258,834,0.0005212447875521245,-0.18656288283449918
CGT,837,0.0003923842759384993,598,0.00037374626253737465,0.07020807699401743
CTG,1697,0.0007955509154929908,1357,0.0008481165188348117,-0.09230821723441096
CTT,1483,0.0006952280540224545,1081,0.0006756182438175619,0.04127801336175807
GAG,1594,0.0007472646784300692,1164,0.0007274927250727493,0.03868650972396637
GAT,933,0.0004373889240748146,1019,0.0006368686313136868,-0.5420791266722755
GCG,791,0.00037081954870651484,590,0.0003687463125368746,0.008088678865366461
GCT,651,0.0003051877701743883,378,0.00023624763752362477,0.36939724758634185
GGG,3191,0.001495935752114398,3385,0.0021156038439615605,-0.5000212865412692
GGT,1971,0.0009240016820487241,2097,0.0013106118938810611,-0.5042731464113288
GTG,1223,0.0005733404653199338,588,0.0003674963250367496,0.6416622823328009
GTT,393,0.00018423777830804086,370,0.00023124768752312477,-0.32787001961592743
TAG,1417,0.0006642873584287377,1299,0.0008118668813311867,-0.28943573388808375
TAT,424,0.00019877052926872604,1036,0.0006474935250647493,-1.7037618944815769
TCG,216,0.0001012604583067095,879,0.000549369506304937,-2.439705914338157
TCT,631,0.000295811801812656,450,0.00028124718752812474,0.07284094240729111
TGG,1879,0.0008808722275847553,1415,0.0008843661563384366,-0.005711047657410262
TGT,1033,0.0004842687658834764,396,0.00024749752502474976,0.9683938574272286
TTA,2133113,1.0,1600016,1.0,0.0
TTG,704,0.00033003408633297906,756,0.00047249527504724954,-0.5176848669419964
TTT,1106,0.0005184910504037996,845,0.0005281197188028119,-0.026545922293060187
