site_2,count_x,proportion_x,count_y,proportion_y,ratio
AAG,994,0.0008451065863050223,1646,0.0012319261981904306,-0.5437106169672621
AAT,239,0.00020319967215985947,130,9.729672282184446e-05,1.0624349568443723
ACG,697,0.0005925948598134814,2014,0.0015073507674091904,-1.3468971602462823
ACT,909,0.0007728389204741099,822,0.0006152146627658165,0.32907786240450143
AGG,460,0.0003910956033202316,2065,0.0015455210202085293,-1.9825000534703552
AGT,196,0.00016664073532775088,489,0.0003659853650760149,-1.135044848944947
ATT,410,0.00034858521165498905,890,0.0006661083331649352,-0.9342454644562359
CAG,658,0.0005594367543145922,942,0.000705027022293673,-0.33370351398546383
CAT,269,0.000228705907159005,2283,0.0017086801400174685,-2.9013168197759995
CCG,103,8.75714068303997e-05,639,0.0004782508144858355,-2.449235631871698
CCT,105,8.927182249700939e-05,483,0.0003614947470996221,-2.0176978992775734
CGG,614,0.0005220276096491788,1385,0.001036584316217343,-0.9896394536742932
CGT,276,0.00023465736199213897,746,0.0005583335017315074,-1.25057140158499
CTG,174,0.00014793616299504413,719,0.0005381257208377397,-1.8629685026984912
GAG,4443,0.003777473403373455,8996,0.006732933219271636,-0.8338135578757342
GAT,2071,0.0017607804227743472,3980,0.002978776591007238,-0.7585049153184222
GCG,2056,0.0017480273052747745,3135,0.002346347892665249,-0.4246892166034453
GCT,858,0.0007294783209755625,1589,0.0011892653274146988,-0.7051336099568957
GGG,3108,0.0026424459459114783,3780,0.0028290893251274774,-0.0984637688086476
GGT,2215,0.0018832103507702457,2902,0.002171962227915328,-0.20580485873228582
GTG,1297,0.0011027195597963922,2247,0.0016817364321591115,-0.608885683036128
GTT,719,0.0006112994321461881,1599,0.0011967496907086869,-0.9691703011489565
TAG,1377,0.0011707361864607803,5075,0.003798314371698928,-1.6979433009328577
TAT,779,0.0006623119021444792,602,0.00045055867029807973,0.5557958031940462
TCA,1176183,1.0,1336119,1.0,0.0
TCG,15416,0.01310680395822759,14134,0.010578399079722689,0.30919462452310054
TCT,7935,0.006746399157273996,7931,0.005935848528461911,0.1846634017365032
TGG,1181,0.0010040954511330296,2726,0.0020402374339411385,-1.0228406355159745
TGT,518,0.000440407657651913,1069,0.000800078436127321,-0.8613018881418579
TTG,1258,0.001069561454297503,4122,0.0030850545497818683,-1.5282766207678886
TTT,739,0.0006283035888122851,1184,0.0008861486140081834,-0.4960868495907196
