site_2,count_x,proportion_x,count_y,proportion_y,ratio
AAG,1688,0.0005441497933488003,214,0.00014228808550051164,1.9351889879071908
AAT,2303,0.0007424034206648621,980,0.0006515996438808477,0.1882175423914294
ACG,445,0.00014345181163519913,321,0.00021343212825076745,-0.5732111756673888
ACT,251,8.091326903468536e-05,142,9.441545860314324e-05,-0.22264677995275584
AGG,978,0.000315271621975786,482,0.00032048064117404956,-0.023641895676574265
ATG,498,0.0001605370835827622,147,9.773994658212716e-05,0.7158863728328697
ATT,1179,0.0003800667099278647,630,0.00041888548535197354,-0.14030322980636178
CAG,757,0.00024402926159066462,119,7.912281389981722e-05,1.6248885122789414
CAT,1104,0.00035588943830395473,566,0.0003763320392209794,-0.08057700045255878
CCG,208,6.705163330364365e-05,56,3.723426536461987e-05,0.8486415816846424
CCT,634,0.00020437853612745226,219,0.00014561257347949557,0.4891087561393874
CGG,229,7.382126935833843e-05,50,3.324487978983917e-05,1.1509043839233737
CGT,425,0.00013700453920215648,420,0.000279256990234649,-1.0273697010399037
CTG,1082,0.0003487974386276078,200,0.00013297951915935667,1.391185379653244
CTT,170,5.4801815680862595e-05,188,0.00012500074800979527,-1.1896411299387815
GAG,266,8.574872335946736e-05,693,0.00046077403388717085,-2.42587232103487
GAT,599,0.00019309580936962761,319,0.0002121023330591739,-0.13544363537492998
GCG,643,0.00020727980872232147,209,0.00013896359752152773,0.5768725808482191
GCT,248,7.994617816972895e-05,206,0.00013696890473413736,-0.7767474311951883
GGG,1918,0.0006182934263287909,465,0.0003091773820455043,0.9998568846238918
GGT,1555,0.0005012754316690666,969,0.000644285770327083,-0.36209720479596186
GTG,693,0.0002233979898049281,247,0.0001642297061618055,0.44390109615369155
GTT,888,0.000286258896027094,897,0.0005964131434297147,-1.058991522968002
TAG,3199,0.0010312412256651732,2298,0.001527934675141008,-0.5672010199292838
TAT,3102087,1.0,1503991,1.0,0.0
TCG,564,0.00018181308261180297,208,0.00013829869992573095,0.39466841985885637
TCT,339,0.00010928126774007306,412,0.0002739378094682747,-1.3258022784457193
TGG,1701,0.0005483405204302781,745,0.0004953487088686036,0.14662759591501384
TGT,2245,0.0007237063306090384,1008,0.0006702167765631576,0.11077659172974563
TTG,592,0.00019083926401806267,462,0.00030718268925811394,-0.6867388901859535
TTT,2487,0.0008017183270488546,1541,0.001024607195122843,-0.35390356869672424
