site_2,count_x,proportion_x,count_y,proportion_y,ratio
ACT,398,0.0005539587871364645,633,0.0004237143482530318,0.3866866645466267
AGT,1586,0.0022074840110513387,211,0.00014123811608434392,3.9662016004281124
ATG,279,0.0003883278934951598,249,0.00016667436447868075,1.2202431131924243
CAT,372,0.0005177705246602131,420,0.00028113748225319646,0.8810370268732264
CCT,479,0.0006666991433124787,980,0.0006559874585907917,0.02336764016492765
CGG,360,0.000501068249671174,547,0.00036614810188690105,0.45257980696843525
CTG,884,0.0012304009241925493,359,0.00024030560983070838,2.356186258999699
CTT,381,0.0005302972309019924,460,0.0003079124805630247,0.7842808699802646
GAG,581,0.0008086684807193113,792,0.000530144966534599,0.6091614667562375
GAT,154,0.00021434586235933553,1415,0.0009471655652101737,-2.1436760635930234
GCG,1226,0.0017064157613801646,2186,0.001463253657632113,0.22178931145019476
GCT,718465,1.0,1493931,1.0,0.0
GGG,666,0.0009269762618916718,1430,0.0009572061895763593,-0.04629733116317247
GGT,1586,0.0022074840110513387,1714,0.0011473086775761398,0.9441493950227979
GTT,257,0.00035770705601525474,1572,0.0010522574335762496,-1.5566372196334086
TAG,352,0.0004899333996784812,1641,0.0010984443056607032,-1.1648041714450983
TCG,104,0.00014475304990500582,385,0.0002577093587320967,-0.8321511840098523
TCT,5395,0.007509064463822176,12041,0.008059943866216043,-0.10213661403402341
TGG,518,0.0007209815370268559,491,0.00032866310425314153,1.133352806803181
