site_2,count_x,proportion_x,count_y,proportion_y,ratio
AAG,2873,0.000446929911962741,946,0.0006194946992602081,-0.47104333378714536
AAT,4314,0.0006710948973920169,824,0.0005396021481928239,0.31462069599696285
ACG,1295,0.00020145291889723271,499,0.0003267736310051203,-0.6978488607436155
ACT,2898,0.00045081896445110456,870,0.0005697255690870835,-0.33771894915943435
AGG,4903,0.0007627209740178626,1064,0.0006967678224237435,0.1304773728042221
AGT,4076,0.0006340711177027958,1490,0.0009757368941836258,-0.6218475171639817
ATG,3427,0.0005331113151048776,1516,0.000992763175558642,-0.8970127996321899
ATT,9767,0.001519375026153878,2580,0.0016895309979823856,-0.15314480691670873
CAG,3097,0.0004817758222584786,578,0.0003785073321061314,0.3480407471937106
CAT,1853,0.00028825657043750753,658,0.00043089589018310457,-0.5799858456882472
CCG,1214,0.00018885238883493478,617,0.0004040467541686558,-1.097263210874008
CCT,1001,0.00015571766163407718,608,0.00039815304138499634,-1.3543904925878643
CGG,3166,0.000492509607126362,1034,0.0006771221131448786,-0.4592641681580272
CGT,3187,0.0004957764112165874,1110,0.0007268912433180031,-0.5520498954398878
CTG,1562,0.0002429879994729556,1091,0.000714448960774722,-1.5559458861618989
CTT,6481,0.0010081979670833708,1538,0.0010071700290298097,0.0014716927763807064
GAG,5371,0.0008355240366000285,1343,0.0008794729187171876,-0.07395782125218098
GAT,7349,0.0011432258694793539,1336,0.0008748889198854524,0.3859387057632535
GCG,3878,0.0006032698219949564,1236,0.0008094032222892359,-0.42405517777785384
GCT,2853,0.0004438186699720502,1285,0.000841491214111382,-0.9229778504797927
GGG,7643,0.0011889611267425094,1756,0.0011499288497895618,0.048156947500427094
GGT,7856,0.001222095853943367,2074,0.0013581733681455302,-0.15231020247880522
GTG,7527,0.0011709159231965026,2329,0.0015251618970158823,-0.3813249060608097
GTT,12998,0.002021996169749985,3688,0.0024151125273484645,-0.25631014576471145
TAG,4710,0.0007326974888076959,1683,0.0011021242905443237,-0.5889973548100755
TAT,13076,0.0020341300135136796,3199,0.002094887466102966,-0.04246085332868077
TCG,3645,0.0005670238528034079,753,0.0004931073028995103,0.20150780656209832
TCT,5915,0.0009201498187468197,992,0.0006496181201544677,0.502276904860004
TGG,5037,0.0007835662953554913,1008,0.0006600958317698623,0.24737985417799813
TGT,6486,0.0010089757775810437,2677,0.0017530521246507157,-0.7969773531652447
TTG,8626,0.0013418786705849649,2515,0.001646965294544845,-0.29555592193866254
TTT,6428301,1.0,1527051,1.0,0.0
