site_2,count_x,proportion_x,count_y,proportion_y,ratio
GAT,235,0.0006203850611277281,226,0.0006383603742034619,-0.041207153306849875
GCT,378797,1.0,354032,1.0,0.0
TCT,106,0.0002798332616150603,125,0.00035307542820987934,-0.3354089675555514
