site_2,count_x,proportion_x,count_y,proportion_y,ratio
AAG,172,0.00022026657377905725,80,0.00023612123644885466,-0.10027722394647576
AAT,375,0.0004802323556229446,154,0.00045453338016404523,0.07934636092713099
ACG,213,0.00027277197799383256,80,0.00023612123644885466,0.20816764157726375
ACT,167,0.00021386347570408467,54,0.0001593818346029769,0.42420290654937176
AGG,344,0.0004405331475581145,170,0.0005017576274538161,-0.18774006519681485
AGT,225,0.0002881394133737668,138,0.0004073091328742743,-0.49935714932234276
ATG,344,0.0004405331475581145,118,0.0003482788237620606,0.3390078215790453
ATT,328,0.0004200432337182022,106,0.00031286063829473243,0.4250176662936731
CAG,261,0.0003342417195135694,115,0.0003394242773952286,-0.022197938135700923
CAT,286,0.0003662572098884324,97,0.00028629699919423626,0.3553446108300502
CCG,380,0.0004866354536979172,138,0.0004073091328742743,0.2567172677915668
CCT,199,0.0002548433033839093,94,0.00027744245282740424,-0.12257811489519987
CGG,265,0.00033936419797354753,133,0.0003925515555962209,-0.2100477698118386
CGT,296,0.00037906340603837763,135,0.00039845458650744224,-0.07197611518309266
CTG,427,0.0005468245756026596,133,0.0003925515555962209,0.47819594035808954
CTT,365,0.00046742615947299943,93,0.00027449093737179353,0.7679799588981364
GAG,299,0.0003829052648833612,134,0.0003955030710518316,-0.04670140002087919
GAT,780872,1.0,338809,1.0,0.0
GCG,306,0.0003918696021883228,129,0.00038074549377377815,0.041546703508185345
GCT,434,0.0005557889129076212,183,0.0005401273283767551,0.041237510399223964
GGG,626,0.0008016678789865689,246,0.0007260728020802281,0.14289045783216636
GGT,572,0.0007325144197768648,276,0.0008146182657485486,-0.15326700376099112
GTG,591,0.0007568461924617607,256,0.0007555879566363349,0.0024004364163197067
GTT,850,0.001088526672745341,317,0.0009356303994285866,0.21836611712444665
TAG,524,0.000671044678257128,593,0.0017502486651771352,-1.3830791767697654
TAT,913,0.0011692057084899958,370,0.0010920607185759528,0.09847570570669895
TCG,335,0.00042900757102316383,150,0.0004427273183416025,-0.045415288911957674
TCT,170,0.00021770533454906822,93,0.00027449093737179353,-0.3343817587315421
TGG,445,0.0005698757286725609,187,0.0005519333901991978,0.046153182204912824
TGT,451,0.000577559446362528,171,0.0005047091429094268,0.19451722460827092
TTG,414,0.0005301765206077308,184,0.0005430788438323658,-0.03468888231889977
TTT,553,0.000708182647091969,119,0.0003512303392176713,1.011704023165553
