site_2,count_x,proportion_x,count_y,proportion_y,ratio
ACG,257,0.0005061466289058961,744,0.00025079130724968906,1.0130680458358956
ACT,159,0.0003131412995954766,371,0.00012505856853445516,1.3242098864136
AGG,189,0.0003722245636700948,875,0.0002949494540906961,0.3357055252514307
AGT,167,0.00032889683668204143,1128,0.000380231981959206,-0.2092447521746923
ATG,167,0.00032889683668204143,798,0.00026899390213071483,0.29006166400175637
ATT,103,0.00020285253998952258,617,0.00020798150077023944,-0.03602384421614957
CAT,147,0.0002895079939656293,643,0.00021674571312036298,0.4175997252584658
CCG,270,0.000531749376671564,1674,0.0005642804413118004,-0.08566590774946192
CGG,196,0.00038601065862083907,893,0.0003010169857177047,0.3587957867440341
CGT,118,0.0002323941720268317,607,0.00020461064986634575,0.18369265085620867
CTG,163,0.00032101906813875904,649,0.00021876822366269916,0.5532557939819878
GAC,507758,1.0,2966610,1.0,0.0
GAG,402,0.0007917157385998842,2048,0.0006903502651174236,0.19765399892897761
GAT,192,0.0003781328900775566,1557,0.0005248414857362444,-0.4729884206078321
GCG,337,0.0006637019997715447,755,0.0002544992432439721,1.3828742547194661
GGG,164,0.0003229885102745796,1397,0.0004709078712739457,-0.5439619930413304
GGT,208,0.00040964396425068636,1297,0.000437199362235009,-0.09392073836055737
GTG,481,0.0009473016673297122,975,0.0003286579631296328,1.5272369828831192
GTT,117,0.00023042472989101106,931,0.0003138262191525007,-0.4456703302253402
TAG,279,0.0005494743558939495,2916,0.0009829401235753941,-0.8390513847476999
TAT,113,0.00022254696134772864,842,0.000283825646107847,-0.3508951529011597
TCG,171,0.0003367746052253239,409,0.00013786780196925108,1.2884977896941976
TGG,601,0.0011836347236281852,2399,0.0008086671318440914,0.549606046167801
TGT,233,0.00045888001764620155,1127,0.0003798948968688166,0.27251665223210786
TTG,222,0.00043721615415217484,923,0.0003111295384293857,0.4908313364543808
