site_2,count_x,proportion_x,count_y,proportion_y,ratio
AAG,590568,1.0,721663,1.0,0.0
AAT,622,0.0010532233375326805,939,0.001301161345392517,-0.30498847449462474
AGG,428,0.0007247260264694328,416,0.0005764463468405614,0.3302493712886019
ATG,224,0.0003792958643204508,278,0.0003852213567828751,-0.022364047637356776
TAG,127,0.00021504720878882702,181,0.0002508095884089942,-0.22193909728249217
