site_2,count_x,proportion_x,count_y,proportion_y,ratio
AAG,940,0.0004400796450523578,640,0.00039922077095768695,0.14057786023852792
AAT,591,0.0002766883725807909,647,0.0004035872481400367,-0.5446185732540858
ACT,578,0.0002706021647236838,222,0.00013847970492594767,0.9664988247114632
AGG,216,0.00010112468439500986,545,0.0003399614377686553,-1.74923590893993
AGT,1059,0.0004957918554366457,1314,0.000819650145372501,-0.7252736777691045
ATG,404,0.00018914061340548143,597,0.00037239812540896736,-0.9773866299521199
ATT,1158,0.0005421406691176918,907,0.000565770686341597,-0.06155019397839645
CAG,300,0.0001404509505486248,395,0.00024639406957544744,-0.8109011440076959
CAT,397,0.00018586342455934686,336,0.00020959090475278566,-0.17333321707491223
CCT,449,0.00021020825598777514,245,0.00015282670138223954,0.45992270429946736
CGG,463,0.00021676263368004432,220,0.0001372321400167049,0.6594976782964661
CGT,704,0.00032959156395410624,764,0.0004765697953307388,-0.5320082008375611
CTG,465,0.00021769897335036846,244,0.00015220291892761815,0.5163385769933981
CTT,1459,0.0006830597895014787,756,0.00047157953569376774,0.5345107522577077
GAG,461,0.00021582629400972015,954,0.0005950884617088022,-1.4632335070152838
GAT,4342,0.0020327934242737634,4011,0.0025019914254863786,-0.2996132316384763
GCG,524,0.00024532099362493135,383,0.00023890868011999079,0.03821142817338341
GCT,764,0.0003576817540638312,477,0.0002975442308544011,0.2655723805911272
GGG,3387,0.0015856912316939743,2909,0.0018145831604936115,-0.1945263010452596
GGT,4756,0.0022266157360308655,3581,0.002233764969999183,-0.004624795013979721
GTG,4946,0.0023155680047116612,2724,0.001699183406388655,0.4465245449387574
GTT,2135977,1.0,1603123,1.0,0.0
TAG,2060,0.0009644298604338904,1458,0.0009094748188379807,0.08464262630453412
TAT,1504,0.0007041274320837724,432,0.0002694740203964387,1.385690358075058
TCG,929,0.0004349297768655749,411,0.0002563745888493896,0.7625292112618602
TCT,523,0.00024485282378976925,306,0.00019087743111414408,0.35926830211517924
TGG,422,0.00019756767043839892,411,0.0002563745888493896,-0.3759063864136074
TGT,1379,0.0006456062026885121,707,0.0004410141954173198,0.5498293452654721
TTG,176,8.239789098852656e-05,458,0.00028569236421659475,-1.793783160898757
TTT,1600,0.0007490717362593324,2202,0.0013735689650762918,-0.8747535552287555
