site_2,count_x,proportion_x,count_y,proportion_y,ratio
AAG,1263,0.0005326037407084262,1861,0.001214797156291063,-1.1895809700552782
AAT,598,0.00025217500945656286,783,0.0005111156224480937,-1.0192243768766147
ACG,1253,0.0005283867673061426,610,0.00039818713881652255,0.4081477130879332
ACT,996,0.0004200105508674525,474,0.0003094109898344782,0.4409011293861429
AGG,2381,0.0010040613670837394,3278,0.002139766296787805,-1.0916057876128047
AGT,2052,0.000865322942148607,1107,0.0007226117420817877,0.2600179550418229
ATG,964,0.0004065162359801448,1467,0.0009576074305636698,-1.2361213732271068
ATT,3359,0.0014164813658270813,2689,0.001755287239799392,-0.3093955134220536
CAG,1426,0.0006013404071656498,1334,0.0008707895789856411,-0.5341422385243764
CAT,5825,0.0024563870068302317,4646,0.003032749913018957,-0.3040886581634812
CCG,1103,0.0004651321662718877,1248,0.0008146517200705248,-0.8085426970545448
CCT,1898,0.0008003815517534386,1105,0.0007213062104791105,0.15007606895863645
CGG,4937,0.002081919768707443,4329,0.002825823153994633,-0.4407567092549378
CGT,3874,0.0016336554960446898,4511,0.002944626529838251,-0.849980885899777
CTG,2483,0.0010470744957870328,1139,0.0007435002477246217,0.49395896068505074
CTT,2371369,1.0,1531943,1.0,0.0
GAG,1076,0.0004537463380857218,587,0.0003831735253857356,0.2438881156628927
GAT,1735,0.000731644885296215,2448,0.0015979706816767988,-1.1270254490107074
GCG,2790,0.0011765355792371411,870,0.0005679062471645486,1.0508202621967797
GCT,1196,0.0005043500189131257,675,0.00044061691590352903,0.1949004284762328
GGG,4716,0.001988724656516974,3576,0.002334290505586696,-0.23114057198723437
GGT,4308,0.0018166721417038007,2022,0.0013198924503065714,0.46087769885751406
GTG,2358,0.000994362328258487,849,0.0005541981653364388,0.8433697056430436
GTT,2049,0.0008640578501279219,996,0.0006501547381332073,0.41034478315948775
TAG,1055,0.00044489069394092613,2714,0.0017716063848328561,-1.9935352756079858
TAT,2044,0.0008619493634267801,2346,0.0015313885699402654,-0.8291653708745663
TCG,801,0.00033777956952292114,652,0.00042560330247274215,-0.3334272756060468
TCT,1002,0.0004225407349088227,373,0.00024348164389928346,0.7952774191562924
TGG,2692,0.0011352092398947613,3224,0.0021045169435155225,-0.8905308877013276
TGT,1292,0.0005448329635750488,502,0.0003276884322719579,0.7334892469594738
TTG,1255,0.0005292301619865993,272,0.00017755229796408874,1.575651253804116
TTT,1280,0.0005397725954923085,3012,0.0019661305936317475,-1.8649355135682448
