site_2,count_x,proportion_x,count_y,proportion_y,ratio
AAG,978,0.0005912191264828084,1891,0.0004499140499997026,0.3940435223815175
AAT,308,0.00018619170854468814,2124,0.0005053503131673021,-1.4404949947302068
ACG,273,0.00016503355984642812,450,0.00010706574431510638,0.6242624650818609
AGG,2746,0.001660007895012057,5455,0.0012978747449753452,0.3550389443151758
AGT,602,0.00036392015761007224,1686,0.00040113965536726524,-0.14048262880333517
ATG,315,0.00019042333828434013,745,0.000177253287810565,0.10339791841679968
ATT,114,6.891511290290405e-05,858,0.0002041386858274695,-1.5666573079557597
CAT,465,0.0002811011184197402,538,0.00012800304542561608,1.1349110588178135
CCG,153,9.249133573810806e-05,1148,0.00027313660994164916,-1.5622325686039922
CCT,305,0.00018437815294198011,302,7.185301062924917e-05,1.359547208504214
CGG,1075,0.0006498574243037005,3075,0.0007316159194865603,-0.1709632352580961
CGT,1466,0.0008862241711899766,1948,0.0004634757109462827,0.9351779414305135
GAG,451,0.0002726378589404362,3274,0.0007789627708614629,-1.5145684678397284
GAT,268,0.00016201096717524812,3020,0.0007185301062924917,-2.148957128375624
GCG,647,0.0003911234916506923,1042,0.00024791667905853525,0.6577688550930443
GCT,522,0.0003155586748711922,2289,0.0005446077527495078,-0.7873092356067559
GGG,2391,0.001445403815358277,8672,0.002063275854890228,-0.5134641112631986
GGT,686,0.00041469971448589626,8488,0.0020194978616591623,-2.2838576593629085
TAG,1007,0.0006087501639756524,1105,0.0002629058832626501,1.2113038291070346
TAT,357,0.00021581311672225215,2809,0.0006683281684025196,-1.6307741297182545
TCG,417,0.00025208422877641217,1262,0.00030025993183480944,-0.25230610615884075
TCT,602,0.00036392015761007224,1302,0.00030977688688504115,0.232392458973111
TGC,1654209,1.0,4203025,1.0,0.0
TGG,2638,0.001594719893314569,7743,0.0018422445738485972,-0.20816156218453763
TGT,1201,0.0007260267596174365,4627,0.0011008737754355494,-0.6005544324806174
TTG,582,0.00035182978692535226,1233,0.0002933601394233915,0.2622047738844895
TTT,244,0.0001475025223535841,2049,0.0004875060224481177,-1.7246804160693152
