site_2,count_x,proportion_x,count_y,proportion_y,ratio
AAG,3348,0.0011216027797524568,1293,0.0010359755115579774,0.11457192907664115
AAT,3142,0.0010525913781308897,3285,0.002632002749781868,-1.3222155135789446
ACT,666,0.00022311453145613388,1059,0.0008484903841762553,-1.9271138305845223
AGG,3547,0.0011882691337461065,2855,0.0022874787977556267,-0.9448967389784642
AGT,3649,0.0012224398277529017,2475,0.0019830157703835992,-0.697932697933302
ATG,4617,0.0015467264140134687,1533,0.0012282679498982051,0.3325927117271412
ATT,2496,0.0008361769827545198,1087,0.0008709245019826151,-0.05873932982851038
CAT,475,0.00015912823189438978,121,9.69474376631982e-05,0.7149151422802671
CCT,786,0.00026331534793471654,572,0.00045829697804420966,-0.7994911581832316
CGG,4167,0.0013959733522187837,5472,0.004384267594157195,-1.6510644538467982
CGT,2281,0.0007641505198970591,2450,0.001962985308056492,-1.3611206262412452
CTG,1079,0.00036147234150325596,1956,0.0015671833724728568,-2.1162168291276657
CTT,3155,0.0010569464665827362,2642,0.0021168192587286746,-1.0019957850403642
GAA,2985014,1.0,1248099,1.0,0.0
GAG,8113,0.0027179102007561773,2672,0.002140855813521203,0.34431015692657496
GAT,8837,0.002960455126843626,1753,0.0014045360183767475,1.0757253643702356
GCG,4879,0.0016344981966583741,1637,0.0013115946731789706,0.31752583778842514
GCT,2959,0.0009912851330010513,522,0.0004182360533899955,1.2449826609605879
GGG,30327,0.010159751344549807,12649,0.01013461271902309,0.0035741340618349327
GGT,13504,0.004523931881056504,8084,0.006477050298093341,-0.5177597413359996
GTG,8507,0.002849902881527524,5082,0.004071792381854324,-0.5147512449559608
GTT,4887,0.0016371782510902796,2868,0.0022978946381657225,-0.48910124311868053
TAG,3948,0.0013226068621453701,911,0.0007299100471997815,0.8575937069908992
TAT,2665,0.0008927931326285237,526,0.0004214409273623326,1.0829955046907873
TCG,767,0.000256950218658941,947,0.0007587539129508156,-1.5621431716288985
TCT,1410,0.0004723595936233465,668,0.0005352139533803008,-0.18023016885134524
TGG,5742,0.0019236090685001812,2575,0.0020631376196920278,-0.10102442541420942
TGT,3010,0.001008370480004449,2194,0.001757873373826916,-0.8018053624195769
TTG,5896,0.0019752001163143625,3201,0.0025647003963627886,-0.3767914761139597
TTT,3961,0.0013269619505972166,2113,0.001692974675887089,-0.3514333896937689
