site_2,count_x,proportion_x,count_y,proportion_y,ratio
AAG,242,0.0005189958930696891,500,0.0006287678915903552,-0.276804425129086
AAT,160,0.00034313778054194323,484,0.0006086473190594639,-0.8268185201288265
ACG,175,0.0003753069474677504,272,0.00034204973302515325,0.13386489284039627
ACT,103,0.00022089494622387596,261,0.0003282168394101654,-0.5712888471282582
AGG,397,0.0008514106179696966,1664,0.0020925395432127023,-1.297327898739729
AGT,267,0.0005726111712793677,607,0.0007633242203906912,-0.4147401523097223
ATG,206,0.0004417898924477519,394,0.0004954690985731999,-0.16543467001475065
CAG,327,0.0007012878389825965,485,0.0006099048548426446,0.20142251068199712
CAT,131,0.000280944057818716,149,0.00018737283169392585,0.5843711033336962
CCG,298,0.0006390941162593693,311,0.00039109362856920094,0.7085143725899652
CGG,511,0.0010958962866058311,751,0.0009444093731687135,0.21462700568175563
CGT,126,0.0002702210021767803,384,0.0004828937407413928,-0.8375659549628338
GAA,466285,1.0,795206,1.0,0.0
GAG,676,0.0014497571227897101,1184,0.0014889223672859611,-0.03845730708835937
GAT,1310,0.0028094405781871603,2911,0.003660686664839048,-0.38183140543954686
GCG,466,0.0009993887858284096,674,0.0008475791178637988,0.23769798573082745
GGG,1177,0.00252420729811167,2862,0.003599067411463193,-0.5117927294298177
GGT,467,0.0010015333969567968,1064,0.001338018073304276,-0.41788707353312127
GTG,332,0.0007120108946245322,617,0.0007758995782224983,-0.12397062554408755
GTT,245,0.0005254297264548506,392,0.0004929540270068385,0.0920447171457699
TAG,395,0.0008471213957129223,917,0.0011531603131767114,-0.44495245827218355
TAT,218,0.00046752522598839764,107,0.000134556328800336,1.796833960634185
TCG,239,0.0005125620596845277,524,0.0006589487503866923,-0.36243957129829596
TGG,448,0.000960785785517441,1028,0.0012927467851097704,-0.428153004877867
TGT,230,0.0004932605595290434,433,0.0005445129941172476,-0.1426165415239442
TTG,199,0.0004267776145490419,613,0.0007708694350897755,-0.8530020208887272
