site_2,count_x,proportion_x,count_y,proportion_y,ratio
AAG,674,0.001443437179429521,1379,0.001731133283453931,-0.2622084843221302
AAT,1952,0.0041803996650540435,3858,0.004843156060598452,-0.21230661447622712
ACG,306,0.0006553290458537588,811,0.001018092163075517,-0.6355767855146315
ACT,341,0.0007302849824710188,1126,0.0014135286999050953,-0.9527697070460679
AGG,1091,0.002336483624269447,1896,0.0023801513454885085,-0.026714386564661297
AGT,879,0.0018824648081877582,1547,0.0019420327697630393,-0.04494465029564232
ATG,419,0.0008973296412180554,938,0.0011775221318925215,-0.3920442028060336
ATT,335,0.0007174353933366314,1025,0.0012867379373025956,-0.8427974330376831
CAG,520,0.0011136310583135772,1361,0.0017085369099208122,-0.6174900624655493
CAT,473,0.0010129759434275422,1116,0.0014009751590533625,-0.46783146247980234
CCG,374,0.0008009577227101497,778,0.0009766654782647993,-0.286138409088565
CCT,312,0.0006681786349881462,872,0.0010946687622710861,-0.712188629904686
CGG,824,0.0017646769077892068,1177,0.0014775517582489316,0.2561953981547642
CGT,482,0.0010322503271291235,1618,0.002031162909810341,-0.9765130801900259
CTG,491,0.0010515247108307045,548,0.0006879340386749486,0.6121406073641555
CTT,319,0.0006831698223115982,661,0.0008297890502995275,-0.28050037173283116
GAG,995,0.0021308901981192483,2330,0.002924975018453705,-0.45696804810063973
GAT,664,0.0014220211975388753,2144,0.0026914791586114778,-0.920456283100858
GCG,728,0.001559083481639008,1638,0.0020562699915138063,-0.39933152543232175
GCT,669,0.0014327291884841983,1160,0.0014562107388009862,-0.023453213363483272
GGG,1373,0.0029404143135856563,3078,0.0038639798741633064,-0.3940681301711191
GGT,1372,0.002938272715396592,2231,0.002800694964021552,0.06918344393866072
GTG,747,0.0015997738472312347,1234,0.0015491069411038077,0.046431229649808614
GTT,916,0.0019617039411831474,1318,0.001654556684258362,0.2456626090988827
TAG,892,0.0019103055846455977,1331,0.0016708762873656143,0.1931985200184041
TAT,466941,1.0,796588,1.0,0.0
TCG,277,0.0005932226983708862,909,0.0011411168634224969,-0.9438008421349284
TCT,291,0.0006232050730177902,1095,0.001374612723264724,-1.141246335570262
TGG,718,0.0015376674997483622,2009,0.002522006357113087,-0.7138283389002495
TGT,566,0.0012121445750105473,2053,0.002577241936860711,-1.0882661932667297
TTG,361,0.0007731169462523102,1234,0.0015491069411038077,-1.0026781762522567
TTT,733,0.0015697914725843307,1247,0.00156542654421106,0.004017114314132542
