site_2,count_x,proportion_x,count_y,proportion_y,ratio
AAG,1568,0.00020754502952817787,1459,0.0020422646601428044,-3.2986735528151137
AAT,17454,0.002310262082515827,3004,0.004204909553851258,-0.8640182447052398
ACG,741,9.808091000024223e-05,777,0.001087621412564057,-3.471060285114307
ACT,1276,0.00016889506229461414,600,0.0008398620946440594,-2.314025305743442
AGG,1709,0.00022620819863753571,1711,0.0023950067398933097,-3.404306591825705
AGT,1455,0.00019258802166039466,1219,0.0017063198222851807,-3.147298201836996
ATG,464,6.14163862889506e-05,538,0.0007530763448641733,-3.616100596441484
ATT,261,3.454671728753471e-05,834,0.0011674083115552425,-5.07861680588721
CAG,1185,0.00015685003825949666,881,0.0012331975089690272,-2.9749460941472226
CAT,2565,0.00033951084230853077,765,0.0010708241706711757,-1.6571920560980296
CCG,411,5.440115251025581e-05,769,0.0010764232513021362,-4.3064644332925734
CCT,466,6.168111209192021e-05,536,0.0007502768045486931,-3.604522274815924
CGG,2258,0.00029887543155269493,1380,0.0019316828176813368,-2.6922420099049607
CGT,1083,0.00014334902230804633,1129,0.0015803405080885718,-3.4626314721771045
CTG,431,5.7048410539951955e-05,750,0.0010498276183050744,-4.201821955306578
CTT,314,4.15619510662295e-05,670,0.0009378460056858664,-4.496015765465939
GAG,563,7.452031353594653e-05,1730,0.0024216023728903715,-5.022184439456288
GAT,1734,0.00022951727117465588,1705,0.002386608118946869,-3.3782870697021306
GCG,1286,0.0001702186913094622,1068,0.0014949545284664257,-3.1346402333720373
GCT,741,9.808091000024223e-05,850,0.0011898046340790842,-3.6006085277316604
GGG,2914,0.00038570549492672853,2646,0.0037037918373803024,-3.263431413226595
GGT,2506,0.00033170143112092715,1908,0.002670761460968109,-3.0092939856960825
GTG,1329,0.00017591029607330892,1090,0.0015257494719367079,-3.1166062594005446
GTT,1235,0.00016346818333373703,863,0.0012080016461297055,-2.885540651719346
TAG,1699,0.00022488456962268762,1406,0.0019680768417825794,-3.1295299709007462
TAT,7554987,1.0,714403,1.0,0.0
TCT,442,5.850440245628484e-05,516,0.0007222814013938911,-3.6259439250442522
TGG,617,8.166791021612612e-05,1097,0.0015355478630408887,-4.232840360266206
TGT,2886,0.00038199933368515394,1402,0.001962477761151619,-2.3610342785318554
TTG,391,5.175389448055966e-05,679,0.0009504439371055273,-4.198862195949811
TTT,4405,0.0005830585810405762,896,0.0012541940613351287,-1.1050478472622594
