site_2,count_x,proportion_x,count_y,proportion_y,ratio
AAG,952,0.0007199522048536274,585,0.000803944688605424,-0.15919511321891022
AAT,3608,0.002728558356209966,1950,0.0026798156286847465,0.0260051525623215
ACG,993,0.0007509585498105588,461,0.0006335358999095734,0.24530690504295016
ACT,551,0.0004166950261285175,683,0.0009386226022521445,-1.1715533217750203
AGG,1917,0.0014497356898155501,823,0.0011310196217474598,0.35816593919043704
AGT,2266,0.0017136677481074786,1068,0.0014677144058642612,0.22351615207687558
ATG,1126,0.0008515401078415803,631,0.0008671608521538846,-0.026225144958404556
ATT,1913,0.0014467106805514593,828,0.0011378909438722923,0.34641413879070093
CAG,1908,0.0014429294189713456,938,0.0012890600306186115,0.16268128143404859
CAT,1322310,1.0,727662,1.0,0.0
CCG,1410,0.0010663157655920322,413,0.0005675712075111797,0.9097614138106245
CCT,1027,0.0007766711285553312,965,0.001326165170092708,-0.7718847278933332
CGG,1177,0.0008901089759587389,1036,0.001423737944265332,-0.6776297447041966
CGT,1982,0.0014988920903570267,1513,0.00207926207497437,-0.4721750870863346
CTG,1011,0.0007645710914989677,828,0.0011378909438722923,-0.5736397376523978
CTT,3147,0.002379926038523493,1422,0.0019542040123024153,0.2843356516229214
GAG,1967,0.001487548305616686,865,0.0011887387275960543,0.3235048576983548
GAT,2059,0.001557123518690776,1278,0.0017563099351072338,-0.17366406837082593
GCG,1364,0.0010315281590549872,797,0.0010952887466983297,-0.08652804702238726
GCT,2128,0.0016093049284963436,784,0.0010774233091737648,0.578852529329895
GGG,3611,0.002730827113158034,1747,0.0024008399504165394,0.1857987499757936
GGT,3397,0.0025689891175291724,1869,0.0025685002102624572,0.00027458707795524617
GTG,1843,0.001393773018429869,980,0.001346779136467206,0.04948235457205641
GTT,2226,0.00168341765546657,1176,0.0016161349637606472,0.0588454704495085
TAG,2917,0.0022059880058382677,2129,0.0029258089607537567,-0.40741062561020236
TAT,1730,0.0013083165067193018,895,0.0012299666603450502,0.08909238831638078
TCG,851,0.0006435707209353329,660,0.0009070145204779142,-0.4950269546159394
TCT,1617,0.0012228599950087347,844,0.001159879174671757,0.07628471271038961
TGG,1812,0.0013703291966331646,597,0.0008204358617050223,0.7400600567253441
TGT,1821,0.0013771354674773691,1374,0.0018882393199040213,-0.4553711438973487
TTG,1506,0.001138915987930213,799,0.0010980372755482629,0.052734299687864805
TTT,1457,0.0011018596244451,892,0.0012258438670701506,-0.15383479991187876
