site_2,count_x,proportion_x,count_y,proportion_y,ratio
AAG,2010,0.001520393698762354,1080,0.00148574714509559,0.03325634233498498
AAT,1322026,1.0,726907,1.0,0.0
ACG,1195,0.0009039156567268722,617,0.0008488018412259065,0.09076037703821882
ACT,981,0.0007420428947690893,613,0.0008432990740218487,-0.18454178415201739
AGG,2311,0.0017480745461889555,1278,0.001758134121696448,-0.008278423159836734
AGT,2192,0.00165806118790402,777,0.0010689125293882162,0.6333534478723433
ATG,1488,0.0011255451859494444,540,0.000742873572547795,0.5994353673767261
ATT,2443,0.0018479212965554384,1209,0.001663211387426452,0.15193177233765987
CAG,872,0.0006595936842391905,455,0.000625939769461568,0.07555374301039386
CAT,1481,0.0011202502825209187,548,0.0007538791069559104,0.5714159956478468
CCG,1807,0.0013668414993351114,754,0.001037271617964884,0.3980522309154608
CCT,1033,0.0007813764630952795,813,0.0011184374342247357,-0.5173948498904419
CGG,1933,0.0014621497610485725,948,0.0013041558273616846,0.16497482663250196
CGT,1267,0.0009583775205631356,813,0.0011184374342247357,-0.22281857961469242
CTG,1291,0.0009765314751752235,512,0.0007043542021193908,0.47136543862671587
CTT,837,0.0006331191670965624,655,0.000901078129664455,-0.5091751305549437
GAG,1884,0.0014250854370488931,936,0.0012876475257495113,0.1463106833489043
GAT,2665,0.0020158453767172508,855,0.0011762164898673421,0.7772313611928041
GCG,2359,0.001784382455413131,820,0.0011280672768318367,0.661571757053542
GCT,2132,0.0016126763013738004,904,0.0012436253881170493,0.37490491366351364
GGG,4433,0.0033531866998077193,1773,0.0024391015631985936,0.4591829795861013
GGT,2554,0.0019318833366363446,1568,0.0021570847439906344,-0.15907488109295898
GTG,3337,0.0025241561058557092,1250,0.0017196147512680438,0.5537157449523953
GTT,1515,0.0011459683848880431,1025,0.001410084096039796,-0.29921396271296885
TAG,4621,0.0034953926776024073,2977,0.004095434491619973,-0.22856197875197548
TAT,2488,0.001881959961453103,1354,0.0018626866985735453,0.014850899875131773
TCG,1612,0.001219340618111898,464,0.0006383209956706979,0.9337471867199216
TCT,1420,0.0010741089812151955,422,0.0005805419400280917,0.8876681790043861
TGG,2251,0.001702689659658736,874,0.0012023546340866162,0.5019530252730835
TGT,2017,0.0015256886021908797,585,0.0008047797035934445,0.9227947074617191
TTG,1815,0.0013728928175391407,891,0.0012257413947038616,0.16356436468071678
TTT,1964,0.0014855986190891858,1102,0.0015160123647179075,-0.029237140936938744
