site_2,count_x,proportion_x,count_y,proportion_y,ratio
AAG,1327896,1.0,730549,1.0,0.0
AAT,2129,0.0016032882093175971,765,0.0010471576855214367,0.6145550838013314
ACG,1570,0.0011823215071059782,642,0.0008787911556924998,0.42803014358573854
ACT,881,0.0006634555718218896,422,0.0005776477690065964,0.19980980714228025
AGG,2299,0.001731310283335442,964,0.0013195555671145947,0.39181220141727024
AGT,1076,0.000810304421430594,857,0.001173090374499178,-0.5337782446268253
ATG,2044,0.0015392771723086748,859,0.001175828041650868,0.38857594672820994
ATT,590,0.0004443119039442848,557,0.0007624403017456734,-0.7790515861617759
CAG,1136,0.0008554886828486568,454,0.0006214504434336369,0.46110941914281867
CAT,509,0.00038331315102989994,436,0.0005968114390684266,-0.6387516917721783
CCG,793,0.0005971853217420642,662,0.0009061678272094001,-0.6015995641741885
CCT,800,0.0006024568189075048,394,0.000539320428882936,0.15971515724739938
CGG,1607,0.0012101851349804503,789,0.001080009691341717,0.16418351059068748
CGT,705,0.0005309150716622386,335,0.00045855924790808006,0.21137294887007307
CTG,1234,0.0009292896431648261,512,0.0007008427908326478,0.407037466078469
CTT,696,0.0005241374324495291,408,0.0005584840989447662,-0.09157105919371489
GAG,2107,0.0015867206467976409,1652,0.0022613130672959653,-0.5111125856730876
GAT,1300,0.0009789923307246954,887,0.0012141553817745284,-0.31058359945619607
GCG,1405,0.0010580647882063054,1041,0.0014249557524546607,-0.4294891512620769
GCT,704,0.0005301620006386042,442,0.0006050244405234967,-0.19056015382508384
GGG,6368,0.004795556278503739,4171,0.005709404844849559,-0.2516421894165246
GGT,1629,0.0012267526975004066,1476,0.0020203983579472422,-0.7197953306058267
GTG,1558,0.0011732846548223655,871,0.0011922540445610083,-0.023138603608144237
GTT,1094,0.0008238596998560128,498,0.0006816791207708175,0.2733058776535273
TAG,3311,0.0024934181592534354,2312,0.003164743227353675,-0.3439636001746269
TAT,811,0.000610740600167483,558,0.0007638091353215185,-0.3226524206828625
TCG,1378,0.001037731870568177,538,0.0007364324638046182,0.49480859707671954
TCT,993,0.0007477995264689403,374,0.0005119437573660357,0.5466662345697895
TGG,1940,0.0014609577858506991,1262,0.0017274679727164093,-0.24174447097900753
TGT,707,0.0005324212137095074,523,0.0007158999601669429,-0.42718994450848946
TTG,2223,0.001674076885539229,574,0.0007857104725350387,1.091296093280354
TTT,1013,0.0007628609469416279,554,0.0007583338010181385,0.00858707968099992
