site_2,count_x,proportion_x,count_y,proportion_y,ratio
AAG,386,0.00032202169558605026,741,0.00033428506079612175,-0.053920991945554775
AAT,1078,0.0008993248389682958,2057,0.0009279681107390316,-0.04523291268023044
ACG,632,0.0005272479575398544,1185,0.0005345854211112069,-0.019938892516320195
ACT,1589,0.0013256281717259947,2745,0.0012383434438398842,0.09826467854815668
AGG,424,0.0003537233132862314,359,0.00016195457061512513,1.1270321238323469
AGT,835,0.0006966013363066114,437,0.000197142471751559,1.8210946209530139
ATG,696,0.0005806401557717384,746,0.0003365406954843547,0.7868633786856876
ATT,181,0.0001509998106245469,858,0.00038706691250077257,-1.3580362473241419
CAG,261,0.00021774005841440188,1056,0.000476390046154797,-1.1295364196963718
CAT,859,0.0007166234106435679,1243,0.0005607507834947089,0.35385544317817796
CCG,1021,0.0008517724124180242,1035,0.0004669163804642186,0.8673038015833114
CCT,1260,0.001051158902690216,2041,0.0009207500797366862,0.19109925444675824
CGG,863,0.0007199604230330606,666,0.00030045054047262766,1.2607900851998899
CGT,656,0.0005472700318768109,619,0.000279247574403238,0.9707081084960159
CTG,812,0.0006774135150670281,525,0.00023684164226445874,1.516114007723889
CTT,852,0.0007107836389619556,1360,0.0006135326351993598,0.2122703871803342
GAT,376,0.00031367916461231844,1249,0.0005634575451205885,-0.8450172068381221
GCG,547,0.00045633644426313345,633,0.00028556335153029025,0.6762870364564133
GCT,1011,0.0008434298814442924,1603,0.0007231564810474807,0.22196027484066505
GTG,651,0.0005430987663899449,871,0.0003929315626901782,0.4669365276589694
GTT,126,0.0001051158902690216,264,0.00011909751153869925,-0.180162492766339
TAG,1156,0.0009643965805634045,4562,0.002058041089543735,-1.0935733457192605
TAT,1970,0.001643478601825179,1858,0.0008381938501473606,0.9713968310532834
TCG,1491,0.0012438713681834222,2760,0.001245110347904583,-0.0014363062898912204
TCT,1198677,1.0,2216671,1.0,0.0
TGT,561,0.00046801598762635804,980,0.0004421043988936563,0.08217072469842002
TTG,450,0.0003754138938179343,277,0.0001249621617281049,1.5869907282600462
TTT,888,0.0007408167504673903,1401,0.0006320288396428699,0.22912632901148733
