site_2,count_x,proportion_x,count_y,proportion_y,ratio
AAG,372,0.00030979863088992154,352,0.00015844942829915793,0.9673083140137813
AAT,1000,0.0008327920185212945,1228,0.000552772437361835,0.5912705608349551
ACG,226,0.00018821099618581257,1172,0.0005275645737687872,-1.4869967704640121
ACT,1546,0.0012874964606339214,1489,0.0006702590873222902,0.9417776868857946
AGG,181,0.0001507353553523543,422,0.00018995925779046773,-0.33367218008093147
AGT,476,0.0003964090008161362,1229,0.0005532225777831395,-0.48087031552167225
ATG,306,0.0002548343576675161,921,0.00041457932802137627,-0.7020883818556367
ATT,1200780,1.0,2221529,1.0,0.0
CAG,435,0.0003622645280567631,875,0.00039387286864137267,-0.12068649444055346
CAT,452,0.00037642199237162513,972,0.00043753648950790197,-0.21705241964754585
CCG,1512,0.0012591815320041973,1283,0.0005775301605335784,1.124518090674437
CCT,1312,0.0010926231282999384,1828,0.0008228566901444906,0.409082771103062
CGG,556,0.0004630323622978397,678,0.0003051952056444008,0.6013807311302095
CGT,592,0.0004930128749646063,1276,0.0005743791775844474,-0.22037812659287326
CTG,731,0.0006087709655390662,515,0.00023182231697177935,1.3928800954249034
CTT,976,0.0008128050100767835,1108,0.0004987555868053039,0.7045762930567463
GAG,116,9.660387414847016e-05,506,0.0002277710531800395,-1.2374314580236891
GAT,226,0.00018821099618581257,563,0.0002534290571943918,-0.4292310281219951
GCG,564,0.0004696946984460101,936,0.00042133143434094266,0.15676775435843737
GCT,386,0.00032145771914921965,571,0.0002570301805648272,0.3226912234482846
GGG,349,0.00029064441446393177,212,9.54297693165383e-05,1.6067438931895008
GGT,633,0.0005271573477239794,393,0.00017690518557263938,1.5752573087127821
GTG,109,9.07743300188211e-05,225,0.00010128159479349584,-0.15801574489706205
GTT,264,0.00021985709288962175,720,0.00032410110333918663,-0.5598778554281747
TAG,469,0.00039057945668648713,2447,0.0011014936109319303,-1.4957731520209663
TAT,415,0.0003456086876863372,571,0.0002570301805648272,0.427201712414492
TCG,1293,0.0010768000799480338,432,0.000194460662003512,2.4692001791898335
TCT,360,0.00029980512666766604,688,0.000309696609857445,-0.04683053682937732
TGG,202,0.0001682239877413015,545,0.0002453265296109121,-0.5443198153694464
TGT,291,0.0002423424773896967,609,0.0002741355165743954,-0.17784195345500287
TTG,104,8.661036992621463e-05,217,9.768047142306042e-05,-0.17353039276033932
TTT,868,0.0007228634720764836,2742,0.0012342850352167359,-0.7718805017916992
