site_2,count_x,proportion_x,count_y,proportion_y,ratio
AAG,467,0.0003295032403503882,1523,0.0005180369020508887,-0.6527622182622377
AAT,539,0.0003803045964643667,1974,0.0006714411324021367,-0.8201055431885003
ACG,445,0.0003139806037600059,1257,0.0004275590189612391,-0.44544814005135613
ACT,1250,0.0008819679880899043,2432,0.0008272263596767967,0.09244413462125678
AGG,270,0.00019050508542741934,1078,0.0003666735262054222,-0.9446665971862824
AGT,923,0.0006512451624055853,1578,0.0005367447350205531,0.2789646161477073
ATG,485,0.0003422035793788829,700,0.00023809969234118324,0.523289093757553
ATT,403,0.00028434647936018516,1255,0.00042687873412597854,-0.5861763517947747
CAG,181,0.00012770896467541814,1833,0.0006234810515162698,-2.287485914941289
CAT,1037,0.0007316806429193846,4396,0.0014952660679026309,-1.0311162236206144
CCG,798,0.0005630483635965949,1848,0.0006285831877807237,-0.15884483667831972
CCT,715,0.0005044856891874253,3428,0.0011660082076365374,-1.208692693931356
CGG,512,0.0003612540879216248,1844,0.0006272226181102028,-0.7959636719139471
CGT,1378,0.0009722815100703105,6293,0.0021405162341472375,-1.1385127863523685
CTG,1344,0.0009482919807942651,2806,0.0009544396238705146,-0.009322602325745777
CTT,1417285,1.0,2939945,1.0,0.0
GAG,237,0.00016722113054184586,699,0.000237759549923553,-0.5077461279617843
GAT,166,0.00011712534881833929,1403,0.0004772198119352573,-2.026600593757582
GCG,324,0.00022860610251290318,1396,0.00047483881501184544,-1.0545739548096371
GCT,313,0.00022084478421771202,1902,0.000646950878332758,-1.550623415412554
GTT,242,0.00017074900249420546,910,0.00030952960004353825,-0.858200229296072
TCG,224,0.00015804866346571085,1550,0.0005272207473269058,-1.738038309588605
TCT,630,0.00044451186599731176,1904,0.0006476311631680185,-0.5429504764052719
TGG,367,0.0002589458013031959,674,0.00022925598948279644,0.17569074017674602
TGT,243,0.0001714545768846774,1086,0.0003693946655464643,-1.107336615683188
TTT,557,0.00039300493549286136,1269,0.0004316407279728022,-0.13528356798568275
