site_2,count_x,proportion_x,count_y,proportion_y,ratio
AAG,1419416,1.0,2943271,1.0,0.0
AAT,444,0.00031280470277917114,2370,0.000805226565953322,-1.364132567669639
ACG,536,0.00037762009164332374,1954,0.000663887219355608,-0.8140026517447367
ACT,587,0.00041355036155714744,1874,0.0006367065757791247,-0.6225656347832604
AGG,643,0.0004530032069527186,1534,0.00052118884057907,-0.2022849304091121
AGT,401,0.0002825105536361433,724,0.00024598482436717514,0.19973544913759156
ATG,826,0.0005819294695846742,1233,0.0004189216691225511,0.47416379678248255
ATT,114,8.031472098384124e-05,909,0.0003088400626377931,-1.9431235602634906
CAG,250,0.00017612877408737114,1787,0.000607147625889699,-1.785416724613528
CAT,1985,0.0013984624662537269,2084,0.0007080557651673937,0.9819066395176872
CCG,1080,0.0007608763040574434,2791,0.0009482647027745661,-0.3176279022493613
CCT,1614,0.0011370873655080682,2954,0.001003645264061651,0.18009366227886758
CGG,422,0.0002973053706594825,1072,0.00036422062392487813,-0.2928670919847125
CTG,467,0.0003290085499952093,1204,0.00040906868582607584,-0.3142180272841646
CTT,919,0.0006474493735451764,1606,0.0005456514197979051,0.24678778353759512
GAG,252,0.0001775378042800701,1000,0.000339758044706043,-0.9363814513962936
GCG,1474,0.0010384552520191403,1278,0.000434210781134323,1.2579715979139507
GCT,941,0.000662948705664865,1105,0.00037543263940017753,0.8203431682156186
GTG,351,0.0002472847988186691,477,0.00016206458732478252,0.6096046740649239
GTT,293,0.00020642292323039897,553,0.0001878861987224418,0.13574409395341647
TAG,1624,0.001144132516471563,4936,0.0016770457086690285,-0.5516678521983671
TAT,426,0.0003001234310448804,873,0.0002966087730283756,0.01699468636227408
TCG,357,0.000251511889396766,1511,0.000513374405550831,-1.0293847713698536
TCT,339,0.00023883061766247527,832,0.0002826786931954278,-0.24317534523887296
TGT,136,9.58140531035299e-05,1038,0.00035266885040487265,-1.880004977341665
TTG,614,0.00043257226915858354,934,0.0003173340137554442,0.446939015426393
TTT,488,0.0003438033670185485,622,0.00021132950380715876,0.7020894771981592
