site_2,count_x,proportion_x,count_y,proportion_y,ratio
AAG,303,0.00021402219756297232,414,0.0001410334893218231,0.6017226545425167
ACA,1415741,1.0,2935473,1.0,0.0
ACG,806,0.0005693131723952333,2196,0.0007480906824896703,-0.3939906819083401
ACT,753,0.0005318769464188718,2347,0.0007995304334258908,-0.5880604432823517
CAT,201,0.0001419751211556351,244,8.31211869432967e-05,0.7723499821849327
CCT,164,0.0001158403973608167,1146,0.0003903970501517132,-1.7528036955699307
GAG,143,0.00010100717574754139,331,0.00011275865933701315,-0.1587804414599372
GAT,201,0.0001419751211556351,485,0.00016522039207991353,-0.2187536173266711
GCT,361,0.00025499014297106605,410,0.00013967084691291658,0.8684105559506179
GGG,281,0.00019848263206335057,83,2.8274829984809942e-05,2.8114225174428924
GGT,955,0.0006745584114608534,267,9.09563807945091e-05,2.890696619804448
TAG,751,0.0005304642586461789,1356,0.00046193577661930463,0.19956326294681936
TCT,109,7.699148361176233e-05,281,9.572562922568186e-05,-0.3142063668751085
TTT,292,0.00020625241481316144,260,8.857175657892271e-05,1.2194923744204544
