site_2,count_x,proportion_x,count_y,proportion_y,ratio
AAG,144,0.00010163555607000714,1943,0.0006612397138598294,-2.70176817382133
AAT,183,0.00012916185250563407,1686,0.0005737777445021475,-2.1513119723363374
ACG,327,0.0002307974085756412,4544,0.0015464092947910782,-2.7442232836848977
ACT,909,0.00064157444769192,3254,0.001107397853268083,-0.7874850411567209
AGG,389,0.00027455716188356095,1160,0.0003947699784237788,-0.523905734707041
AGT,107,7.552086457979696e-05,1473,0.0005012898088088156,-2.7306977183130012
ATG,1045,0.0007375635839802601,604,0.0002055526439378986,1.8432594979648673
ATT,400,0.00028232098908335316,1094,0.00037230892792725344,-0.3991638226961296
CAG,2250,0.0015880555635938616,3036,0.0010332083228401657,0.6201302210106352
CAT,1169,0.0008250830905960996,4246,0.001444994248609797,-0.8084524310520198
CCG,3190,0.0022515098879397413,5095,0.0017339250345423732,0.37685128792075595
CCT,3167,0.0022352764310674487,6716,0.002285582047494912,-0.03210835258713729
CGG,940,0.0006634543243458799,2020,0.0006874442727724424,-0.05124562075245542
CGT,661,0.0004665354344602411,4916,0.001673007943044221,-1.8423857285432685
CTG,800,0.0005646419781667063,2684,0.000913416053525364,-0.6939357561037571
CTT,1416827,1.0,2938420,1.0,0.0
GCG,556,0.0003924261748258609,1387,0.00047202237937394925,-0.26643398927839357
GCT,794,0.000560407163330456,1656,0.0005635681760946359,-0.00811475003466633
GGG,588,0.00041501185395252915,428,0.00014565650928049769,1.5105823687569178
GTG,718,0.000506766175404619,570,0.00019398179974271888,1.385398935092649
GTT,108,7.622666705250535e-05,651,0.00022154763444299998,-1.5392492206804658
TAG,124,8.751950661583948e-05,3592,0.0012224256573260459,-3.8039983140325706
TCG,431,0.000304200865737313,2028,0.0006901668243477787,-1.1819208675925417
TCT,751,0.0005300576570039956,1931,0.0006571558864968248,-0.31008634111467615
TGG,265,0.00018703765526772146,1171,0.0003985134868398663,-1.0912998007289527
TGT,368,0.0002597353099566849,645,0.00021950572076149768,0.24278361606809717
TTT,339,0.0002392670382481418,737,0.0002508150638778663,-0.06800233563702385
