site_2,count_x,proportion_x,count_y,proportion_y,ratio
AAG,970,0.0010647207522855823,2426,0.0014548394099564747,-0.45038481259185303
AAT,392,0.0004302789019545858,470,0.0002818526474359205,0.6103309830043777
ACG,596,0.0006541995550125846,882,0.0005289234788052806,0.3066717603588085
ACT,292,0.0003205138759457629,590,0.00035381502550466614,-0.14260849991501878
AGG,773,0.0008484836510482012,1519,0.0009109237690535388,-0.10244346512306812
AGT,478,0.0005246768243221735,773,0.0004635576520595033,0.1786802895100692
ATG,946,0.0010383771460434647,494,0.0002962451230496696,1.809467227208886
ATT,573,0.0006289535990305553,1756,0.0010530494657393114,-0.7435477153242847
CAG,911037,1.0,1667538,1.0,0.0
CAT,588,0.0006454183529318787,1718,0.0010302613793508753,-0.6747038908479315
CCG,781,0.000857264853128907,1981,0.0011879789246182096,-0.4706963412933387
CCT,442,0.0004851614149589973,947,0.0005679031002591844,-0.22717997062278528
CGG,1131,0.0012414424441597872,1815,0.001088430968289778,0.18976746656087684
CGT,269,0.00029526791996373365,1455,0.0008725438340835411,-1.5632029897848536
CTG,570,0.0006256606482502906,2103,0.0012611406756547676,-1.0112769402255068
CTT,201,0.00022062770227773405,665,0.00039879151179763217,-0.8540207537554547
GAG,509,0.0005587039823849086,1005,0.0006026849163257449,-0.10931985453642845
GAT,452,0.0004961379175598795,297,0.0001781068857201455,1.4779979270685892
GCG,444,0.0004873567154791737,752,0.0004509642358974728,0.1119651001266373
GCT,208,0.00022831125409835166,271,0.00016251503713858394,0.49042876224138787
GGG,604,0.0006629807570932904,1276,0.0007651999534643288,-0.20686978898562103
GGT,357,0.0003918611428514978,647,0.0003879971550873203,0.014296447490760755
GTG,875,0.0009604439775772005,3127,0.0018752196351747308,-0.9652862117511809
GTT,646,0.000709082068016996,1524,0.0009139222014730698,-0.36611874734522765
TAG,1256,0.0013786487266708159,3471,0.002081511785638468,-0.5943768154828515
TAT,425,0.0004665013605374974,834,0.0005001385275777824,-0.10044645696543242
TCG,202,0.0002217253525378223,632,0.0003790018578287271,-0.7734311799711406
TCT,155,0.0001701357903136755,620,0.00037180562002185255,-1.1278619145458322
TGG,464,0.0005093097206809383,1385,0.0008305657802101062,-0.70555118035481
TGT,252,0.00027660786554223375,732,0.0004389705062193485,-0.6662818293299573
TTG,446,0.0004895520159993502,950,0.0005697021597109031,-0.2187457178438379
TTT,842,0.000924221518994289,476,0.0002854507663393578,1.6949967452126202
