site_2,count_x,proportion_x,count_y,proportion_y,ratio
AAG,432,0.00044038268439750656,277,0.00027737945509456936,0.6668968097800807
AAT,1006,0.0010255207882034526,550,0.0005507534306931883,0.8968782550593044
ACG,639,0.0006513993873379784,215,0.00021529452290733724,1.5972307450233352
AGG,990,0.0010092103184109525,637,0.0006378726097301107,0.6618866263764716
AGT,664,0.0006768844963887601,643,0.0006438808289740364,0.07211597768477773
ATG,689,0.0007023696054395417,455,0.00045562329266436485,0.6243889112840328
ATT,375,0.00038227663576172443,591,0.0005918095955266805,-0.630516061128489
CAG,117,0.00011927031035765802,154,0.00015421096059409272,-0.3706703474456958
CAT,150,0.00015291065430468977,337,0.00033746164753382626,-1.142034617020176
CCG,185,0.00018858980697578404,215,0.00021529452290733724,-0.19105991540734735
CGG,958,0.000976589378825952,425,0.0004255821964447364,1.198314288376917
CGT,255,0.0002599481123179726,743,0.000744017816372798,-1.5171134900139371
CTG,447,0.0004556737498279755,378,0.00037851781236731847,0.26764007062804573
CTT,634,0.0006463023655278221,873,0.0008741958999911879,-0.43574733982423197
GAG,754,0.0007686308889715739,413,0.00041356575795688504,0.8941742155150205
GAT,2093,0.002133613329731438,1425,0.0014269520704323514,0.5803618659820433
GCG,237,0.00024159883380140985,659,0.0006599027469578383,-1.4496399324439917
GCT,1075,0.00109585968918361,832,0.0008331397351576958,0.39543270000153186
GGG,1290,0.001315031627020332,1642,0.001644249333087664,-0.3223315878013864
GGT,1781,0.0018155591687776832,1596,0.0015981863188842336,0.1839783385450744
GTG,3300,0.0033640343947031748,2679,0.0026826698924128207,0.3265229169565984
GTT,980965,1.0,998632,1.0,0.0
TAG,365,0.0003720825921414118,850,0.0008511643928894728,-1.1938149035918837
TAT,463,0.0004719842196204758,673,0.0006739219251936649,-0.5138428376842796
TCG,783,0.0007981936154704806,367,0.00036750274375345473,1.118983718113629
TCT,535,0.0005453813336867269,396,0.00039654247009909555,0.459789934874701
TGG,790,0.0008053294460046995,552,0.0005527561704411635,0.542935859952097
TGT,381,0.000388393061933912,759,0.0007600397343565998,-0.9685574142563453
TTG,422,0.00043018864077719386,244,0.0002443342492529781,0.8161133248101002
TTT,1374,0.0014006615934309583,1131,0.0011325493274799926,0.3065345484940796
