site_2,count_x,proportion_x,count_y,proportion_y,ratio
AAG,1595,0.0016243851269464615,314,0.00031418725560434016,2.370197156146796
AAT,1325,0.0013494108421342077,756,0.0007564508447034432,0.8350114165030433
ACG,364,0.00037070607285800126,469,0.0004692796906956546,-0.34017227593048815
ACT,578,0.0005886486541536393,594,0.000594354235124134,-0.013916241913895178
AGG,1202,0.00122414477905307,704,0.0007044198342211959,0.7972667584600792
AGT,677,0.000689472558584799,727,0.000727433550396036,-0.0773223339584046
ATT,1002,0.001020460123636586,1491,0.001491889165942902,-0.5479205527020419
CAG,516,0.0005255064109745293,626,0.0006263733184978247,-0.2533143951231729
CAT,749,0.0007627990345347333,382,0.00038222780777343295,0.9968702768091937
CCG,633,0.0006446619343931725,401,0.0004012391385265618,0.6840804593596115
CCT,291,0.0002963611736309845,316,0.00031618844831519586,-0.09342820888262793
CGG,1590,0.0016192930105610494,528,0.0005283148756658969,1.6158941271994554
CGT,712,0.0007251173732826838,670,0.0006703995581366494,0.11319334200745423
CTG,444,0.0004521799350245949,434,0.00043425881825568036,0.05834183029181794
CTT,535,0.0005448564532390953,578,0.0005783446934372887,-0.08605340482597867
GAG,2056,0.0020938782576814577,465,0.0004652773052739433,2.1700148395846757
GAT,1660,0.0016905826399568188,400,0.00040023854217113397,2.078588532845755
GCG,830,0.0008452913199784094,930,0.0009305546105478865,-0.1386421833749143
GCT,808,0.0008228860078825962,682,0.0006824067144017835,0.2700607501138137
GGG,1727,0.001758816999521341,850,0.0008505069021136597,1.048210532890053
GGT,2813,0.0028648246784328505,768,0.0007684580009685773,1.8984085329797367
GTG,1347,0.001371816154230021,828,0.0008284937822942474,0.7275243743491693
GTT,2192,0.002232383823364667,1447,0.0014478629263040771,0.6246600728149936
TAG,985,0.0010031469279261846,1328,0.001328791960008165,-0.40558232061699506
TAT,1893,0.001927875263517023,1956,0.0019571664712168453,-0.021754762862336463
TCG,528,0.0005377274902995183,396,0.00039623615674942264,0.4405146956650352
TCT,665,0.0006772514792598099,538,0.0005383208392201752,0.33122536421811866
TGG,927,0.0009440783778554043,899,0.0008995361235296236,0.06972541949727606
TGT,636,0.0006477172042244197,1048,0.001048624980488371,-0.6950628498669023
TTG,560,0.0005703170351661558,723,0.0007234311649743247,-0.3430916236199604
TTT,981910,1.0,999404,1.0,0.0
