site_2,count_x,proportion_x,count_y,proportion_y,ratio
AAG,908000,1.0,1660080,1.0,0.0
AAT,803,0.0008843612334801762,1707,0.0010282636981350296,-0.21750260077050854
ACG,154,0.00016960352422907489,673,0.00040540214929400995,-1.2571875891755013
ACT,233,0.0002566079295154185,492,0.0002963712592164233,-0.2078397959450431
AGG,978,0.0010770925110132159,1247,0.0007511686183798371,0.5199334698624796
AGT,282,0.0003105726872246696,897,0.0005403354055226254,-0.7989242577805538
ATG,475,0.0005231277533039647,1224,0.0007373138643920775,-0.49511557473442735
ATT,637,0.0007015418502202643,697,0.000419859283889933,0.7406232811277924
CAG,242,0.0002665198237885463,821,0.0004945544793022023,-0.8918866097632954
CAT,409,0.00045044052863436125,408,0.00024577128813069247,0.8740202557101675
CCG,644,0.0007092511013215859,641,0.00038612596983277916,0.8772248962357914
CCT,588,0.0006475770925110133,267,0.00016083562237964436,2.009464977888726
CGG,551,0.0006068281938325991,826,0.0004975663823430196,0.286399101891627
CGT,443,0.0004878854625550661,628,0.00037829502192665413,0.367030704403307
CTG,822,0.0009052863436123348,1052,0.000633704399787962,0.5145641591292947
CTT,522,0.0005748898678414097,732,0.0004409426051756542,0.38269472302575736
GAG,360,0.00039647577092511013,1606,0.0009674232567105199,-1.286914516447725
GAT,456,0.0005022026431718062,538,0.00032408076719194254,0.6319162163480332
GCT,353,0.00038876651982378853,634,0.0003819093055756349,0.02567390787168833
GGG,622,0.000685022026431718,773,0.0004656402101103561,0.5569347309456703
GGT,660,0.0007268722466960353,1260,0.0007589995662859621,-0.06239723940154818
GTG,300,0.0003303964757709251,1137,0.0006849067514818563,-1.0517092836564519
GTT,309,0.00034030837004405285,696,0.00041925690328176954,-0.300991903204439
TAG,1163,0.0012808370044052864,3868,0.002330008192376271,-0.8632481332637063
TAT,917,0.0010099118942731278,828,0.0004987711435593466,1.0177795308356448
TCG,535,0.0005892070484581498,767,0.00046202592646137536,0.35080087852549013
TCT,455,0.0005011013215859031,318,0.0001915570333959809,1.3873283445416185
TGG,441,0.0004856828193832599,1818,0.0010951279456411739,-1.173013073896671
TGT,1231,0.0013557268722466961,1251,0.000753578140812491,0.8472375370585521
TTG,1750,0.0019273127753303965,1338,0.0008059852537227122,1.2577653708181469
TTT,442,0.00048678414096916297,1235,0.0007439400510818756,-0.6119042023406944
