site_2,count_x,proportion_x,count_y,proportion_y,ratio
AAG,674,0.0006884097938039033,929,0.0009328611121431605,-0.43839468090048683
AAT,1790,0.001828269333692859,1125,0.0011296757278375195,0.6945699103475285
ACG,998,0.001019336756997471,1005,0.0010091769835348507,0.014451543571276204
ACT,979068,1.0,995861,1.0,0.0
AGG,584,0.0005964856373612456,1338,0.0013435609989747566,-1.1715025174611355
AGT,1007,0.0010285291726417369,530,0.000532202787336787,0.9505347428565312
ATG,454,0.00046370630027740665,1158,0.0011628128825207534,-1.326335726398014
ATT,663,0.0006771746191275784,1086,0.0010905136359391522,-0.6874080033914662
CAG,165,0.00016852762014487246,758,0.0007611504015118576,-2.1751964996249686
CAT,119,0.00012154416240751409,749,0.0007521129956891574,-2.6294688208504997
CCG,515,0.000526010450755208,558,0.0005603191610074096,-0.09115736545829733
CCT,1191,0.0012164630035911704,1710,0.0017171071063130296,-0.49728758760883807
CGG,669,0.0006833028962237557,901,0.0009047447384725379,-0.4049855708717711
CGT,961,0.0009815457149043784,927,0.000930852799738116,0.07650241644852862
CTG,474,0.0004841338905979973,902,0.0009057488946750601,-0.9037050500568142
CTT,888,0.0009069850102342228,873,0.0008766283648019151,0.04911334702097392
GAG,1600,0.0016342072256472482,1054,0.0010583806374584405,0.6267323624378189
GAT,1124,0.0011480305760171918,1204,0.0012090040678367764,-0.07465803223846734
GCG,1140,0.0011643726482736642,1519,0.0015253132716312818,-0.38955272114967165
GCT,1420,0.0014503589127619328,1849,0.001856684818463621,-0.35631897071184326
GGG,2387,0.0024380329047624886,2629,0.0026399266564309676,-0.11478025123596147
GGT,1858,0.001897723140782867,2578,0.0025887146901023336,-0.4479664376786907
GTG,1399,0.0014289099429253126,1643,0.0016498286407440395,-0.20740119348501196
GTT,1201,0.0012266767987514657,1656,0.0016628826713768288,-0.4389311974933836
TAG,114,0.00011643726482736644,803,0.0008063374306253584,-2.7918308390522633
TAT,1066,0.001088790564087479,980,0.0009840730784717948,0.14588910805691313
TCG,187,0.00019099796949752213,320,0.00032132998480711663,-0.7504983106994167
TCT,638,0.0006516401312268403,563,0.0005653399420200209,0.20495682598494724
TGG,1159,0.0011837788590782254,1236,0.0012411370663174882,-0.06826285259759501
TGT,869,0.0008875787994296617,1634,0.0016407912349213395,-0.886444577030975
TTG,1020,0.0010418071063501208,1285,0.0012903407202410778,-0.30866388292207425
TTT,672,0.0006863670347718443,854,0.0008575493969539926,-0.32123951254142113
