site_2,count_x,proportion_x,count_y,proportion_y,ratio
AAG,275,0.00028111049891491345,364,0.00036577914978455205,-0.3798355041434345
AAT,889,0.0009087535764922112,436,0.00043813106952215574,1.0525266116960843
ACG,409,0.0004180879783861804,456,0.00045822882500482344,-0.13226165357975184
ACT,242,0.0002473772390451239,321,0.00032256897549681654,-0.38289492220446775
AGG,674,0.0006889762773405516,961,0.0009656971509421828,-0.4871165119486509
AGT,223,0.00022795505912009346,624,0.0006270499710592321,-1.4598309912987038
ATG,913,0.0009332868563975128,663,0.0006662405942504341,0.48627731751487424
CAG,811,0.0008290204167999812,734,0.0007375876262139045,0.1685931790173001
CAT,322,0.0003291548387294623,789,0.0007928564537912406,-1.268293284255602
CCA,978263,1.0,995136,1.0,0.0
CCG,1744,0.0017827516731185786,1537,0.0015445125088430125,0.20695420272939558
CCT,1323,0.0013523970547797473,1497,0.001504316997877677,-0.15358983213649857
CGG,1700,0.0017377739932921924,867,0.0008712377001736446,0.9961021754464703
CGT,154,0.00015742187939235154,480,0.0004823461315840247,-1.6154327272703757
CTG,930,0.0009506645963304346,1151,0.001156625828027526,-0.2829138844935972
CTT,297,0.00030359933882810657,721,0.0007245240851501704,-1.2548650007968156
GAG,262,0.00026782163896620846,995,0.000999863335262718,-1.900458386250321
GAT,1253,0.0012808416550559511,1215,0.0012209386455720626,0.06910142847195822
GCG,149,0.00015231077941208038,547,0.0005496736124509615,-1.8515571746871533
GCT,713,0.0007288428571866665,550,0.0005526882757733617,0.3991417856751056
GGG,764,0.0007809760769854323,704,0.0007074409929899029,0.14266853704169158
GGT,718,0.0007339539571669377,539,0.0005416345102578944,0.43836989871378584
GTG,1390,0.0014208857945153808,835,0.0008390812914013763,0.7599081078926968
GTT,770,0.0007871093969617578,767,0.0007707489227603061,0.030303195722570564
TAG,370,0.0003782213985400654,1409,0.001415886873753939,-1.904403108150083
TAT,1044,0.001067197675880617,750,0.0007536658306000386,0.501830538829882
TCG,672,0.0006869318373484431,508,0.0005104829892597594,0.42830406364983453
TCT,315,0.0003219992987570827,272,0.00027332947456428067,0.2364165047801805
TGG,908,0.0009281757564172416,1580,0.001587722683130748,-0.7744890281303096
TGT,531,0.0005427988179047966,669,0.0006722699208952344,-0.3086230221940678
TTG,633,0.0006470652575023281,1095,0.0011003521126760564,-0.7659821374169535
TTT,581,0.0005939098177075081,841,0.0008451106180461766,-0.5088963092073744
