site_2,count_x,proportion_x,count_y,proportion_y,ratio
CCA,559489,1.0,392243,1.0,0.0
CCT,174,0.00031099807145448794,115,0.00029318560178256844,0.08509137893091356
