site_2,count_x,proportion_x,count_y,proportion_y,ratio
AAG,4181,0.008084741862565189,3371,0.009434675160020039,-0.22277113538569004
AAT,2525,0.004882557570671396,1533,0.004290524182827268,0.18648313942212447
ACG,1535,0.0029682082657348876,1281,0.003585232536335114,-0.27247437152972154
ACT,1694,0.0032756643662246905,1096,0.0030674589069658747,0.09474352492605576
AGG,3300,0.006381164349788358,4879,0.013655229933473085,-1.097562010238467
AGT,2487,0.004809077496340499,1433,0.004010646545330381,0.2619253465091438
ATG,4010,0.007754081528076156,1721,0.0048166941413214145,0.6869125878564617
ATT,2275,0.004399136029020762,1477,0.004133792705829011,0.08975416776301426
CAG,1916,0.0037049426952104527,1284,0.0035936288654600207,0.044009807168260195
CAT,2465,0.004766536400675243,2500,0.006996940937422159,-0.5537829997297932
CCG,1198,0.002316556027589834,1068,0.002989093168466746,-0.3677262903443861
CCT,1506,0.0029121313669034144,1029,0.0028799408898429607,0.016036236332341858
CGG,4207,0.008135017702896855,4191,0.011729671787494508,-0.527945254807447
CGT,3953,0.0076438614165798115,3309,0.00926115102477197,-0.27688988793854197
CTG,1323,0.002558266798415151,590,0.0016512780612316295,0.6315836505838561
CTT,1724,0.0033336749512227664,646,0.001808009538229886,0.8827111529495557
GAG,3275,0.006332822195623295,1619,0.00453121895107459,0.4829493695639915
GAT,4260,0.008237503069726789,3189,0.008925297859775706,-0.11569321858467774
GCG,2334,0.004513223512850311,1662,0.004651566335198251,-0.043558372508613274
GCT,517147,1.0,357299,1.0,0.0
GGG,4195,0.008111813468897625,3689,0.010324686047260138,-0.34800152981325017
GGT,4707,0.009101860786198122,4207,0.011774452209494008,-0.3714265165251529
GTG,1951,0.0037726217110415415,1164,0.0032577757004637574,0.2116801682551248
GTT,2378,0.004598305704180823,1188,0.00332494633346301,0.46777132749927297
TAG,3368,0.00651265500911733,4518,0.012644871662109326,-0.9572346837723051
TAT,3366,0.006508787636784125,2541,0.007111690768795882,-0.127803750169023
TCG,1793,0.0034670992967183413,1183,0.0033109524515881656,0.06648286308296925
TCT,2137,0.004132287338029612,1776,0.004970626841944702,-0.2664872251359123
TGG,4309,0.008332253691890314,4751,0.013296986557477072,-0.674320659746078
TGT,2201,0.004256043252692175,1119,0.0031318307635901585,0.4425065574695459
TTG,2394,0.004629244682846464,1068,0.002989093168466746,0.6310689538103311
TTT,4410,0.008527555994717169,3070,0.008592243471154412,-0.010902551258276993
