site_2,count_x,proportion_x,count_y,proportion_y,ratio
AAG,1252,0.00079381534155934,1542,0.0015357112623805517,-0.952031642672905
AAT,391,0.000247908784784107,153,0.0001523760201972921,0.7021735149242119
ACT,201,0.0001274416003621624,45,4.481647652861532e-05,1.5077351551587643
AGG,1287,0.0008160066650054876,1188,0.0011831549803554445,-0.5359862222705534
AGT,4570,0.00289755280425414,4234,0.004216732480492384,-0.5412905437526465
ATG,892,0.0005655617289703923,2778,0.0027666704843665193,-2.290394423751577
CAG,211,0.00013378197848963318,449,0.0004471688435855173,-1.7409358857244506
CAT,276,0.00017499443631819315,425,0.0004232667227702558,-1.2742580139373825
CCG,354,0.00022444938571246513,409,0.0004073319755600815,-0.8598149225492389
CGG,1558,0.0009878309122599454,1651,0.0016442667277498644,-0.7351083265420773
CGT,3223,0.0020435038704838277,4264,0.00424661013151146,-1.0552666893901197
CTG,377,0.00023903225540564788,601,0.0005985489420821735,-1.324263907133009
CTT,237,0.00015026696162105714,191,0.00019022104482145614,-0.34014901882797766
GAG,3728,0.0023636929659211015,4141,0.004124111762333246,-0.8030407824060877
GAT,2531,0.001604749704062851,2192,0.002183060367793884,-0.4440037305403308
GCG,2334,0.0014798442549516769,1796,0.0017886753743420693,-0.27344622872428737
GCT,2146,0.0013606451461552263,1369,0.0013634168081705417,-0.002935810191866395
GGG,5786,0.0036685427845545853,3721,0.0037058246480661692,-0.014587506886661217
GGT,1577193,1.0,1004095,1.0,0.0
GTG,4015,0.0025456618181795127,4962,0.004941763478555316,-0.9569851871782422
GTT,2037,0.001291535024565795,2485,0.0024748654260802016,-0.9382633111742482
TAG,1193,0.0007564071106072623,2447,0.0024370204014560375,-1.687883498074651
TAT,438,0.00027770856198321955,440,0.00043820554827979423,-0.6580360936139744
TCG,813,0.0005154727417633733,928,0.0009242153381901115,-0.8423328927430322
TGG,1313,0.0008324916481369116,3616,0.0036012528694994,-2.1129912012127896
TGT,3257,0.0020650611561172285,4572,0.004553354015307317,-1.1407451235090633
TTG,199,0.00012617352473666825,1018,0.0010138482912473421,-3.006360665222534
TTT,1057,0.00067017796807366,1223,0.001218012239877701,-0.8619124668351912
