site_2,count_x,proportion_x,count_y,proportion_y,ratio
AAG,3314,0.006202833013895544,5330,0.007979018026892135,-0.36328391900901824
AAT,2664,0.004986224245328222,2851,0.004267951293559002,0.22440405454937729
ACG,1812,0.0033915309056061333,1750,0.0026197526354711513,0.37250604474261273
ACT,2015,0.003771487182558697,2014,0.003014961033050799,0.3229941668246141
AGG,4696,0.008789530426449449,7687,0.01150745057649528,-0.38871024859976977
AGT,2116,0.00396052946813608,2912,0.004359268385423996,-0.1383927166686032
ATG,3335,0.006242138835649258,3588,0.005371241403468852,0.2167848825687546
ATT,2283,0.004273104336367992,2418,0.0036197496414681393,0.239394626391646
CAG,1834,0.0034327084331576426,2522,0.003775437798090425,-0.13729662531709685
CAT,3261,0.006103632606612362,3442,0.005152679183595259,0.24434535512432998
CCG,1227,0.002296583013895544,2162,0.0032365172559363593,-0.4949532626556774
CCT,2030,0.003799562769525635,1875,0.0028068778237190905,0.43686714321800224
CGG,3207,0.006002560493531385,7117,0.010654159718084677,-0.8277668707720895
CGT,3272,0.006124221370388117,6001,0.008983506037407074,-0.5527521701637035
CTG,996,0.0018642189746046957,1162,0.0017395157499528445,0.09988559007961939
CTT,1481,0.002771996286535697,1161,0.001738018748446861,0.6734816798393499
GAG,4382,0.008201814805941543,3176,0.004754476783003643,0.7866565832633334
GAT,5519,0.010329944298035458,5174,0.007745485791958707,0.4154048429230235
GCG,3447,0.006451769885002396,2587,0.0038727428959793534,0.7363392560985966
GCT,534272,1.0,668002,1.0,0.0
GGG,3900,0.0072996526114039294,6758,0.010116736177436594,-0.4708442151107599
GGT,3998,0.007483079779587926,6420,0.009610749668414166,-0.3610168138489698
GTG,2408,0.004507067561092477,1980,0.00296406298184736,0.6046129732087984
GTT,2568,0.004806540488739818,2321,0.0034745404953877386,0.4681766911938894
TAG,4126,0.007722658121705798,8574,0.012835290912302658,-0.7329465845144201
TAT,3187,0.005965126377575467,4671,0.0069924940344489985,-0.22925441460627205
TCG,1398,0.002616644705318639,2391,0.0035793306008065845,-0.45197175792012345
TCT,1923,0.003599290249161476,3150,0.004715554743848072,-0.3897150545186765
TGG,4797,0.008978572712026832,8320,0.012455052529782846,-0.47217307741089787
TGT,3085,0.005774212386200288,2177,0.003258972278526112,0.8252070932646411
TTG,1806,0.003380300670819358,1755,0.0026272376430010688,0.36360487370500394
TTT,5432,0.010167105893627217,5834,0.008733506785907827,0.21927610476262238
