Translation,mean,std_err_of_mean,len
TFK,-0.13098482744340512,,1
TIK,-0.3314743410745303,1.249048576640418,5
TNK,0.0013475918544969545,,1
TSK,-0.16870609753950472,,1
TTK,0.33162767265799875,,1
TVK,0.040362762860112866,,1
