,Translation,mean,std,len
0,G*D,-4.575081779393574,1.1697708953830117,4
1,GAD,-2.8174995349864886,1.1934620424564293,8
2,GCD,-1.6365041148278952,1.3818284379098096,4
3,GDD,-1.732987391941606,0.8364665933159444,4
4,GED,-1.6180881970008816,1.0606210138775587,4
5,GFD,-3.7815965702199317,1.2128642293037606,4
6,GGD,-3.315106103385805,1.273421368238081,8
7,GHD,-3.9941493380865585,0.6821675170793242,4
8,GID,-3.57586101605743,1.294885426978039,4
9,GKD,-2.6663156053128336,1.0020451518209532,4
10,GLD,-3.1059734828146364,1.3074684355733548,11
11,GMD,-3.7304904179302905,0.960295704299808,3
12,GND,-3.2562580323381667,0.38661604157168783,3
13,GPD,-2.7973716157865627,1.467552058304236,5
14,GQD,-3.528286173944453,0.14445594525810415,4
15,GRD,-3.124080309122677,1.3324390730612532,12
16,GSD,-0.5304459393430484,1.2643056070763945,9
17,GTD,0.3686754857332569,1.4898834697001317,8
18,GVD,-2.5302529514075043,1.6590688579944,7
19,GWD,-3.2507607573186625,1.0465381788895232,3
20,GYD,-4.395849187671352,1.5518116428747832,4
