Translation,mean,std_err_of_mean,len
V*V,-3.3660938360100223,0.7581386170964078,4
VAV,-2.8594517623859375,0.5666558140383331,8
VCV,-3.1505409482923783,0.27610925616145454,4
VDV,-3.742051516366593,0.5230310472399705,4
VEV,-3.368818248933268,0.6498252454436182,4
VFV,-3.4652603207585546,0.37651577961902616,4
VGV,-0.8260286691896486,0.3403439667349827,8
VHV,-3.5911552388104586,0.3690426199130771,4
VIV,-2.5744404742970275,0.7849530656300927,4
VKV,-2.8143826699150516,0.29925283476025755,4
VLV,-3.3058481981529177,0.5891664950691631,12
VMV,-3.437929035140133,0.35285842301447773,4
VNV,-0.575135606274961,0.5573490398705151,9
VPV,-3.410246619083282,0.782961753793975,8
VQV,-4.042922683070763,1.0129635628689855,4
VRV,-3.439065113354481,0.5913369633052494,12
VSV,-3.353887496571291,0.6210800915141003,12
VTV,-3.2173808001904325,0.8591696778106588,8
VVV,-3.3544949083607216,1.1448642139175949,8
VWV,-3.169878632436741,0.4698524409568347,4
VYV,-3.1781347657452153,0.8004750757232223,4
