,Translation,mean,std,len
0,I*V,0.25910588683798186,0.3620044513501695,4
1,IAV,0.08178911482133168,0.2390647184947368,9
2,ICV,-0.0045768010825726355,0.5030460162693677,4
3,IDV,0.19007637608585812,0.425022979017947,4
4,IEV,0.23227501952136495,0.18282800781338465,4
5,IFV,0.04721935464866212,0.6471697044986591,4
6,IGV,0.0027061512321596704,0.3323174020613993,8
7,IHV,0.2338839029661899,0.42182000894308,4
8,IIV,0.2621792034766006,0.3980859745429127,4
9,IKV,-0.2531061885748751,0.4149158210453781,4
10,ILV,-0.07632669201075487,0.32480889883506897,12
11,IMV,0.06762491402947246,0.3230652967485739,4
12,INV,0.09226275364233903,0.6099422801354806,4
13,IPV,0.1512171218368339,0.6128301109822121,8
14,IQV,-0.3735342629846576,0.7871061676755327,4
15,IRV,0.006936808933136382,0.4551524903343754,12
16,ISV,-0.15682910939824735,0.44328673659223067,12
17,ITV,0.15780430023912462,0.5342519012188717,8
18,IVV,-0.00031924191288978937,0.3128626605529182,8
19,IWV,0.04403534901504691,0.17902855238780474,4
20,IYV,0.08336846117368224,0.4942655525799571,4
