Translation,mean,std_err_of_mean,len
L*P,-0.05536078815199397,0.6895558421843564,4
LAP,-0.32581605624634746,0.6704420063059277,9
LCP,0.11424211357785019,0.24777690676502515,4
LDP,0.17934276918019076,0.43305229966937825,4
LEP,0.2953112039369403,0.4597854671788182,4
LFP,0.21026744541320874,0.3133380516023455,4
LGP,0.1475525816006186,0.4126270714350227,14
LHP,-0.018506361836146068,0.18333576264921764,4
LIP,0.04529422615865686,0.5587824609424829,4
LKP,-0.2683792785202408,0.6147203548627835,4
LLP,-0.09615612533895217,0.8259697857227981,12
LMP,-0.46493286213491203,0.7747047371632452,4
LNP,-0.4318108653402588,0.6111018282708376,4
LPP,0.26590839971119284,0.9415765628412026,8
LQP,-0.3046845458342271,0.6542633703320039,4
LRP,0.00461858561778176,0.5533240528146925,12
LSP,0.26316191045575765,1.0553404725562494,12
LTP,0.36846596624152084,1.322136526001365,8
LVP,-0.264034848776202,0.4784500152532879,8
LWP,0.3331009172674013,0.21458086626371697,4
LYP,-0.6038545653273022,0.7444491828130325,4
