,Translation,mean,std,len
0,H*D,-0.3850236114999448,0.5580486810765756,4
1,HAD,0.05847683076667488,0.4016591337107638,8
2,HCD,-0.0942831512820692,0.09809061695031064,4
3,HDD,0.12176635983099147,0.4977431126489218,4
4,HED,0.07364954226045706,0.3899414167022023,4
5,HFD,-0.02985916401473654,0.332768654804938,4
6,HGD,-0.0995233945426901,0.20044285925805397,8
7,HHD,-0.5885150389389089,0.5241631676254939,4
8,HID,0.2317896518558411,0.16116623127007265,4
9,HKD,-0.4945673208557389,0.5136519389524794,4
10,HLD,-0.2754500329803991,0.5915273985817294,12
11,HMD,0.07549701787504404,0.37278390881362217,4
12,HND,-0.15706503250946113,0.4461281535223816,4
13,HPD,0.1391234155712383,0.4605364353717842,8
14,HQD,-0.05091524784398227,0.7550895619915285,4
15,HRD,-0.2763737221154023,0.406707079291129,12
16,HSD,-0.016197124087249232,0.5605158946577143,12
17,HTD,-0.314284381891082,0.4604832035966708,8
18,HVD,0.04266474462283743,0.1385759950728163,8
19,HWD,-0.2293136362691435,0.3113775979198544,4
20,HYD,-0.1890465975074811,0.36226020537691705,4
