Translation,mean,std_err_of_mean,len
F*L,-3.3413706347231247,0.43956572598393023,3
FAL,0.6824845297439502,1.6309096545056043,5
FCL,-0.45718228372215314,0.6847781383762713,3
FDL,-1.054445799914787,1.2408490145325701,4
FEL,0.2872630672120054,0.8080410430129912,3
FFL,-2.107392799603111,0.28844253914687534,3
FGL,-0.5281878254259887,0.4201085854920379,8
FHL,-1.2921880156849639,1.8815018325626984,4
FIL,-1.426643926826527,1.8987463698478944,3
FKL,-0.45185892619115187,1.2383312263289201,4
FLL,-0.7192053576516707,0.9060148416265634,11
FML,-0.6120728388542114,0.20213727508001192,2
FNL,-0.5753421472290631,0.612206894362907,3
FPL,-2.509378586789332,0.9934546150098276,8
FQL,0.801006473786158,0.31495938346836055,2
FRL,-0.01689074674344856,1.4101135018595798,11
FSL,0.02459511041865535,1.386071547392145,9
FTL,1.0158450764771931,1.225116732232336,4
FVL,-0.4111682522240967,1.4733284983536492,8
FWL,-1.7438985753316032,0.48423510443538337,4
FYL,-0.6029972200093354,1.5502992867409058,4
