,Translation,mean,std,len
0,L*Q,-0.0068211802750066655,0.1512167102379849,4
1,LAQ,0.008825641617109747,0.44706836158426827,8
2,LCQ,-0.02523970561883404,0.5018188008738468,4
3,LDQ,6.440592997458694e-05,0.345025449829086,4
4,LEQ,-0.05750245631689688,0.20172116663142806,4
5,LFQ,-0.2964852774205564,0.8294200540197475,4
6,LGQ,0.08279508041995742,0.2167010200072172,8
7,LHQ,0.03911048214975876,0.27097087574547163,4
8,LIQ,0.13951938671174813,0.1627459771774155,4
9,LKQ,0.2767397963142668,0.6145991591856387,4
10,LLQ,0.12392035582378275,0.5272297211607834,12
11,LMQ,0.20266162796426235,0.4660220912149454,4
12,LNQ,0.10211770691269728,0.5254870586515503,4
13,LPQ,-0.17452126699074866,0.37859693601234257,8
14,LQQ,0.2583891413048718,0.42496560419013457,4
15,LRQ,-0.02407269577123805,0.22560577090831666,12
16,LSQ,0.09698809591320404,0.5437569682558855,12
17,LTQ,-0.005909712776061146,0.5055539202384814,11
18,LVQ,-0.20665966584855036,0.3382263002926016,8
19,LWQ,0.15670182338092475,0.21029276125935573,4
20,LYQ,0.07509185712316557,0.5679171335264868,4
