Translation,mean,std_err_of_mean,len
A*K,-3.831257536937586,0.5478375641086225,4
AAK,0.01205154412235565,0.587138588135694,8
ACK,-0.42651982062685256,0.9373412460676757,4
ADK,0.7471160552841971,0.8074210540987571,4
AEK,0.20403691160709525,0.2867648038498571,4
AFK,-0.05549695868227289,0.1262725803178947,4
AGK,0.06695238649577073,0.45132175783762424,8
AHK,0.7023321838521754,1.5787406755905222,4
AIK,-0.5481996150255617,0.6180927296575157,4
AKK,-0.27773595755435476,0.7704398987574825,4
ALK,-0.03459292514699134,0.8905018486068298,12
AMK,-0.6479817528063523,0.4649694049656967,5
ANK,0.34615751580898174,0.33148998041391525,3
APK,0.3238902831907926,1.256900327948172,8
AQK,-0.058081151594560065,0.17648870557035093,4
ARK,0.2563683620488399,0.5729776611612784,12
ASK,-0.17447570742023477,0.8933382655994931,12
ATK,-0.03306864830523337,1.0653996072181078,8
AVK,-0.3113546359005236,0.41945781807963817,8
AWK,0.24055103407991707,0.3137394905215649,4
AYK,-0.2525850106549852,1.2371475678555024,4
