,Translation,mean,std,len
0,RHT,-0.026718621117911567,,1
1,RQT,0.14486067970899308,0.20486393789904306,2
