,Translation,mean,std,len
0,M*F,-2.7996255967726706,0.04582901736993418,2
1,MAF,-0.5174000912067648,0.3474840713999847,5
2,MCF,-0.2236817173181884,0.1308022795483817,2
3,MDF,-2.520295608900464,0.3462683113712538,2
4,MEF,-3.1803934919528456,0.4831728564023496,2
5,MFF,-2.7493763040901107,0.06202499952530467,2
6,MGF,-2.7455435283527465,0.15750335824694586,4
7,MHF,-3.0400319637997457,0.6957373945579789,2
8,MIF,-2.5377131539128643,0.18766282258378367,2
9,MKF,-2.689772679243989,0.2873286183212336,2
10,MLF,-2.5978178100861338,0.3713332627040198,6
11,MMF,-2.5959917667594605,0.15024064275674973,2
12,MNF,-2.6137966857395534,0.06776833732789055,2
13,MPF,-2.8382295691138992,0.4359809555339009,4
14,MQF,-3.058032522251394,0.11345249234806913,2
15,MRF,-2.702085542047445,0.3535618242567539,6
16,MSF,-0.4552501991806721,0.3662942062261533,6
17,MTF,-1.7359790487521174,0.3713485417980873,4
18,MVF,-1.2734063477929434,0.664318883895928,4
19,MWF,-3.1087336356872477,0.12941756450951836,2
20,MYF,-2.8558894858081403,0.599201523307848,2
