,Translation,mean,std,len
0,N*F,-4.983591918329202,0.3886072984991142,4
1,NAF,-0.4104450072347545,0.6220905646660716,8
2,NCF,-0.8644574864007426,0.9403603055525956,4
3,NDF,-0.4464462754416212,0.6450185496602384,4
4,NEF,-0.1643242252423971,0.7604322466348851,4
5,NFF,-0.5925828792239425,0.9034335098433588,4
6,NGF,-0.5328736722421958,0.7892199592894169,8
7,NHF,-0.332301410085174,0.9149506055070578,4
8,NIF,0.2901645688421948,1.2527857744901951,4
9,NKF,-0.7122281337301579,0.8517491459569198,4
10,NLF,0.404544441305489,1.2603959683019943,12
11,NMF,-0.024792458630681358,1.140506148564297,4
12,NNF,-0.0022383336491701065,0.7630046758031386,3
13,NPF,-0.18364002130896492,1.2865877762477194,8
14,NQF,0.07095329209949798,1.2992046620619742,4
15,NRF,0.1211578189687022,1.4843002443579965,13
16,NSF,-0.5010183598857086,0.9568852482192102,12
17,NTF,-0.7430330450992444,1.2499729374102313,8
18,NVF,-0.8036226219859048,0.8992598558253463,8
19,NWF,0.6354081094433455,1.0633400831216466,4
20,NYF,0.05361072525469512,0.8713230558029745,4
