,Translation,mean,std,len
0,V*D,-0.13085218515514785,0.34637502302363776,4
1,VAD,0.10114799521755656,0.2314061994855892,8
2,VCD,-0.12489733683313275,0.2900577609778992,4
3,VDD,-0.008665836155465678,0.24207172055886686,4
4,VED,0.3205233866957855,0.400598726509447,4
5,VFD,-0.12258443431776155,0.10899352546405956,4
6,VGD,-0.1125765345493217,0.050570430304376864,8
7,VHD,0.20086589667868315,0.3960378494570638,4
8,VID,-0.16019164625657822,0.12777217415921102,4
9,VKD,-0.20382139888975612,0.4732026821004027,4
10,VLD,-0.09853700113648446,0.3426836760902067,13
11,VMD,0.30534825270262034,0.5281116789404232,4
12,VND,-0.34346893092327346,0.6200528861326973,4
13,VPD,0.10019038761715936,0.6091553889999466,8
14,VQD,-0.0005438524676548706,0.3217529760345294,4
15,VRD,0.04365311029183702,0.2813182131215603,12
16,VSD,0.04802404567253804,0.30423118602022875,12
17,VTD,0.22121592783843516,0.5446895894220293,8
18,VVD,0.10086054841935088,0.3239847539399632,8
19,VWD,0.11489273789341525,0.07275955715372888,4
20,VYD,-0.11800833802986445,0.3723847792438991,4
