,Translation,mean,std,len
0,N*L,-3.1147069056379726,0.9846699633600888,4
1,NAL,-0.2747285504629201,0.8130916760316197,8
2,NCL,1.3552541138569445,0.7003667910632524,4
3,NDL,-2.8455634092107998,1.2716750696455663,5
4,NEL,-3.3458750403307684,0.3515412911714089,4
5,NFL,-3.250492264078594,1.0771142263139746,5
6,NGL,-1.920630921160428,0.7318017849004489,9
7,NHL,-2.2831473855087743,0.9635533305839592,5
8,NIL,1.3871020405776802,1.9269548563979773,5
9,NKL,-3.7070840939115066,0.8627818602940537,4
10,NLL,-0.7498406872250288,0.8526662954749853,11
11,NML,-2.3055551427248924,0.7825947741365831,4
12,NNL,-1.7855262493885062,0.6781483477912209,4
13,NPL,-3.103991359882492,0.707831312781176,8
14,NQL,-1.893304070212136,1.0653243656702054,4
15,NRL,-3.231337556706412,0.6888599725225698,12
16,NSL,-0.769348265693433,1.0408222846779176,11
17,NTL,0.5275872162988916,1.8969063127475867,7
18,NVL,-0.4951761009319177,0.6419156729062142,13
19,NWL,-3.3934898153822592,0.8930920646146474,4
20,NYL,-2.906230008721576,0.7990870387132761,3
