,Translation,mean,std,len
0,H*G,-2.483452966401142,2.3130210986189894,3
1,HAG,-0.42317147126211896,0.7301552919462969,9
2,HCG,1.8350556243222496,0.4918437896535966,3
3,HDG,-3.0043619560583057,1.4941398286844472,4
4,HEG,-4.273702851226267,1.6122131260449686,2
5,HFG,-4.046522171884123,1.6580867252706266,3
6,HGG,-1.0640949399727109,0.7769884617229331,7
7,HHG,-2.5039176105239638,0.8744140100065086,3
8,HIG,-3.21293864580328,1.6208719386449142,3
9,HKG,-4.437358847311969,0.8297696500238272,3
10,HLG,-3.580510211465452,1.1899979699675036,10
11,HMG,-2.2889652341515854,1.0410976444849962,3
12,HNG,-2.645649154868825,2.307534904751154,2
13,HPG,-3.6232447865555097,0.9517701643103006,8
14,HQG,-3.8435521711226786,1.1521041154943916,4
15,HRG,-3.6505422540107446,0.6946075204857363,11
16,HSG,1.2604285421431711,1.536048792460362,8
17,HTG,0.3847174407899624,2.1986797682346446,5
18,HVG,-0.9081222759843474,0.9872586015656016,8
19,HWG,-5.4094393333768025,1.4315752624157954,4
20,HYG,-4.030241423411239,1.3424212571022451,4
