,Translation,mean,std,len
0,Q*A,-3.741686115631056,0.4812363599219409,4
1,QAA,1.4795829757455887,2.579970690665516,6
2,QCA,0.2544539817658332,0.6334817943341206,3
3,QDA,-0.033283892877548286,1.5933637464706594,4
4,QEA,-0.312661513043533,1.2162117035096696,3
5,QFA,-0.2489437630095024,1.4116221643274771,3
6,QGA,-1.8527176820390772,0.5812712565189718,8
7,QHA,-0.5025578264042792,0.553417678380447,2
8,QIA,0.36214024906042097,1.8533500709114572,3
9,QKA,-0.8708537401174699,1.195908647313419,4
10,QLA,-0.6144670634550448,1.278992524946702,12
11,QMA,-0.5489438586970696,0.5038011304066261,4
12,QNA,-0.8072461203609457,1.3614424095124251,3
13,QPA,-3.2904863276381517,1.5399974147106699,7
14,QQA,0.9600801111310188,2.0717635100189407,4
15,QRA,-1.124230360409084,1.082930606300996,12
16,QSA,2.4492666719383283,2.6645958148534667,8
17,QTA,-0.2618595286712089,0.4643473215321182,8
18,QVA,-0.1869772175447624,1.73130033571362,7
19,QWA,-1.2235866230457637,0.8136547536673019,3
20,QYA,-0.3942625207224839,1.5982423052318442,3
