,Translation,mean,std,len
0,R*F,-5.179861487428379,0.9783760410427288,2
1,RAF,-0.4725423480491546,0.7395865074553244,4
2,RCF,0.3608993040699091,2.571040426475506,2
3,RDF,-0.3762360276180221,1.787566664953661,2
4,REF,-0.8065152977237529,0.4166494644680567,2
5,RFF,-0.9880917646876766,0.862635369264318,2
6,RGF,-0.361255713631925,0.7122017856234363,4
7,RHF,-0.2254238828052317,0.8282447900672864,2
8,RIF,-1.017275949585816,0.2632677718254073,2
9,RKF,-0.5348160587047168,0.07491943629622125,2
10,RLF,-1.5401092309514894,0.7567270992179048,6
11,RMF,-1.1447068638763749,1.19812013680271,2
12,RNF,1.7807893656479388,,1
13,RPF,-2.813888326439056,0.7657597810692338,4
14,RQF,-0.7588883522071059,,1
15,RRF,-0.6340509683705275,0.7142444850157487,6
16,RSF,-1.1891618967365385,1.8324663043692389,6
17,RTF,0.2825183985153969,0.5321962422277079,3
18,RVF,-1.4225705784684874,0.51960440907904,4
19,RWF,-0.6651896138136051,0.4832027929406904,5
20,RYF,-0.4313509669198332,,1
