Translation,mean,std_err_of_mean,len
VAM,0.061611089634891945,0.4072252982047114,5
VDM,-1.1321893829920837,,1
VSM,-0.8260142040667962,,1
VTM,-0.33205062021708365,,1
VVM,0.3316607919895711,,1
