Translation,mean,std_err_of_mean,len
T*L,-5.488167057373188,0.29538977378930176,4
TAL,-0.25039723751247533,0.3869233797458857,8
TCL,-0.0948804531099896,1.964354077798745,4
TDL,1.6933304913254816,1.1791252866585904,4
TEL,0.5636993424335668,1.1455470332068958,4
TFL,-1.4316274994456606,1.8362643292829521,4
TGL,-0.5635587443045917,0.8259794422617633,8
THL,-0.16544184969499476,1.205180469141474,3
TIL,-1.2330468372128136,0.5562261142726691,4
TKL,-0.7619425196546381,0.4392566836295339,4
TLL,-0.9248177358160916,0.9797482801407384,12
TML,-0.6993799113563788,1.3573670564375124,4
TNL,-0.1522703772314815,0.8576902356476787,4
TPL,-1.1481993853115011,0.7529564182365676,6
TQL,-0.7112191364986808,0.2883383647820311,4
TRL,-0.35542457668603905,1.0322686560641294,12
TSL,0.039780568168515495,1.48347433322757,12
TTL,-0.6257605217119261,1.4849145902768395,15
TVL,-0.4057779617010996,1.2416646376451657,8
TWL,-2.0317551524734094,0.4952479196126099,4
TYL,-0.5353275587930149,0.9010176815885912,4
