Translation,mean,std_err_of_mean,len
H*E,-4.575621686815949,0.7203154192521043,3
HAE,-1.4785311130279513,1.6340381794196526,5
HCE,-1.5720236344950629,1.4206449873433558,4
HDE,-3.277240076434391,0.5221008243150089,4
HEE,-2.8104960656679774,0.5035245390362223,4
HFE,-4.164503465530974,1.4133512083626008,4
HGE,-3.9891705362147993,0.8413538443276912,8
HHE,-2.8079785179858563,1.3853197505662156,4
HIE,-1.318558953289712,0.28034021152154365,3
HKE,-2.9829633296069757,1.0458915708575556,3
HLE,-0.14331632195283203,1.148059250453763,10
HME,-0.7617019279285465,0.850164876376446,3
HNE,-3.5702558694025748,1.219480924598712,4
HPE,-2.699366797677281,1.4492423125877485,7
HQE,-3.522093032166508,1.5495729625270376,4
HRE,-3.3790363757182287,0.8672666994040948,12
HSE,-3.114591312522964,0.9366264657048019,10
HTE,-3.1510348748580967,0.582841816600755,8
HVE,-1.0920518351551738,0.9526773958421626,7
HWE,-4.567021946185733,1.3734119716159365,4
HYE,-2.3701850788672645,0.5984320145147322,3
