,Translation,mean,std,len
0,A*T,-3.3168734115577423,0.8211212159121799,4
1,AAT,-0.2322451359353368,1.0235091548815567,8
2,ACT,-0.6856287883371301,0.6078519832121472,3
3,ADT,0.024989665645082315,1.4114999332344302,4
4,AET,0.1231405545111898,1.08745985373448,3
5,AFT,-2.2589321315341198,1.1570963954839528,4
6,AGT,-0.6683767413300072,0.4678518746653557,8
7,AHT,0.332197409965163,2.549275060252588,2
8,AIT,-1.1354026898864864,1.535317741111101,3
9,AKT,0.6522525237785022,1.949856121407219,2
10,ALT,0.05977019632171372,1.7802364781767854,11
11,AMT,0.14718976996693467,2.0551731379256517,3
12,ANT,0.6074670136213247,1.2958004185137764,4
13,APT,-0.9748163146144548,0.8521761657431655,6
14,AQT,0.682290988664537,,1
15,ART,-0.022321455446028704,0.9581170091430848,12
16,AST,0.49148208943790006,2.329850520113731,11
17,ATT,-0.5403845714595821,0.8534862806880649,5
18,AVT,-0.3982670312964571,0.9243342867860872,8
19,AWT,-1.125220368926933,1.510918696336368,4
20,AYT,-0.2636215458341118,1.0796692332688282,3
