,Translation,mean,std,len
0,N*V,-3.8230972842004287,0.7987626010374386,4
1,NAV,1.6592281956391466,1.5306388275180725,3
2,NCV,-1.2140765272513958,0.6093284975489544,2
3,NDV,-0.16358417970311478,1.1391470166936983,2
4,NEV,0.907933294141026,0.5284539644635093,3
5,NFV,-0.4117893020981957,0.5265589516057286,3
6,NGV,0.5940545519735823,1.2284713185068443,8
7,NHV,1.2043004925262717,2.7130502454508694,4
8,NIV,-0.38067999883834536,1.0553734921453626,4
9,NKV,1.4032409568413655,0.0742496327413463,2
10,NLV,-0.16160182161786105,0.9273739141317546,10
11,NMV,-0.8221598438359017,0.6165421591324618,3
12,NNV,-0.0015781458783704256,0.4937590195028767,3
13,NPV,0.23123248420888665,1.0583847418878405,3
14,NQV,0.4912445763565134,0.5266474588861644,3
15,NRV,0.17370251181582871,1.0522537797441058,9
16,NSV,1.2264042873696526,0.8264761052610128,9
17,NTV,0.3825696060649702,1.036405570151148,3
18,NVV,0.7583261980773465,1.307990985056485,8
19,NWV,-0.4015505788360567,1.4990416335855214,2
20,NYV,1.7750741973795032,,1
