,Translation,mean,std,len
0,I*G,-0.284049583432312,0.22257391735969095,4
1,IAG,-0.22243005353213866,0.3740791751648968,8
2,ICG,-0.2490041200778155,0.4212978187803178,4
3,IDG,0.2831677639392982,0.7912612132288404,4
4,IEG,-0.08360748890555847,0.5054835680434927,4
5,IFG,0.08243920780112668,0.5190064199493685,4
6,IGG,-0.048143406351792484,0.31780707601937924,8
7,IHG,-0.3042043330612494,0.5056672738564459,4
8,IIG,0.07581908295170138,0.9556552208408159,4
9,IKG,0.10646825302085228,0.6668725711360122,4
10,ILG,0.07013467990645332,0.4372575703634237,15
11,IMG,-0.2851270884901265,0.7491735067025315,4
12,ING,-0.06743273230308723,0.16707239110006675,4
13,IPG,0.398570438196827,0.7869399456824895,8
14,IQG,0.2079556202093622,0.6732996579321673,4
15,IRG,-0.04478759073817806,0.5530168124816754,12
16,ISG,0.1694431593543244,0.4918614355530711,12
17,ITG,0.16419470661883262,0.5842465432649202,8
18,IVG,-0.09863084172145577,0.32095038452973085,8
19,IWG,-0.07743870588884949,0.3108084943816622,4
20,IYG,-0.15945745572219486,0.6057696405920314,4
