,Translation,mean,std,len
0,D*N,-4.5352253780655785,0.8329613615518118,4
1,DAN,-1.6269119073158298,0.9837354425593378,8
2,DCN,-1.4745984876972291,0.3173153142052707,4
3,DDN,-3.9454955228519464,0.7843590669683672,4
4,DEN,-3.453258153323913,0.4698356126405806,4
5,DFN,-0.10235180038331793,0.8022080602326195,4
6,DGN,-3.4162635322922807,0.5930276405900542,8
7,DHN,-2.4881032097682256,0.3638812925611244,4
8,DIN,-0.5543372843581242,1.8017747066096341,4
9,DKN,-3.4170592565968683,1.417241731637931,4
10,DLN,-0.1403725056953129,0.8651227844557943,8
11,DMN,-0.19485257123156408,1.0718188506054196,4
12,DNN,-3.6492206701269083,0.5069968014807471,4
13,DPN,-2.9672546299451663,0.4144773305147782,7
14,DQN,-3.145306921827906,0.7382924867262751,3
15,DRN,-3.617242801642645,0.7226698801412302,12
16,DSN,-3.913361161180806,0.8499484014479894,12
17,DTN,-0.2747675043527824,1.0026493699224073,6
18,DVN,-0.6594948479821194,1.2342208319903212,8
19,DWN,0.2354055613972348,0.8880611153957585,4
20,DYN,-0.9931397109631176,0.8858902291896179,4
