,Translation,mean,std,len
0,G*F,-3.52409191882908,0.5385092253015156,4
1,GAF,2.597890005212551,1.4680693327068943,7
2,GCF,1.0793881043678315,0.5222084611690446,4
3,GDF,2.23699000930512,0.5737777692595531,3
4,GEF,1.845364878922084,0.6056321271266812,4
5,GFF,2.4699287236876044,1.4261667602409882,4
6,GGF,1.9083118339811809,0.8840906213894354,8
7,GHF,3.2854961908383777,1.4637705820058033,3
8,GIF,2.8832895870300903,0.8186209648944325,4
9,GKF,1.9749590643839932,1.0445977954574088,4
10,GLF,2.4013993910765907,2.056379897943809,12
11,GMF,3.0312261889276546,0.6367018564478761,4
12,GNF,0.9160884195029552,0.7003647849054543,5
13,GPF,-2.100530736187161,1.0744071502080506,8
14,GQF,2.5388253979075133,1.6322845586818984,4
15,GRF,1.9774420466944704,0.9101651269036808,12
16,GSF,2.4907602927968173,2.4052624005975995,11
17,GTF,3.1378620819698737,1.7893838084593934,8
18,GVF,1.9293698982169412,0.9253516283366432,8
19,GWF,1.5104728492880484,0.41124395416941495,4
20,GYF,0.7862914182251206,0.6679431263833585,4
