,Translation,mean,std,len
0,T*L,-3.3623789656292087,1.6771683638780783,3
1,TAL,-1.921768021008972,1.064674904566322,7
2,TCL,-0.12248945481853407,0.4614909959508432,3
3,TDL,-0.2201592361674439,0.8919598129554506,6
4,TEL,-1.1497179537610798,0.903477317082176,4
5,TFL,-2.7701713977395395,1.3916787466607214,4
6,TGL,-0.415172939681419,1.2700637384633406,8
7,THL,-2.0990771703929143,0.5762146295892839,2
8,TIL,-3.1833047688492857,1.2422942135730166,4
9,TKL,-3.133053600342142,1.0772151077122405,4
10,TLL,-1.9074923257388985,1.417707691657676,11
11,TML,-1.5325661985672812,0.3902924425454808,2
12,TNL,-0.2940834950873672,,1
13,TPL,-1.7637672742013812,0.7867943401058717,5
14,TQL,-2.137965604653192,1.6035930813814816,4
15,TRL,-2.7083190932039347,1.4865688333622105,9
16,TSL,0.0247492976589381,1.35878881656598,9
17,TTL,0.34738920639468346,1.417131574280116,5
18,TVL,-2.6981349984943046,0.7591427006332385,8
19,TWL,-3.088705464575755,0.22382071313869772,4
20,TYL,-1.4593136854477786,0.4788185313857102,3
