,Translation,mean,std,len
0,A*A,-3.9283526277040814,0.5359571410394681,4
1,AAA,-2.825489944777805,0.6364221897250668,8
2,ACA,-2.3166268226756617,1.2858036116135878,4
3,ADA,-3.81349703804272,1.2210884833703233,4
4,AEA,-3.3394522604383443,0.4309289493665052,4
5,AFA,-2.3347104976979267,0.6125580813185011,4
6,AGA,-3.429887927249967,0.4721613147554649,8
7,AHA,-2.4858133076339186,1.282278858481298,5
8,AIA,-2.60756426818979,0.7212834330702859,3
9,AKA,-3.7106285038411677,1.2564160580400636,4
10,ALA,-2.287021564302356,0.6625153222417256,12
11,AMA,-1.5011684873831024,0.4960715421404838,4
12,ANA,-2.388646597636756,0.5215174467222542,4
13,APA,-3.2843181309539213,1.0637099429858996,8
14,AQA,0.27919206641041344,1.0911568278705301,5
15,ARA,-3.368064968112685,0.6908842137364998,12
16,ASA,-3.4178989289808914,0.6666178889812755,11
17,ATA,-3.247785282270151,0.7031842347147561,8
18,AVA,-2.5570584775304708,0.46105594509061104,8
19,AWA,-3.517637802293508,0.8456534488869528,4
20,AYA,-3.2214445363423283,0.8873551528445369,4
