,Translation,mean,std,len
0,T*I,-7.326536126683536,1.2927529493427978,4
1,TAI,0.7376985856018907,2.4007313757568998,7
2,TCI,-0.90407228399927,2.7557156593765435,3
3,TDI,0.8636280413844094,2.5980685438484707,4
4,TEI,3.029059481478125,2.5595779280872613,4
5,TFI,4.122407424502157,1.2560594101517597,2
6,TGI,0.5421046768144678,2.1244149469224016,8
7,THI,3.0584068208606063,1.5147897997278523,2
8,TII,1.7327050563054107,1.9917986394435223,2
9,TKI,1.1573400857513736,3.0838207248663974,3
10,TLI,0.9886798900348378,2.692199989671567,8
11,TMI,1.840597357616334,3.5331654416597997,2
12,TNI,1.9279603843448656,2.001756983657704,3
13,TPI,-2.747041487312924,0.7834797525977037,5
14,TQI,2.278512008354177,2.4630905704313064,3
15,TRI,-0.4347718357306201,2.8465732532455648,9
16,TSI,0.9208498126666764,2.5246302857391587,12
17,TTI,-0.4533719003154096,1.3625498929997566,8
18,TVI,-0.9406546674073508,2.3797876867758254,6
19,TWI,2.1167697321505337,2.5856591095471497,3
20,TYI,-0.5472605662102246,4.746285371446951,2
