,Translation,mean,std,len
0,T*T,-5.338964416027241,0.4684646390985518,4
1,TAT,-0.5709325772376327,0.3660006071270405,8
2,TCT,-0.5887617340814322,0.30209434670319274,4
3,TDT,0.18160207577821666,1.655560025814237,4
4,TET,-0.6379177674708918,0.29069476218491863,4
5,TFT,-0.2042088537346023,1.1746976527274011,4
6,TGT,-0.4586478463783129,0.5306409281492357,8
7,THT,-0.4162495700987163,0.9784411086513568,4
8,TIT,-0.4211898616605889,0.8642631851167566,4
9,TKT,-2.15779310231647,0.6097388869168544,4
10,TLT,-0.7300664320254059,0.9219279907720228,12
11,TMT,0.22215168068885796,0.672294798750472,4
12,TNT,-0.5398463691205005,1.0986245410896838,4
13,TPT,-0.8061126896200841,1.6239832667032028,8
14,TQT,-0.6720911729775805,0.5420913127572375,4
15,TRT,-2.02825062258557,0.5903859235726701,12
16,TST,-0.217018044932844,0.4632059057047188,12
17,TTT,0.2253802639925369,0.8687538284253642,11
18,TVT,-0.30638399961999,0.863676672432426,8
19,TWT,-0.7130360148581136,0.9784639756623034,4
20,TYT,-0.5569276692097496,0.4128640480191595,4
