,Translation,mean,std,len
0,N*M,-0.4565994845988617,0.6598689429287166,2
1,NAM,-0.1148933595290853,0.5259520473407819,4
2,NCM,0.09919865566949683,0.4696110640826661,2
3,NDM,0.4661528186728732,0.5614048794558124,2
4,NEM,0.019168762747539425,0.029746635221585938,2
5,NFM,-0.4713816688100185,0.2456811997888667,2
6,NGM,0.04016907697574856,0.10848044920404687,4
7,NHM,-1.031876788935392,1.2538127765874552,2
8,NIM,-0.2966745650897735,0.5471527019770038,2
9,NKM,0.3793938732811113,0.031578390179300926,2
10,NLM,0.11033357993921453,1.2489224327993385,6
11,NMM,0.5850576605002442,0.4575275366326343,2
12,NNM,0.1571257526843839,0.3415998842143739,2
13,NPM,0.34169184762670324,1.234413955402502,4
14,NQM,-0.9290977794546632,0.2775527761519355,2
15,NRM,-0.18289824104321672,0.4610920454143228,6
16,NSM,0.385414610425802,0.7178797541216334,6
17,NTM,-0.8392930884719525,1.1107424716143268,4
18,NVM,-0.1075572279054744,0.19854015452838786,4
19,NWM,-0.3831181553846119,0.34848128557857777,2
20,NYM,-0.10917697239646353,0.17989454021322004,2
