Translation,mean,std_err_of_mean,len
L*W,-3.4428544714347256,0.5865553296281594,4
LAW,-0.370303745661926,0.5575688493846657,11
LCW,-1.5638477518196983,1.406294953814491,4
LDW,-3.1797786175407188,1.4410816503010968,5
LEW,-2.6835154739481677,0.43061324162354925,4
LFW,-4.3665795502833324,0.5384966285696037,4
LGW,0.07829291456536286,0.5421213831718208,9
LHW,-3.0912358546785836,0.7017240627479462,4
LIW,-3.790215090687662,1.3224154002887585,4
LKW,-3.9245423472940937,0.652928987865478,4
LLW,-3.6444186479861713,0.6005038332874524,12
LMW,-3.189700477210997,0.5653598648493633,4
LNW,-2.9213641284445195,0.960449204441832,4
LPW,-2.9127335815294684,1.099440562470518,9
LQW,-4.06978503517857,1.3351058931290196,4
LRW,-3.7254275038695277,0.7554654939022631,12
LSW,-0.13735579674165507,1.5342931886127742,13
LTW,-0.47979724046997263,0.6431931964078137,9
LVW,-2.0946371465704994,0.5504991996138454,9
LWW,-3.660646124917255,0.4816436563680671,4
LYW,-3.6533406824269816,0.8884182041993962,4
