Translation,mean,std_err_of_mean,len
F*I,-3.012507074032237,0.2562963174443123,6
FAI,-0.27566121533790056,0.5038675280427154,12
FCI,-0.3765705213063499,0.4962672523489384,6
FDI,-0.48893229083350115,0.26145438485137473,6
FEI,-0.588634185267825,0.9845595870808413,6
FFI,-0.3864495999884756,0.6372358986166995,6
FGI,-0.11385896121926871,0.3194683777800959,12
FHI,-0.09534775897189096,0.5419983306471794,6
FII,-0.08568567173983006,1.197920480586016,6
FKI,-0.029434945636074517,0.6196205553625305,6
FLI,-0.6546324926229292,0.5950040182532749,17
FMI,-0.12507292596972963,0.47904629125016324,6
FNI,-0.09847807971047651,0.9319711319675454,7
FPI,-1.4536493273714175,0.4924380466286851,12
FQI,0.11692813910706808,0.8330242817062834,6
FRI,-0.35761185587986494,0.7699608016651097,18
FSI,-0.13286964915094743,0.747073084666299,18
FTI,0.0977568244153905,1.055481461911248,12
FVI,-0.12413758551175265,0.7169023964498208,12
FWI,-0.41897392593899624,0.6647717574628023,6
FYI,0.41555074061050173,0.7290368077723748,6
