,Translation,mean,std,len
0,F*L,-3.3413706347231247,0.43956572598393023,3
1,FAL,0.6824845297439502,1.6309096545056043,5
2,FCL,-0.4571822837221531,0.6847781383762713,3
3,FDL,-1.054445799914787,1.24084901453257,4
4,FEL,0.2872630672120054,0.8080410430129912,3
5,FFL,-2.1073927996031108,0.2884425391468753,3
6,FGL,-0.5281878254259887,0.4201085854920379,8
7,FHL,-1.292188015684964,1.8815018325626984,4
8,FIL,-1.4266439268265267,1.8987463698478944,3
9,FKL,-0.4518589261911519,1.23833122632892,4
10,FLL,-0.7192053576516707,0.9060148416265634,11
11,FML,-0.6120728388542114,0.20213727508001192,2
12,FNL,-0.5753421472290631,0.612206894362907,3
13,FPL,-2.509378586789332,0.9934546150098276,8
14,FQL,0.801006473786158,0.3149593834683605,2
15,FRL,-0.016890746743448558,1.4101135018595798,11
16,FSL,0.02459511041865535,1.386071547392145,9
17,FTL,1.0158450764771931,1.225116732232336,4
18,FVL,-0.4111682522240967,1.4733284983536492,8
19,FWL,-1.7438985753316032,0.4842351044353834,4
20,FYL,-0.6029972200093354,1.5502992867409058,4
