,Translation,mean,std,len
0,G*F,-3.808890985481104,0.7026110562649412,4
1,GAF,-0.3653678831854601,1.3603515314369774,8
2,GCF,-0.5991916685294603,0.991208656087614,4
3,GDF,-0.6038944971917951,2.463172095717707,3
4,GEF,-0.8655094862507529,0.8338939798068843,4
5,GFF,-0.7078820643702262,0.16601852195671116,4
6,GGF,-0.5234611705770444,0.5498293763001313,8
7,GHF,-1.1073084006756584,2.0589066054109164,3
8,GIF,-1.4010983407909643,0.5903460103015792,4
9,GKF,-0.6566089798709733,0.3409194922389628,4
10,GLF,-1.002378493977686,1.0258791196862478,12
11,GMF,-1.7726890062121483,1.0562996067751915,4
12,GNF,-1.5745549216911108,1.5066174434027841,5
13,GPF,-2.6744987010786216,1.0669968121976714,8
14,GQF,-0.2475498006852585,1.6046897761442258,3
15,GRF,-0.8984264034312052,1.5606185308437066,12
16,GSF,-1.171096366883264,1.1547441515876975,9
17,GTF,-0.6564592605871581,1.3899447281331654,8
18,GVF,-1.1024135068080567,1.3637561175454151,8
19,GWF,-1.5843263776127043,0.06525434040865573,4
20,GYF,-1.1452566781814602,1.257022490880146,4
