,Translation,mean,std,len
0,A*L,-3.8368989643151163,0.4607771346987772,4
1,AAL,-0.6408708253279044,2.9145375974251446,7
2,ACL,-1.2282019647767262,1.2326198719501762,4
3,ADL,-2.61673006896645,0.6904845954222072,4
4,AEL,-3.2097591944799118,0.5803602094489057,4
5,AFL,0.5734830244736443,0.6520384358994872,3
6,AGL,-1.6710478460357163,0.5090638442642552,8
7,AHL,-0.2273793170354983,0.16441607637755198,3
8,AIL,0.4125772201808657,0.3609684538474184,4
9,AKL,-3.5561161437195445,1.080143277382419,4
10,ALL,-0.228117282482558,0.9968668462282084,9
11,AML,-1.2611689127288015,0.4332304770265257,4
12,ANL,-2.004953746945631,0.5234454777005344,3
13,APL,-3.037007465233837,0.6258293371393902,6
14,AQL,-3.0243854320490895,1.155006279866588,4
15,ARL,-2.540573430443062,0.587178344785905,12
16,ASL,-1.535555914155893,1.233956088198456,11
17,ATL,-1.262684039214956,2.6661047968065,8
18,AVL,-0.8016602081419987,0.8486188751532001,8
19,AWL,-0.4545453589035758,0.8281324245207881,7
20,AYL,0.0717684358223476,2.8802347765883436,2
