,Translation,mean,std,len
0,V*A,-3.5856187167419518,0.6273299556873089,3
1,VAA,-0.08401520045330424,1.607350399074699,8
2,VCA,1.5564769817559714,2.9815800365479666,3
3,VDA,-3.1073008596670824,0.5614594747780648,4
4,VEA,-3.617701304504101,0.2810862979074991,4
5,VFA,0.7560789000814069,1.3211101332441275,3
6,VGA,-3.1329337610221306,0.3684595138926917,8
7,VHA,-2.9105823105599704,0.5447545723251681,4
8,VIA,1.4637295449547267,2.8084165323609502,3
9,VKA,-3.7466115593637217,1.01148619170427,4
10,VLA,-0.38470089503156657,0.6933994483195944,10
11,VMA,0.1963502493660337,0.5950260504565605,3
12,VNA,-3.005090441219485,0.6375771315111376,4
13,VPA,-3.575488286648984,0.8178375832592404,6
14,VQA,-2.42139213517519,1.3155715934316592,4
15,VRA,-3.4956372270056697,0.41417724282398544,12
16,VSA,-3.0615430038052565,0.7889538398975442,12
17,VTA,-0.3696821322320353,0.943406797420654,7
18,VVA,0.0412240221173724,1.2151754973719866,7
19,VWA,-3.524419839072669,0.8046667149981194,4
20,VYA,-2.9765388940696402,0.502414537601139,4
