,Translation,mean,std,len
0,G*M,-4.1815421269011415,1.4040432228575728,4
1,GAM,-0.05853212263865115,1.7151992057245549,8
2,GCM,-0.4365742706638805,0.2932202981713905,4
3,GDM,-3.6448963923805846,0.10965798322750396,4
4,GEM,-3.913350069367274,1.1809472919920685,4
5,GFM,-2.054815539609612,0.651048072114713,4
6,GGM,-0.5854028510803407,0.5240908323546393,8
7,GHM,-2.8268010950902243,0.9024282052376296,4
8,GIM,-4.23711909205836,0.8047336862302306,4
9,GKM,-1.8956898539572848,0.3929316163333312,4
10,GLM,-2.548851387088156,0.5916416817564354,12
11,GMM,-4.077127770027676,0.9653427236806889,4
12,GNM,-2.6841794659008142,0.29371835240050503,4
13,GPM,-2.9305416843117555,0.5419618164606752,8
14,GQM,-3.1055763681169752,1.0397747619679845,4
15,GRM,-2.093361884605987,1.0703425789910521,12
16,GSM,-0.9615498968271702,0.7896149696121597,12
17,GTM,-0.4210467406048257,0.9283318314492366,8
18,GVM,-1.4707970099887242,0.8802898029028585,8
19,GWM,-2.769003856643254,0.3881457665853888,4
20,GYM,-2.8412119364556814,0.7161678715623819,4
