Translation,mean,std_err_of_mean,len
V*R,0.4125796755148403,0.2882525904402804,4
VAR,-0.1247166043511031,0.3850080303383139,8
VCR,0.13217379603263657,0.3935894236177455,4
VDR,-0.11295042253404786,0.20973724247013864,4
VER,-0.032776204696322475,0.3654596960468145,4
VFR,0.3243169854726571,0.2724103914268928,4
VGR,-0.06549191648771091,0.3001112805542991,8
VHR,-0.3362528707121575,1.0904963467127242,4
VIR,0.23575981680765334,0.5081261826501288,4
VKR,-0.44731882929406996,0.6136334100827929,4
VLR,-0.05658914147362141,0.6740132830884601,12
VMR,-0.10523919406583615,0.2418928259900584,4
VNR,-0.04934796840683653,0.4451201242471788,4
VPR,-0.10119544654964241,0.5118906096343726,8
VQR,-0.695238266913146,0.5901178454802057,4
VRR,-0.06833383114011715,0.43915570602836573,12
VSR,-0.17250125296243332,1.0092100720879813,12
VTR,-0.17108406593485903,1.0979030758616328,9
VVR,-0.024709938467416138,0.3007376326765362,15
VWR,0.30947616684262647,0.24226722439841902,4
VYR,-0.8086097112956567,0.46450242482435433,4
