,Translation,mean,std,len
0,G*T,-0.1251352130888761,0.7720504008327007,4
1,GAT,-0.06909185165246579,0.3609398000957261,8
2,GCT,0.034016455289499266,0.3667944662270532,4
3,GDT,0.022719774117817514,0.5351453891217626,5
4,GET,0.29784412352140976,0.2962469916139512,4
5,GFT,0.6904651597954978,0.5345363859974376,4
6,GGT,-0.018438718402764454,0.1317868097791664,8
7,GHT,0.25552714725285464,0.4932027198168048,4
8,GIT,-0.05317654080800272,0.7706237346006399,4
9,GKT,-0.12220944640991838,0.3572327406584533,4
10,GLT,-0.08732096733502541,0.4501555850187132,13
11,GMT,0.3690290912220686,1.4228128360558874,4
12,GNT,-0.023617250135677947,1.2417982039047166,4
13,GPT,0.35721977748387396,1.1908100474553396,8
14,GQT,0.6852802683564867,0.6746223413085488,4
15,GRT,-0.07832688640693612,0.703792348325672,12
16,GST,-0.06943257219982023,0.8276499052016908,11
17,GTT,0.5895789805370206,1.0962030508992255,8
18,GVT,0.027625620697975767,0.2464628934987672,12
19,GWT,-0.059466088943388014,0.35361523534981504,4
20,GYT,-0.1808034021441871,0.5861798307808544,4
