,Translation,mean,std,len
0,V*C,-2.8296906548055625,0.8018570720036694,3
1,VAC,1.0285425415348333,1.9973395452525275,7
2,VCC,-0.13481564141042646,0.5600759378352917,4
3,VDC,0.41020823754310665,1.5274225752152195,4
4,VEC,-0.7643245319908041,1.5029418759498443,3
5,VFC,0.21752712061226245,1.3059737649338783,4
6,VGC,0.7299776025061568,0.9791493368400614,8
7,VHC,0.6151694789035107,0.7176162286017754,4
8,VIC,-0.1922214519411332,1.341494289167117,4
9,VKC,1.6992588247368348,1.8233197354892283,2
10,VLC,0.754764135853619,2.1246681496935143,11
11,VMC,0.8124377247332264,0.9662818292648002,4
12,VNC,0.0035977652024723468,0.5352404007068932,4
13,VPC,-1.7671968241382547,0.6917504095468093,8
14,VQC,1.4861110476311543,1.0223790330855975,4
15,VRC,0.5834896212646609,1.17499089614484,12
16,VSC,0.4043603305920988,1.6590235011626049,9
17,VTC,-0.17325521477028302,0.677788864256323,9
18,VVC,0.6230135313617612,0.9415309667176052,8
19,VWC,1.652480521374856,0.9069356301211059,4
20,VYC,0.7160863690943431,0.8663777711696635,4
