,Translation,mean,std,len
0,Q*S,0.10613683072425052,0.41666413216135545,4
1,QAS,-0.04908378448074069,0.7169189124071684,8
2,QCS,-0.02168019987757681,0.35644131263879075,5
3,QDS,-0.7917103854437813,0.6671708638199283,4
4,QES,0.07818069924216764,0.7937935387125094,4
5,QFS,0.4511053217336785,1.4493750906518936,4
6,QGS,-0.06779524659402036,0.3851195582075033,8
7,QHS,0.470104773987237,1.3735205162668191,4
8,QIS,-0.14334915910051782,0.1974253164566281,4
9,QKS,-0.18890358422431364,0.8819409907955893,4
10,QLS,0.281192387077398,0.6474678988669965,12
11,QMS,0.34103752453880354,0.9520144776023084,4
12,QNS,-0.11907344360166695,0.6671998611997167,4
13,QPS,0.33044364565783485,0.7276377839055252,6
14,QQS,0.22289015883844174,1.1430031342125382,4
15,QRS,0.053849783912584964,0.2950123457878279,12
16,QSS,-0.298786349313758,0.8197728509798038,12
17,QTS,0.2706968271290842,0.8638129699736276,6
18,QVS,0.1793013852541523,0.8973514019259315,8
19,QWS,-0.0791627051818955,0.307549524253643,4
20,QYS,-0.4464963230814721,0.6345000314410233,4
