,Translation,mean,std,len
0,T*Q,-0.10182716514013146,0.24554310843608326,4
1,TAQ,-0.15387341659882192,0.20990644337630116,8
2,TCQ,-0.0010676702925258574,0.4211520319081764,4
3,TDQ,-0.4080991217718646,1.2142776834685225,4
4,TEQ,-0.3485812646822504,0.1909606004988896,4
5,TFQ,-0.11959964966484207,0.2923697161621143,6
6,TGQ,-0.057518119867936875,0.24923969116747285,8
7,THQ,0.034494621654122426,0.38836271748690177,4
8,TIQ,0.008806884433317784,0.7912578940654836,4
9,TKQ,0.10968226117439572,0.2601756805796871,4
10,TLQ,-0.1365464608294443,0.4027895437376138,12
11,TMQ,0.035972766307733606,0.2607706826084881,4
12,TNQ,-0.6061944880646211,0.6756768637379174,4
13,TPQ,-0.08389357335942194,0.37537865557176536,8
14,TQQ,0.07391826831018289,0.4923230825772022,4
15,TRQ,-0.14827120627223347,0.26143597108099703,12
16,TSQ,-0.08142634899427778,0.5341835526389533,12
17,TTQ,-0.12366246271923875,0.2535265069315288,8
18,TVQ,-0.05679081198131719,0.2474757563640545,8
19,TWQ,-0.18377074683715588,0.20559200394717528,4
20,TYQ,0.061991963560407815,0.2364391674561563,4
