,Translation,mean,std,len
0,F*P,0.3432744417321925,0.2732052671922898,4
1,FAP,-0.2818416428516588,0.4156704780146133,8
2,FCP,0.023600241123488352,0.21604628610696264,4
3,FDP,-0.07759521386712942,0.4388516764890326,4
4,FEP,-0.403017059670711,0.18686520153822536,4
5,FFP,0.11859585824931895,0.6639811362459307,4
6,FGP,0.010199876878672187,0.18870150058849006,8
7,FHP,0.4344332163372804,0.8889526652255734,4
8,FIP,0.09258013167533563,0.15418762522704488,4
9,FKP,-0.3447424237900578,0.7070307006977308,4
10,FLP,0.049307233063396495,0.6385798013938002,12
11,FMP,0.23356089564449656,0.16882859081419654,4
12,FNP,-0.20517429003025445,0.7172493160396235,4
13,FPP,-0.36394246544559583,0.5015171182653607,8
14,FQP,0.05910798603856704,0.2814184987258161,4
15,FRP,-0.12633741841524834,0.3139434615257747,12
16,FSP,0.25506495792733896,0.3871024388675795,12
17,FTP,-0.09158474167413004,0.7277518735345426,9
18,FVP,-0.04206275501651269,0.2298888190804723,8
19,FWP,-0.419870694473566,0.2803398074731537,4
20,FYP,-0.3565916036473131,0.11874455943293248,4
