,Translation,mean,std,len
0,N*L,-2.143448242959088,0.7888995797723202,4
1,NAL,-1.923406316908847,1.2010783647761765,8
2,NCL,-2.5854129236243586,0.7609148317195411,4
3,NDL,-1.2120286902293742,0.4239649572111307,4
4,NEL,-0.3462372138693877,0.24468222463793166,4
5,NFL,-1.3102811987263494,0.6539454523426523,4
6,NGL,-0.10333046239804727,0.4629495452075178,10
7,NHL,-1.8213455058173256,0.6945164179456025,3
8,NIL,-1.061300343795817,2.5316048955292003,4
9,NKL,1.2829256671725275,2.784445808976725,3
10,NLL,-0.30280270620023697,2.3184123990207195,11
11,NML,-0.3234831544510741,0.9957718708534296,4
12,NNL,-1.1212818400167055,0.4883687485905429,4
13,NPL,-0.9697591510807688,1.0949307774673074,7
14,NQL,-0.1725417615538638,1.275754052566106,4
15,NRL,-1.5143182896498484,0.9867366123967714,12
16,NSL,-2.5371947584518217,1.2520443163251225,12
17,NTL,-1.1973929183631848,1.0869553507216427,7
18,NVL,-1.9330274161081868,0.5868185686157338,8
19,NWL,-0.014305549663020225,1.2146371700316116,4
20,NYL,-1.7520874051577822,1.7405254252858449,4
