Translation,mean,std_err_of_mean,len
V*Y,-3.1278658493571005,0.5924018050225773,4
VAY,0.3912908936648173,1.7137294673834618,8
VCY,1.504756646752391,2.3105565954151706,4
VDY,-0.6476433899926601,0.6804734767339341,4
VEY,-1.3819095418448135,0.3682757755423611,4
VFY,-0.5470439755802343,1.1783553862639877,4
VGY,-1.1175467292244305,0.29461133672822426,8
VHY,-1.206530741245113,0.7230980725397363,4
VIY,-0.4486938646817773,0.11745232146444344,4
VKY,-1.4894682578705136,0.6827302004388567,4
VLY,0.2494566004170375,1.2594797200740386,11
VMY,-1.1962926855981963,0.9824780262974581,4
VNY,-1.4569719349661514,0.5982225815862835,4
VPY,-1.087331575669353,0.5895446684477066,7
VQY,-0.12944991718967924,0.6872089564889458,4
VRY,-1.31757370823961,0.7106867001442934,12
VSY,-2.1946931069997477,0.9074878581995457,12
VTY,0.47854909007889523,1.134623128109112,8
VVY,-0.21249928278719432,0.7695206975111495,10
VWY,-1.2358643107292446,0.23742928350666564,4
VYY,-1.352205334469247,0.2509237440650964,4
