Translation,mean,std_err_of_mean,len
D*L,-4.153070951414543,1.3967691450551072,4
DAL,-1.5387759993918477,0.9133191911683896,8
DCL,-1.0556523634830293,0.9142004135905537,4
DDL,-1.8454269417665705,1.0865112145992342,4
DEL,-2.319587470469285,1.1601431253931584,4
DFL,-1.94758946492103,0.6429247110880463,4
DGL,-3.752086575603418,0.6886110077399915,8
DHL,-0.8080566928672068,1.3982785459525193,4
DIL,-1.1854780234065732,0.9857391534523666,4
DKL,-1.0027059559540064,1.1338040184620526,4
DLL,-0.770452058271359,1.008862475874298,9
DML,-0.9619172006172829,0.5647623701175533,6
DNL,-1.9848946509427579,1.0032084339516683,4
DPL,-1.6722371515408734,1.2841204059371605,7
DQL,-0.16030543720952592,1.592716360644163,3
DRL,-1.9160494177478709,1.0841920369077052,11
DSL,-2.5360060594655858,1.8261061364863558,11
DTL,-1.1339217802732764,0.856208751293604,6
DVL,-0.7913886363630271,1.4388974125573268,8
DWL,-2.799231784733843,1.2589281047500185,4
DYL,-2.787332029689822,0.3747739976398754,3
