,Translation,mean,std,len
0,T*E,-5.350975597639258,0.8938900094599022,4
1,TAE,-0.3373233356732419,0.7702783524144798,8
2,TCE,-3.1173804581004707,0.6005288974870308,4
3,TDE,-2.2671725559626568,0.4017118993389142,4
4,TEE,-1.1138705802801592,0.6709286730858371,4
5,TFE,-1.3275246838685884,0.5237999248406614,4
6,TGE,-1.1984034858520802,1.0151688643589205,8
7,THE,-0.7462369580587653,1.315299466962618,4
8,TIE,-1.9708306991626168,1.634766246040549,4
9,TKE,-1.3329543050058956,1.0346273266271278,4
10,TLE,-1.0402171677434788,1.4586701409067964,11
11,TME,-1.6330088302535497,1.4148944401183297,4
12,TNE,-0.192924510209854,1.5117916916458347,4
13,TPE,-1.098334487182773,1.8200291006641625,7
14,TQE,-1.0952714459320827,0.9850969119788752,4
15,TRE,-1.1438819022978055,0.6281419987415215,11
16,TSE,-1.1028658828902562,0.7381015200021698,14
17,TTE,-0.8520500376668818,1.3517332745920527,8
18,TVE,-1.2353321139786586,1.6114978137471403,8
19,TWE,-2.447024682672454,0.5332198820345279,4
20,TYE,-1.41481065425097,0.4517725313118508,4
