Translation,mean,std_err_of_mean,len
V*C,-5.605682950312109,0.44705742348102767,4
VAC,-3.043461287698412,0.6880956992010138,8
VCC,-3.0006743700094587,0.8313158112279724,4
VDC,-5.212495895971134,0.23174230497713907,4
VEC,-4.954790920801154,0.24307075893284558,4
VFC,-2.158791446119923,0.2043140580877172,4
VGC,-3.321806702871945,0.46211854337858277,8
VHC,-5.008355747815607,0.5572626704464692,4
VIC,-1.3387736966686625,0.8949374204902563,5
VKC,-4.8040349386604815,0.3505557287393243,4
VLC,-1.9029078444765517,0.49214382161249937,12
VMC,-2.062157484025133,0.5852613224701122,4
VNC,-4.320995785789913,0.32283775349228006,4
VPC,-5.216642883923669,0.5798134139049399,8
VQC,-3.8012341798636737,0.4573239206905324,4
VRC,-4.753610885257243,0.33600621250665524,12
VSC,-3.611893977403369,0.7666134714754188,12
VTC,-2.4978411435002634,0.509008264124795,8
VVC,-2.2085304455739667,0.535872663366436,8
VWC,-4.510383533764806,0.32337336036418635,4
VYC,-3.9801045764130283,0.5056595657619097,4
