,Translation,mean,std,len
0,S*D,-4.127002203577948,1.4768414138218708,4
1,SAD,-0.6157895318751404,1.0419125211635416,8
2,SCD,-2.168667355382545,1.861518037414701,4
3,SDD,-0.8442585918684433,0.7887663876032466,4
4,SED,-1.4628781588763546,1.1286780787610269,6
5,SFD,-1.0369945016341833,1.4988226788800991,3
6,SGD,-1.386004534983588,0.90255926176738,8
7,SHD,-0.5385810044710707,1.445979161903498,3
8,SID,-0.7280487482572355,1.8564256386691256,4
9,SKD,-1.7989288618096335,0.8949660522733203,3
10,SLD,-1.673745194630526,2.1285837600068698,12
11,SMD,-1.5318089866199207,1.5983399846641029,4
12,SND,-0.4027455742341426,1.3367854092369749,4
13,SPD,-1.3850571631942354,1.5380701089490845,7
14,SQD,-1.1095363816589408,0.4783945431869194,2
15,SRD,-0.8924607943110945,0.4657152771727312,12
16,SSD,-0.7489267179467856,1.0684505823218058,12
17,STD,-0.5819160670461321,1.6540386005014898,7
18,SVD,-1.645320331342201,1.033535084746294,8
19,SWD,-1.9704834452502653,1.3291509892914923,4
20,SYD,-1.5224765343555984,1.5606487265605276,4
