,Translation,mean,std,len
0,E*M,-3.693840189404995,1.5080768869422196,2
1,EAM,-0.9325553161415168,0.6272119124961597,4
2,ECM,-1.5907377239999485,1.4318953098842842,2
3,EDM,-1.2478869949098372,1.288822758227239,3
4,EEM,-0.8590514054546291,0.15044489135971767,2
5,EFM,-0.956243808661516,0.4529421196864034,2
6,EGM,-3.000877716228737,0.36274722403442816,4
7,EHM,-0.8191798656577394,0.10669136523037467,2
8,EIM,-2.9163998271533864,0.2419325001403817,2
9,EKM,-2.743171856572436,0.004254603226250453,2
10,ELM,-1.5227315574060445,0.5356829319310347,6
11,EMM,-0.4635469648085326,1.2459105621082518,2
12,ENM,-1.7645141337756118,1.5228429768974188,2
13,EPM,-2.3697862343215377,0.5253982851284787,4
14,EQM,-2.2194875228195587,1.1647705650702755,2
15,ERM,-3.359266044916656,1.1142716226813898,6
16,ESM,-1.0648726245850313,0.8353237547028716,6
17,ETM,-0.7980629803027288,0.4158542829248543,4
18,EVM,-1.8648633643320243,0.8487639737252423,4
19,EWM,-3.2373176182584644,0.5320046933148905,2
20,EYM,-2.6597919059254247,0.2431172178031731,2
