Translation,mean,std_err_of_mean,len
T*E,-5.350975597639259,0.8938900094599022,4
TAE,-0.3373233356732419,0.7702783524144798,8
TCE,-3.117380458100471,0.6005288974870308,4
TDE,-2.2671725559626568,0.4017118993389142,4
TEE,-1.1138705802801592,0.6709286730858371,4
TFE,-1.3275246838685884,0.5237999248406614,4
TGE,-1.1984034858520802,1.0151688643589203,8
THE,-0.7462369580587653,1.3152994669626181,4
TIE,-1.9708306991626172,1.634766246040549,4
TKE,-1.3329543050058956,1.0346273266271278,4
TLE,-1.0402171677434788,1.4586701409067964,11
TME,-1.6330088302535495,1.4148944401183297,4
TNE,-0.19292451020985402,1.5117916916458347,4
TPE,-1.098334487182773,1.8200291006641625,7
TQE,-1.0952714459320827,0.9850969119788753,4
TRE,-1.1438819022978057,0.6281419987415215,11
TSE,-1.1028658828902562,0.7381015200021698,14
TTE,-0.8520500376668818,1.3517332745920527,8
TVE,-1.2353321139786586,1.6114978137471405,8
TWE,-2.447024682672454,0.5332198820345279,4
TYE,-1.41481065425097,0.4517725313118508,4
