,Translation,mean,std,len
0,K*N,-3.5872745502272814,0.193429574694072,4
1,KAN,-0.2417594698299008,0.3660064714006805,8
2,KCN,-0.7062059425096738,0.1851350045871854,4
3,KDN,0.22198562565869676,0.7122243984714649,4
4,KEN,-0.016464460943905967,0.3696224081953304,4
5,KFN,-0.15295331397941725,0.3335298249311656,4
6,KGN,-0.07244557160283771,0.5967449085777625,8
7,KHN,-1.3269362223802592,0.6447867107427551,4
8,KIN,-1.8981326021811853,1.1268295578125878,4
9,KKN,-0.3056131464621712,0.7680437031307918,4
10,KLN,-0.8878613025108967,0.9703430823884543,12
11,KMN,-0.5206447398336869,0.5463349517276694,4
12,KNN,-1.5551431901495616,0.8866734328991953,4
13,KPN,-1.1849354757883852,0.8316991982947484,8
14,KQN,-0.4982271522038235,0.8847673760649428,4
15,KRN,-0.5359004292466261,1.4117578323730453,12
16,KSN,-0.830767017413637,1.3819228208460217,12
17,KTN,-1.0855512815960615,0.9228813858425524,8
18,KVN,-0.6184858374362362,0.44377855933976096,8
19,KWN,-0.3510124295484673,0.3242544851192316,4
20,KYN,-0.8219852694666334,0.4612775289658771,4
