,Translation,mean,std,len
0,V*A,-3.5154206340081586,0.6043616796244118,4
1,VAA,-0.39163786257734096,1.0453174423871563,8
2,VCA,0.6324329725866342,0.9851137338187111,4
3,VDA,-1.1162298412112202,1.031769176766299,4
4,VEA,-0.32523416082378365,1.0622426418013171,4
5,VFA,-1.2975077852097476,0.575407286616849,4
6,VGA,-0.5024637077243023,0.6151514801562374,8
7,VHA,-0.1844621179870586,0.9424150026872196,5
8,VIA,-1.2870770671751903,1.9830745750560281,4
9,VKA,-0.3820667767067074,1.0215838163044428,5
10,VLA,-0.74979043539981,1.2782716361075357,12
11,VMA,-0.3834893681336986,1.5917481968712184,4
12,VNA,-0.7195376944186889,1.913129408347332,4
13,VPA,-2.359879336417586,0.4967413207307664,8
14,VQA,-0.3533196030382257,0.2502350670752053,7
15,VRA,0.1591341495901187,0.4937021823916095,12
16,VSA,-0.3793897183056348,1.2403345742572052,12
17,VTA,-0.3804186507189399,2.1053487322324487,8
18,VVA,-0.21824220571714487,1.0796664102692253,8
19,VWA,-0.26874046401773244,0.402756825925729,4
20,VYA,-0.7418212078113067,0.7109698688013649,4
