Translation,mean,std_err_of_mean,len
G*S,-4.1943903226827715,0.3421519611108754,3
GAS,0.2098497162141003,1.945390041184105,8
GCS,-0.1189393365546354,1.2448018410004276,4
GDS,-0.8937971799933214,0.6552557561817628,3
GES,1.690376400576615,0.15606292264260882,2
GFS,-0.45688007977618916,1.655192276571814,3
GGS,-0.6807404910026111,2.1056910544225698,3
GHS,-0.5769410571841055,2.037874522105301,8
GIS,1.3589995007969655,3.68275987542459,2
GKS,0.29296237864201746,0.26264790340966054,3
GLS,-0.35280552102563395,0.3951579228288776,6
GMS,-0.5957235895132807,1.3889371152311116,3
GNS,-0.1273617361098287,2.487206456434055,4
GPS,-0.9387975044193899,0.759005276916657,8
GQS,1.2735070963266364,1.983714714394678,4
GRS,0.4103594599651556,1.4963326885447477,6
GSS,0.5239026066650326,1.1244695986159539,9
GTS,-0.29044268621671004,1.090422766473346,7
GVS,0.10567595095864384,1.3730784321345306,5
GWS,-1.9668535133693812,0.44309830006708834,3
GYS,0.5346190415463387,1.8341327093256283,3
