Translation,mean,std_err_of_mean,len
N*Q,-4.763803675026179,0.8956810518738666,3
NAQ,0.1689511939317052,0.20792483373137483,2
NCQ,0.4795826612384664,5.741892585761866,2
NDQ,0.5716388974830737,2.0298959699293495,2
NEQ,1.575039708836631,1.3974675227450244,4
NFQ,-0.6589800255731575,0.5901996256119043,2
NGQ,-0.5242401551697846,1.2913754529757853,7
NHQ,1.729171964272413,2.959209376854803,2
NIQ,-1.2085341240154763,,1
NKQ,1.3015778991683504,3.9945602713694086,2
NLQ,0.9650956749353631,1.9060030225602178,5
NMQ,4.873583284377452,3.7820376832705858,2
NNQ,3.4480314096984017,,1
NPQ,-0.006603490225393749,0.8945692912715841,4
NQQ,1.5518496840502742,1.3932429299833227,3
NRQ,-0.16694920966610916,2.1025497603688077,6
NSQ,0.32254042285276263,0.1721804609036584,2
NTQ,-0.020502416046150884,,1
NVQ,-0.4148385519223787,0.7476180823661014,5
NWQ,2.1751277680006647,3.369023608472285,3
NYQ,1.962191067759259,1.3150577051530263,3
