Translation,mean,std_err_of_mean,len
C*L,-5.2099177515205675,0.8707967686154198,4
CAL,-0.45582485112871374,1.290097150812365,8
CCL,-0.24820160184811524,1.2202857056464207,4
CDL,-1.0880302047818036,1.4172355507254657,4
CEL,0.21324568896107476,0.9337461486819713,4
CFL,-0.04048165829744447,1.6040071027974863,3
CGL,-0.19427734304498295,3.1435669292136414,5
CHL,-0.8475741727742483,2.5793683227256405,4
CIL,0.18200275690255086,1.7290301206511167,4
CKL,-1.40156676139958,1.0238132512741975,3
CLL,-0.8684154268883049,1.55128880300792,9
CML,-1.5012656939798839,0.21077517326618797,2
CNL,-2.4035850562674117,1.3003669104039708,4
CPL,-4.446551151201973,0.8504857216087945,8
CQL,-2.1419939890076445,1.9475292695730866,4
CRL,-0.5881481865333423,0.6837726772105117,7
CSL,-1.285169017074556,1.3044638997060336,10
CTL,-1.402493522881531,0.5455850259438445,7
CVL,-1.6337874782768902,1.4378695989107642,11
CWL,-3.2020027165280016,1.9218979956690676,3
CYL,-1.6083957073597925,1.3829764453546973,4
