,Translation,mean,std,len
0,L*V,-4.903358823259984,0.3133336585078045,4
1,LAV,-0.6771181621000978,1.3960039517138745,6
2,LCV,-0.04806444038494262,0.7669236243259742,4
3,LDV,-0.8526914492108268,,1
4,LEV,-0.5177824898477348,0.2576057778667584,2
5,LFV,0.4929638374220682,0.9147289460247112,2
6,LGV,-1.9295209080062392,2.6647057535849936,2
7,LHV,0.5268189441395569,1.246027677342037,3
8,LIV,-0.6589011470188955,1.2786034413306084,4
9,LKV,-0.4628604704200344,1.5370512664435747,8
10,LLV,-0.3058510922599265,1.6487145673196213,11
11,LMV,-1.2390651461233648,1.3183630900059442,4
12,LNV,-0.23553771645286914,1.2090804592810236,4
13,LPV,-0.5097332391897335,0.8708446958659626,8
14,LQV,1.4568043142952949,1.300016474847198,4
15,LRV,0.7421961208608927,2.228438842210419,11
16,LSV,-0.4314934019542341,2.0327732920486814,10
17,LTV,0.2997423510891605,1.3856401195847257,8
18,LVV,0.3543131664973673,2.7431063801741424,4
19,LWV,0.3710410270404007,0.2952769365309767,3
20,LYV,0.1368946105825546,2.8314644480194997,4
