,Translation,mean,std,len
0,V*T,-5.6679085941507354,0.7747104327968265,4
1,VAT,-0.5327451706200032,1.635671096679174,8
2,VCT,0.39546031285876254,1.1568399656933817,3
3,VDT,-0.906507141611181,0.4165223169769552,7
4,VET,-0.4929847099321738,0.5392563025822489,4
5,VFT,-1.127410545280527,0.06419283150698142,3
6,VGT,1.2887478640218497,3.80393995813372,6
7,VHT,0.7854926878165418,1.7462645919389377,4
8,VIT,0.09641281784734623,0.4914929484572562,4
9,VKT,2.013690289217134,3.5420339314771785,2
10,VLT,-0.2378507693182493,1.494277676896772,9
11,VMT,-0.7245967842157395,1.8262694596094664,3
12,VNT,-0.3051622237695557,1.2329326304883996,4
13,VPT,-0.4383582169155652,1.6113999589009402,7
14,VQT,0.566103324044539,1.5788382291953578,4
15,VRT,0.21076342511086044,2.3036945720938355,9
16,VST,0.18449886778066926,0.9842469475848874,11
17,VTT,0.3005302369386765,1.0793545146014245,8
18,VVT,0.2609094030245517,2.7551069342899788,5
19,VWT,2.33532584536094,2.8469072600636136,3
20,VYT,-0.8418485662614703,1.5182691057361628,4
