,Translation,mean,std,len
0,P*T,-5.5800945907390185,1.0759146020289492,4
1,PAT,-0.8233400698133458,1.3403100420921823,8
2,PCT,-0.2939248195471406,1.029483604948367,3
3,PDT,0.5064455403251764,1.0986247137935587,4
4,PET,-2.585744862747993,1.23785578488768,3
5,PFT,-1.0993555018737295,1.2621396883887042,4
6,PGT,0.19633306287657573,1.6433912551651846,6
7,PHT,-1.4128448415081374,0.7685930506504226,4
8,PIT,0.22335990689001428,1.4650619377563887,4
9,PKT,-1.0299864275639279,0.7868309358193358,7
10,PLT,-0.9469430744316468,1.618580393680855,11
11,PMT,-1.7866936469542951,0.239253838938058,3
12,PNT,-1.4338606152426494,1.9928931780524362,4
13,PPT,-3.7229142071085137,0.9006151176408187,8
14,PQT,-0.6574812706922428,2.0941644735227904,4
15,PRT,-0.3898469491052395,1.6204724723016817,10
16,PST,-0.0860978112765059,1.849092278864244,11
17,PTT,-0.6301445496755234,0.9969797817107818,7
18,PVT,0.11373827914598082,2.4803301763633843,6
19,PWT,-1.1823453210344026,1.9187132263995703,3
20,PYT,-2.214290781815642,1.2008929815439755,3
