,Translation,mean,std,len
0,K*D,-5.272024195309983,1.2518252583784388,4
1,KAD,-0.6625986931384047,0.7840428922910511,8
2,KCD,0.3452437937880255,1.8752729227678155,3
3,KDD,-3.094713133337373,1.0152629703959302,4
4,KED,-3.5855326393969875,1.3524465127110714,4
5,KFD,-4.664812869215528,1.3422349260758546,4
6,KGD,-2.3233871108756707,0.8657442740322149,8
7,KHD,-4.225685023616031,1.251717170258972,4
8,KID,-1.7281437867473757,0.7971862682912623,3
9,KKD,-4.195836450009312,0.9167982067877422,4
10,KLD,-0.5082711857273483,1.4078256257241986,12
11,KMD,-1.0540693653918964,0.8462707501794773,2
12,KND,-4.6718942567382005,1.2188871461312494,4
13,KPD,-4.880622648861854,0.878730819066391,8
14,KQD,-5.310289361409389,0.28246781564846424,4
15,KRD,-3.57340113488519,0.7687900642498463,12
16,KSD,0.6198272931616617,1.84906530417788,11
17,KTD,0.7537407524061395,2.224988050089131,8
18,KVD,-0.2636701131440654,1.5989314865373674,8
19,KWD,-2.5088520699651204,1.6052581543714652,3
20,KYD,-4.3484956891779865,0.7236763524085656,4
