,Translation,mean,std,len
0,N*K,-5.256735953180374,1.2524097046706226,4
1,NAK,-2.249960159433405,1.138403016234566,5
2,NCK,-1.648209937372067,1.5745706353037017,3
3,NDK,-1.2424709648584709,0.6323549697067908,4
4,NEK,-5.5997140943151225,,1
5,NFK,-1.4584336880811382,0.9886158608187092,3
6,NGK,-0.4233110287359395,1.984099822430644,5
7,NHK,-1.2018372711514784,2.4586508878431674,4
8,NIK,-0.6483176906801775,0.20511287906348613,3
9,NKK,-1.9755109013263747,1.4003555253025768,4
10,NLK,-1.01226072510465,0.9629589822845096,10
11,NMK,-2.8570691087706717,2.5688542978135294,2
12,NNK,-0.8191221467750907,0.5001662289724658,4
13,NPK,-0.7946337460636039,1.1599924200246992,8
14,NQK,-1.7276735672695531,1.3856635135694275,3
15,NRK,-1.5038601347265834,1.1254556984014523,7
16,NSK,-1.5903980673705749,1.7310025839013936,7
17,NTK,-1.0782862093285488,0.7584825905158382,6
18,NVK,0.19109293171254768,0.9831232546169224,6
19,NWK,-0.2958317940649642,1.4902778341079432,4
20,NYK,-2.0331770935109983,1.4556073341585654,3
