,Translation,mean,std,len
0,R*Q,-3.627111190913368,1.0558908523236534,2
1,RAQ,0.3790619721710509,0.8699177154965732,4
2,RCQ,0.19852411241917836,0.5257096541614167,2
3,RDQ,-2.6986938274367533,0.14567973292259145,2
4,REQ,-0.7085795788651321,2.389531173982339,2
5,RFQ,-1.5351465035561445,1.3154339699433135,3
6,RGQ,-0.6056204086574162,1.3864097945516929,4
7,RHQ,0.6756176004783407,0.20191538746845425,2
8,RIQ,-1.2495215965011524,1.108008538644637,7
9,RKQ,-1.5011092198811893,0.19497581158884075,2
10,RLQ,-0.5459191414149256,0.913884208872946,6
11,RMQ,0.6438898456038666,0.6049743321196496,2
12,RNQ,-1.1005356380117264,0.06670551300755409,2
13,RPQ,-1.5595690278889456,0.8856734347258878,4
14,RQQ,-1.3406530142225974,0.0509946193482816,2
15,RRQ,-2.401557640479643,0.9780537174061666,6
16,RSQ,0.30159131576275905,1.2362938691303724,6
17,RTQ,0.4068048640746769,1.8835181914629224,4
18,RVQ,-0.7000934550759677,0.7366311473630973,5
19,RWQ,-2.55846620708576,1.96588906290634,2
20,RYQ,-1.3946135101754908,0.04245827172236335,2
