Translation,mean,std_err_of_mean,len
R*Q,-3.6271111909133684,1.0558908523236534,2
RAQ,0.37906197217105086,0.8699177154965732,4
RCQ,0.19852411241917833,0.5257096541614167,2
RDQ,-2.6986938274367533,0.14567973292259145,2
REQ,-0.7085795788651321,2.389531173982339,2
RFQ,-1.5351465035561445,1.3154339699433137,3
RGQ,-0.6056204086574162,1.3864097945516927,4
RHQ,0.6756176004783407,0.20191538746845425,2
RIQ,-1.2495215965011524,1.108008538644637,7
RKQ,-1.5011092198811893,0.19497581158884075,2
RLQ,-0.5459191414149256,0.9138842088729461,6
RMQ,0.6438898456038666,0.6049743321196496,2
RNQ,-1.1005356380117264,0.06670551300755409,2
RPQ,-1.5595690278889456,0.8856734347258878,4
RQQ,-1.3406530142225974,0.050994619348281596,2
RRQ,-2.401557640479643,0.9780537174061666,6
RSQ,0.30159131576275905,1.2362938691303724,6
RTQ,0.40680486407467686,1.8835181914629222,4
RVQ,-0.7000934550759677,0.7366311473630973,5
RWQ,-2.5584662070857602,1.9658890629063401,2
RYQ,-1.3946135101754908,0.04245827172236335,2
