Translation,mean,std_err_of_mean,len
T*S,-3.9856245695811774,1.0960872683627734,4
TAS,-1.0739151871929076,1.5233506107615553,8
TCS,-0.07165869710753126,1.239145607415994,4
TDS,-2.502234704148635,0.26731897735534255,4
TES,-2.2305308456254274,0.5355569607120556,4
TFS,-0.9362717283736387,0.8416464816987386,8
TGS,-2.653289738046802,0.5275157900938555,8
THS,-1.6065163885355704,0.29581428840150964,4
TIS,-1.011679489308055,0.7056989262859061,4
TKS,-2.8105678446734554,0.6067796077513501,4
TLS,0.6930882054944468,0.9261484945024504,9
TMS,1.8468436609595447,,1
TNS,-3.9732958500437214,1.1362886680179802,4
TPS,-1.890536595629315,0.8587172827999725,7
TQS,-0.6633474271068032,0.5058248086527083,4
TRS,-2.716032463034191,0.8145654130999688,12
TSS,-3.5533792823316017,0.5339917680889567,12
TTS,-0.3895377130437027,1.07912000916558,7
TVS,-0.10406683336696276,0.9789461863642878,8
TWS,-4.314246326476047,0.22477151410803595,4
TYS,-2.0375945814449383,0.48239739731440734,4
