,Translation,mean,std,len
0,Q*G,-3.9847380141552975,0.7837464257249127,4
1,QAG,-0.6520729250993811,1.2056389965925034,6
2,QCG,0.025369150677947427,1.4542459662965648,4
3,QDG,-2.1398942179681875,0.7394942841708657,4
4,QEG,-0.4629374142216758,1.531621415484003,4
5,QFG,-1.001472738522682,0.9898626711406896,3
6,QGG,0.8052239256253796,2.439527764530964,8
7,QHG,-1.504482988334663,1.3560808803562785,4
8,QIG,0.027888526188369237,1.0731033140624924,4
9,QKG,0.09346432510825677,1.4720721039852105,4
10,QLG,-1.3557839685326925,1.0404188133279717,10
11,QMG,-0.4822373705212346,1.3007679462455848,4
12,QNG,-0.5088795654817375,1.4439742994067812,4
13,QPG,-0.5366940657363313,0.6181277748802577,10
14,QQG,-0.05495190476347419,0.9472404436219116,3
15,QRG,-1.0259082613128303,1.2389403388189704,12
16,QSG,-0.2407256142144325,0.9970505111951959,12
17,QTG,0.38339247027894197,1.7482268837883856,6
18,QVG,-0.006920247164545756,0.9953359823817168,8
19,QWG,-2.187360295020328,0.26860554990180874,4
20,QYG,-0.7758258176802713,0.3863574288434751,4
