Translation,mean,std_err_of_mean,len
P*Q,-3.3734425316435614,0.6164157797339124,4
PAQ,-2.9081409296511747,0.9228780668002526,8
PCQ,-3.9529346847745117,0.1937417009720273,4
PDQ,-4.6917607576685505,1.048567878709369,4
PEQ,-4.124147292745914,0.5344782538709933,4
PFQ,-4.376015403701562,0.5037539481040835,4
PGQ,-0.4174972576721811,0.3879855230964894,9
PHQ,-4.260661376285671,1.084009503174041,4
PIQ,-3.546653243231603,0.9691243903272794,4
PKQ,-3.731661257265891,0.7022757124641508,4
PLQ,-3.5203142051745377,0.30398809681196565,11
PMQ,-3.7928319817941403,0.3268249654009354,4
PNQ,-4.28038604766639,0.4623707790353883,4
PPQ,-4.299263806294289,1.0790976303757212,7
PQQ,-4.146528312192654,0.5710325976292021,4
PRQ,-3.774733983415812,0.8971746976978269,12
PSQ,-2.4097630409147617,0.9325483023651516,11
PTQ,-2.590871303961816,0.8744698344936719,7
PVQ,-3.683733451888951,0.6195308976265739,8
PWQ,-4.548563403239045,0.8797482456679943,4
PYQ,-2.449085511479724,0.9622831427893951,4
