Translation,mean,std_err_of_mean,len
Q*A,-4.419203001016605,1.4777846331952154,2
QAA,1.071081526466556,2.694233739508598,3
QCA,-0.9247472789527681,0.6671226585736274,5
QDA,-3.0562968999938995,1.8983550485125673,3
QEA,-4.410491250027549,1.576074509132535,3
QFA,-2.6845136409699557,0.4987098302016523,3
QGA,-6.1994854556187935,0.4715394958362928,7
QHA,0.9813022193648608,,1
QIA,2.305351516220063,3.357995248360829,2
QKA,-5.2440740933692735,0.8532707834975118,3
QLA,0.14291156418351836,3.109437977137037,2
QMA,-1.7431967610035,0.4694434823715111,2
QNA,1.8376278213075068,,1
QPA,2.161294703831171,2.6317571108610096,3
QQA,-4.006779420176822,0.7450500096214602,2
QRA,-5.562665336160473,0.7305538446673935,8
QSA,0.5413696108714983,2.0539946360940666,9
QTA,1.515471611374,3.3716038687624237,2
QVA,0.8340472981912663,2.4507239942288583,4
QWA,-5.4159979043008235,0.49161280001005425,4
QYA,-0.4404027497620051,2.8678798639331227,2
