,Translation,mean,std,len
0,G*P,-6.770655350455345,,1
1,GAP,0.4622105518209562,1.8053626430906125,7
2,GEP,-0.9031977065307076,0.5935286983623641,2
3,GGP,-2.002293235156718,1.515412924960807,4
4,GHP,-0.0859761206254408,,1
5,GKP,2.2246055429689378,2.4792748378092773,2
6,GLP,-0.8736761165473634,2.293801777323277,2
7,GPP,-5.572956047251838,0.8154853967056513,5
8,GQP,-1.2241669982186585,,1
9,GRP,-2.049111919029301,1.6721993843040832,2
10,GSP,0.6877475689318154,1.7017103331371028,12
11,GTP,2.1161004865503203,2.13226248538504,5
12,GVP,-1.6359103213888195,,1
13,GYP,1.334715436383581,0.42581476696976095,2
