,Translation,mean,std,len
0,G*P,-4.083944240689228,0.3791661004438941,4
1,GAP,-1.1690041739409138,0.7668099494848866,8
2,GCP,-1.3183080016703748,0.6954692991701502,4
3,GDP,-0.8323422889635026,0.9814743679206624,4
4,GEP,-0.5818809975977309,0.354764019624744,4
5,GFP,-1.4537570492037657,0.7662057055138208,4
6,GGP,-0.5740278665418634,0.791742425011799,8
7,GHP,-1.3564689270471482,0.028206043735319763,4
8,GIP,-1.4084980863378818,0.2488025462529681,4
9,GKP,-1.3723687367581308,0.8507583134230032,4
10,GLP,-1.2365169395833144,0.7201920540334643,12
11,GMP,-1.315416854652353,0.7772192396887501,4
12,GNP,-0.945648406393358,0.7105558787157418,5
13,GPP,-3.3220749889046366,1.6408287231150243,9
14,GQP,-1.3844920047138969,0.5185451782722451,4
15,GRP,-1.499330326742471,0.7145564682274731,12
16,GSP,-0.8469870489847036,0.7271660922553811,13
17,GTP,-1.052958266649263,0.7012291489890844,8
18,GVP,-1.4790220724569347,0.6683420703829053,8
19,GWP,-1.011690669607987,1.5386840737228262,4
20,GYP,-1.4792343695346608,0.5862322311858089,5
