Translation,mean,std_err_of_mean,len
SPS,-0.04873687816620986,0.05599908976214687,3
