,Translation,mean,std,len
0,Y*C,-5.955620380962396,0.21842704677445188,2
1,YAC,-0.3538529525189009,1.7298024300141124,2
2,YCC,1.1627713853353423,3.4638286617009046,2
3,YDC,-6.366630850232551,0.16073649008795418,3
4,YEC,-5.1673237031610775,0.4397391636720992,3
5,YFC,-3.5941893875357067,0.1527503506798781,2
6,YGC,-1.9992204444253328,1.2446028909472109,4
7,YHC,-0.15401956627281746,1.905074480520371,2
8,YIC,-3.4645328179042663,2.1191944462264614,2
9,YKC,-2.240263163192004,1.2519267537709968,2
10,YLC,-4.32299635692374,1.3070911628021995,9
11,YMC,1.9216566420118195,1.7574747387770666,3
12,YNC,1.822083147948556,2.3681115781608066,2
13,YPC,0.29792796038590685,1.4044858835224705,2
14,YQC,1.287020474691479,2.252550755500006,4
15,YRC,-4.350137128988981,1.1183340164810158,8
16,YSC,-0.5144419235022493,1.6689801602344077,4
17,YTC,-0.12446851714742024,2.4125752483150245,2
18,YVC,-1.1130213386080199,0.9105138928339392,4
19,YWC,-2.1183106815713773,0.8530039973279717,2
20,YYC,-4.500690510243472,1.8907433134517169,4
