,Translation,mean,std,len
0,P*G,-6.476011068719036,0.5521221888312003,3
1,PAG,0.20041331044385088,1.9564494002594048,6
2,PCG,0.24274036575367666,,1
3,PDG,-0.5986217257069001,3.254278172737326,3
4,PEG,-1.999528493273172,0.5611722509713581,3
5,PFG,-4.6006489862076085,1.7675302689724426,2
6,PGG,-2.0631569269922063,0.9390020505108194,5
7,PHG,1.4364932535805472,2.958681172379501,2
8,PIG,-1.5619130225998459,0.08685466343446903,2
9,PLG,1.817111188403172,3.0885739789579865,2
10,PMG,-2.70553740160878,1.7430181061017842,2
11,PNG,2.56752802878945,2.487730363099142,3
12,PPG,-4.128080987777913,0.8461293454230875,4
13,PRG,-0.8756770818261126,0.07652047728922863,2
14,PSG,-0.3680194266237701,1.7596703586939908,10
15,PTG,-0.34334508119582,2.6914382679762943,7
16,PVG,0.06312238353979538,2.9610968525783252,3
17,PWG,0.3593714719378518,4.867760614092205,2
18,PYG,-1.972320061498119,1.3181446128129268,3
