,Translation,mean,std,len
0,SAV,-0.7196580367839793,,1
1,SCV,-1.0478147779411475,,1
2,SDV,-2.2952457172144145,,1
3,SGV,-0.5494694686727459,0.6452316559898872,5
4,SRV,-0.36304442920784297,,1
5,SSV,-1.063798181428366,,1
6,SVV,-0.12372291019651847,0.20254049545998934,2
