Translation,mean,std_err_of_mean,len
N*S,0.026388610514063826,0.5850406223185367,4
NAS,0.4312119274969781,1.266872622430447,8
NCS,-0.23777823925416852,0.45618933914628335,4
NDS,-0.10214049493385646,0.37930127072087866,4
NES,0.10724713886903348,0.059924966845877586,4
NFS,-0.023208905289271442,0.48412999516945193,4
NGS,-0.10516721247899104,0.37846331029933145,11
NHS,0.5422133068298065,0.6762261433883284,4
NIS,0.2958623173079793,0.15046074844088717,4
NKS,-0.6294383073417962,0.6638371403709378,4
NLS,0.032311260857985635,0.6020811007689202,12
NMS,0.7459194569064085,0.24189785248597948,4
NNS,0.02437961958750101,0.9884125572427864,4
NPS,0.22835583465838624,1.1079676118939286,7
NQS,0.6595539826790557,0.5905523814535255,4
NRS,0.3130598636581358,0.748846755520163,12
NSS,0.13533119642297287,0.9559626938805568,12
NTS,0.7067333983395828,0.6334099985537276,8
NVS,0.32795717367034827,0.3465685833320933,8
NWS,0.617669071764235,0.4132415603721865,4
NYS,0.49488209170220077,0.9159229623817291,4
