,site_1,site_2,site_3,count_x,proportion_x,count_y,proportion_y,ratio
0,ACG,GAG,ACA,7,5.443234836702955e-05,8,6.507080516987547e-05,-0.2575461259978091
1,ACG,GAG,TAG,4,3.110419906687403e-05,5,4.066925323117217e-05,-0.3868291429427746
2,ACG,GAT,ACA,143,0.0011119751166407464,25,0.00020334626615586083,2.4511140989482527
3,TAG,GAT,ACA,10,7.776049766718506e-05,15,0.00012200775969351651,-0.6498635487765672
4,ACG,GAT,TAG,8,6.220839813374805e-05,11,8.947235710857878e-05,-0.5243326666927093
5,ACG,GAC,ACA,128600,1.0,122943,1.0,0.0
