,site_1,site_2,count_x,site_3,proportion_x,count_y,proportion_y,ratio
0,ACA,CCT,8,CCT,2.144139797914824e-05,3,5.824496278146878e-06,1.880193781380612
1,TAT,GGG,175,CCT,0.00046903058079386775,248,0.0004814916923268086,-0.037828916452776085
2,TTA,GGG,3,CCT,8.04052424218059e-06,2,3.882997518764586e-06,1.0501187828229277
3,TAT,GGT,125,CCT,0.00033502184342419124,181,0.000351411275448195,-0.06890532031934882
4,TTA,TGG,1674,CCT,0.004486612527136769,1006,0.0019531477519385866,1.1998255048465856
5,TAA,TGG,291,CCT,0.0007799308514915172,33,6.406945905961566e-05,3.6056375056516003
6,ATA,TGG,2,CCT,5.36034949478706e-06,2,3.882997518764586e-06,0.46515628210176985
7,TAT,TGT,5,CCT,1.340087373696765e-05,2,3.882997518764586e-06,1.7870843769891316
8,TAT,GGA,373110,CCT,1.0,515066,1.0,0.0
