,site_1,site_2,site_3,count_x,proportion_x,count_y,proportion_y,ratio
0,GCT,AAG,AAG,88,0.0009482043380348466,91,0.0007510791604420637,0.33623302394041943
1,GAT,AAG,AAG,7,7.54253450709537e-05,4,3.301446859085994e-05,1.1919509675594213
2,GCT,ACG,AAG,41,0.0004417770211298717,30,0.0002476085144314496,0.8352574545113836
3,GCT,AGG,AAG,12,0.00012930059155020633,18,0.00014856510865886974,-0.2003664552193385
4,GCC,ATG,AAG,25,0.0002693762323962632,30,0.0002476085144314496,0.12156163966802502
5,GCT,ATG,ATG,48,0.0005172023662008253,44,0.0003631591544994594,0.5101269275856772
6,GCA,ATG,AAG,54,0.0005818526619759285,50,0.0004126808573857493,0.49562735789056056
7,GAT,ATG,AAG,78,0.0008404538450763413,283,0.002335773652803341,-1.474659978467816
8,GCT,ATG,AGG,51,0.000549527514088377,53,0.00043744170882889424,0.329100932910114
9,ACT,ATG,AAG,55,0.0005926277112717791,49,0.00040442724023803434,0.5512459149112701
10,TCT,ATG,AAG,37,0.0003986768239464696,67,0.0005529923488969041,-0.47203977932700525
11,GCT,ATG,GAG,40,0.00043100197183402116,31,0.0002558621315791646,0.7523278300023044
12,GCT,ATG,AAA,53,0.000571077612680078,19,0.00015681872580658473,1.8645889866214311
13,GTT,ATG,AAG,18,0.00019395088732530953,13,0.00010729702292029483,0.8540813288030371
14,GCT,ATG,AAT,35,0.00037712672535476847,42,0.0003466519202040294,0.12156163966802325
15,GCT,ATG,TAG,18,0.00019395088732530953,24,0.00019808681154515967,-0.03044145377702634
16,GCG,ATG,AAG,9,9.697544366265476e-05,7,5.77753200340049e-05,0.747166124886526
17,GGT,ATG,AAG,7,7.54253450709537e-05,8,6.602893718171988e-05,0.19195096755942131
18,GCT,ATG,AAC,4,4.310019718340211e-05,7,5.77753200340049e-05,-0.42275887655578614
19,CCT,ATG,AAG,5,5.3875246479252646e-05,15,0.0001238042572157248,-1.2003664552193385
20,GCT,ATT,AAG,111,0.0011960304718394087,130,0.0010729702292029482,0.15664409882346852
21,GAT,ATT,AAG,2,2.1550098591701056e-05,3,2.476085144314496e-05,-0.2003664552193385
22,GCT,GTG,AAG,22,0.00023705108450871164,21,0.0001733259601020147,0.451710241360356
23,GGC,TAT,GAA,1045,0.011259926514163802,979,0.008080291187612972,0.4787182228663678
24,GCT,TTG,AAG,31,0.00033402652817136636,46,0.00037966638879488937,-0.18476960016831967
25,GCT,ATG,AAG,92807,1.0,121159,1.0,0.0
