,site_1,site_2,count_x,site_3,proportion_x,count_y,proportion_y,ratio
0,TTG,AAG,101,TAC,0.0010882799788809034,99,0.0008171080976237836,0.41345090817400454
1,AAG,AAG,292,TAC,0.0031463143943883543,259,0.0021376868412581814,0.5576123166952822
2,ATT,AAG,363,TAC,0.003911342894393742,327,0.0026989328073028004,0.5352749579994853
3,ACG,AAG,106,TAC,0.001142155225360156,70,0.000577753200340049,0.9832334831200509
4,GTG,AAG,87,TAC,0.000937429288738996,70,0.000577753200340049,0.698256524405581
5,ATA,AAG,78,TAC,0.0008404538450763413,67,0.0005529923488969041,0.6039090739062942
6,AGG,AAG,40,TAC,0.00043100197183402116,40,0.00033014468590859944,0.3845960455018176
7,ATC,AAG,24,TAC,0.00025860118310041267,41,0.0003383983030563144,-0.3879934583951101
8,AAT,AAG,2,TAC,2.1550098591701056e-05,3,2.476085144314496e-05,-0.2003664552193385
9,ATG,AAT,111,TAC,0.0011960304718394087,109,0.0008996442691009335,0.410827587074996
10,ATT,AAT,12,TAC,0.00012930059155020633,2,1.650723429542997e-05,2.9695585462229737
11,ATA,AAT,2,TAC,2.1550098591701056e-05,4,3.301446859085994e-05,-0.6154039544981824
12,ATG,ACG,7,TAC,7.54253450709537e-05,3,2.476085144314496e-05,1.6069884668382652
13,ATG,AGG,198,TAC,0.002133459760578405,126,0.0010399557606120882,1.036672742081512
14,ATA,AGT,1625,TAC,0.017509455105757108,3171,0.02617221997540422,-0.579902113798842
15,TGA,AGT,1297,TAC,0.013975238936718136,731,0.006033394134979655,1.21183121380108
16,AGA,AGT,1156,TAC,0.01245595698600321,226,0.001865317475383587,2.739342765587309
17,ATG,AGT,3,TAC,3.232514788755158e-05,4,3.301446859085994e-05,-0.03044145377702634
18,ATG,ATG,137,TAC,0.0014761817535315224,133,0.0010977310806460931,0.4273456929611559
19,ACC,ATG,288,TAC,0.0031032141972049524,81,0.0006685429889649139,2.2146710440595054
20,ACA,ATG,3,TAC,3.232514788755158e-05,2,1.650723429542997e-05,0.9695585462229737
21,ATA,ATT,3,TAC,3.232514788755158e-05,7,5.77753200340049e-05,-0.8377963758346301
22,ATG,CAG,7,TAC,7.54253450709537e-05,17,0.00014031149151115475,-0.8955118736909178
23,ATG,GAG,127,TAC,0.0013684312605730172,76,0.0006272749032263389,1.1253532188303979
24,ATG,TAG,69,TAC,0.0007434784014136865,68,0.000561245966044619,0.40565766102964673
25,ATG,AAG,92807,TAC,1.0,121159,1.0,0.0
