,site_1,site_2,site_3,count_x,proportion_x,count_y,proportion_y,ratio
0,TGT,AAT,GGG,48,0.0001815335042773832,22,6.783068228416739e-05,1.4202259306580043
1,TGT,AAT,GGT,151,0.0005710741488726013,67,0.0002065752596836007,1.4670105974414511
2,TGT,AAT,GGC,63,0.00023826272436406544,14,4.316497963537925e-05,2.464620050016457
3,TGT,AAT,GGA,54,0.00020422519231205608,31,9.557959776405405e-05,1.095386240350738
4,TGT,ATG,GAT,9,3.403753205200935e-05,34,0.0001048292362573496,-1.6228427912338823
5,TGT,TAG,AAT,30,0.0001134584401733645,36,0.00011099566191954664,0.0316606427403503
6,TGT,TAT,AAT,183,0.0006920964850575235,212,0.0006536411201928858,0.08247443229498685
7,TGT,TAT,ATG,4,1.5127792023115266e-05,2,6.166425662197036e-06,1.2946950485741446
8,TGT,TAC,AAT,264414,1.0,324337,1.0,0.0
