Translation,mean,std,len
Y*Y,0.8945392048896299,0.4080619443779266,4
YAY,0.4881243589070108,1.1644863164393229,5
YCY,0.3759683686619695,0.944214596115567,4
YDY,1.1778657671778483,1.066736380480163,3
YEY,1.4994611788386834,1.1115374592649718,4
YFY,0.16473677609075807,0.6744956742986857,4
YGY,0.19861433178148044,0.8077009594114156,7
YHY,1.8062267163237087,2.5400515334026026,3
YIY,0.14206306792102952,0.1994278033548152,4
YKY,1.303427359334727,1.0903057307380155,4
YLY,0.21238643123790057,0.4505599659671078,8
YMY,0.804602436815173,1.577891546190555,4
YNY,0.21242907067214298,0.3583671004451316,3
YPY,-0.5313962434276479,0.7841926730295075,7
YQY,0.2998044340750312,0.9774030047078918,3
YRY,0.9207982276978869,1.027418735256136,11
YSY,1.926384850082441,1.9865388874248207,10
YTY,0.46042223184907255,1.0959372644345768,6
YVY,0.27757542479295544,0.6850474150308502,7
YWY,-0.773507036152416,0.4875440561860348,4
YYY,0.6943629465796968,0.6865835183045451,4
