Translation,mean,std,len
F*I,-0.23898545625622214,0.37879187027646183,6
FAI,-0.21354023609076064,1.034100183621792,10
FCI,1.0728958977499363,1.4222277563360886,5
FDI,0.8566399663401989,0.3533662629522001,6
FEI,0.988595576808431,0.33250744025352585,6
FFI,0.5725895231294051,1.2784453241399114,6
FGI,-0.445380528867791,0.48569982115469357,12
FHI,2.124141534231033,3.9414028125234934,6
FII,1.2902249883231054,3.1353987851988867,3
FKI,0.2381886124780357,0.6686557475442482,6
FLI,0.06894092381115852,0.9695144439639309,18
FMI,0.4235123333656381,0.563607406745952,6
FNI,0.5264721452194051,0.8292530673883878,6
FPI,1.0349550676722263,1.1767346373845318,12
FQI,1.1044161249994353,1.1243347293711063,6
FRI,0.40973637333371604,0.5673969470193614,18
FSI,1.3850866680040228,2.5548136304899107,9
FTI,1.1426669819784478,1.2913856371038541,7
FVI,-0.19127060424985953,1.9822442439798236,4
FWI,-0.30744039882413465,0.5468402765954283,6
FYI,1.0089301846459093,2.442096551234751,6
