Translation,mean,std,len
V*F,0.5023890426157134,0.250675025304498,4
VAF,0.31997304648018865,0.5594534684926055,7
VCF,0.31877585768373784,0.785524936873711,4
VDF,0.14226004698151162,0.6884372321588681,4
VEF,0.3074537692862585,0.48392669921429904,3
VFF,0.24243717766687722,0.5121273852878964,4
VGF,0.5104757015364886,0.7545816383149113,6
VHF,0.8857370413006761,0.26405323580206813,3
VIF,-0.01385282179236123,0.48823761270888627,4
VKF,0.682748900535957,0.7913420519792018,3
VLF,0.5376959586422392,0.6430177494259662,12
VMF,0.03889808023830096,0.3398294651487432,3
VNF,0.9942133217442309,0.5489456890648031,3
VPF,-0.36512066427500434,0.30967979833901016,8
VQF,0.2314690918750575,0.13314614860393229,2
VRF,-0.0368016843398067,0.5068668524555043,5
VSF,-0.07513336506998543,0.5977017388144584,11
VTF,0.11071223674623895,0.5102452396612299,7
VVF,0.28574344108441296,0.48707032583450727,5
VWF,0.2164946180924891,0.21628106755210713,4
VYF,0.35495248123730994,0.39657585118670463,4
