Translation,mean,std,len
T*I,-0.5468207303320598,0.21832007155478733,4
TAI,-0.2550064637197981,0.7063699771954959,5
TCI,1.127760568864415,1.3373627504689858,4
TDI,3.3709322563951765,3.077319043375073,4
TEI,1.255746282897,2.875687299401136,4
TFI,1.5783124066318537,1.1233281339877672,4
TGI,0.477222925908247,1.4413949746169978,9
TII,-0.9534044311419353,0.2880350536217861,4
TKI,-0.6501416494920076,0.6807909650220761,4
TLI,0.9022482051355274,1.2388150946433545,12
TMI,1.4903627881199213,3.1845574141015227,4
TNI,1.1180559402752113,3.1453913763790764,4
TPI,-0.4857140955796049,0.5587387553922495,8
TQI,0.46937225005250194,1.088611187464733,4
TRI,0.36562391765589375,1.4692130564764685,10
TSI,1.5046095919213953,2.486732177041395,10
TTI,0.5693455272333829,1.1298285794573089,6
TVI,0.4075269177029107,0.2787587593109957,8
TWI,0.13642075624372507,0.2442517259354354,4
TYI,1.1518429858725894,1.8196872528235208,4
