Translation,mean,std,len
D*L,0.8978047884858409,0.4394927737633478,4
DAL,1.0504130349149452,1.1325093528239942,6
DCL,0.27893784410990685,1.089650221925172,4
DDL,1.391764907189888,2.472927476368239,3
DEL,0.8988338598158376,1.5200924467601342,4
DFL,0.54122283803044,0.37382852487108215,2
DGL,0.6327197857340306,2.0345121326314732,6
DHL,0.4561751991296826,0.3760303591153401,2
DIL,0.9448695287093407,1.2461350899471546,4
DKL,1.7810939279251925,1.7041358355810219,2
DLL,1.8512318683323046,2.38965063297352,4
DML,0.8287889201501668,0.9973548834314417,4
DNL,0.903886922808626,1.508239230847475,2
DPL,-0.38504568899208164,1.423234185653144,3
DQL,-0.6372761199268062,,1
DRL,0.39368118352346054,0.2678911967216069,6
DSL,1.812531809766871,2.529767237744245,5
DTL,0.16453339733809003,1.1667946390776593,3
DVL,0.3560613005550837,1.475309696149203,7
DWL,0.8418578709346223,0.4484390545303046,4
DYL,3.464567135488956,1.4549546039335426,3
