Translation,mean,std,len
AIK,0.3553181044522269,,1
AKK,0.0381026707537923,,1
ALK,0.2030296390465178,,1
AMK,0.7284748944536471,0.9968953349736636,3
ATK,0.8352574545113836,,1
