Translation,mean,std,len
K*L,-0.8703911073168136,0.400953302005788,4
KAL,0.28896482296944054,0.8296897182312072,6
KCL,-0.1145091068092263,,1
KDL,0.14861768373220174,0.6714017479236268,4
KEL,-0.03269759029158026,0.8622821382388073,6
KFL,-0.190807312598249,,1
KGL,0.4769668230823385,0.8659063920800362,8
KHL,0.743539448671493,,1
KIL,0.3271533545155782,0.1422843464763843,2
KKL,1.0119308929829398,0.7610235394044682,3
KLL,3.7452741687523607,0.8726699930809263,2
KML,5.370278086104966,,1
KNL,0.8484974539020997,0.6042411765612203,2
KPL,-1.2083540044491985,,1
KQL,0.5254873350360825,,1
KRL,0.6887930202831324,0.7746424520987171,5
KSL,2.220334521323353,3.2802542976537077,4
KTL,0.9782952318027416,,1
KVL,-0.17087472383353214,0.9508229599358007,5
KWL,0.4730249176062369,1.1252825339459411,3
KYL,2.449720700334883,1.9747450515490843,3
