Translation,mean,std,len
L*A,0.858724596155136,0.42832776232069786,4
LAA,0.546816741567908,1.32276718827512,7
LCA,1.1516773123338129,2.2137430139667873,2
LDA,-0.13230542923760988,0.17513921709484875,3
LEA,-0.09633397305149237,0.7363399297080518,4
LFA,0.29659717725919554,0.5586290173677969,2
LGA,-0.4572012414861343,0.8325187197479249,8
LHA,1.1675080678375025,1.3728022658189234,2
LIA,0.4220188252269121,,1
LKA,0.9535550013996285,1.1185216732288121,4
LLA,1.0493692772764354,1.251182012678067,9
LMA,1.1733388401669183,1.0957369245258777,4
LNA,1.408079634269038,,1
LPA,-0.13113014094272543,0.7410963942614575,6
LQA,1.8200915618777262,2.0906217604923922,4
LRA,0.41316565403784905,0.7722741324997896,12
LSA,0.9809144349354818,1.1299374017238435,8
LTA,0.5270648715288571,0.3473861007924563,4
LVA,0.4873869738822479,0.9688493507176362,12
LWA,0.31188953838595146,0.23699640082596582,4
LYA,3.9204938286435835,1.4048487715618887,2
