Translation,mean,std,len
K*A,0.5236845670085645,0.13314729195172664,4
KAA,0.5987723753359515,0.41156164338784107,8
KCA,0.03223085215173914,0.48042124789038876,4
KDA,0.9837108173964725,0.47337028564328115,4
KEA,0.8102581961391221,0.26894081317891094,4
KFA,-0.21508257554815113,0.5991510978600466,3
KGA,1.0376624299381,0.20231507237404042,8
KHA,0.9027290154409228,0.3153460494030403,4
KIA,1.0887953505348722,0.6492092755014554,3
KKA,0.9042310404278164,0.27028785304977426,4
KLA,-0.2715940317472089,0.805270953557831,10
KMA,0.3481196797753949,0.378018305819139,5
KNA,1.2729451694724498,0.3284941089029704,4
KPA,1.231144143276589,0.7048737591284683,8
KQA,0.04689733414854591,0.6969728346972791,4
KRA,0.9570456060524162,0.31144497436781066,12
KSA,0.6345895468590637,0.5996344669342812,12
KTA,0.3929243405986179,0.24770914212187295,8
KVA,0.3955487011851756,0.8748673389919841,7
KWA,0.9698334401105195,0.27836028553921394,4
KYA,0.27506197033672897,0.5440654667294043,4
