Translation,mean,std,len
H*M,0.3764124186555975,0.10461320826982376,2
HAM,0.017364368666321198,0.5962928480206258,4
HCM,-0.015306947253044698,0.3071519338396367,2
HDM,0.10944215281241695,0.04560728828324589,2
HEM,-0.3339313972933376,0.5023128444487572,2
HFM,0.7739068474514439,0.0947026965900571,2
HGM,0.28909734210798876,0.2359522830647097,4
HHM,-0.020763198019305,0.029363596237139314,2
HIM,0.25101553073043975,0.11149245112771576,2
HKM,-0.058742784875196005,0.131592475083088,2
HLM,0.7383909473246963,0.0819075753297888,6
HMM,0.11478767528444725,0.334031023867432,2
HNM,0.08789099961603505,0.1785624538791809,2
HPM,0.5057464068744402,0.17867319166076012,4
HQM,0.3231630321725562,0.14340806416614293,2
HRM,0.5154640139691903,0.12392132815057838,6
HSM,-0.0902301591539419,0.3776964695120749,6
HTM,0.37028918081761963,0.17092243992327694,4
HVM,0.25075148561658933,0.47958399317152617,4
HWM,0.470960846583499,0.00753534583477226,2
HYM,0.3460872439243017,0.12789190542462783,2
