Translation,mean,std,len
C*S,-0.7877552505176573,0.6437158685984605,4
CAS,0.41526363766853874,1.301058792082816,11
CCS,1.0096092953225642,0.9453551798758891,3
CDS,-0.22628578062557425,0.2682014243919213,3
CES,-0.7101233055585219,0.9891735261839885,3
CFS,0.05121197035503444,1.4024638198563466,2
CGS,-0.015903723370051748,0.9242549492481845,8
CHS,1.6782774886093164,2.9924018804595858,3
CIS,-0.0718449864241562,0.6720854520754932,3
CKS,3.049303985556352,3.3628473954122438,2
CLS,0.8957593892573072,1.9515896761772484,7
CMS,1.2106512312705031,2.288532369722608,4
CNS,2.281319469562754,4.343412758190618,2
CPS,-0.2835091639807107,0.6595558073221092,9
CQS,1.541144413245474,0.9916145010151182,2
CRS,0.98908675157882,3.1711177923655725,6
CSS,1.2577602728216235,2.193241023072681,5
CTS,-0.5359139938209024,0.871335997913046,3
CVS,1.3524959877348492,2.6216640760422782,7
CWS,-0.0408916352693822,0.17727509850592546,2
CYS,3.613082896698913,1.1977435533838676,3
