Translation,mean,std,len
Y*P,0.8212731568776364,0.11633856156745466,4
YAP,-0.011504897334872921,0.5327315687160735,8
YCP,-0.41322916738808546,0.8482529831957293,4
YDP,0.09551899460616092,0.7506393215933969,4
YEP,0.574494379472261,0.8690032077586213,5
YFP,0.368583830959157,0.2815566845202642,4
YGP,0.21863732885837361,0.4314912365404101,8
YHP,1.2280249283958495,2.391961596140964,4
YIP,1.5080066366141651,2.4384731297005304,4
YKP,0.14786739886885558,1.9903119270305043,4
YLP,0.5511707603958638,1.0754213121627922,10
YMP,-0.08409476246971773,0.9191894611661985,4
YNP,0.9675672747347427,1.231146678561401,3
YPP,0.9089893573448881,0.40675404350484695,8
YQP,0.4656539599759178,0.6071910028545311,4
YRP,-0.33571231645376814,0.4072083491534109,12
YSP,0.4911718964693463,1.16226559318975,12
YTP,1.0983908325469567,0.8221595005300971,6
YVP,0.6144329765757864,1.238910581414455,8
YWP,0.7262664603879732,0.31073767198908925,4
YYP,0.11426560427278698,0.8568211077555646,4
