Translation,mean,std,len
L*E,2.0604928435759793,1.6532384124014676,6
LAE,1.816859418243386,2.062776986141198,6
LCE,0.18253524654497189,1.0221677266418667,4
LDE,-0.5783300402391562,1.0457066749757542,4
LEE,0.22824990887395313,0.5659386940298102,4
LFE,0.5795780733618431,0.9249789455898964,5
LGE,0.3399285316132463,0.7609316502527922,7
LHE,-0.8025551780086093,1.9134865662431917,2
LIE,2.090743680792644,1.2716213679069017,4
LKE,0.17025799093010185,0.44310999346880764,4
LLE,1.519896382919138,1.3102317046775855,10
LME,1.7663746301211825,2.7943505367922326,4
LNE,0.594742413557059,0.9755203866390981,4
LPE,5.7281673020212915,1.99822649244084,2
LQE,3.0787182655283396,4.191583702656834,3
LRE,-0.8147997652253615,0.9548414530145203,12
LSE,-0.046167482552200004,1.4223851437071215,11
LTE,0.8443768574269027,1.1214652088003254,7
LVE,1.6225869858395736,1.9027576878809982,6
LWE,0.18134042689815552,0.46478882150450884,4
LYE,1.1680439786386594,2.1265902348468275,4
