Translation,mean,std,len
V*A,0.06002978150950089,0.2570822307209359,4
VAA,0.3998342728909275,0.9115540146256421,7
VCA,-0.39721370202223666,0.632244121132941,3
VDA,0.6822355909541049,0.3215287370982283,4
VEA,0.3760810047032622,0.1656170580416793,4
VFA,1.4015188452819525,1.158487851344746,3
VGA,0.4061837090918755,0.34399872241519336,8
VHA,0.049082143097614495,0.9954423053990687,4
VIA,1.9719736608664888,0.025347349218459058,2
VKA,0.27302654040569074,0.40286268332428377,4
VLA,0.21801703136850295,0.44624434442222316,10
VMA,-0.6193586432971975,0.68765028527922,3
VNA,0.49932303352673024,0.35572144403322975,4
VPA,0.6286415654073467,0.9431491706471196,8
VQA,0.7922903212007243,0.42993287683617876,4
VRA,0.2787955769464178,0.42071110891362395,12
VSA,0.5535757119055185,0.4454451874431161,12
VTA,0.02599521642338276,0.7214322116441635,6
VVA,1.0280173259436007,1.1976665871269487,7
VWA,0.28791240474344126,0.22777174451721122,4
VYA,0.4450993077723792,0.47305528018075854,4
