Translation,mean,std,len
G*F,0.42448217750426265,0.6585135062919534,4
GAF,0.9990618405250222,2.4024700113853656,5
GCF,3.4883283706808417,,1
GDF,1.4208114458850294,0.6375887417641305,4
GEF,0.9207250925115344,0.49623974143225413,4
GFF,-0.10509174067142535,3.432613745036356,2
GGF,1.6601258464044477,1.9836843844847813,7
GHF,-0.0624430715095796,0.2872041925103605,3
GIF,-0.2646945216513376,,1
GKF,1.7772617852471702,2.6328613413233932,4
GLF,1.3704537800444294,1.8333390940275907,4
GPF,0.6722430179389797,0.8719448974877745,3
GQF,3.105636735866285,,1
GRF,1.6084629209589125,1.6305733088670868,10
GSF,0.04480952273587369,0.228019181133332,7
GTF,3.2328126474186805,2.167615922954324,2
GVF,0.31440979501130006,2.998850513586192,4
GWF,4.510400012717027,2.274310443384698,4
GYF,0.9547610787743572,0.7464821876268314,2
