Translation,mean,std,len
M*G,0.9600457904239926,0.30133214780224804,4
MAG,1.8775386698137457,2.277675364334288,4
MCG,0.4011350834031918,,1
MDG,0.9835115599473608,0.5243427890426318,3
MEG,2.055120490149952,1.9143429491797028,3
MGG,0.2714180165268184,0.8237753081574232,5
MHG,2.9020878722730705,3.7350342496307793,2
MIG,1.5592301188689004,1.0386009405999657,2
MKG,1.6383258972836257,1.127615290642601,2
MLG,0.3416530895845859,,1
MMG,-0.4175049619088007,,1
MNG,0.22139711718452837,0.1815564320682508,4
MPG,6.279687635705798,,1
MRG,0.1692173550598189,1.3716743165136214,3
MSG,1.0799251254734579,1.4148580521195924,4
MTG,0.1950277422044059,,1
MVG,0.03003070036369953,0.26427431483250624,4
MWG,3.303127013497937,5.1077489736283095,2
MYG,1.3163425964453421,2.007711753789319,2
