Translation,mean,std,len
V*I,0.9233124340475629,0.10266587334492307,4
VAI,1.5386433165817277,1.9880393540457149,7
VCI,-0.06007722558755013,0.5756558849599255,4
VDI,0.08940291566066683,0.44894227190669617,4
VEI,0.9053799259158652,0.4673577951394092,4
VFI,2.2374786619823035,3.1747662799451484,3
VGI,-0.10392751799236058,0.7060431868230731,8
VHI,1.6945769914315478,2.064169465899805,4
VII,0.04044544691737911,0.5220514856681231,2
VKI,1.1854156954402546,1.7287581426582797,2
VLI,0.5426860314866991,2.278301167010536,7
VMI,1.0105469856845015,0.4894636527235565,3
VNI,0.48305991427488704,1.5771574132334616,4
VPI,0.29277550621626264,1.033269192615953,6
VQI,3.327132297704395,2.89077796354795,3
VRI,0.28429123954294416,1.0527809293018184,11
VSI,1.1436205062503544,2.356379791151791,7
VTI,0.11672079408022447,0.594478207267073,6
VVI,0.16725310778569305,1.2943183559342433,8
VWI,-0.2461023197330417,1.0777066010690666,4
VYI,2.029793701880977,3.3946656967977673,2
