Translation,mean,std,len
G*T,1.2599084704402925,0.6669382688602378,6
GAT,1.379979491583775,1.9624311314660114,8
GCT,0.8064231365844132,0.41795126191552767,4
GDT,0.8791099875463357,3.3033531721291394,4
GET,-0.18606125005392227,1.077887825328021,4
GFT,-0.3726310107133761,0.5790827771392825,2
GGT,-0.2413650287440431,0.5703688758477495,8
GHT,2.3393851825652883,2.8424773249084936,3
GIT,1.6061655536688164,4.255711869133458,4
GKT,-0.020363653792062248,1.0633736353316658,3
GLT,1.2788303796012086,2.1527200270314477,11
GMT,-0.6429418673331901,0.2840341306062688,2
GPT,1.2564646315932402,2.632286325303878,6
GQT,1.758250373134219,2.4265910162903563,4
GRT,0.2931013437931935,0.6182921596871391,17
GST,0.768792435368401,2.1034116106881595,11
GTT,2.224248003280851,3.9827167534326264,3
GVT,-0.02251817210715295,1.2276373993621144,7
GWT,0.6197654423505357,0.844136347233714,4
GYT,0.6879373694732873,,1
