Translation,mean,std,len
T*N,0.5231117135447569,0.16451675816187053,4
TAN,0.471126011437018,1.5216069756103536,6
TCN,0.21687516993540415,0.48703682276427335,4
TDN,0.25273958959040055,1.5741340361874534,4
TEN,3.949005921865302,,1
TFN,0.759976319294522,1.7637019855734393,4
TGN,-0.8565950786348852,0.8696968692028957,8
THN,-0.19046566527390163,0.3797950620122877,4
TIN,0.48879677769046226,0.5655322677611749,4
TLN,0.3860532031991402,0.8385198200644546,11
TMN,1.1817204720925183,1.8875371168454638,3
TNN,-0.18631321595188877,0.2896271193125581,4
TPN,0.5540347210702835,1.2538881493076202,7
TRN,0.5481522104258673,1.5601399280980934,11
TSN,-0.21034304767889733,1.0317694094276908,9
TTN,0.28584262554549955,1.209051590199153,7
TVN,1.1454924362109693,1.3085367320255918,8
TWN,0.5918972492122716,1.2207881063295691,4
TYN,1.5237331841834927,0.4674311808373633,3
