Translation,mean,std,len
G*A,1.7019786421033647,0.658409686669772,4
GAA,0.06559661010077811,0.43469891630082275,2
GCA,1.306266013604231,2.6507747515771256,2
GDA,0.6058830440681717,,1
GEA,-0.2727610174100263,,1
GFA,2.0696838020087727,3.268273615331323,2
GGA,0.3159804749927657,0.7950762734821204,5
GIA,0.5952408212519217,0.6983280134889526,3
GMA,5.231324614144398,,1
GNA,3.4778153444673507,3.077178326037057,3
GPA,1.0700062455038348,3.0060548486175533,7
GRA,0.9020978102318197,1.465641376674067,6
GSA,0.47961451970553376,1.1204647786446202,13
GTA,2.38383025258007,3.4123162573843917,3
GVA,0.04707879526937297,0.4547255426463953,3
GWA,2.7025909915971655,3.4492800498074034,4
