Translation,mean,std,len
M*Y,0.6593525318685849,0.029709838617128333,2
MAY,-0.3138900528637638,0.8180857126726387,4
MCY,0.37427769901161767,0.027148238596399723,2
MDY,1.3774884426030929,0.32555025349372335,2
MEY,-0.053928905205037125,0.7731767533527332,2
MFY,-1.025991475160326,0.032037420310626126,2
MGY,-0.13304603756069122,0.771835946690925,4
MHY,2.2862655288905316,1.4193751029298296,2
MIY,0.9734759813554987,2.8127619203097676,2
MKY,0.2761844296969671,0.3905837661937295,2
MLY,0.07675376695568141,1.244027426074593,6
MMY,-0.44342752238928057,0.7877133521525603,2
MNY,0.2642904112107089,0.18636252216058954,2
MPY,1.772051493337098,2.358231144875414,4
MQY,-0.0422054104395242,0.08391620893665484,2
MRY,0.5115869096094435,0.6094519641723147,6
MSY,0.6793379878280044,0.5098398074792138,5
MTY,1.6582528156698606,0.5949730484579902,3
MVY,0.5221946516622253,0.4827532974573865,4
MWY,-0.3374815612110863,1.1447725175992953,2
MYY,0.43071697245065144,1.1159386167863556,2
