Translation,mean,std,len
D*T,-0.27907667090663385,0.9966304472642507,4
DAT,1.091248718998865,0.5566863096326266,4
DCT,0.8201379575694722,0.9737914981502956,3
DDT,0.6594408933320093,1.042124946768031,3
DET,1.48354114241143,1.0056944253229128,2
DFT,0.04058907459133106,0.40628692918395753,3
DGT,0.6351551525406933,1.055803192277345,7
DHT,1.465418988838902,,1
DIT,0.9134737025206924,1.0882053559506646,3
DKT,1.4490377254028193,,1
DLT,0.4916917493407369,1.7805830409758157,6
DMT,0.2806266617158135,0.5064979408265026,2
DNT,1.2244632753585594,0.15977850156380363,3
DPT,0.28485756018692293,0.571085343482776,6
DQT,-0.6902989562060711,,1
DRT,0.5748747563887872,1.3370281413310279,9
DST,1.5428995765880427,1.9499979639203622,7
DTT,-0.2891624966925154,0.4985104490830279,6
DVT,0.08609815773780145,1.4549782480030642,5
DWT,0.7843923313023602,1.278164344596639,2
DYT,2.9893235895461823,0.484001578777235,2
