Translation,mean,std,len
L*G,0.35115051257765456,0.2852435140823531,4
LAG,0.6234607412928195,0.8607812727127853,5
LCG,0.8525085219157573,1.3358681391907035,4
LDG,-0.15105946787564067,0.9291151006619969,5
LEG,0.27336936376950893,0.8951355306297023,8
LFG,1.2262738312282202,0.4077385786521457,3
LGG,0.4332504962615913,1.1295669681464462,8
LHG,1.3777840052831554,1.340131092813869,3
LIG,0.9572778612032433,1.6284557343614654,3
LKG,0.9741414052222469,1.2159280428851715,3
LLG,0.6932014845031252,1.5306185693324208,9
LMG,1.6442077611749417,0.588732465938691,2
LNG,0.5763009822884086,0.4697802895866489,4
LPG,-0.08151224355244328,0.8281150331893995,6
LQG,0.8877353725785082,0.7955612424431591,2
LRG,0.8777021570010511,1.7976850652815164,10
LSG,0.029426291282316403,0.9402961440295183,6
LTG,0.7187274802888738,0.8671326415697437,8
LVG,1.2007964712130321,0.7838300506696672,7
LWG,0.5119565943301266,0.37707021983348155,3
LYG,0.73709997983686,0.8284195487197737,4
