Translation,mean,std,len
RHT,-0.1653090604894371,,1
RQT,0.10861331520087256,0.1536024234113778,2
