Translation,mean,std,len
Y*C,0.5795317858859862,0.23895602178389622,4
YAC,-0.18648273277495028,0.7751764924768734,6
YCC,0.3918043262371998,1.0713020317620299,3
YDC,0.7221411635902442,0.788640745548836,4
YEC,0.03325575616676765,0.2121770920497093,4
YFC,0.0530376689446562,0.24556148837134356,3
YGC,-0.30912916120852313,0.6820381427363567,7
YHC,0.5689676985723473,0.35143636125522715,2
YIC,0.3589280384927125,0.281559027280005,4
YKC,-0.16836742064955226,0.26436583993625595,4
YLC,0.1852458896253868,0.43366583816831017,11
YMC,0.17302398746843162,0.11584841136465443,4
YNC,-0.1636016782178729,1.0805573239269446,4
YPC,-0.39763275823390665,0.7053017237498639,4
YQC,-0.024785948954796706,0.6441261762687249,3
YRC,0.22571565462021867,0.6665136593991118,10
YSC,0.2652690424886016,0.9536591855583076,8
YTC,0.6117371678681054,0.5278173390322237,6
YVC,0.010315690290372872,0.2685745043578165,6
YWC,0.11367975340189829,0.520126715139128,4
YYC,-0.15062517151503338,0.2972654668414247,3
