Translation,mean,std,len
M*P,0.17693466722659912,0.3175303402147811,4
MAP,0.3306669496681123,0.2516795491847554,8
MCP,0.6526332084188403,0.6785824841728187,4
MDP,0.2444345919401833,0.9333117624956256,4
MEP,0.413089089155522,0.38633030109503835,4
MFP,0.24449375358742942,0.2522673156658502,4
MGP,0.3281133403284603,0.14527630033420907,8
MHP,1.2855289014710278,1.1345398833258673,4
MIP,0.7917828723932168,0.5883196433329028,4
MKP,0.7626033765648859,0.30605849849702044,4
MLP,0.33485862323798693,0.4800610831949987,12
MMP,0.4880509252761235,0.24832764575850233,4
MNP,-0.009916626352420438,1.2506821418886072,4
MPP,1.9493097059872746,2.3411494636509382,8
MQP,0.5960678003461988,0.432615929752602,4
MRP,0.4425125276436104,0.9411257637564565,10
MSP,0.44484341323403126,0.44488846006705396,12
MTP,0.5364364565621556,1.2866051591053027,8
MVP,0.775009331404944,0.43710221813710914,8
MWP,0.7177108829576377,0.11983712365055466,4
MYP,0.6885054460250356,0.57745102321105,4
