Translation,mean,std,len
F*N,0.7155917937652843,0.39093668599858744,4
FAN,0.3184085609287617,0.348059295378453,4
FCN,0.05787977011643264,1.4124053574463804,3
FDN,0.7751364136904625,0.2270671230105864,3
FEN,0.06404813930210496,0.5983331523115797,3
FFN,-0.3931243479577269,0.029979534399888277,2
FGN,0.30205200900442664,1.5611014882294472,8
FHN,2.156908431877413,1.786789365141865,2
FIN,1.1504539613916829,0.7662108389869592,2
FKN,0.003943059391594894,0.4035826605292942,3
FLN,1.3577810447315541,1.7803804463453914,7
FMN,1.074557052463343,2.0434625855243773,2
FNN,4.198984174873649,,1
FPN,0.07473580048031361,0.5290763394173891,8
FQN,1.2308190705029665,1.6703470616753096,2
FRN,0.5865400451843421,0.9057401252005706,7
FSN,0.4126242709187692,1.539643890592986,10
FTN,0.741621627515813,1.6850175001145395,2
FVN,0.42055034978636563,1.0543118505043754,7
FWN,1.053778362339035,1.1550251933114986,2
FYN,1.4835793162547528,1.9996153099913716,3
