Translation,mean,std,len
T*I,0.15055087245570353,0.14554157542394236,4
TAI,1.1191553792037963,2.1174549151625683,7
TCI,0.395793137104365,,1
TDI,0.6921907454498621,2.513843656091367,2
TEI,0.6823723285304594,3.5219692578262896,3
TFI,9.480063384733825,,1
TGI,2.670447870051099,3.870096192098631,6
THI,-0.8173366451051907,,1
TII,2.0397958383322163,2.652812531980486,2
TKI,1.5170175840775182,2.0242799588075426,3
TLI,1.0251568776347946,3.0928014168576414,4
TMI,4.288100240999987,0.15051521554255892,2
TNI,-0.5678329842415968,,1
TPI,-1.3226217668653242,0.7188801780348271,6
TQI,1.8878552072717325,,1
TRI,-1.0782258158319271,1.7238766424489986,6
TSI,1.1143613396188745,2.5173470971266236,9
TTI,-0.4087497552571869,1.2096788353117345,7
TVI,0.698533368182411,2.1401499869326734,4
TWI,3.8370152373125297,,1
TYI,0.651939914207691,2.715553981412054,3
