Translation,mean,std,len
A*L,-0.9234308682928883,0.24902942752025806,4
AAL,-0.03102840430426682,1.2099069890312835,7
ACL,1.5989903027422308,1.3162921319281855,4
ADL,-0.3664025218978167,0.4700890886970643,4
AEL,1.9090904627333485,3.139868040124295,4
AFL,-0.007311850539816839,0.3289856186346336,4
AGL,0.3139617177541767,0.6911465710149153,8
AHL,0.7216934726336381,0.35277362000885765,4
AIL,-1.1949808460723503,1.0312018053606637,4
AKL,-0.3076488179007628,0.0726565573389654,4
ALL,0.5093178003796216,1.336388985928335,12
AML,0.9599153671478238,1.317620258211984,4
ANL,-0.4148981831050783,0.26617995042980697,4
APL,-0.19962889341807913,0.6196893000579923,5
AQL,-0.15484383726137815,1.7966406411957008,3
ARL,0.5779099458335416,0.5653052983198099,12
ASL,0.0005369178855604587,0.9560413223009586,11
ATL,-0.45211813709265236,0.4985231231510921,5
AVL,0.06953528973383849,0.9193401120869416,16
AWL,0.47735335412006275,0.36854575149722596,4
AYL,0.8637247454088969,1.8169725948753197,4
