Translation,mean,std,len
G*T,0.5268654255260754,0.30605899087432475,4
GAT,0.308855407430472,1.294992489416115,8
GCT,-0.966325307502875,0.9248837754616828,4
GDT,0.08402558798963475,1.105503456749274,4
GET,0.314594448689836,1.3359272174964913,4
GFT,0.42348717090871846,0.30906106877348505,4
GGT,-0.4189414414240315,0.71578874666165,7
GHT,-0.5245142219672649,0.3139072269699879,2
GIT,-0.44032245645986495,0.31309534309405984,3
GKT,1.2411830178117713,2.5391710191278585,4
GLT,0.3098462565754705,0.9540181167492365,9
GMT,0.6417586121606618,0.7788948230631607,4
GNT,1.1303506570788597,0.4420188548797792,3
GPT,0.3733501743322165,0.6755187037018096,4
GQT,1.2664858811716853,,1
GRT,0.43042388472582577,0.802645857313026,9
GST,0.04120008333555939,1.0000434101862927,6
GTT,-0.024271425556762535,0.7371486876621739,9
GVT,-0.06740834475514763,1.6756861084759274,5
GWT,-0.025065658244838973,1.200748785651799,4
GYT,-0.17938674267744298,1.0561837910886587,4
