Translation,mean,std,len
G*T,-0.0942718382530412,0.4592228136091476,4
GAT,1.8584310932275832,2.7742023742219515,6
GCT,1.0829893716909775,2.0155855012579624,4
GDT,-0.8071389716877804,1.1996271018180873,4
GET,-0.9184606304550801,0.34604665246224897,3
GFT,0.07378116447699413,0.4314444336049992,3
GGT,-0.3891352216729733,0.5830411453305087,8
GHT,3.3207553319796723,,1
GIT,0.7525065618934793,1.3921847161893657,3
GKT,0.35648184673640476,1.1784036859764278,3
GLT,1.6193260343815035,2.1493865746397156,7
GMT,0.7673411755538875,0.9230691364834862,4
GNT,1.3478479914435455,0.2653811796250498,3
GPT,2.0265241615996192,2.8657370560819206,4
GQT,-0.4741075342782999,0.21361367913731819,2
GRT,-0.3047771837464022,0.8458600138654332,11
GST,-0.22308168649328877,0.4311905767877349,7
GTT,0.8952156080758176,1.203402068331256,3
GVT,0.24864823239081746,0.47741499010757965,12
GWT,0.8030763676259266,1.8306765710262922,3
GYT,3.423652155719944,2.584562640278156,3
