Translation,mean,std,len
G*M,0.8153557062848811,0.3047342181787625,4
GAM,0.04285393974068546,1.3049364598579953,7
GCM,0.09218089263140537,0.2762809172106987,4
GDM,1.0533459561900678,0.23765822533366227,4
GEM,1.062221841020036,0.16388647518485716,4
GFM,0.9379562673645263,0.47609073216145065,4
GGM,-0.583270144923118,0.3411956053178733,8
GHM,1.0443681061979495,0.21640874976499025,4
GIM,0.7931782209173271,0.14939290978387332,4
GKM,0.7618101537123994,0.3159384423557018,4
GLM,0.05888231156426432,0.43482955336681267,12
GMM,0.7748238497491787,0.35495152061657975,4
GNM,0.2759210766053401,0.41862221623614215,4
GPM,0.5911742565562145,0.280469818229265,8
GQM,0.1409433297834299,0.2945566820043305,4
GRM,1.089929862966324,0.5651065143286544,12
GSM,-0.3340675597222047,0.7834314530716173,12
GTM,-0.0028135725663985534,1.170473802685994,8
GVM,-1.1910159457772047,0.9265758664017298,8
GWM,0.9725959728215013,0.4463409505347892,4
GYM,0.7274692510969046,0.1538193699393702,4
