Translation,mean,std,len
D*F,-0.8448499782613929,0.6900754077443394,4
DAF,-0.6174259274771491,0.7156324996562331,8
DCF,0.14281616564029992,0.7018784205127736,4
DDF,-0.4852556861623104,0.270190440971609,4
DEF,0.222488523450035,2.0154329771294246,4
DFF,-0.39751028491578466,0.865634613718106,4
DGF,-0.5382473444980904,0.19320269154246805,8
DHF,-0.030704334179245694,0.48799460489236013,4
DIF,-0.5527577412938057,0.11331970329161382,4
DKF,0.1296885406144166,0.7187933535319341,4
DLF,-0.40824290709488437,0.384908247896903,12
DMF,-0.21566079254684292,0.6968400780338371,4
DNF,-0.5446709655478479,0.5519616646721383,4
DPF,0.11560969723850538,1.816751447911457,8
DQF,-0.3928369455123303,0.6468852632487766,4
DRF,-0.15707979402446356,0.3188368117292373,12
DSF,-0.292345671212873,0.4175920958751445,12
DTF,-0.3211508991195807,0.5851514372219373,8
DVF,-0.5147073736623851,0.5895073635235103,8
DWF,0.5083360788502345,0.13828376948625762,4
DYF,-0.1260147328979122,0.8167973852440336,4
