Translation,mean,std,len
V*C,0.9772299196174147,0.4532068620558943,4
VAC,0.6616751287042383,0.6542530262499278,8
VCC,0.10585248242379452,1.443121605249278,4
VDC,-0.04229317214337326,0.5577940307294305,4
VEC,-0.1989547668571324,0.5159280419712614,3
VFC,-0.08034802298932611,0.70604952783525,4
VGC,0.3182335021208925,0.6377949352266402,8
VHC,1.1125548593917696,1.2512930078614468,3
VIC,1.3484098725710019,0.6135262387251141,4
VKC,0.3176196564713896,0.3393744655133389,4
VLC,0.4695305437702095,1.0260333521950311,11
VMC,0.7381445246809337,0.14119884817658396,4
VNC,-0.11290655005124249,0.5662102588217124,4
VPC,1.3973304386769274,0.4179913309527215,8
VQC,1.2911847866068913,0.5385219122214523,3
VRC,-0.11021851685580354,0.7294429562577965,12
VSC,0.5857317598436523,0.945845245135702,11
VTC,1.8212841586829844,2.1517454529332687,6
VVC,0.6035327835099499,1.2444195829915683,7
VWC,-0.26411304312502404,0.7653311460984942,4
VYC,-0.13714938524443207,0.6193462261268039,5
