Translation,mean,std,len
G*W,1.1019962771063816,0.3083696204675321,4
GAW,0.770008456668961,1.5399051026333517,7
GCW,0.625022545759409,0.1510665856669173,4
GDW,1.5579726670871838,1.3679642468267075,4
GEW,1.9247371870241423,0.29003698119213756,4
GFW,0.18167668862175262,0.5898180320860115,4
GGW,1.3337438032071116,0.39001570913937433,8
GHW,0.6360709720801403,0.6262829530498043,4
GIW,-0.1779047736567696,0.8623207261801891,4
GKW,1.2002321976157562,1.123112233469124,4
GLW,0.4117807729444641,0.7067781857776074,11
GMW,0.7480943600309166,2.583679885352678,3
GNW,0.6531459797784704,0.831394649102329,4
GPW,0.5118957653528395,0.7929707883188156,8
GQW,0.48240683071005663,0.82353099248422,4
GRW,1.317923310436428,0.4937609988614771,12
GSW,0.7059235031538321,0.8608878082697001,12
GTW,0.8009760018038099,1.4515414940925258,8
GVW,0.6919552293413256,0.7554049904224848,7
GWW,1.5758270354046375,0.1648727836326766,4
GYW,1.0061732934204974,1.4743341422236464,4
