Translation,mean,std,len
D*V,1.6200908397507099,0.3185910616122525,4
DAV,0.8955722847577706,1.2831901696420656,8
DCV,0.9309332206710732,0.7240826397647652,4
DDV,1.1400128104231966,0.12969802155781782,3
DEV,0.44813820134192905,0.6091762051150419,3
DFV,0.09038341130657557,0.5536565290143552,4
DGV,0.5934382138336651,1.0190852930206213,8
DHV,1.2676480644679156,2.0046766584902986,3
DIV,0.7084945155126959,1.1870524312783441,3
DKV,1.2739141344680451,1.594365155881496,2
DLV,0.24993803168796574,1.0271991578616542,7
DMV,0.34323870243330656,0.4718500706427458,2
DNV,0.879794748575344,0.6051164311837118,3
DPV,0.5522238353278937,0.7464144893721576,8
DQV,1.1583381279904983,1.4687394973474175,4
DRV,0.4226529448495814,1.0541948266109957,11
DSV,0.8121917253882003,0.8635418448850537,9
DTV,0.8775478452405387,1.6177192484399687,8
DVV,0.520249795515306,0.6055293582615591,11
DWV,1.5693762190695792,0.8220082622458575,4
DYV,1.7371379416179726,1.8668741695891025,4
