Translation,mean,std,len
D*L,0.579572677633828,0.0575262353749184,4
DAL,0.06857942860033,0.7740011034051154,7
DCL,0.422508740916609,0.7888135542409049,3
DDL,-0.15299854431623583,0.6301775767762475,4
DEL,-0.5307400544576082,0.5690989837478307,4
DFL,-0.20420667094949985,0.28701755723118655,4
DGL,-0.48160439194568994,0.356114726510482,8
DHL,1.0959273181693527,1.5918740553721562,3
DIL,1.015663738028395,0.9154471688767488,3
DKL,0.5163743801766416,1.337588738135577,4
DLL,0.5850576193675593,0.6758870324999297,6
DML,0.02575772671266872,0.3062112371714626,6
DNL,-0.26886478586506907,0.5555117212404019,3
DPL,0.1294743694663349,1.1910762078938173,7
DQL,0.7905342372851194,0.7432463918158537,4
DRL,-0.2490414874004664,0.9929045971919457,11
DSL,-0.23547919938294726,0.7639629590183107,10
DTL,-0.3982811086212079,0.4702818581769187,2
DVL,-0.17659933892675908,0.48994644598875037,6
DWL,-0.6548053228958131,0.14536897730508697,4
DYL,-0.25481587981182385,0.6388057634548318,4
