Translation,mean,std,len
I*T,0.7182410148073202,0.3157160792807973,4
IAT,-0.42997611786664414,0.4655056709935853,8
ICT,0.01638792957485612,0.30709230926955317,5
IDT,0.10543015088033711,0.14731775728686267,4
IET,0.24360125597109358,0.14639367164010827,4
IFT,-0.10133688538329487,0.0964969599434183,4
IGT,-0.7403594475024673,0.360220789341983,8
IHT,-0.2254567128423247,0.3382206488194719,4
IIT,-0.7581271831639975,0.6964669825021319,4
IKT,0.2910988992030199,0.29636972569352976,4
ILT,-0.03242145094179156,0.6991340732462484,11
IMT,-0.5163990112556223,0.7396561218432907,4
INT,-0.6931064815621477,0.4537564557326829,4
IPT,-0.07912665342572289,0.5040975732943411,8
IQT,-0.09359591718419358,0.10727921548622348,4
IRT,0.5263597765021193,0.24490252434875642,12
IST,-0.3463497407103129,0.3593376454021133,11
ITT,-0.2810781313588092,0.6894885285344754,7
IVT,-0.8141605687464918,0.4379834520397063,8
IWT,0.5831250785492285,0.07972350039998423,4
IYT,0.17450592235506052,0.20461277273448106,4
