Translation,mean,std,len
V*C,0.698686834712392,0.08392914440649829,4
VAC,-0.7725852593246703,0.44157990191763835,8
VCC,-0.6759110702222842,0.2559758375291786,4
VDC,0.9546956429546359,0.16426229156788114,4
VEC,0.8479904297893422,0.06645522948598656,4
VFC,-0.6892646389962698,0.3044037591987072,4
VGC,-0.6036722244217045,0.07801583638774394,8
VHC,0.8980605879014266,0.06604128759806971,4
VIC,-0.25712514294840466,0.5087811692926228,5
VKC,0.39834302208649286,0.09407323328718464,4
VLC,-0.4416570189858378,0.3624495166282332,12
VMC,-0.584356209719836,0.2455104169085892,4
VNC,0.09288998440764357,0.09594569257016268,4
VPC,0.9070256433039436,0.11015307862906856,8
VQC,-0.32068256934149797,0.1686780548922172,4
VRC,0.6053830712892084,0.18915917342970898,12
VSC,-0.3185587967973385,0.5467398077599263,12
VTC,-0.8454607825729029,0.270936515956915,8
VVC,-0.6963204860612738,0.4663567127521921,8
VWC,0.3311327303233819,0.13502100885069704,4
VYC,-0.2947051444604828,0.21336170577756142,4
