Translation,mean,std,len
E*L,0.7868482106029373,0.17056093867251132,4
EAL,-0.035826614104367285,0.6865243085314298,8
ECL,-0.6567152896358688,1.0270797276504282,4
EDL,-0.0466611021301789,0.326990302211683,7
EEL,-0.21441189725530307,1.0749320948598138,4
EGL,-0.002501267455719991,0.6332593323022381,8
EHL,1.6180747410292775,1.9560920175025869,2
EIL,1.2772341620886527,0.055644093449760186,2
EKL,0.5332886517299128,0.42923203129256987,3
ELL,0.8484147568188719,1.5871678642639306,7
EML,-0.1545444013145571,,1
ENL,-0.3358118803585768,0.5251843946767021,3
EPL,-0.09530180341925247,0.615652387025505,5
EQL,0.29524114426761994,0.3517853828498129,2
ERL,0.7328853853526562,1.0614295250407368,9
ESL,0.6916405105292069,1.1146757337193267,6
ETL,0.7945526393969022,0.6958995891639153,4
EVL,-0.06475783862086765,0.8372172833382023,9
EWL,-0.10317901904082157,0.9222213076043667,3
EYL,0.16273878420302765,0.31363873026714556,3
