Translation,mean,std,len
N*L,0.9240343460292915,0.18324910510632536,4
NAL,0.7829355831288991,0.32882474169254866,8
NCL,0.007583690901513868,0.4449972445066832,4
NDL,1.3341387889851473,0.12596451339409384,4
NEL,1.2482199659384083,0.13352917362463107,4
NFL,0.17690022438001796,0.4457829471492249,6
NGL,1.2131562080111622,0.13407189548984244,8
NHL,1.0621777108878707,0.6839621449644637,4
NIL,-0.04489358485308671,0.5627166505598438,4
NKL,1.131958690850437,0.23434987980870825,4
NLL,0.33608423385066294,0.5058227617914474,13
NML,-0.0892012780888458,0.1305302640829089,4
NNL,1.3205912193727627,0.2903479727268341,4
NPL,0.6577949405331083,0.5927096029562244,8
NQL,1.4322568731010734,0.19817437312356934,4
NRL,1.3986213926745599,0.19134189040297014,12
NSL,1.3518129423667222,0.1735943166627664,12
NTL,0.09308490724295992,0.4744582872089884,8
NVL,-0.5225388596161131,0.5897881993925141,8
NWL,0.42600991084209827,0.5214612702457897,4
NYL,0.07679593942495175,0.7669913326077805,4
