Translation,mean,std,len
R*I,0.617403008288135,0.5132682485196766,2
RAI,0.1529267238843117,0.22641932408366236,4
RCI,1.8551043344753335,0.6885481453916061,2
RDI,0.5885116048072812,0.061120683021899054,2
REI,1.7120965953728031,0.6560033525426724,2
RFI,0.0828490609424825,0.08208528549362885,2
RGI,0.8351437877230492,1.0656335805026675,4
RHI,0.6783213766223066,0.06841896530961088,2
RII,0.47396901664244595,0.2617357920156266,2
RKI,0.8398962965919718,0.5418808690775511,2
RLI,0.20731558341953957,0.6477581092812387,6
RMI,1.0132121480786958,0.3053282291916364,2
RNI,0.053732655789739514,0.44670572822244586,2
RPI,0.3755201560209812,0.1280976181993088,4
RQI,0.5933072931038244,0.30037251258665226,2
RRI,0.8262338898750526,0.27510795215123385,6
RSI,0.38425802872796955,0.7133167711907746,6
RTI,0.45381240063813477,0.22022281905590876,4
RVI,0.24458058161187446,0.5772352741340363,8
RWI,0.35549929483114356,1.069301492834995,2
RYI,0.16113724448210306,0.1604779819600436,2
