Translation,mean,std,len
T*N,0.5163629790130538,0.20041136229726828,4
TAN,0.22530237656746063,1.1833586552642168,9
TCN,1.0027231778979238,0.5685626111529177,4
TDN,0.763480112154762,1.8727276301809304,4
TEN,0.22797126638903653,0.520604228545805,4
TFN,0.8744265044943731,0.4965789878245216,4
TGN,1.4285679623036351,1.9523944178107875,6
THN,1.3093924685254852,1.2635337377093772,4
TIN,0.5367925224780465,0.9141115588978834,4
TKN,1.2814823785281124,0.548532515256982,4
TLN,1.9099329792502677,1.327105764404571,11
TMN,0.6925157346358035,0.6212600248034699,4
TNN,0.2347765430914439,1.5016758839449023,4
TPN,0.6448777283159801,0.9117265001497122,8
TQN,0.4020054844694272,1.1313016358606287,4
TRN,0.9094587563612829,1.7303095492889389,9
TSN,0.07216605273348797,1.2813019796759981,11
TTN,1.2777384471227875,0.4170641165897875,8
TVN,1.264739699530691,3.127508391660271,7
TWN,0.19673689851851175,2.782802623763998,3
TYN,0.5737582032496653,1.6086343472846265,4
