Translation,mean,std,len
F*V,1.1133767255899574,0.42779028240369954,4
FAV,1.2505985514642193,0.3316388150006804,8
FCV,1.830121792260781,0.16174236350318605,4
FDV,1.253529640079337,0.5427302764343368,4
FEV,1.2889434542778206,0.12842104924406958,4
FFV,1.3109118977443022,0.23466774263206325,4
FGV,1.1630866582245432,0.1871407302944552,8
FHV,1.8764685714647347,0.46940575099357035,4
FIV,1.3280377071801455,0.38093477119393016,4
FKV,1.0868163900142487,0.6637050725750497,4
FLV,1.2015713791897487,0.5535904908914747,12
FMV,1.39939477269676,0.6176777948208524,4
FNV,1.4590911456437365,0.14660110256444603,4
FPV,1.5861988557537066,0.8752994502298437,8
FQV,1.5557701776812976,0.18929338283206687,4
FRV,1.1725298113671612,0.3935576139382861,12
FSV,0.9695643818979515,1.6769408158523684,11
FTV,2.8801224314177114,2.66649469688756,4
FVV,1.3708416989086916,0.2991243278401203,8
FWV,1.457991467771869,0.15665912732712112,4
FYV,1.5434809787513641,0.31045301483960264,4
