Translation,mean,std,len
F*R,1.2089564561759851,0.23694493820645554,2
FAR,0.9305250258828449,0.5064342988304997,5
FCR,-0.518510023096598,0.048705633906517304,2
FDR,1.5506130124762982,1.0058287770741956,3
FER,1.0981299345800202,0.5229467066750199,2
FFR,0.7407460327326113,0.5508862027177952,3
FGR,0.1807057977022286,0.5386376480510972,5
FHR,-0.19843986041081596,1.2307354848683867,2
FIR,0.86186567431804,0.08997871656411566,2
FKR,1.6742737260463842,0.5996725469015107,2
FLR,1.7348461713386236,2.134303591975692,6
FMR,1.3487748149972782,0.1779847438949521,2
FNR,1.8497194493226607,1.9849937800996513,2
FPR,3.7160308894126235,0.9020145090179287,2
FQR,0.7183520317565968,0.11880127955747091,2
FRR,-0.05708690293819559,1.0332593075466312,6
FSR,-0.5489739911251951,0.7918848150129502,6
FTR,1.2133190362399533,0.6549188119082984,4
FVR,0.6410949934510058,0.4146191626542427,11
FWR,0.8319750554602235,0.39372232444726135,2
FYR,-0.18347046517132076,0.1318854826631041,2
