Translation,mean,std,len
T*S,1.0840331877807743,0.2754186806219893,4
TAS,0.0221647423460406,0.8530581001126326,8
TCS,0.6151828879263306,0.32983086297161673,3
TDS,1.089460987434756,0.18767748759972705,4
TES,1.3055337734573027,0.3058404207247189,4
TFS,0.34240596031508774,0.4694119465779196,8
TGS,1.7874705570448681,0.30693002132594854,8
THS,-0.4516985634786457,0.23498153487842902,4
TIS,0.7349106697796195,0.032414227064673354,2
TKS,1.7444383796317509,0.4942488126291344,4
TLS,0.8106774186792011,0.9316710977944255,10
TMS,2.546199715922109,3.3975943947134044,2
TNS,1.587596684090896,0.09335367082599569,4
TPS,1.5950199975364843,0.35163989750211194,8
TQS,0.9215937971381732,0.35959111293388224,3
TRS,1.4133454890069486,0.4758259312228009,12
TSS,1.370043775243427,0.28637886141204705,12
TTS,0.7488426648814936,0.8993728810323085,8
TVS,0.3839573286249971,0.5699183879436653,7
TWS,1.6838593471557175,0.15060549828013975,4
TYS,-0.14094031604547885,0.20034622586521664,4
