Translation,mean,std,len
L*C,1.1754650948653906,1.5586176207077174,5
LAC,-0.1164079471633485,0.4969227824589305,12
LCC,-0.6406279631976575,0.4902628447922062,4
LDC,-0.08483292516579702,0.29934943176918316,5
LEC,0.09661805171597872,0.42670422506306993,4
LFC,0.4209959152872168,0.8959757969481248,5
LGC,-0.621023996370336,0.3481389788594984,8
LHC,0.2157769388257339,0.4012788632337208,4
LIC,-0.6421994100912944,0.3782620799227266,4
LKC,0.20443809836966442,0.19953115057085288,4
LLC,-0.43691103978132523,0.5939508504475414,12
LMC,-0.8208247071491805,0.2033999648183581,4
LNC,-0.4662280413909943,0.7344765915874661,4
LPC,-0.3187265857582518,0.5116177759265863,9
LQC,-0.309970785243056,0.6454321233169606,4
LRC,0.7198429672314614,0.15092935749574138,12
LSC,-0.22128433995755034,0.658734913565561,13
LTC,-0.26208868602329805,0.7521206329499994,9
LVC,-0.4754909313922575,0.7677943873818748,9
LWC,-0.3027436430735275,0.10296759748575643,4
LYC,0.1719543190119222,0.3965666935398869,4
