Translation,mean,std,len
Y*G,0.485246659796576,0.36938838159274706,4
YAG,2.414585178734818,,1
YCG,-0.9037980903966734,,1
YDG,1.9954480049383139,2.7982717749940913,2
YEG,2.1773722939305538,1.092055280577,2
YFG,0.132780701130783,2.1446671999617393,2
YGG,0.7261276250288393,1.7571275377367679,5
YHG,0.6716941097611205,,1
YIG,0.6723369422315582,0.04759401572725321,2
YKG,0.5137129712951108,1.4762750262950852,3
YLG,3.5931334325414195,3.0934356968421097,4
YNG,0.2165060553307951,0.6639391352450832,5
YPG,1.3977926497497284,2.5549315350240738,7
YQG,-0.3762272147018271,1.2583554566357613,2
YRG,1.80491342340555,2.8479123292343385,4
YSG,0.2923035867313786,1.3114625086098586,4
YTG,1.0540867961432567,0.29922378075398487,3
YVG,1.5650048706358108,1.956186358939861,5
YWG,0.0353467042164723,,1
YYG,0.498662038275949,0.30319010681852215,2
