Translation,mean,std,len
S*G,0.1559255955163819,1.0775014015100257,4
SAG,1.9096929526038833,3.4135245945142594,6
SCG,2.526581494767216,2.8231916603502194,4
SDG,-0.2892468046064277,1.2660521411792502,5
SEG,3.013659845521151,3.2480377464884502,3
SFG,2.089221473542589,2.7768088586661612,5
SGG,1.0125826713410762,2.937559670561107,11
SHG,-1.6006565210721515,1.2193080858665868,4
SIG,2.4866380020614374,3.353590145272522,4
SKG,-0.3774753266634174,1.141678191412525,3
SLG,1.8769777467943438,3.0467526742119864,5
SNG,-0.41411714422111184,0.4462230088900281,3
SPG,3.2181545433681813,4.408895388927917,3
SQG,0.6467627714377466,0.8264026433287028,4
SRG,0.011784590648559265,1.4409232351172796,12
SSG,3.2143424605972615,2.5182010441283005,7
STG,6.219860926940422,0.4456493678115026,2
SVG,0.8483429066549741,2.64095121635754,13
SWG,0.7145961468297367,3.268290658225775,4
SYG,-1.1588823877614975,1.018423266481525,4
