site_2,count_x,proportion_x,count_y,proportion_y,ratio
AAG,1203,0.0024157887761208415,1292,0.001572750036214639,0.6192049231265102
AAT,497974,1.0,821491,1.0,0.0
ACG,756,0.001518151550080928,1193,0.0014522374560402974,0.06403844717020313
ACT,974,0.0019559254097603488,861,0.0010480942578798794,0.900082885329855
AGG,936,0.0018796162048621012,1354,0.0016482225611723074,0.1895270466527652
AGT,1322,0.0026547570756706176,1520,0.0018502941602525165,0.5208252038211025
ATG,242,0.00048596914698357743,758,0.0009227124825469786,-0.925016450252139
ATT,640,0.0012852076614441718,859,0.0010456596603005998,0.29758812439325766
CAG,285,0.0005723190367368578,435,0.0005295249734933189,0.11212086896037121
CAT,218,0.000437773859679421,821,0.000999402306294287,-1.1908797363565196
CCG,355,0.000712888624707314,1319,0.0016056171035349139,-1.171379284215142
CCT,516,0.0010361986770393635,2205,0.0026841438311557887,-1.3731613343772704
CGG,204,0.00040965994208532977,867,0.0010553980506177183,-1.3652884906059821
CGT,406,0.0008153036102286464,420,0.0005112654916487216,0.6732647501634119
CTG,621,0.001247053058995048,552,0.000671948931881177,0.8920993520866709
CTT,368,0.0007389944053303988,1342,0.0016336149756966296,-1.1444326494988122
GAG,360,0.0007229293095623467,1241,0.0015106677979430086,-1.0632599531563223
GAT,642,0.0012892239353861849,738,0.0008983665067541823,0.5211268317062672
GCG,435,0.0008735395823878355,516,0.0006281261754541437,0.47581868595719357
GCT,809,0.0016245828095442735,190,0.00023128677003156456,2.8123146347433874
GGG,1151,0.0023113656536285026,1339,0.0016299630793277103,0.5039062234522778
GGT,193,0.00038757043540425806,255,0.00031041119135815243,0.3202779510535816
GTG,654,0.001313321579038263,516,0.0006281261754541437,1.064093920719186
GTT,1281,0.00257242345985935,668,0.0008131555914793954,1.6615248185119516
TAG,18794,0.03774092623309651,12607,0.015346485840989129,1.2982214960560814
TAT,648,0.001301272757212224,769,0.0009361027692330165,0.47518456556715627
TCG,221,0.00044379827059244057,277,0.00033719176473022834,0.3963347439866016
TGG,613,0.0012309879632269958,552,0.000671948931881177,0.8733931575569702
TGT,498,0.0010000522115612461,374,0.00045526974732529026,1.135281822824803
TTT,513,0.0010301742661263439,597,0.0007267273774149687,0.5034022449866065
