site_2,count_x,proportion_x,count_y,proportion_y,ratio
AAG,43119,0.3102934615218549,35315,0.1648008063876354,0.9129099950398079
AAT,138962,1.0,214289,1.0,0.0
ACG,998,0.007181819490220348,2937,0.013705789844555717,-0.9323641734711599
ACT,1060,0.007627984628891351,1531,0.007144557116790876,0.09445735346720419
AGG,10584,0.07616470689828875,14466,0.06750696489320497,0.17408628147142524
AGT,4414,0.03176407938860983,9874,0.04607796013794455,-0.5366806439450524
ATG,10554,0.07594882054086728,11294,0.052704525197280305,0.5271007237282581
ATT,4026,0.02897194916595904,5434,0.02535827783973979,0.19219997821579504
CAG,4913,0.03535498913372001,7454,0.03478479996640051,0.023456791538598587
CAT,16360,0.11773002691383255,19953,0.0931125722738918,0.3384344430359221
CCG,8456,0.06085116794519365,10159,0.04740793974492391,0.3601562557715061
CCT,6317,0.045458470661044026,5919,0.027621576469160806,0.7187534869521226
CGG,6283,0.04521379945596638,9958,0.046469954127370046,-0.03953506380351435
CGT,5236,0.037679365581957655,5610,0.02617959857948845,0.525331697965516
CTG,10253,0.0737827607547387,12673,0.05913975985701553,0.3191553865945682
CTT,9266,0.06668009959557289,8066,0.03764075617507198,0.8249606481438256
GAG,20487,0.1474287934831105,17855,0.08332205572847882,0.8232479773346171
GAT,32874,0.23656827046242856,31103,0.1451451077750141,0.7047606406258273
GCG,2470,0.01777464342769966,5817,0.027145583767715562,-0.6108968908394781
GCT,2403,0.017292497229458414,2820,0.013159798216427349,0.3940088573601406
GGG,35026,0.2520545185014608,33476,0.15621893797628436,0.6901664594291606
GGT,37706,0.27134036643111065,35524,0.1657761247660869,0.7108674451804078
GTG,4008,0.028842417351506167,5684,0.02652492661779186,0.12084332546885879
GTT,2837,0.02041565320015544,4964,0.0231649781370019,-0.1822695933395675
TAG,17399,0.1252068910925289,21630,0.10093845227706509,0.31083809639978144
TAT,24591,0.1769620471783653,24701,0.11526956586665671,0.618428325913225
TCG,2799,0.020142197147421596,3428,0.01599708804464998,0.33241174897684544
TCT,1898,0.013658410212863948,3040,0.01418644914111317,-0.05472395979340838
TGG,20205,0.14539946172334883,19244,0.08980395633933613,0.6951710185050302
TGT,5086,0.03659993379485039,9800,0.04573263209964114,-0.3213829156833965
TTG,17754,0.12776154632201608,13325,0.062182379870175324,1.0388759408976074
TTT,11497,0.08273484837581498,14778,0.06896294256821395,0.26267379468900387
