site_2,count_x,proportion_x,count_y,proportion_y,ratio
AAG,92807,1.0,121159,1.0,0.0
AAT,111,0.0011960304718394087,109,0.0008996442691009335,0.410827587074996
AGG,198,0.002133459760578405,126,0.0010399557606120882,1.036672742081512
ATG,137,0.0014761817535315224,133,0.0010977310806460931,0.4273456929611559
GAG,127,0.0013684312605730172,76,0.0006272749032263389,1.1253532188303979
TAG,69,0.0007434784014136865,68,0.000561245966044619,0.40565766102964673
