site_2,count_x,proportion_x,count_y,proportion_y,ratio
AAG,339,0.0005330590987999094,376,0.0004925656645051418,0.11397942473892364
AAT,345,0.0005424937731149521,338,0.00044278509202855834,0.2929999286635656
ACG,163,0.0002563086522253252,115,0.0001506517324949237,0.7666649165669206
ACT,330,0.0005189070873273454,197,0.00025807296783913016,1.0076972080696578
AGG,464,0.0007296148136966312,467,0.0006117770354359076,0.2541290686981288
AGT,400,0.0006289782876695096,669,0.0008764000786009039,-0.47857939758651824
ATG,502,0.0007893677510252346,266,0.00034846400733608437,1.1796879317298004
ATT,852,0.0013397237527360555,1367,0.0017907905940918322,-0.41866109410000263
CAG,288,0.00045286436712204693,260,0.0003406039169450449,0.4109840016940751
CAT,232,0.0003648074068483156,207,0.00027117311849086267,0.427920850908464
CCG,115,0.000180831257704984,328,0.00042968494137682583,-1.2486351403934908
CCT,99,0.00015567212619820364,205,0.00026855308836051616,-0.7866966661456178
CGG,277,0.00043556746421113545,466,0.0006104670203707342,-0.4870171653248736
CGT,420,0.0006604272020529851,384,0.0005030457850265278,0.3927098302251846
CTG,260,0.0004088358869851813,426,0.0005580664177638043,-0.4489149939171657
CTT,472,0.0007421943794500214,572,0.0007493286172790987,-0.013801474136329261
GAG,526,0.0008271064482854052,633,0.0008292395362546669,-0.0037158868558204716
GAT,636,0.0010000754773945204,637,0.00083447959651536,0.26116020630827386
GCG,351,0.0005519284474299947,401,0.0005253160411344731,0.0712956071298585
GCT,235,0.0003695247440058369,183,0.00023973275692670465,0.6242439215611757
GGG,1051,0.0016526404508516365,1571,0.002058033667387175,-0.31649369805179894
GGT,1014,0.001594459959242207,868,0.0011370930765703805,0.48771751783908
GTG,624,0.000981206128764435,701,0.0009183205606864479,0.09555839813184264
GTT,1155,0.001816174805645709,1523,0.001995152944258859,-0.13559627690365517
TAG,31087,0.04888262007195512,31137,0.04078993908429947,0.2611082619955045
TAT,2808,0.004415427579439957,3506,0.004592912818497412,-0.05685624717475957
TCG,85,0.0001336578861297708,396,0.0005187659658086068,-1.9565388706616904
TCT,317,0.0004984652929780864,820,0.0010742123534420646,-1.1077142560858206
TGG,485,0.0007626361737992804,864,0.0011318530163096875,-0.5696197518087605
TGT,690,0.0010849875462299041,984,0.0012890548241304776,-0.24863514039349077
TTG,939,0.001476526530304174,1056,0.0013833759088229514,0.09401404157554083
TTT,635952,1.0,763350,1.0,0.0
