site_2,count_x,proportion_x,count_y,proportion_y,ratio
GGA,460601,1.0,358314,1.0,0.0
GGG,210,0.0004559260618192318,166,0.0004632808095692605,-0.023087043565313436
GGT,138,0.0002996085549097809,105,0.00029303906629380935,0.031985809227535356
