site_2,count_x,proportion_x,count_y,proportion_y,ratio
AAG,41,0.00022018742783491314,83,0.0003077470689872526,-0.48301301952272624
AAT,129,0.0006927848339196047,100,0.00037077960118946096,0.9018454728546441
ACG,51,0.00027389167852635534,79,0.00029291588493967415,-0.09688099899949165
ACT,688,0.003694852447571225,959,0.0035557763754069304,0.05535215689008055
AGG,43,0.00023092827797320157,65,0.00024100674077314962,-0.06162865112024285
AGT,32,0.00017185360221261514,101,0.0003744873972013556,-1.1237370755456784
ATG,41,0.00022018742783491314,109,0.00040414976529651244,-0.8761579129527295
ATT,70,0.0003759297548400956,64,0.000237298944761255,0.6637574241510809
CAT,46,0.0002470395531806342,64,0.000237298944761255,0.058036363263127555
CCG,295,0.0015842753953975457,404,0.0014979495888054223,0.08083406870352405
CCT,273,0.001466126043876373,624,0.0023136647114222362,-0.6581706707362809
CGG,45,0.00024166912811149002,54,0.0002002209846423089,0.27144000137232105
CTG,39,0.00020944657769662468,70,0.00025954572083262267,-0.30940639087660315
GAG,40,0.0002148170027657689,101,0.0003744873972013556,-0.8018089806583166
GAT,61,0.00032759592921779757,158,0.0005858317698793483,-0.8385690034081019
GCG,59,0.00031685507907950916,91,0.0003374094370824095,-0.09067718363074029
GCT,224,0.0012029752154883058,373,0.0013830079124366895,-0.201202490991518
GGG,36,0.00019333530248919202,50,0.00018538980059473048,0.06054321887370229
GGT,53,0.0002846325286646438,127,0.00047089009351061544,-0.7262898250028513
GTG,61,0.00032759592921779757,94,0.0003485328251180933,-0.08937710690863732
GTT,41,0.00022018742783491314,90,0.00033370164107051487,-0.5998266845054765
TAG,1038,0.005574501221771703,1490,0.005524616057722968,0.012968520214471368
TAT,572,0.0030718831395504954,740,0.002743769048802011,0.1629642834681917
TCG,487,0.0026153970086732364,591,0.0021913074430297145,0.2552380491109254
TCT,186205,1.0,269702,1.0,0.0
TGG,56,0.00030074380387207645,71,0.0002632535168445173,0.19208220975903778
TGT,167,0.0008968609865470852,283,0.0010493062713661746,-0.22647954315171503
TTG,57,0.0003061142289412207,100,0.00037077960118946096,-0.2764917684038686
TTT,115,0.0006175988829515857,233,0.000863916470771444,-0.4842216865037905
