site_2,count_x,proportion_x,count_y,proportion_y,ratio
AAG,1301,0.0035249046297901854,1241,0.001969150504346888,0.8400108420945376
AAT,1477,0.004001755678862493,1566,0.0024848426187004244,0.6874786089808476
ACG,2058,0.005575906016993238,1433,0.0022738055380572848,1.2940973681389236
ACT,2098,0.005684281255418762,1176,0.0018660120814761806,1.6070196132480037
AGG,4249,0.011512159701751344,4691,0.007443420641330581,0.6291208383244058
AGT,1743,0.004722451014392231,1763,0.002797431377247029,0.7554330903126028
ATG,2039,0.005524427778741113,2158,0.003424195639307481,0.69005990603568
ATT,1195,0.0032377102479625454,1474,0.0023388620817141924,0.46916708928014295
CAA,369088,1.0,630221,1.0,0.0
CAG,1653,0.004478606727934801,2108,0.0033448583909453985,0.42110485316219926
CAT,2636,0.007141928212242067,3138,0.004979205707204298,0.5203980135470543
CCG,2237,0.006060885208947459,1436,0.0022785657729590095,1.411402502743167
CCT,662,0.001793610195942431,1453,0.0023055404374021176,-0.36223858531852215
CGG,3730,0.010105990983180163,3747,0.0059455333922544635,0.7653326483205873
CGT,1638,0.004437966013525229,2515,0.00399066359261275,0.15326995245522035
CTG,1238,0.003354213629269984,961,0.0015248619135192257,1.137295973947614
CTT,1281,0.0034707170105774234,1055,0.0016740159404399408,1.0519204722541993
GAG,3178,0.008610412692907925,3186,0.005055369465631897,0.76826585333031
GAT,1180,0.003197069533552974,2289,0.003632059230016137,-0.18403760779938416
GCG,1781,0.00482540749089648,2114,0.0033543788607488484,0.5246051352260359
GCT,2825,0.007654001213802671,3064,0.004861786579628416,0.6547275657720562
GGG,7137,0.019336851916074215,7219,0.011454711918517473,0.7554117639757756
GGT,2672,0.007239465926825039,4260,0.00675953356044943,0.09895957286795198
GTG,4395,0.011907729322004509,2981,0.004730086747347359,1.3319597855466982
GTT,2405,0.006516061210334663,4096,0.006499307385821799,0.003714174164504591
TAG,42795,0.11594795821050806,36192,0.0574274738544098,1.013664408707518
TAT,1025,0.002777115484654066,726,0.001151976846217438,1.2694754519041567
TCG,1157,0.003134753771458297,1703,0.0027022266792125302,0.2142034249360485
TCT,932,0.0025251430553147216,909,0.00144235117522266,0.807942655967274
TGG,3649,0.009886531125368477,3519,0.005583755539723367,0.8242286323419172
TGT,1557,0.004218506155713542,2378,0.003773279532100644,0.1609132248404821
TTG,1753,0.004749544823998613,1172,0.0018596651016072139,1.3527464218443912
TTT,1348,0.003652245534940177,2003,0.003178250169385025,0.20055107087625146
