site_2,count_x,proportion_x,count_y,proportion_y,ratio
AAG,5280,0.027487687806503337,7787,0.02300164529554766,0.2570484960884487
AAT,3921,0.02041273179721583,6336,0.0187156060861166,0.1252274992094904
ACG,510,0.002655060754037254,687,0.0020292963038450293,0.3877653408132673
ACT,192086,1.0,338541,1.0,0.0
AGG,11132,0.0579532084587112,15903,0.04697510788944323,0.30299206011018853
AGT,784,0.004081505159147465,1592,0.004702532337294449,-0.20433658365593033
ATG,5263,0.02739918578136876,7590,0.02241973645732718,0.289363701962456
ATT,429,0.002233374634278396,1118,0.0033024065032004985,-0.5642924425711335
CAG,5225,0.027201357725185595,5539,0.016361386065498713,0.7333836914647973
CAT,1140,0.005934841685495039,3710,0.01095879081115729,-0.8848071696835511
CCG,2521,0.013124329727309642,3155,0.00931940296743969,0.4939343057611385
CCT,2202,0.011463615255666732,3390,0.01001355818054534,0.19510738831317376
CGG,8447,0.043975094488926836,7918,0.023388599903704427,0.9108811764320217
CGT,9871,0.05138844059431713,11250,0.03323083466995135,0.6289213434305845
CTG,1596,0.008308778359693054,3842,0.011348699271284719,-0.44981867467067094
CTT,1601,0.008334808367085576,2106,0.006220812250214893,0.4220460642630517
GAG,12997,0.06766240121612195,12323,0.03640031783447204,0.8944033291027882
GAT,10006,0.052091250793915224,8750,0.025846204743295496,1.0110886281581593
GCG,561,0.0029205668294409797,1998,0.0059017962373833594,-1.0149057144111149
GCT,1109,0.005773455639661401,3146,0.009292818299703728,-0.686681112481466
GGG,2454,0.012775527628249846,6311,0.01864175978685004,-0.5451551816175089
GGT,5512,0.028695480149516363,8681,0.02564238895731979,0.1622928386123892
GTG,123,0.0006403381818560436,89,0.00026289282538894846,1.2843592671453532
GTT,93,0.00048415813750091104,533,0.0015744031003630285,-1.7012547188786336
TAG,4718,0.024561914975583854,8635,0.025506511766669324,-0.054442566404312664
TAT,1598,0.008319190362650063,2069,0.006111519727300386,0.44491195584047816
TCG,159,0.0008277542350822027,347,0.0010249866338198329,-0.3083307045213939
TCT,658,0.0034255489728559083,1103,0.0032580987236405633,0.07230489091637082
TGG,2383,0.012405901523276032,5116,0.015111906681908543,-0.28465911991885484
TGT,606,0.0031548368959736783,339,0.001001355818054534,1.6556107131091178
TTG,2970,0.015461824391158127,5105,0.015079414310231257,0.036130162695474866
TTT,1561,0.008126568307945399,3176,0.009381433858823599,-0.2071621823925378
