site_2,count_x,proportion_x,count_y,proportion_y,ratio
AAG,19916,0.040508738993627544,12425,0.015257230146567645,1.4087401019161199
AAT,3326,0.006765016363366399,1459,0.0017915733427639592,1.916866318556461
ACG,5719,0.01163232969996766,5764,0.0070778812527014815,0.7167506032156217
ACT,3560,0.007240967604805887,2521,0.003095652088490707,1.2259391561823012
AGG,25234,0.0513254428482224,14711,0.01806431490431844,1.506531629229948
AGT,5939,0.012079805226107349,5020,0.006164289363039805,0.970590701637497
ATG,962,0.0019566884370290066,1160,0.0014244174623757318,0.45804202694218965
ATT,315,0.0006407035942454647,419,0.0005145094109788204,0.3164596178750081
CAG,1287,0.0026177318279171843,1810,0.0022225824197414437,0.2360803894372161
CAT,467,0.0009498685032147049,2145,0.002633944359306849,-1.4714251594901633
CCG,3456,0.00702943371972167,4377,0.005374720028291878,0.3872188667115033
CCT,2225,0.004525604753003679,2127,0.0026118413297182602,0.7930433359675311
CGG,23547,0.047894119154596695,17288,0.021228731973751424,1.1738303212004206
CGT,16235,0.03302165984944482,14049,0.01725141459389367,0.9366979739403103
CTG,3488,0.007094521068978352,2775,0.003407550394907462,1.0579703018391768
CTT,866,0.00176142638925896,1314,0.001613521159966993,0.12653168759147526
GAG,12754,0.02594137663811637,16697,0.020503015835592754,0.33941890685301246
GAT,7905,0.01607860924606476,11095,0.013624061849188573,0.2389857333484411
GCG,3068,0.0062402496099844,2611,0.0032061672364336515,0.9607540583771739
GCT,1047,0.0021295767084920686,1857,0.002280295885889426,-0.09865433981753036
GGG,7096,0.014433119697669262,10927,0.013417766906361744,0.10523858345263282
GGT,2599,0.005286313147441152,4672,0.005736964124327086,-0.1180256072207353
GTG,2151,0.004375090257847602,3065,0.003763654760501395,0.21717848403199813
GTT,1442,0.0029329986758792385,1792,0.002200479390152855,0.41455856037029903
TAG,17887,0.03638179425482104,15574,0.019124032378482456,0.927829941289561
TAT,7311,0.014870425325487597,7917,0.00972164918071437,0.6131729335841545
TCG,4911,0.009988874131236437,5948,0.007303823332940391,0.45167020832997284
TCT,2445,0.004973080279143369,4824,0.005923611929741837,-0.25233740887340694
TGG,9343,0.019003472003286913,6390,0.007846575503949075,1.2761279699564785
TGT,1350,0.0027458725467662775,1176,0.001444064599787811,0.9271293802889105
TTG,491647,1.0,814368,1.0,0.0
TTT,3158,0.006423307779768818,3710,0.004555679987425832,0.4956500175391527
