site_2,count_x,proportion_x,count_y,proportion_y,ratio
AAG,218,0.000670426797389641,221,0.00046113238255208604,0.5398988345393381
ACG,116,0.0003567408646660475,214,0.0004465263794848254,-0.32386892211973084
ACT,455,0.0013992852881297552,477,0.0009952947804404753,0.49149434823439186
AGG,402,0.0012362916172047509,567,0.0011830862484481122,0.06346383539054479
AGT,167,0.0005135838310278443,135,0.0002816872020114553,0.8665057645770666
CAG,173,0.0005320359447174674,40,8.346287467006082e-05,2.6723172019032067
CCG,2633,0.008097402557462958,2662,0.005554454309292548,0.543814019288015
CCT,3288,0.010111758301913484,2936,0.006126175000782465,0.7229753999923139
CGG,112,0.00034443945553963204,233,0.00048617124495310427,-0.49721415344283315
CGT,183,0.000562789467533506,336,0.000701088147228511,-0.31700051534087414
CTG,84,0.00025832959165472403,134,0.00027960063014470374,-0.11415469852516757
CTT,140,0.00043054931942454006,181,0.00037766950788202525,0.1890541990156045
GAG,229,0.0007042556724872834,635,0.0013249731353872157,-0.9117919244087407
GAT,873,0.002684782541840168,1302,0.0027167165705104797,-0.01705882038235096
GCG,800,0.002460281825283086,885,0.0018466161020750957,0.4139396139582079
GCT,325166,1.0,479255,1.0,0.0
GGG,782,0.002404925484214217,432,0.0009013990464366569,1.4157543642977277
GGT,539,0.0016576148797844794,1038,0.0021658615976880785,-0.3858321964515312
GTT,352,0.001082524003124558,310,0.0006468372786929714,0.7429242825169045
TAG,10124,0.031134866498957456,5449,0.011369730101929036,1.4533330856880005
TAT,79,0.00024295283024670475,159,0.00033176492681349175,-0.44948513795340794
TCG,87,0.00026755564849953564,281,0.0005863266945571773,-1.131865755218353
TCT,6154,0.01892571794099014,6661,0.013898655204431879,0.4454027309129547
TGG,67,0.00020604860286745847,99,0.00020657061480840053,-0.003650360467991831
TGT,137,0.0004213232625797285,269,0.000561287832156159,-0.41381321044225317
TTG,214,0.0006581253882632256,123,0.00025664833961043705,1.3585695502157513
