site_2,count_x,proportion_x,count_y,proportion_y,ratio
AAG,101,0.0002167414531977948,393,0.0003406983709763132,-0.6525199447803267
AAT,206,0.00044206672632421515,343,0.00029735252225159144,0.5720898357368931
ACG,62,0.00013304920889369582,384,0.0003328961182058633,-1.3231121156077954
ACT,590,0.0012661134394722667,1618,0.001402671664731997,-0.14777067345428918
AGG,361,0.0007746897485584548,575,0.0004984772603343005,0.6360909557819188
AGT,329,0.0007060191891294505,390,0.0003380976200528299,1.0622675347121167
ATG,166,0.0003562285270379598,344,0.00029821943922608585,0.2564287513713115
ATT,504,0.0010815613110068177,1143,0.00099088610184714,0.126324310011924
CAG,120,0.0002575145978587661,294,0.0002548735905013641,0.014872325498640038
CAT,1332,0.002858412036232304,3156,0.0027359899715044393,0.06315095178428898
CCG,1763,0.0037833186335417056,4103,0.0035569603463506696,0.08900739515413392
CCT,465993,1.0,1153513,1.0,0.0
CGG,372,0.000798295253362175,706,0.0006120433839930715,0.38328851256333785
CGT,478,0.0010257664814707517,1153,0.0009995552715920844,0.03734408505546227
CTG,157,0.00033691493219855235,376,0.00032596078240990783,0.0476859719404743
CTT,355,0.0007618140186655165,1032,0.0008946583176782576,-0.23189796630472514
GAG,207,0.00044421268130637154,931,0.0008070997032543196,-0.8614963253329826
GAT,237,0.0005085913307710631,713,0.0006181118028145327,-0.28136094281914303
GCG,275,0.0005901376200930057,921,0.0007984305335093753,-0.4361154629528272
GCT,328,0.000703873234147294,1523,0.0013203145521550256,-0.9074941471427227
GGG,506,0.0010858532209711304,922,0.0007992974504838697,0.4420247089914575
GGT,405,0.0008691117677733357,766,0.0006640584024627378,0.38823159057351475
GTG,661,0.00141847624320537,1200,0.0010403003693933229,0.44734184573829694
GTT,564,0.0012103186099362007,1069,0.0009267342457345518,0.38515928940478794
TAG,3167,0.006796239428489269,9140,0.007923621146879143,-0.22142322319075625
TAT,231,0.0004957156008781248,656,0.0005686975352683498,-0.1981488884755418
TCG,31,6.652460444684791e-05,234,0.00020285857203169796,-1.608514334470044
TCT,452,0.0009699716519346857,822,0.0007126057530344261,0.44483845345999207
TGG,570,0.0012231943398291392,777,0.0006735944891821766,0.8607013953708798
TGT,318,0.0006824136843257302,443,0.00038404421970103503,0.8293741414558227
TTG,127,0.0002725362827338608,662,0.0005738990371153165,-1.0743486453085662
TTT,178,0.0003819799868238364,352,0.00030515477502204136,0.3239558870555861
