site_2,count_x,proportion_x,count_y,proportion_y,ratio
AAG,493,0.0012840548002292025,783,0.0010616229408175718,0.27443532273312066
AAT,5707,0.014864301713809449,8050,0.010914514270218969,0.4456037634333576
ACG,5624,0.014648122102411835,6865,0.009307843536031455,0.6541968576843225
ACT,4449,0.01158774808563838,5492,0.007446274828825164,0.6380094566749355
AGG,280,0.0007292806167630359,496,0.0006724967798793302,0.11694669020434212
AGT,1300,0.003385945720685524,1712,0.002321198562809301,0.5446889051609194
ATG,495,0.0012892639474917957,583,0.000790454884414616,0.7057926254127249
ATT,892,0.0023232796791165288,1286,0.0017436106026710054,0.4140849562386073
CAG,235,0.0006120748033546908,226,0.00030641990373534,0.9981979677960613
CAT,616,0.0016044173568786789,771,0.0010453528574333943,0.6180594744261168
CCG,3335,0.008686253060374016,4294,0.0058219781709714594,0.5772245538594243
CCT,2408,0.006271813304162109,4658,0.006315504033624839,-0.010015263804914909
CGG,362,0.0009428556545293535,473,0.0006413124533929903,0.5560094973900611
CGT,212,0.00055216960983487,764,0.001035861975459291,-0.907648389826301
CTG,195,0.0005078918581028286,433,0.0005870788421123991,-0.20903291733086427
CTT,162,0.0004219409282700422,398,0.0005396244322418819,-0.3549146340127738
GAA,383940,1.0,737550,1.0,0.0
GAG,770,0.002005521696098349,1031,0.0013978713307572369,0.5207460018604042
GAT,16260,0.04235036724488201,20706,0.028074028879398007,0.5931383614519685
GCG,261,0.0006797937177684013,440,0.0005965697240865026,0.18840626669147476
GCT,381,0.0009923425535239882,449,0.0006087722866246356,0.7049355363984251
GGG,630,0.0016408813877168307,732,0.000992475086434818,0.7253681637494864
GGT,384,0.0010001562744178778,614,0.0008324859331570741,0.2647276389972273
GTG,377,0.000981924258998802,906,0.0012283912955053894,-0.32308654313132124
GTT,798,0.0020784497577746525,1368,0.0018547895057962171,0.16425240498269744
TAG,7194,0.01873730270354743,8772,0.011893430953833639,0.6557483311080352
TAT,1380,0.0035943116111892483,1900,0.0025760965358280793,0.4805288320934711
TCG,868,0.0022607699119654113,1122,0.0015212527964205817,0.5715542554819351
TCT,609,0.0015861853414596032,1376,0.0018656362280523354,-0.23410635314951556
TGG,1111,0.0028936813043704745,1309,0.0017747949291573454,0.7052537030901007
TGT,399,0.0010392248788873262,952,0.0012907599484780694,-0.312712843439348
TTG,459,0.0011954992967651195,453,0.0006141956477526947,0.9608430870138225
TTT,1722,0.00448507579309267,2051,0.002780828418412311,0.6896176345632412
