site_2,count_x,proportion_x,count_y,proportion_y,ratio
AAG,10732,0.0344670327905707,9211,0.019459091754128008,0.8247727304025902
AAT,17885,0.05743970196229566,15641,0.03304306309046967,0.7977008327383119
ACG,917,0.002945049298262517,3112,0.006574388615660227,-1.158564953361103
ACT,948,0.003044609307255034,3002,0.006342003413949872,-1.0586815446923952
AGG,19206,0.0616822429906542,15780,0.03333671348172185,0.8877433453959513
AGT,803,0.0025789253942255196,1637,0.003458314319998648,-0.42329896092680386
ATG,15130,0.04859170761473488,11969,0.025285622538829454,0.942392834239544
ATT,14847,0.047682821081029,12127,0.025619412192195237,0.8962322180772162
CAG,11200,0.03597006776503838,8764,0.018514762798086837,0.958120810872142
CAT,14486,0.04652342871824518,12642,0.026707397454748264,0.8007180284548996
CCG,8877,0.028509490316986224,7197,0.015204329970085686,0.9069600069305217
CCT,8353,0.026826605003693355,6249,0.01320159204989099,1.0229525659731191
CGG,15315,0.04918585605549668,13507,0.02853479017728878,0.7855215574710508
CGT,15750,0.05058290779458522,12263,0.02590672480521895,0.9653233359114726
CTG,10638,0.03416514115039985,9644,0.020373844411769676,0.7458068540473537
CTT,11804,0.03790988213379581,9620,0.020323142185941962,0.899450494804638
GAG,18932,0.06080226097568809,17763,0.037525984890736705,0.6962350356246185
GAT,19786,0.06354497864277227,15839,0.03346135645354831,0.9252821968151768
GCA,311370,1.0,473352,1.0,0.0
GCG,2563,0.008231364614445836,5295,0.011186178573239365,-0.44251373755808654
GCT,2532,0.008131804605453319,5648,0.011931923811455324,-0.5531792158128042
GGG,42976,0.13802228859556154,37384,0.07897716709763558,0.8053937355926779
GGT,37621,0.12082409994540258,28548,0.060310297622065606,1.0024319879350951
GTG,2198,0.007059125798888782,5156,0.01089252818198719,-0.6257774093823851
GTT,2701,0.008674567235122202,6634,0.014014940255877233,-0.6921019042490197
TAG,15244,0.04895783151877188,14368,0.030353732528858018,0.6896657261010564
TAT,17406,0.05590133924270161,14587,0.030816390339535905,0.85918496401609
TCG,417,0.0013392427016090183,788,0.001664723081343271,-0.3138647779816779
TCT,800,0.0025692905546455987,1431,0.0030231202149774376,-0.23466829892190688
TGG,19719,0.06332980055882069,18342,0.0387491760888303,0.7087189008544432
TGT,756,0.0024279795741400908,1184,0.0025013098075005492,-0.04292747337784242
TTG,16389,0.05263512862510839,14328,0.03026922881914516,0.7981740544632245
TTT,18418,0.05915149179432829,17761,0.03752175970525106,0.6566870643119129
