site_2,count_x,proportion_x,count_y,proportion_y,ratio
AAG,6447,0.013542439067426516,6423,0.006756202389442526,1.0032031481816244
AAT,5194,0.010910412364853937,5605,0.005895767459571129,0.8879541021249686
ACG,299,0.0006280734110687961,596,0.0006269183596618007,0.0026556148752927555
ACT,88,0.00018485103737141825,314,0.0003302892029090695,-0.8373666691149797
AGG,8237,0.017302477213958774,8191,0.008615919939580217,1.0059018555056705
AGT,4472,0.009393793626420255,6335,0.006663637262512596,0.49539802995436855
ATG,476059,1.0,950682,1.0,0.0
ATT,1148,0.0024114658057089564,1991,0.002094285996789673,0.2034518820945337
CAG,1863,0.00391338048435173,3096,0.0032566094656257295,0.2650446639365782
CAT,2482,0.005213639485862047,4798,0.005046903170565973,0.046892418976271166
CCG,2539,0.005333372544159443,2380,0.0025034659328776604,1.0911212825915495
CCT,2544,0.005343875444010091,3028,0.0031850818675435108,0.7465559264379733
CGG,4860,0.0102088186548306,4118,0.004331627189743784,1.236834945000239
CGT,3602,0.00756628905240737,5325,0.005601242055703169,0.4338391170450633
CTG,189,0.0003970096143545233,621,0.00065321527072144,-0.7183845728600584
CTT,1363,0.002863090499286853,1851,0.001947023294855693,0.5563031280739867
GAG,4068,0.008545159318487835,5860,0.00616399595237945,0.47124147568723984
GAT,2492,0.005234645285563344,3362,0.0035364085993002917,0.5658068049271847
GCG,611,0.001283454361749279,1660,0.001746114894360049,-0.4441164952762069
GCT,709,0.0014893111988219948,1420,0.0014936645481875117,-0.004210936013178568
GGG,10818,0.022724074116863665,12519,0.01316844118222497,0.7871369373082961
GGT,7314,0.015363641901529012,8532,0.008974609806433697,0.7755991221401466
GTG,344,0.000722599509724635,680,0.0007152759808221887,0.014696279703745319
GTT,468,0.0009830714260207244,1538,0.0016177859683890092,-0.718652607239072
TAG,5378,0.011296919079357811,8109,0.008529666071304601,0.40536820375637195
TAT,4014,0.008431728000100829,4420,0.0046492938753442264,0.8588167082231735
TCG,613,0.0012876555216895385,1476,0.0015525696289611036,-0.2699112812302644
TCT,820,0.0017224755755063973,2068,0.0021752804828533623,-0.3367179096701385
TGG,9318,0.019573204161669036,8234,0.008661150626602797,1.1762493429265382
TGT,465,0.0009767696861103352,1632,0.001716662353973253,-0.8135159748367524
TTG,804,0.0016888662959843213,1613,0.001696676701567927,-0.0066565708373627075
TTT,2350,0.004936362929804919,3056,0.003214534407930307,0.6188386745559633
