site_2,count_x,proportion_x,count_y,proportion_y,ratio
AAG,767,0.001620701021865729,1211,0.0013145625524440985,0.3020351817252038
AAT,1314,0.0027765334325053036,1618,0.0017563684639591672,0.6606892318089503
ACG,355,0.0007501288953876582,1028,0.0011159127199938342,-0.5730137708852343
ACT,492,0.0010396152578330362,1055,0.001145221711666824,-0.1395772143387095
AGG,2240,0.004733207677939026,2262,0.0024554421912704794,0.9468353668717446
AGT,952,0.002011613263124086,1093,0.001186471403651032,0.7616756415526371
ATG,307,0.0006487030165746791,825,0.0008955525233413554,-0.4652198998464012
ATT,1577,0.003332262726834752,2085,0.00226330546808088,0.558070840375084
CAG,1527,0.003226610769737899,2054,0.002229654403567447,0.5331994443952546
CAT,2201,0.004650799151403481,2142,0.0023251800060571917,1.0001362290579001
CCG,1684,0.003558357915022018,1828,0.0019843272880824213,0.8425616319249247
CCT,1982,0.004188043579319263,3107,0.0033727050788140496,0.3123702849812453
CGG,2350,0.004965641983552103,1896,0.0020581425263699513,1.2706373564707016
CGT,2647,0.005593214608707412,2972,0.0032261601204491004,0.793859642873401
CTG,1618,0.0034188973316541717,2271,0.002465211855161476,0.4718194656396886
CTT,473252,1.0,921219,1.0,0.0
GAG,4397,0.009291033107097276,2001,0.002172121938431578,2.096733929223504
GAT,1552,0.0032794367482863254,1257,0.0013644963901091923,1.265079471683217
GCG,256,0.0005409380203358887,567,0.000615488825132786,-0.18626936102563008
GCT,322,0.000680398603703735,721,0.000782658629489839,-0.20200300720960662
GGG,10957,0.023152569878204424,6728,0.007303366517625016,1.664538799175566
GGT,8791,0.01857572709676874,4795,0.005205059817480968,1.835432033835108
GTG,421,0.0008895894787555045,539,0.0005850943152496855,0.6044705242304875
GTT,549,0.0011600584889234489,898,0.0009747953526794389,0.25102626818065055
TAG,4972,0.010506030613711088,4151,0.004505986090169656,1.2213029283654757
TAT,760,0.0016059097478721696,1022,0.0011093996107331698,0.5336116913099236
TCG,408,0.0008621199699103226,906,0.0009834794983603248,-0.1900063341581415
TCT,2886,0.0060982309636303704,2488,0.0027007693067555055,1.1750203782771944
TGG,3469,0.007330132783379679,2515,0.0027300782984284954,1.4248970045100915
TGT,279,0.0005895379206004412,560,0.0006078901976620109,-0.044226141199180447
TTG,229,0.00048388596350358793,358,0.0003886155192196427,0.3163235747492852
TTT,840,0.0017749528792271349,1358,0.0014741337293303763,0.2679133173379906
