site_2,count_x,proportion_x,count_y,proportion_y,ratio
AAG,66,0.0001293169322888705,120,0.0001636536216546472,-0.339734340818449
AAT,540,0.0010580476278180314,284,0.00038731357124933177,1.449830612977765
ACG,658,0.0012892506279708607,412,0.0005618774343476221,1.198205381983641
ACT,477,0.0009346087379059278,367,0.0005005073262271294,0.9009713385939158
AGG,385,0.000754348771685078,197,0.0002686646955497125,1.4894249515575027
AGT,726,0.0014224862551775756,594,0.0008100854271905038,0.8122687526266006
ATG,258,0.0005055116444019484,404,0.000550967192903979,-0.12422209189692346
ATT,165,0.0003232923307221763,198,0.0002700284757301679,0.259727729597822
CAG,315,0.0006171944495605183,214,0.00029184895861745423,1.0805031674177474
CAT,569,0.0011148687041267777,524,0.0007146208145586262,0.6416239762007478
CCG,681,0.001334315619526073,426,0.0005809703568739976,1.199563503217849
CCT,1020,0.001998534408100726,915,0.001247858865116685,0.6794876391190687
CGG,387,0.0007582674666029226,477,0.0006505231460772227,0.22110643557051546
CGT,282,0.0005525359834160831,521,0.00071052947401726,-0.36282607444809933
CTG,95,0.00018613800859761665,221,0.00030139541988064196,-0.6952848156288667
CTT,89,0.00017438192384408298,120,0.0001636536216546472,0.09160497078949525
GAG,497,0.0009737956870843734,430,0.0005864254775958192,0.7316713274044417
GAT,878,0.0017203070689337623,532,0.0007255310560022693,1.2455568294657837
GCG,49,9.600802548719175e-05,730,0.0009955595317324372,-3.3742806742205556
GCT,907,0.0017771281452425083,748,0.0010201075749806344,0.8008264160725016
GGG,1234,0.002417834764310094,502,0.0006846176505886075,1.8203452606302637
GGT,1051,0.0020592741793273167,1188,0.0016201708543810076,0.3459899685930292
GTA,510374,1.0,733256,1.0,0.0
GTG,1758,0.003444532832785369,1657,0.002259783759014587,0.6081236033535689
GTT,1954,0.003828564934734136,1626,0.0022175065734204697,0.787865345324974
TAG,8953,0.017542037799731177,3016,0.004113161024253467,2.092496893102193
TAT,628,0.0012304702042031921,376,0.000512781347851228,1.2627940326456066
TCG,375,0.0007347552970958552,232,0.0003163970018656513,1.2155279256872866
TCT,260,0.0005094303393197929,203,0.0002768473766324449,0.8797940312748942
TGG,747,0.0014636325518149436,307,0.0004186805153998058,1.8056317228506735
TGT,416,0.0008150885429116687,1001,0.001365143960635849,-0.7440244052632856
TTG,500,0.0009796737294611403,348,0.0004745955027984769,1.0456029242449745
TTT,389,0.0007621861615207671,412,0.0005618774343476221,0.4398879532345905
