site_2,count_x,proportion_x,count_y,proportion_y,ratio
AAG,239,0.001276129962356836,304,0.0013367573081929152,-0.06696230202723719
AAT,773,0.004127399417999306,851,0.003742041017342667,0.14140768567448614
ACG,181,0.0009664415196091518,360,0.0015830020754916102,-0.711908805810868
ACT,2122,0.01133032543983768,1986,0.008732894783128716,0.3756574368219914
AGG,639,0.003411912326133967,752,0.0033067154465824746,0.045181672704957876
AGT,918,0.004901620524868516,1036,0.004555528195025855,0.10564045916285458
ATG,296,0.001580478949195077,277,0.0012180321525310444,0.37580960301536237
ATT,383,0.002045011613316603,389,0.0017105216871284342,0.2576726403743663
CAG,254,0.0013562218009984782,346,0.0015214408836669363,-0.165845137428958
CAT,1537,0.008206743732813626,1382,0.006076969078692792,0.43345795273811305
CCG,249,0.001329524521451264,194,0.0008530622295704788,0.640187493316553
CCT,187285,1.0,227416,1.0,0.0
CGG,748,0.0039939130202632355,742,0.0032627431667077073,0.29171748670243414
CGT,2437,0.01301225405131217,1670,0.00734337073908608,0.825356551797527
CTG,118,0.0006300557973142537,317,0.0013939212720301122,-1.1455975773419649
CTT,721,0.003849747710708279,818,0.003596932493755936,0.097996819734675
GAG,302,0.001612515684651734,524,0.002304147465437788,-0.5149198587767714
GAT,345,0.0018421122887577756,489,0.0021502444858761036,-0.22313969985110127
GCG,378,0.002018314333769389,475,0.00208868329405143,-0.04944287556163651
GCT,502,0.0026804068665402993,461,0.0020271221022267563,0.40301901695703535
GGG,705,0.0037643164161571935,509,0.0022381890456256376,0.7500560046460603
GGT,539,0.0028779667351896843,758,0.0033330988145073345,-0.2118141719829847
GTG,628,0.0033531783111300957,571,0.0025108171808491926,0.41737221696438453
GTT,669,0.0035720960034172516,717,0.00315281246702079,0.18013149537515716
TAG,3021,0.016130496302426783,1834,0.008064516129032258,1.0001309485684873
TAT,628,0.0033531783111300957,572,0.0025152144088366694,0.4148478155488373
TCG,373,0.0019916170542221747,396,0.001741302283040771,0.19377360361122875
TCT,663,0.0035400592679605946,735,0.0032319625707953707,0.13136302382446274
TGG,341,0.0018207544651200043,431,0.0018952052626024555,-0.057817726629325605
TGT,654,0.0034920041647756093,879,0.003865163400992015,-0.14647412620971956
TTG,280,0.0014950476546439918,604,0.0026559257044359236,-0.8290233189445129
TTT,635,0.0033905545024961957,591,0.0025987617405987267,0.3836968649175958
