site_2,count_x,proportion_x,count_y,proportion_y,ratio
AAG,98,0.0005316176909348334,234,0.0011449765377671,-1.106857015824108
AAT,57,0.00030920620799270923,145,0.0007094940084454252,-1.198221216206104
ACG,70,0.0003797269220963096,94,0.0004599478399577239,-0.2765079750885828
AGG,210,0.0011391807662889288,692,0.0033859989920292017,-1.5715848503265128
AGT,110,0.0005967137347227722,210,0.0010275430467140642,-0.7840879444973758
ATG,113,0.0006129877456697569,132,0.0006458842007916975,-0.07541729729917712
CAG,95,0.0005153436799878487,113,0.0005529160203747107,-0.10152549444015158
CAT,50,0.00027123351578307826,145,0.0007094940084454252,-1.3872550405961217
CCG,82,0.0004448229658842484,137,0.0006703495114277466,-0.5916822186983541
CGG,106,0.000575015053460126,491,0.002402493504460026,-2.0628609001074043
CGT,99,0.000537042361250495,182,0.0008905373071521889,-0.7296401604749985
CTT,470,0.002549595048360936,498,0.0024367449393504948,0.06531287414100717
GAA,184343,1.0,204371,1.0,0.0
GAG,373,0.002023402027741764,414,0.002025727720664869,-0.0016572775999978973
GAT,1371,0.007437223002772006,1587,0.007765289595881999,-0.06227569741186656
GCG,140,0.0007594538441926192,358,0.0017517162415411189,-1.2057349006752016
GCT,52,0.00028208285641440143,156,0.0007633176918447333,-1.4361646410770685
GGG,656,0.003558583727073987,1164,0.005695524316072241,-0.6785254786461108
GGT,140,0.0007594538441926192,212,0.0010373291709684838,-0.449839577974144
GTG,84,0.0004556723065155715,226,0.0011058320407494214,-1.2790636799923387
GTT,54,0.00029293219704572455,110,0.0005382368339930812,-0.8776743517171024
TAG,4355,0.02362443922470612,2995,0.014654721070993438,0.6889145754541683
TAT,71,0.0003851515924119712,117,0.00057248826888355,-0.5718197404346341
TCG,54,0.00029293219704572455,163,0.0007975691267352021,-1.4450427924235196
TGG,104,0.0005641657128288029,270,0.0013211267743466538,-1.2275780192656498
TGT,103,0.0005587410425131413,164,0.000802462188862412,-0.522253617790776
TTG,132,0.0007160564816673266,147,0.0007192801326998449,-0.006480365833821722
TTT,60,0.00032548021893969396,99,0.0004844131505937731,-0.5736681648270014
