site_2,count_x,proportion_x,count_y,proportion_y,ratio
AAG,263,0.0009935738814738138,384,0.0011844102007328538,-0.25346966650047165
AAT,396,0.0014960275933978337,534,0.0016470704353941249,-0.1387654666795637
ACG,375,0.0014166927967782517,260,0.0008019444067462031,0.820952817283171
ACT,894,0.003377395627519352,786,0.00242433962962506,0.4783193638530925
AGG,411,0.001552695305268964,455,0.0014034027118058554,0.14584569352400578
AGT,1335,0.005043426356530576,1545,0.004765400417011092,0.08180674871156057
ATG,324,0.0012240225764164094,408,0.0012584358382786572,-0.040001494158488526
ATT,1049,0.0039629619835210295,1464,0.004515563890294005,-0.1883270307783933
CAG,275,0.001038908050970718,422,0.0013016174601803757,-0.32523753536678157
CAT,507,0.0019153686612441963,773,0.00238424240928775,-0.3159088219931263
CCG,490,0.0018511452544569156,579,0.001785868505792506,0.051792245941713944
CCT,774,0.0029240539325503115,1005,0.003099823572230516,-0.08421618499349925
CGG,345,0.0013033573730359916,533,0.0016439860338297164,-0.3349653261652641
CGT,939,0.003547398763132742,1144,0.0035285553896832935,0.007683855803767514
CTG,711,0.002686049542691565,444,0.0013694742945973622,0.9718637281976896
CTT,470,0.0017755883052954088,762,0.002350313992079257,-0.40455639599994164
GAG,596,0.0022515970850129014,723,0.0022300223310673262,0.013890528439423733
GAT,763,0.002882497610511483,740,0.0022824571576622703,0.3367316312466002
GCG,396,0.0014960275933978337,597,0.0018413877339518586,-0.2996566562568148
GCT,812,0.0030676121359571743,707,0.0021806719060367906,0.4923433573041578
GGG,982,0.0037098462038299817,1180,0.0036395938460019985,0.027581914993870527
GGT,1049,0.0039629619835210295,1244,0.003836995546124141,0.0466020373750462
GTG,624,0.002357376813839011,886,0.0027327797860659075,-0.21318682476438866
GTT,798,0.0030147222715441197,843,0.002600150518796343,0.2134299602086447
TAG,12231,0.046206852259719454,7552,0.02329340061441279,0.9881855377762436
TAT,754,0.0028484969833888047,893,0.0027543705970167667,0.04847819307582313
TCG,624,0.002357376813839011,798,0.002461352448397962,-0.062268872431717526
TCT,264701,1.0,324212,1.0,0.0
TGG,442,0.0016698085764692992,770,0.0023749892045945246,-0.5082382312624514
TGT,911,0.003441619034306633,1128,0.003479204964652758,-0.015670263668361883
TTG,680,0.0025689362714912296,599,0.0018475565370806757,0.4755525882772975
TTT,680,0.0025689362714912296,672,0.002072717851282494,0.30964735828732337
