site_2,count_x,proportion_x,count_y,proportion_y,ratio
AAG,2216,0.008399825635388434,2348,0.007263188502632442,0.20975635753445676
AAT,2701,0.01023823512688816,2445,0.00756324356428293,0.43689005926469093
ACG,784,0.0029717794666717207,736,0.002276706447162469,0.38437877265351617
ACT,862,0.003267441199325285,668,0.0020663585688920237,0.6610706512103661
AGG,1597,0.006053484449330023,1846,0.005710326224812388,0.08419264436077878
AGT,3259,0.01235335367587135,3220,0.009960590706335802,0.31059954833190595
ATG,486,0.0018422000265337453,770,0.0023818803862976916,-0.3706712473811624
ATT,588,0.0022288346000037904,1115,0.0034490865334050992,-0.6299247653759821
CAG,790,0.002994522676875841,879,0.0027190556617606118,0.13922037251638208
CAT,442,0.001675416485036863,457,0.0014136614760234352,0.24508308892868413
CCG,6929,0.02626461725072494,3467,0.010724648440641684,1.2921902042927549
CCT,6087,0.023072986752080055,2828,0.008747997055129705,1.399180130263737
CGG,710,0.002691279874154237,1091,0.003374846105780236,-0.32652928733624265
CGT,690,0.002615469173473836,1372,0.004244077779221342,-0.6983813299119594
CTC,263815,1.0,323274,1.0,0.0
CTG,877,0.0033242992248355857,659,0.0020385184085327,0.7055292620320017
CTT,1202,0.004556223110892103,1249,0.003863595587643918,0.2378943036985488
GAG,3263,0.01236851581600743,2160,0.0066816384862376805,0.8883985596363546
GAT,4196,0.015905085002748138,3985,0.012327004336878314,0.3676658382947542
GCG,965,0.00365786630782935,971,0.0030036439676559205,0.28428853133157084
GCT,996,0.0037753728938839715,1250,0.003866688938794954,-0.03447956288604814
GGG,10986,0.04164281788374429,8877,0.027459678167746245,0.6007529791987372
GGT,8191,0.031048272463658246,6308,0.019512859060734855,0.6700878188205364
GTG,1535,0.00581847127722078,1377,0.004259544534976521,0.4499409807178987
GTT,3581,0.013573905956825807,1916,0.005926860805384905,1.1954958421796649
TAG,10148,0.038466349525235484,6005,0.01857557366197096,1.0501901580662638
TAT,2493,0.009449803839811989,2457,0.007600363778095362,0.3142159097246564
TCG,694,0.002630631313609916,726,0.0022457729356521092,0.22819699917783076
TCT,1137,0.004309838333680799,1169,0.0036161274955610412,0.25318820895591276
TGG,933,0.0035365691867407087,795,0.002459214165073591,0.5241531052753619
TGT,4034,0.01529101832723689,3609,0.011163904304088791,0.4538428253110496
TTG,1234,0.004677520231980744,1291,0.003993516335987429,0.22808427843754853
TTT,809,0.003066542842522222,1206,0.003730581488149372,-0.282787414874786
