site_2,count_x,proportion_x,count_y,proportion_y,ratio
AAG,271643,1.0,779446,1.0,0.0
AAT,862,0.0031732825804456585,1235,0.0015844587052855489,1.001985938612476
ACG,501,0.0018443324510478826,1515,0.0019436882093179,-0.07569807916968685
ACT,333,0.0012258736650677543,903,0.0011585151505043325,0.08153339558582218
AGG,504,0.001855376357940385,1716,0.0022015636747125525,-0.24681670800421074
AGT,112,0.00041230585732008555,405,0.0005195998183325079,-0.3336859697189638
ATG,560,0.0020615292866004277,659,0.0008454722969904265,1.2858855679323327
ATT,150,0.0005521953446251146,238,0.0003053450784274985,0.8547381331833552
CAG,287,0.0010565337593827192,764,0.0009801833610025583,0.10821530463535645
CAT,443,0.0016308169177928385,843,0.0010815373996402573,0.5925112736083538
CCG,6217,0.02288665638356225,12006,0.015403247947901459,0.5712721169059662
CCT,3348,0.012325000092032558,7827,0.010041747600218616,0.29557728900715396
CGG,466,0.001715486870635356,479,0.0006145390443982008,1.4810415049135184
CGT,206,0.0007583482732851574,633,0.0008121152716159939,-0.09882395624970464
CTG,490,0.0018038381257753744,420,0.0005388442560485268,1.7431296273318662
CTT,238,0.0008761499468051818,1639,0.0021027755611036556,-1.2630451697960972
GAG,428,0.0015755973833303269,1208,0.001549818717396715,0.023799453071486454
GAT,262,0.0009645012019452001,538,0.0006902338327478747,0.4826978449762436
GCG,354,0.0013031810133152704,1051,0.0013483936026357183,-0.04920419788376229
GCT,155,0.0005706018561126184,244,0.000313042853513906,0.8661242737067703
GGG,286,0.0010528524570852184,848,0.0010879522122122635,-0.0473119117893912
GGT,192,0.0007068100411201467,723,0.0009275818979121068,-0.3921521302345443
GTG,582,0.0021425179371454446,388,0.0004977894555876866,2.1056997067165746
GTT,253,0.0009313694812676933,1187,0.0015228765045942887,-0.7093734389521789
TAG,15461,0.05691661482165931,27253,0.03496457740497738,0.7029557902009387
TAT,447,0.0016455421269828414,977,0.0012534543765700254,0.3926534752103503
TCG,932,0.003430973741270712,1410,0.0018089771453057685,0.9234439033635429
TCT,351,0.001292137106422768,1353,0.001735848281984897,-0.4258816976765587
TGG,336,0.0012369175719602566,313,0.00040156726700759255,1.6230357818415602
TGT,189,0.0006957661342276444,523,0.000670989395031856,0.05231249396955029
TTG,361,0.0013289501293977757,400,0.0005131850057605017,1.3727360431078655
TTT,410,0.0015093339419753131,972,0.0012470395639980192,0.27540480189508365
