site_2,count_x,proportion_x,count_y,proportion_y,ratio
AAG,1224,0.0045212765957446804,3234,0.004168240175184665,0.11729177083729958
AAT,270720,1.0,775867,1.0,0.0
ACG,8714,0.03218823877068558,5593,0.0072087097402003175,2.1587206745478955
ACT,12728,0.047015366430260046,8275,0.010665487770455503,2.1401824153674145
AGG,1328,0.004905437352245863,2454,0.0031629132312625745,0.6331277893023293
AGT,600,0.002216312056737589,1116,0.00143839085822699,0.6237052702850026
ATG,746,0.002755614657210402,2924,0.0037686871590105007,-0.4516878840788898
ATT,4166,0.015388593380614657,5176,0.0066712464894112,1.2058331136664489
CAG,278,0.0010268912529550827,884,0.001139370536445035,-0.14995359504961492
CAT,1419,0.005241578014184397,4763,0.006138938761411428,-0.22798806768516222
CCG,8330,0.030769799054373524,4941,0.0063683595255372375,2.2725213314237083
CCT,18587,0.0686576536643026,9245,0.011915702046871436,2.52655660042638
CGG,1390,0.005134456264775413,3618,0.004663170362961693,0.13890036660793825
CGT,2157,0.007967641843971631,4216,0.005433921019968629,0.5521592011415484
CTG,3430,0.012669917257683214,7895,0.010175713105467818,0.3162772019308848
CTT,4137,0.015281471631205674,10409,0.013415959178570554,0.18783327974342345
GAG,1557,0.005751329787234042,3224,0.004155351368211304,0.4689250921693784
GAT,2400,0.008865248226950355,4972,0.006408314827154654,0.46821600106170536
GCG,432,0.0015957446808510637,1711,0.0022052748731419174,-0.46672865070763514
GCT,911,0.003365100472813239,2210,0.0028484263411125877,0.24048448114156606
GGG,738,0.002726063829787234,1998,0.002575183633277353,0.08214402988628677
GGT,790,0.002918144208037825,2133,0.0027491825274177147,0.0860484843422018
GTG,1811,0.006689568557919622,2002,0.002580339156066697,1.3743524637324844
GTT,2170,0.008015661938534278,2592,0.0033407787674949443,1.262637216065527
TAG,8854,0.03270537825059101,14244,0.018358816652854163,0.8330548293531121
TAT,5331,0.019691932624113475,11364,0.014646840244526445,0.4270152421786033
TCG,171,0.0006316489361702128,1208,0.001556967882381903,-1.3015443328208711
TCT,443,0.0016363770685579196,1327,0.0017103446853648885,-0.06378187519686485
TGG,1911,0.00705895390070922,2314,0.0029824699336355328,1.2429468054882769
TGT,415,0.0015329491725768322,439,0.0005658186261305095,1.437898288317239
TTG,1820,0.006722813238770686,6598,0.00850403484102301,-0.3390824358605631
TTT,10682,0.03945774231678487,14634,0.018861480124815207,1.0648655169931045
