site_2,count_x,proportion_x,count_y,proportion_y,ratio
AAG,34,0.00019758137156339166,150,0.0004641304515989294,-1.232083423183708
AAT,31,0.0001801477211313277,399,0.0012345870012531522,-2.7767761997736358
ACG,96,0.000557876813826047,72,0.0002227826167674861,1.3243099253406783
ACT,121,0.0007031572340932468,61,0.0001887463836502313,1.8973983257735423
AGG,225,0.0013075237824047977,534,0.0016523044076921887,-0.33764231440868286
AGT,159,0.0009239834728993904,288,0.0008911304670699444,0.05223037990387702
ATG,184,0.0010692638931665902,386,0.0011943623621145784,-0.15962265514923324
ATT,205,0.001191299446191038,162,0.0005012608877268438,1.2489025226826556
CAG,35,0.00020339258837407965,452,0.0013985797608181074,-2.7816235194083863
CAT,313,0.0018189108617453409,558,0.0017265652799480175,0.07516996116526542
CCA,172081,1.0,323185,1.0,0.0
CCG,598,0.003475107652791418,915,0.0028311957547534693,0.29564616708853464
CCT,642,0.0037308011924616895,742,0.002295898633909371,0.7004265365633344
CGG,461,0.0026789709497271634,290,0.0008973188730912635,1.5779862764762385
CGT,177,0.0010285853754917742,539,0.0016677754227454864,-0.6972634866076746
CTG,329,0.0019118903307163487,921,0.0028497609728174267,-0.575841146294259
CTT,142,0.0008251927871176946,638,0.00197410152080078,-1.2583930681983517
GAG,318,0.0018479669457987808,562,0.0017389420919906556,0.08772906112526258
GAT,803,0.004666407098982456,1136,0.003515014620109225,0.4087814840744679
GCG,196,0.001138998494894846,680,0.00210405804724848,-0.885408665960659
GCT,195,0.001133187278084158,176,0.0005445797298760771,1.0571711211741484
GGG,215,0.0012494116142979178,214,0.0006621594442811393,0.9159982892501475
GGT,194,0.00112737606127347,365,0.0011293840988907283,-0.0025673855184162875
GTG,251,0.0014586154194826855,411,0.0012717174373810666,0.197821396330923
GTT,213,0.0012377891806765419,334,0.0010334638055602828,0.2602777538136216
TAG,5448,0.03165950918462817,4836,0.014963565759549484,1.0811848848247818
TAT,53,0.00030799449096646347,349,0.0010798768507201757,-1.8098903455846198
TCG,101,0.000586932897879487,274,0.0008478116249207111,-0.5305481741468974
TCT,51,0.0002963720573450875,187,0.000578615962993332,-0.9651966918543078
TGG,935,0.005433487717993271,1818,0.0056252610733790245,-0.05004150335727342
TGT,272,0.0015806509725071333,640,0.0019802899268220988,-0.3251928275751883
TTG,117,0.0006799123668504948,805,0.0024908334235809212,-1.8732078273567403
TTT,288,0.001673630441478141,487,0.0015068768661911907,0.15141946542180484
