site_2,count_x,proportion_x,count_y,proportion_y,ratio
AAG,3463,0.02012424381541251,3199,0.009898355431099834,1.0236738211433885
AAT,2772,0.016108692999227108,2212,0.006844377059578879,1.2348482979643416
ACG,34,0.00019758137156339166,159,0.0004919782786948652,-1.3161476879721814
ACT,75,0.00043584126080159925,138,0.00042700001547101506,0.029566659779547422
AGG,6009,0.03491960181542413,4334,0.0134102758481984,1.380698194502025
AGT,127,0.0007380245349573747,251,0.0007766449556755419,-0.07358644111677215
ATG,3783,0.021983833194832665,2718,0.0084100437829726,1.3862577463438193
ATT,3633,0.02111215067322947,3048,0.009431130776490245,1.162570888983998
CAG,3942,0.022907816667732058,3112,0.009629159769172455,1.2503581421191283
CAT,4460,0.025918026975668435,2997,0.00927332642294661,1.4827970523559273
CCG,1530,0.008891161720352625,2236,0.0069186379318347075,0.36188389079865946
CCT,2411,0.014010843730568745,1253,0.0038770363723563904,1.853517662342501
CGG,4187,0.024331564786350613,5584,0.017278029611522812,0.4938904025924842
CGT,5202,0.030229949849198925,5386,0.016665377415412224,0.8591245955031539
CTG,3619,0.021030793637879835,3321,0.010275848198400297,1.033245810931665
CTT,3644,0.021176074058147035,4133,0.012788341043055835,0.7276060214893452
GAG,5856,0.03403048564338887,6062,0.018757058650618066,0.859394127561548
GAT,7048,0.04095745608172895,5425,0.016786051332827946,1.286863212763044
GCG,5643,0.03279269646271233,5574,0.017247087581416215,0.9270217732023767
GCT,6392,0.03714529785391763,4928,0.015248232436530161,1.28453757829491
GGG,10132,0.05887924872589072,9616,0.029753856150502033,0.9846826070631503
GGT,8066,0.04687327479500933,7056,0.021832696443213638,1.10227527091019
GTG,6633,0.03854580110529344,6952,0.021510899330105047,0.8415058697848163
GTT,5634,0.03274039551141614,5026,0.015551464331574795,1.0740213185561105
TAG,3811,0.02214654726553193,3568,0.011040116342033201,1.0043264189536982
TAT,5840,0.03393750617441786,4240,0.013119420765196404,1.3711765303786532
TCA,172081,1.0,323185,1.0,0.0
TCG,472,0.0027428943346447313,488,0.0015099710692018503,0.8611781378607883
TCT,582,0.00338212818382041,960,0.002970434890233148,0.1872571733616013
TGG,7312,0.04249161731975058,6620,0.020483623930566085,1.0527072794253245
TGT,15521,0.09019589611868829,9716,0.030063276451567988,1.585059542660531
TTG,6174,0.03587845258918765,4450,0.013769203397434905,1.3816725729358375
TTT,5243,0.03046820973843713,4847,0.014997601992666738,1.0225728894117898
