site_2,count_x,proportion_x,count_y,proportion_y,ratio
AAG,462,0.002648778809769522,873,0.0026779469686744623,-0.0158000169532162
AAT,224,0.0012842563926155257,252,0.0007730156198235561,0.7323637838178527
ACG,104,0.0005962618965714941,250,0.0007668805752217818,-0.3630557812608295
ACT,38,0.00021786492374727668,125,0.0003834402876108909,-0.8155679859583369
AGG,145,0.0008313266827198716,667,0.002046037374691714,-1.2993450759094856
AGT,135,0.0007739938080495357,168,0.0005153437465490375,0.5867869595322368
ATG,425,0.0024366471734892786,135,0.0004141155106197622,2.5567922192343993
ATT,1135,0.006507281275083133,1046,0.0032086283267279353,1.0200982311915006
CAG,174420,1.0,325996,1.0,0.0
CAT,400,0.002293314986813439,482,0.0014785457490275955,0.6332556388049291
CCG,3561,0.020416236670106638,3298,0.010116688548325746,1.0129798221857609
CCT,2811,0.01611627106983144,2865,0.00878845139204162,0.8748370999962409
CGG,452,0.002591445935099186,751,0.0023037092479662328,0.16979865016108064
CGT,177,0.0010147918816649467,299,0.0009171891679652511,0.1458926611450586
CTG,451,0.0025857126476321523,638,0.0019570792279659873,0.4018597947506777
CTT,165,0.0009459924320605435,148,0.00045399330053129487,1.0591576338770317
GAG,224,0.0012842563926155257,225,0.0006901925176996036,0.8958625161007312
GCG,55,0.00031533081068684784,103,0.0003159547969913741,-0.0028520283983937134
GCT,84,0.00048159614723082214,203,0.0006227070270800869,-0.3707297091462518
GGG,356,0.0020410503382639607,225,0.0006901925176996036,1.564241025009526
GGT,238,0.0013645224171539962,241,0.0007392728745137978,0.8842172123381484
GTG,1256,0.007201009058594198,1675,0.0051380998539859385,0.4869641539192946
GTT,885,0.005073959408324734,1569,0.0048129424900919026,0.076192793262428
TAG,6088,0.034904254099300536,4884,0.01498177891753273,1.2201939437763079
TAT,185,0.0010606581814012154,205,0.0006288420716818611,0.7541901462710321
TCG,165,0.0009459924320605435,129,0.0003957103768144394,1.257383744082727
TCT,99,0.0005675954592363261,68,0.00020859151646032467,1.4441825640894361
TGG,414,0.002373581011351909,338,0.001036822537699849,1.1948963064773075
TGT,132,0.0007567939456484348,575,0.0017638253230100984,-1.2207352412131183
TTG,192,0.0011007911936704506,294,0.0009018515564608154,0.2875789411449574
TTT,131,0.0007510606581814012,257,0.0007883532313279918,-0.06991276239626387
