site_2,count_x,proportion_x,count_y,proportion_y,ratio
AAG,4289,0.027704749662491684,4622,0.01015130317519234,1.4484683855345235
AAT,4591,0.029655515434949712,5810,0.012760508751161295,1.216614597787073
ACG,6312,0.040772296542235374,7145,0.01569257057264156,1.3775075233968774
ACT,5542,0.03579848977139867,5548,0.012185077891814606,1.5547832525244116
AGG,6113,0.03948685816899316,4684,0.010287473836564458,1.940483820630229
AGT,6038,0.039002396470535036,6004,0.013186591143196627,1.5644911092595342
ATG,2028,0.013099844326307562,3356,0.0073707861220133055,0.8296592659301156
ATT,4859,0.03138665857077339,5356,0.011763388101759018,1.4158478011595728
CAG,3968,0.02563125359309093,3642,0.007998928205116941,1.6800254327766355
CAT,4197,0.027110476645716388,4794,0.010529066945450472,1.3644728836033746
CCG,2959,0.019113628876501025,2610,0.0057323455835681545,1.737404219103273
CCT,2404,0.015528612307910937,2659,0.005839964332071924,1.4108974482201164
CGG,3610,0.023318756419117504,3027,0.006648203096345135,1.8104544913136182
CGT,3265,0.021090232606210152,4503,0.009889943357397471,1.0925408434585462
CTG,226,0.0014598445846871347,316,0.0006940311127998226,1.072742543604683
CTT,624,0.004030721331171557,767,0.0016845628592324806,1.2586637807259127
GAG,5531,0.03572743538895815,6436,0.014135393170821702,1.3377203453590774
GAT,3881,0.02506927802287951,4363,0.009582461218815272,1.3874522887755463
GCG,8491,0.05484752375477195,8108,0.017807608425889118,1.6229327130778133
GCT,7079,0.045726724845133744,5450,0.011969840394807066,1.9336336749073801
GGG,5249,0.03390585940275562,6343,0.013931137178763526,1.2832215847445063
GGT,4789,0.03093449431887915,6491,0.014256189725264708,1.1176280087646706
GTG,1403,0.009062663505823229,2079,0.004566109757945668,0.9889695801281277
GTT,1496,0.009663396011911298,2973,0.006529602842892002,0.5655350413465907
TAG,8101,0.05232832292278972,8528,0.018730054841635715,1.4822368987720766
TAT,7006,0.04525518212530118,6549,0.014383575182677334,1.653660686456714
TCG,5725,0.03698057631563648,4563,0.010021721416789843,1.8836373687926136
TCT,4607,0.029758867263954113,5754,0.012637515895728414,1.235606706231522
TGG,5452,0.03521713573324893,6401,0.014058522636176152,1.3248325829061338
TGT,1842,0.011898379314131425,2868,0.0062989912389553515,0.9175723667560289
TTA,154811,1.0,455311,1.0,0.0
TTG,827,0.005341997661664869,1614,0.0035448297976547897,0.5916629852600934
TTT,8894,0.05745069794782025,9755,0.02142491615620971,1.4230348612217174
