site_2,count_x,proportion_x,count_y,proportion_y,ratio
AAG,262,0.0016923861999470322,483,0.0010608133781085894,0.6738879520682755
AAT,264,0.0017053051785725821,267,0.0005864123642960525,1.5400425170374987
ACG,183,0.0011820865442378125,502,0.0011025430969161738,0.10050061369986807
ACT,75,0.0004844616984581199,311,0.0006830496078504583,-0.49560775026812287
AGG,575,0.003714206354845586,1060,0.0023280790492652276,0.6739139257477742
AGT,196,0.0012660599053038867,623,0.0013682955166907894,-0.11203417954219574
ATG,344,0.0022220643235945766,693,0.0015220365859818894,0.5458975419314811
ATT,344,0.0022220643235945766,883,0.0019393337740577319,0.19633945642022965
CAA,154811,1.0,455311,1.0,0.0
CAG,484,0.003126392827383067,1043,0.002290741932437389,0.4486841241214261
CAT,738,0.0047671031128279,1389,0.003050662074933397,0.6439904514456023
CCG,103,0.000665327399215818,291,0.0006391235880530012,0.0579695136415328
CCT,290,0.0018732519007047302,419,0.0009202501147567268,1.02544698568218
CGG,545,0.003520421675462338,1041,0.002286349330457643,0.6227023957314692
CGT,281,0.001815116496889756,665,0.0014605401582654493,0.3135601191989732
CTG,192,0.001240221948052787,1115,0.0024488756037082345,-0.9815211647199131
CTT,205,0.0013241953091188612,383,0.0008411832791213039,0.6546238469470875
GAG,552,0.0035656381006517624,708,0.0015549811008299822,1.1972632360617705
GAT,368,0.002377092067101175,579,0.0012716582731363837,0.9024867474343754
GCG,448,0.0028938512121231695,935,0.0020535414255311206,0.494876696649202
GCT,276,0.0017828190503258812,551,0.0012101618454199436,0.5589602775736093
GGG,756,0.004883373920457849,1408,0.0030923917937409813,0.6591551349503737
GGT,776,0.005012563706713347,1552,0.0034086591362826727,0.5563443293665982
GTG,313,0.0020218201548985537,1078,0.002367612467082939,-0.22777828645329024
GTT,272,0.0017569810930747815,639,0.001403436332528755,0.3241350496699429
TAG,7822,0.050526125404525515,9042,0.019858953550430367,1.3472399477805634
TAT,244,0.0015761153923170834,727,0.0015967108196375665,-0.018729886990110245
TCG,294,0.00189908985795583,405,0.0008895019008985067,1.0942385764309766
TCT,382,0.002467524917480024,442,0.0009707650375238024,1.3458705980109151
TGG,561,0.003623773504466737,721,0.0015835330136983292,1.1943458407345684
TGT,386,0.0024933628747311237,819,0.0017987705107058692,0.4710817249936703
TTG,351,0.002267280748784001,630,0.0013836696236198993,0.7124635312838805
TTT,262,0.0016923861999470322,667,0.001464932760245195,0.2082243797194625
