site_2,count_x,proportion_x,count_y,proportion_y,ratio
AAG,2461,0.015532105575401084,2982,0.016023815409085537,-0.04496428808942898
AAT,157,0.0009908738623884477,525,0.0028210942621629464,-1.5094815519260045
ACT,213,0.0013443065776352827,261,0.0014024868617610077,-0.061125064608193114
AGG,8383,0.052907615212753875,5309,0.028527979881567776,0.8910977997108418
CAT,1372,0.008659101523547454,1274,0.006845855409515417,0.3389865156523655
CCT,205,0.0012938161897428776,285,0.0015314511708884567,-0.2432666978108049
CGG,11168,0.07048458149779736,6974,0.03747487882728455,0.9113838891688015
CGT,4036,0.025472400691718314,4889,0.02627110447183742,-0.0445419191659262
GAT,830,0.005238377743837017,692,0.003718470913174779,0.49441061033341605
GCG,380,0.0023982934248892368,584,0.0031381315221012587,-0.38789763881321626
GCT,158446,1.0,186098,1.0,0.0
GGG,469,0.002959998990192242,779,0.0041859665337617815,-0.4999640938104397
GGT,1067,0.006734155485149515,1178,0.006329998173005621,0.0892919487298185
GTT,225,0.00142004215947389,329,0.001767885737622113,-0.31609127078234955
TAG,1096,0.006917183141259483,1067,0.005733538243291169,0.2707589338719556
TAT,494,0.0031177814523560077,399,0.002144031639243839,0.5401936070981854
TCT,619,0.003906693763174836,741,0.003981773044309987,-0.027462821355714873
TGG,3844,0.024260631382300595,5338,0.028683811755096777,-0.24161965763236282
TTT,450,0.00284008431894778,89,0.0004782426463476233,2.5701190719864933
