site_2,count_x,proportion_x,count_y,proportion_y,ratio
ACT,255,0.0006792030683997443,278,0.0007316732947143184,-0.107356626511379
CCT,79,0.00021041977413168548,71,0.00018686620116804535,0.1712646380256917
GCT,124,0.0003302791391434051,132,0.00034741321907298575,-0.07296679961830677
TAT,202,0.0005380353718303857,203,0.0005342794202410311,0.01010657491988809
TCT,375440,1.0,379951,1.0,0.0
TTT,60,0.00015981248668229278,80,0.00021055346610483983,-0.3978064899255731
