site_2,count_x,proportion_x,count_y,proportion_y,ratio
AGT,138,0.0004428541629895865,128,0.00031889105635153755,0.47376804458940924
CGT,96,0.0003080724612101471,95,0.00023667695588590676,0.3803504802014501
GAT,212,0.0006803266851724083,112,0.00027902967430759536,1.285809120316836
GCT,148,0.0004749450443656435,107,0.0002665729924188634,0.8332299670390437
GGG,5182,0.016629494729072734,4929,0.012279797005911941,0.4374576223201059
GGT,311615,1.0,401391,1.0,0.0
GTG,7859,0.02522022367344319,7679,0.019130972044714506,0.39867089183188753
GTT,547,0.0017553712112703176,412,0.0010264305876315114,0.774140083420578
TGT,534,0.0017136530654814435,635,0.0015819985998689558,0.11532673783926839
