site_2,count_x,proportion_x,count_y,proportion_y,ratio
AGT,146,0.0005512054788314444,157,0.0004833505738633565,0.18952027359656576
CGT,53,0.0002000951395757983,49,0.00015085463770257623,0.4075270740561674
GGT,59,0.00022274741952777548,81,0.0002493719521205852,-0.16289048991460575
TAT,149,0.0005625316188074329,65,0.0002001132949115807,1.4911171710418838
TGT,264874,1.0,324816,1.0,0.0
TTT,146,0.0005512054788314444,128,0.0003940692576720359,0.4841410224881937
