site_2,count_x,proportion_x,count_y,proportion_y,ratio
AAG,527,0.001900647013423545,178,0.0006252612573371598,1.6039595884031357
AAT,277274,1.0,284681,1.0,0.0
AGT,101,0.0003642606230659925,71,0.00024940196219628283,0.5464982309794308
ATG,1699,0.0061275128573180316,1131,0.003972867876675999,0.6251207909267187
ATT,121,0.0004363914395147039,119,0.0004180117394557417,0.06207934169896845
GAT,123,0.000443604521159575,109,0.00038288470252668776,0.2123640482946314
TAT,102,0.0003678671638884281,101,0.00035478307298344465,0.052247726952019846
