site_2,count_x,proportion_x,count_y,proportion_y,ratio
AAG,7152,0.010177798396484448,10214,0.014002848827086615,-0.4602948483588829
AAT,14397,0.020487942325809087,16192,0.022198367750948352,-0.11567850208674457
ACG,1669,0.0023751042398954896,4681,0.006417401151320975,-1.4339983361791395
ACT,3048,0.0043375181085688755,7958,0.01090999324123314,-1.3307085220302
AGG,9186,0.013072323276021551,14763,0.020239285023916163,-0.6306427594601356
AGT,21078,0.029995474636619012,30639,0.04200443364138504,-0.4857967545829087
ATG,10288,0.014640546686665546,19373,0.026559348964866752,-0.8592503573922068
ATT,12073,0.01718072707504988,16979,0.023277302744772237,-0.4381328042772701
CAG,6763,0.00962422407094859,8837,0.012115055324551049,-0.33205885620008946
CAT,8686,0.01236078815322482,9247,0.01267714344077442,-0.036458961680323476
CCG,5732,0.00815703864774173,10371,0.014218087447201417,-0.8016100205511938
CCT,7223,0.010278836383921583,11790,0.016163460707984256,-0.6530591686557541
CGG,5940,0.00845303725882517,8501,0.011654417258572872,-0.46333515489915644
CGT,8173,0.011630753117235373,10619,0.01455808221018531,-0.3238757989585279
CTG,10168,0.014469778257194331,15023,0.020595731146399277,-0.5093025292549562
CTT,9057,0.012888747214339994,17949,0.024607120970959236,-0.9329638319711151
GAG,9039,0.012863131949919311,18182,0.024926551534569106,-0.9544413501919546
GAT,17890,0.025458726693667052,22984,0.03150983722750722,-0.30764203642303833
GCG,14069,0.02002117528525443,23571,0.0323145828963441,-0.6906587041037593
GCT,18275,0.026006608738220537,24935,0.034184554092755504,-0.3944663226550986
GGG,8086,0.011506946005868742,10088,0.013830109552344799,-0.2653075978863102
GGT,702706,1.0,729423,1.0,0.0
GTG,17778,0.025299342826160583,26812,0.0367578209077586,-0.5389513326541024
GTT,21731,0.030924739506991546,32471,0.04451600785826605,-0.525562776552011
TAG,17523,0.024936459913534253,27597,0.03783401400833261,-0.6014271790185592
TAT,15007,0.0213560151756211,18786,0.025754603296029875,-0.27018783877786046
TCG,9391,0.013364052676368211,9796,0.013429793137863763,-0.007079508388779132
TCT,13800,0.01963836938918979,15250,0.020906936030259535,-0.09030650150186403
TGG,13822,0.019669676934592845,26972,0.03697717236774821,-0.9106616443353355
TGT,21140,0.030083704991845806,32368,0.04437480035589774,-0.5607583741180227
TTG,14433,0.020539172854650452,19537,0.0267841842113561,-0.383003272150078
TTT,22134,0.03149823681596571,23999,0.0329013480518163,-0.06287562325130835
