site_2,count_x,proportion_x,count_y,proportion_y,ratio
AAG,2373,0.004725510187825588,3844,0.009373095023286435,-0.98805541092098
AAT,4092,0.008148667378247917,3334,0.008129526224671429,0.0033928654177346473
ACG,2689,0.005354781666693218,1702,0.004150106069103411,0.3676795428457327
ACT,2758,0.0054921858820155805,2513,0.0061276242959206065,-0.15794738970785271
AGG,8005,0.015940880342833474,4355,0.010619102192094804,0.5860695085762142
AGT,2514,0.005006292714788676,5174,0.012616127380458902,-1.3334545796054114
ATG,4699,0.009357426199996815,5714,0.01393284728487479,-0.5743064438764334
ATT,4369,0.00870027560497682,7895,0.019250932676598963,-1.1457953356445598
CAG,4490,0.008941230823150818,4534,0.011055570456706737,-0.30622812145345435
CAT,3834,0.0076348950948686494,5256,0.012816073736314647,-0.7472741139953563
CCG,1514,0.003014927275334151,1843,0.00449391626636756,-0.5758500409861584
CCT,3101,0.006175224227748482,1957,0.004771890468410914,0.37193059464464095
CGG,5236,0.010426789440983894,2365,0.005766745507302919,0.8544657383773053
CGT,7013,0.013965445826894586,6114,0.014908195362219892,-0.09424399955512186
CTG,1100,0.002190501983399978,2253,0.00549364804564629,-1.3265029651645843
CTT,5482,0.010916665339089707,5756,0.014035258832996025,-0.36252343925570063
GAG,5982,0.01191234805881697,9258,0.022574431250152398,-0.9222318275137162
GAT,6440,0.012824393430087143,7650,0.018653531979225087,-0.5405582348065749
GCG,2663,0.0053030061652674,4448,0.01084587062007754,-1.0322635348540707
GCT,2155,0.0042913925220245015,3615,0.008814708249006363,-1.0384669532031978
GGG,4649,0.009257857928024088,3067,0.007478481383043574,0.30793308391076746
GGT,502168,1.0,410110,1.0,0.0
GTG,7166,0.014270124739131128,7194,0.01754163517105167,-0.29778529126582143
GTT,13272,0.026429402112440457,12513,0.03051132622954817,-0.20720110199569586
TAG,5471,0.010894760319255707,6689,0.016310258223403477,-0.5821451648855716
TAT,5435,0.010823071163435345,5936,0.014474165467801321,-0.41937023204730917
TCG,4295,0.008552914562457185,3198,0.007797907878374095,0.133329017204316
TCT,1594,0.003174236510490513,3107,0.007576016190778084,-1.2550297874725471
TGG,13069,0.026025154928231188,12022,0.029314086464607057,-0.1716873457789898
TGT,10991,0.021887097545044688,7989,0.01948013947477506,0.16807664402571554
TTG,4917,0.0097915438657979,7868,0.019185096681378168,-0.9703777777990927
TTT,7472,0.014879482563604211,4699,0.011457901538611592,0.37698151196736873
