site_2,count_x,proportion_x,count_y,proportion_y,ratio
AAG,2432,0.005245607450833215,2649,0.0008566303479975902,2.614365155308512
AAT,1810,0.0039040088347072855,4242,0.001371772720349482,1.5089148466745623
ACG,155,0.0003343211985522814,799,0.0002583796330879859,0.3717424825808102
ACT,490,0.0010568863696168895,2182,0.0007056124648285171,0.5828723229135129
AGG,2279,0.004915600074197737,3744,0.0012107300954711127,2.021490259916442
AGT,623,0.001343755527084331,2756,0.0008912318758329024,0.5923979505542611
ATG,223,0.0004809911437236048,2835,0.0009167787982533667,-0.9305633496747365
ATT,261,0.0005629537601428738,1546,0.0004999435704055396,0.17125116287958697
CAG,349,0.0007527619244822335,1893,0.0006121560017966924,0.2982943007404959
CAT,277,0.0005974643354773029,2542,0.000822028820162278,-0.4603363787212196
CCG,131,0.0002825553355506378,1465,0.0004737498904554434,-0.7455921775376098
CCT,703,0.001516308403756476,2773,0.0008967293148347744,0.7578187482676064
CGG,1824,0.003934205588124911,2589,0.0008372276221086301,2.23238053449918
CGT,2137,0.004609318718104679,3025,0.000978220763568407,2.2363215358450415
CTG,248,0.0005349139176836501,1464,0.0004734265116906274,0.17616624233738243
CTT,259,0.0005586399382260702,1711,0.00055330106660018,0.013854013431689793
GAG,516,0.0011129660545353367,1520,0.0004915357225203235,1.1790414173268555
GAT,6602,0.014239926147368784,9751,0.0031532663357208388,2.175022728798229
GCG,2013,0.004341861759262854,9051,0.002926901200349637,0.5689397452880307
GCT,463626,1.0,3092349,1.0,0.0
GGG,1607,0.0034661559101517173,5238,0.0016938579701062202,1.0330236395590475
GGT,1748,0.0037702803552863732,5842,0.0018891787440550856,0.9969125969059682
GTG,230,0.0004960895204324176,1568,0.0005070579032314917,-0.031550022936283284
GTT,623,0.001343755527084331,2896,0.0009365049029071427,0.5209122361753469
TAG,5933,0.01279695271619797,5456,0.0017643545408361086,2.8585879086703683
TAT,266,0.0005737383149348828,3642,0.0011777454614598805,-1.0375630012411001
TCG,211,0.00045510821222278304,945,0.0003055929327511222,0.5745984398333004
TCT,1232,0.0026573143007510365,4090,0.0013226191480974496,1.0065711831003412
TGG,226,0.00048746187659881026,2097,0.0006781252698191569,-0.4762624134468556
TGT,709,0.001529249869506887,2127,0.000687826632763637,1.1527072695133942
TTG,366,0.0007894294107750644,2730,0.0008828240279476864,-0.16131562728862292
TTT,824,0.0017772946297230957,6119,0.0019787546619091183,-0.15490988641698955
