site_2,count_x,proportion_x,count_y,proportion_y,ratio
AAT,210,0.00047746262718126526,329,0.0004556887687261768,0.06733899915994179
ACT,84,0.00019098505087250612,82,0.00011357592412020211,0.7498026733897376
AGT,58,0.00013187063036434945,90,0.00012465650208314866,0.08116515402695867
ATG,10,2.273631558006025e-05,15,2.0776083680524775e-05,0.1300747545079055
ATT,439825,1.0,721984,1.0,0.0
CTT,2,4.54726311601205e-06,3,4.155216736104955e-06,0.1300747545079055
GTT,46,0.00010458705166827715,77,0.00010665056289336052,-0.0281873294088264
TTT,148,0.0003364974705848917,240,0.0003324173388883964,0.017600025249491225
