site_2,count_x,proportion_x,count_y,proportion_y,ratio
GAC,111985,1.0,870709,1.0,0.0
GAG,7,6.250837165691834e-05,40,4.5939573382151785e-05,0.44431196160987696
GAT,22,0.0001964548823503148,208,0.0002388857815871893,-0.28212296506415946
