site_2,count_x,proportion_x,count_y,proportion_y,ratio
AAT,542,0.0008624859965373256,646,0.0007419113289630239,0.2172542626115863
ACG,124,0.00019732151950300437,281,0.0003227199434034206,-0.7097344338824119
ACT,185,0.00029439097667786944,366,0.0004203398551090816,-0.513822801816092
AGG,525,0.0008354338527344944,312,0.0003583224994372499,1.2212669696428744
AGT,424,0.000674712292494144,592,0.0006798939732911922,-0.011037335114110647
ATG,270,0.00042965169569202566,386,0.00044330924609864897,-0.04514586426560996
ATT,1262,0.002008223851716061,1268,0.001456259388738567,0.4636527407947799
CAG,39,6.206080048884815e-05,4,4.59387819791346e-06,3.7558977948138885
CAT,2216,0.0035263265098278845,2236,0.0025679779126336244,0.45753326915763637
CCG,220,0.00035008656686016904,175,0.0002009821711587139,0.800644177643969
CCT,275,0.00043760820857521133,354,0.00040655822051534124,0.10617783428066474
CGG,233,0.00037077350035645177,314,0.00036061943853620665,0.04006097171429346
CGT,1334,0.002122797637233934,1206,0.0013850542766709083,0.6160243352361405
CTG,1129,0.001796580609023322,982,0.0011277970975877545,0.6717461324099467
CTT,628416,1.0,870724,1.0,0.0
GAG,3,4.773907729911396e-06,5,5.742347747391825e-06,-0.2664700182145694
GAT,438,0.0006969905285670639,364,0.0004180429160101249,0.7374879953541154
GCG,382,0.0006078775842753844,210,0.00024117860539045666,1.333678886321266
GCT,296,0.0004710255626845911,242,0.00027792963097376434,0.7610857043059944
GGG,374,0.0005951471636622874,462,0.0005305929318590047,0.16564099442321734
GGT,435,0.0006922166208371525,579,0.0006649638691479734,0.05794762869849457
GTG,255,0.0004057821570424687,349,0.00040081587276794944,0.017765786600843825
GTT,719,0.001144146552602098,618,0.0007097541815776296,0.6888805084865623
TAG,210,0.00033417354109379775,18,2.067245189061057e-05,4.014816092175449
TAT,318,0.000506034219370608,388,0.00044560618519760565,0.18346568904886773
TCG,177,0.0002816605560647724,156,0.00017916124971862496,0.6526989071723879
TCT,536,0.0008529381810775028,338,0.0003881827077236874,1.1357053301272284
TGG,513,0.0008163382218148487,285,0.0003273138216013341,1.3184924825065885
TGT,518,0.0008242947346980344,509,0.0005845710006844878,0.4957820175624974
TTG,273,0.00043442560342193704,311,0.00035717402988777154,0.282481946740889
TTT,1147,0.0018252240554027905,860,0.000987683812551394,0.8859524023780043
