site_2,count_x,proportion_x,count_y,proportion_y,ratio
AAG,6070,0.01097044125753427,1170,0.0013292826191184926,3.04490178147171
AAT,3544,0.0064051472515158905,264,0.0002999406935446855,4.416482563995996
ACG,2525,0.004563486684559149,775,0.0008805077177921638,2.373728967164351
ACT,1497,0.002705560224469325,1091,0.0012395276388532266,1.1261369145342428
AGG,12411,0.02243066663052024,1201,0.001364502927830179,4.03902510205009
AGT,5885,0.010636086787576472,494,0.0005612526614055857,4.244173263140561
ATG,553305,1.0,880174,1.0,0.0
ATT,1965,0.003551386667389595,1986,0.0022563720355293386,0.6543774844170276
CAG,797,0.001440435203007383,2,2.2722779813991324e-06,9.308149708789903
CAT,3026,0.0054689547356340535,2,2.2722779813991324e-06,11.232910067016169
CCG,3260,0.005891867957094189,425,0.00048285907104731563,3.6090510128928077
CCT,1532,0.002768816475542422,434,0.0004930843219636118,2.48936314427991
CGG,7796,0.014089878096167574,693,0.0007873443205547994,4.161520627920107
CGT,5335,0.009642059984999231,298,0.0003385694192284707,4.831817830049057
CTG,152,0.0002747128618031646,705,0.0008009779884431942,-1.5438381390431388
GAG,7117,0.01286270682534949,22,2.4995057795390456e-05,9.007335696791941
GAT,3531,0.006381652072545883,912,0.0010361587595180044,2.622684886394291
GCG,445,0.000804258049357949,893,0.0010145721186947127,-0.33514104446803117
GCT,394,0.0007120846549371504,15,1.7042084860493494e-05,5.384875018647291
GGG,14234,0.02572541365069898,997,0.0011327305737274674,4.505317621031041
GGT,9232,0.01668519171162379,1601,0.0018189585241100055,3.1973837109286576
GTG,1114,0.0020133561055837197,773,0.0008782354398107647,1.1969227082146148
TAG,7995,0.014449535066554612,1143,0.0012986068663696042,3.475986424952649
TAT,3208,0.005797887241214159,245,0.00027835405272139374,4.380534282251781
TCG,4366,0.007890765491004058,240,0.0002726733577678959,4.854919614181705
TCT,3203,0.005788850633918002,535,0.0006078343600242679,3.2515267962856056
TGG,13554,0.024496435058421667,1152,0.0013088321172859002,4.22621984947136
TGT,1524,0.0027543579038685714,2005,0.0022779586763526302,0.2739744609504715
TTG,758,0.0013699496660973605,590,0.0006703220045127441,1.0311966887213195
TTT,2680,0.004843621510740008,145,0.0001647401536514371,4.8778219901296325
