site_2,count_x,proportion_x,count_y,proportion_y,ratio
AAG,5134,0.025630912857891715,3948,0.002764769774091418,3.2126536063397584
AAT,8453,0.04220064401787275,8979,0.006287960436060497,2.746600970579731
ACG,3753,0.018736426948902922,3004,0.002103690071269154,3.154851777593441
ACT,5780,0.02885599460822246,3630,0.0025420755521661214,3.5047922447256665
AGG,5667,0.028291854921245103,5660,0.003963677031752134,2.8354754496110193
AGT,10534,0.052589800554154915,7952,0.00556875614072314,3.239356002812409
ATG,510,0.0025461171713137467,3483,0.002439131996747824,0.06193097949287285
ATT,2632,0.0131399615586231,8336,0.005837669918142366,1.170496511677472
CAG,4651,0.023219590125059284,4141,0.0028999269590963936,3.001254037375471
CAT,7325,0.036569231921319986,5756,0.004030905476106941,3.181454467677413
CCG,1246,0.006220513716582212,2183,0.0015287468127764858,2.0246842382539496
CCT,1864,0.009305808641821223,2013,0.0014096964425648491,2.7227469879536788
CGG,5405,0.026983849629315295,4737,0.003317303551132484,3.024013246261357
CGT,7176,0.03582536631636754,5615,0.0039321636984608185,3.187586167852036
CTG,431,0.0021517186290906367,3383,0.0023691023672115672,-0.13885110248415344
CTT,950,0.004742767279898155,5742,0.004021101327971865,0.2381383882318664
GAG,6668,0.03328923391827463,4917,0.0034433568842977464,3.2731680493865403
GAT,9575,0.047802101794762984,7508,0.0052578245855821595,3.1845361370895455
GCG,5087,0.025396270687202016,4620,0.0032353688845750636,2.9726145427799464
GCT,7527,0.03757769401662465,4748,0.0033250068103814726,3.4984473367091606
GGG,11601,0.057916677067472104,8605,0.0060260496215948966,3.264694373097136
GGT,12643,0.06311874391552882,11992,0.008397953173987914,2.9099588465071395
GTG,3239,0.0161703402311475,4809,0.003367724884398589,2.2635038421402207
GTT,5055,0.025236514315668604,9449,0.006617099694880904,1.9312417372353545
TAG,9551,0.04768228451611293,8436,0.005907699547678623,3.012784997872325
TAT,10749,0.053663163675395024,11430,0.008004386655994152,2.74506934605079
TCG,6034,0.030124060807268916,4002,0.002802585774040997,3.426085829461699
TCT,9355,0.046703776740470784,6251,0.004377552142311412,3.4153429511700573
TGG,892,0.0044532088564938465,6129,0.004292115994277179,0.05315621068665877
TGT,13458,0.0671875390030204,10433,0.007306191249517671,3.2010022632716164
TTG,902,0.004503132722598038,5571,0.003901350661464866,0.20695532281954243
TTT,200305,1.0,1427967,1.0,0.0
