site_2,count_x,proportion_x,count_y,proportion_y,ratio
AAG,3046,0.02285585653185263,7216,0.00509646990356541,2.1649936776149774
AAT,1991,0.014939596308246417,1594,0.0011258000313585455,3.7301186661130963
ACG,1804,0.013536429804156975,1673,0.0011815956414446967,3.518038967600095
ACT,1457,0.010932693029188865,1052,0.0007429997697548242,3.879143247155276
AGG,3706,0.02780820889922713,4014,0.0028349820112127987,3.2940993390477145
AGT,875,0.006565618668867713,1738,0.0012275034218953275,2.4192039142883566
ATG,133270,1.0,1415882,1.0,0.0
ATT,837,0.006280483229534029,3695,0.0026096807502320107,1.2670022378998969
CAG,1182,0.008869212876116155,2352,0.0016611553787674396,2.4166190497242344
CAT,1815,0.013618969010279883,1891,0.0013355632743406584,3.350097259316417
CCG,935,0.007015832520447213,1084,0.0007656005232074424,3.1959505878041936
CCT,800,0.006002851354393337,641,0.00045272134259775887,3.7289527175390482
CGG,2695,0.020222105500112553,2424,0.0017120070740358306,3.562172648549984
CGT,2313,0.017355743978389734,2460,0.0017374329216700262,3.320384024792654
CTG,120,0.0009004277031590005,510,0.00036019950815110297,1.3218142331327272
CTT,88,0.000660313648983267,608,0.0004294143155997463,0.6207811795767775
GAG,1561,0.011713063705259999,2112,0.0014916497278728029,2.9731377770025222
GAT,2327,0.017460793877091617,1828,0.0012910680409808162,3.757482214730345
GCG,110,0.0008253920612290839,1655,0.0011688827176275988,-0.5019787137868548
GCT,249,0.0018683874840549261,1013,0.0007154551014844458,1.3848605476500087
GGG,2935,0.022022960906430553,4742,0.0033491491522598636,2.7171419148984732
GGT,2365,0.017745929316425303,2913,0.002057374837733653,3.1086115564694756
GTG,343,0.002573722518196143,2009,0.001418903552697188,0.8590799918225862
GTT,175,0.0013131237337735424,1181,0.0008341090571106915,0.6546949368182364
TAG,4181,0.031372401890898176,3409,0.0024076865162492357,3.703776518287257
TAT,2341,0.017565843775793503,1756,0.0012402163457124252,3.8241091639597204
TCG,1313,0.009852179785398063,1728,0.0012204406864413841,3.0130407731124844
TCT,1422,0.010670068282434155,1531,0.0010813047979987033,3.3027242565026924
TGG,4610,0.0345914309296916,4229,0.0029868308234725777,3.533727264670964
TGT,216,0.0016207698656862009,1707,0.0012056089419881036,0.42691723351879673
TTG,410,0.003076461319126585,1589,0.0011222686636315738,1.454853764539994
TTT,4473,0.033563442635251746,2924,0.0020651438467329903,4.022576521435227
