site_2,count_x,proportion_x,count_y,proportion_y,ratio
AAG,1530,0.002448905115330626,3066,0.0007294746046002581,1.747207217489665
AAT,166,0.0002656982020554797,2216,0.000527239309782835,-0.9886694731338359
ACG,328,0.0005249940377963695,1710,0.00040684982839740426,0.36780465641325044
ACT,264,0.0004225561767629316,1279,0.0003043046377311579,0.4736268320452446
AGG,989,0.001582985071282346,5647,0.0013435561292164573,0.23659105634624922
AGT,929,0.001486949576563498,2997,0.0007130578571386085,1.0602646794375055
ATG,537,0.0008595176777336904,4386,0.0010435341212579035,-0.27987855711975484
ATT,318,0.0005089881220098948,1560,0.0003711612469590355,0.45558590310317015
CAG,240,0.00038414197887539237,2080,0.0004948816626120472,-0.36544395585150724
CCG,268,0.00042895854307752144,2441,0.0005807721819403882,-0.4371341277549554
CCT,244,0.0003905443451899822,1709,0.00040661190452114844,-0.058166082544826025
CGG,1483,0.002373677311134195,4718,0.0011225248481748266,1.0803764407835938
CGT,863,0.001381310532372765,4866,0.0011577375818606836,0.25472940580895376
CTG,571,0.0009139377914077043,3996,0.0009507438095181447,-0.05696067086114809
CTT,505,0.0008082987472169714,3607,0.0008581914216546416,-0.08641086857998559
GAG,2297,0.003676558856153234,5070,0.0012062740526168653,1.6077983710556492
GAT,1015,0.0016246004523271802,4288,0.001020217581384836,0.6712080831831919
GCG,1943,0.0031099494373120306,5880,0.0013989923923840566,1.1525030074300453
GCT,1130,0.001808668483871639,4795,0.0011408449866465225,0.6648252189654826
GGG,5072,0.008118200486899959,14302,0.0034027872782103367,1.2544430037333871
GGT,4281,0.006852132548189811,10062,0.0023939900428857786,1.5171359074798447
GTG,817,0.0013076833197549814,6833,0.0016257338464558265,-0.31407788176052875
GTT,460,0.0007362721261778354,5911,0.0014063680325479863,-0.9336631927380878
TAG,6211,0.009941274294979425,3911,0.0009305202800364024,3.417321293282188
TAT,614,0.0009827632292895455,1597,0.00037996443038049974,1.3709795095273751
TCG,995,0.0015925886207542308,2663,0.000633591282469174,1.3297492637888233
TCT,591,0.0009459496229806537,1883,0.00044801065898965623,1.0782302971317321
TGG,942,0.001507757267085915,6890,0.0016392955074024066,-0.12067175641044336
TGT,2072,0.003316425750957554,5575,0.0013264256101260402,1.3220854595599523
TTC,624769,1.0,4203025,1.0,0.0
TTG,1781,0.002850653601571141,8798,0.002093254263298458,0.4455451767599232
TTT,1037,0.0016598134670574244,5523,0.001314053568560739,0.33699702831058964
