site_2,count_x,proportion_x,count_y,proportion_y,ratio
AAG,205,0.00029406280033853085,481,0.0002783464945123497,0.07924237726738781
ACG,232,0.0003327930228221422,544,0.00031480351978111897,0.08017351540921602
ACT,203,0.0002911938949693744,127,7.34927334783127e-05,1.9863065919449951
AGG,310,0.00044468033221924173,515,0.00029802171449866963,0.5773511447356405
AGT,127,0.0001821754909414313,629,0.0003639915697469188,-0.9985761585751387
ATG,158,0.00022664352416335547,632,0.0003657276185692412,-0.6903446384680159
ATT,287,0.00041168792047394315,493,0.00028529068980163904,0.5291184518297598
CAG,442,0.000634028086583564,400,0.0002314731763096463,1.4537017311486906
CAT,165,0.00023668469295540286,391,0.00022626502984267926,0.06495277847044889
CCG,191,0.00027398046275443606,665,0.000384824155614787,-0.4901263408208205
CCT,358,0.0005135340610789953,840,0.0004860936702502572,0.079225621130119
CGG,60,8.606716107469196e-05,266,0.0001539296622459148,-0.838736478360687
CGT,197,0.00028258717886190526,464,0.0002685088845191897,0.07372618586078694
CTG,162,0.00023238133490166826,2,1.1573658815482314e-06,7.64950536441661
CTT,2,2.8689053691563983e-06,233,0.00013483312520036898,-5.554530783122297
GAG,751,0.0010772739661182276,1160,0.0006712722112979742,0.6824153690313217
GAT,343,0.0004920172708103223,1290,0.0007465009935986093,-0.6014352226058204
GCG,662,0.0009496076771907679,1548,0.0008958011923183312,0.08415301219479154
GCT,297,0.00042603244731972517,575,0.00033274269094511657,0.3565563365010114
GGG,1425,0.002044095075523934,1861,0.0010769289527806293,0.9245392254122997
GGT,577,0.000827679199001621,985,0.0005700026966625041,0.5381029558337271
GTG,554,0.0007946867872563224,1313,0.000759810701236414,0.06474632668828662
GTT,198,0.00028402163154648343,843,0.0004878297190725796,-0.78037683933049
TAG,2106,0.0030209573537216877,754,0.00043632693734368326,2.7915243692890375
TAT,196,0.00028115272617732705,258,0.00014930019871972185,0.9131379502239376
TCA,697130,1.0,1728062,1.0,0.0
TCG,1953,0.002801486092981223,2850,0.0016492463812062298,0.7643853914793084
TCT,1276,0.0018303616255217821,2274,0.0013159250073203391,0.4760514364046049
TGG,123,0.0001764376802031185,382,0.00022105688337571223,-0.3252589611645238
TGT,675,0.0009682555620902845,497,0.0002876054215647355,1.7512970119078926
TTG,148,0.00021229899731757348,347,0.00020080298044861816,0.08031687458267278
TTT,156,0.00022377461879419908,423,0.00024478288394745096,-0.12945627272571691
