site_2,count_x,proportion_x,count_y,proportion_y,ratio
AAG,6447,0.013542439067426516,1646,0.0010737558034022271,3.6567497656599155
AAT,5194,0.010910412364853937,979,0.0006386433362884449,4.094551367007314
ACG,299,0.0006280734110687961,880,0.0005740614258772539,0.12972807860604618
ACT,88,0.00018485103737141825,444,0.00028964008305625087,-0.6478981297802058
AGG,8237,0.017302477213958774,2797,0.0018246020547484992,3.245324852838456
AGT,4472,0.009393793626420255,1191,0.0007769399525225107,3.5958328929116785
ATG,476059,1.0,1532937,1.0,0.0
ATT,1148,0.0024114658057089564,1974,0.0012877241530473856,0.9050867701518914
CAG,1863,0.00391338048435173,945,0.000616463690288642,2.666327557765804
CAT,2482,0.005213639485862047,1104,0.0007201861524641913,2.8558490612847898
CCG,2539,0.005333372544159443,415,0.0002707221497034777,4.30016327134582
CCT,2544,0.005343875444010091,602,0.00039271020270239415,3.7663493964572554
CGG,4860,0.0102088186548306,1645,0.0010731034608728212,3.249954847803142
CGT,3602,0.00756628905240737,1193,0.0007782446375813227,3.2812902561436506
CTG,189,0.0003970096143545233,822,0.0005362255591717076,-0.43366604152800825
CTT,1363,0.002863090499286853,726,0.00047360067634873447,2.595830226742061
GAG,4068,0.008545159318487835,939,0.0006125496351122062,3.802208734136328
GAT,2492,0.005234645285563344,1136,0.0007410611134051824,2.8204273514519222
GCG,611,0.001283454361749279,1087,0.0007090963294642898,0.855978462724023
GCT,709,0.0014893111988219948,885,0.0005773231385242838,1.3671942902017573
GGG,10818,0.022724074116863665,2577,0.0016810866982791856,3.7567554782264807
GGT,7314,0.015363641901529012,1760,0.0011481228517545078,3.74217131574931
GTG,344,0.000722599509724635,1272,0.0008297796974043943,-0.1995320826496556
GTT,468,0.0009830714260207244,869,0.0005668856580537883,0.7942384707016057
TAG,5378,0.011296919079357811,2455,0.0016015009096916573,2.818432848603419
TAT,4014,0.008431728000100829,1081,0.000705182274287854,3.5797602115605693
TCG,613,0.0012876555216895385,990,0.0006458191041119107,0.9955446666564107
TCT,820,0.0017224755755063973,871,0.0005681903431126002,1.600037308839184
TGG,9318,0.019573204161669036,1746,0.0011389900563428242,4.10305288941162
TGT,465,0.0009767696861103352,1186,0.0007736782398754809,0.33628472938199216
TTG,804,0.0016888662959843213,1561,0.0010183066884027197,0.7298829871336228
TTT,2350,0.004936362929804919,1074,0.0007006158765820122,2.8167528813995517
