site_2,count_x,proportion_x,count_y,proportion_y,ratio
AAG,997,0.0012902607957427864,2560,0.000831335368156543,0.6341602061757392
AAT,444,0.0005745995920860554,1462,0.00047477043290815074,0.2753268770625752
ACG,199,0.00025753450185838966,1473,0.0004783425770681984,-0.8932784878272937
ACT,294,0.0003804781082731988,1201,0.0003900131942015657,-0.03570948420436437
AGG,490,0.0006341301804553313,2664,0.0008651083674879026,-0.4481018214037853
AGT,723,0.0009356655519779685,2519,0.000818021012650911,0.19385503688178218
ATG,159,0.00020576877284162793,2639,0.0008569898580332489,-2.0582540733770074
ATT,650,0.0008411930965223784,1438,0.00046697666383168317,0.8490865541414259
CAG,318,0.00041153754568325587,1400,0.0004546365294606095,-0.14368954988306726
CAT,366,0.00047365642050336995,1439,0.0004673014042098693,0.01948756820864972
CCG,162,0.00020965120251788505,1217,0.00039520904025254407,-0.9146248431641997
CCT,295,0.00038177225149861783,678,0.00022017397641020943,0.7940682877777654
CGG,513,0.0006638954746399693,2256,0.0007326142931879535,-0.14209773012683335
CGT,375,0.00048530370953214135,2129,0.0006913722651583125,-0.5105748424041447
CTG,188,0.0002432989263787802,1389,0.00045106438530056184,-0.8906034256388491
CTT,500,0.0006470716127095218,1477,0.000479641538580943,0.4319687805622028
GAG,2378,0.0030774725900464856,3153,0.0010239064124209299,1.5876621517272262
GAT,1277,0.0016526208988601185,3858,0.0012528483790421653,0.3995439883185252
GCG,201,0.00026012278830922774,2671,0.0008673815501352057,-1.7374739627912774
GCT,798,0.0010327262938843967,1636,0.0005312752587125408,0.9589265099455027
GGG,1905,0.002465342844423278,9329,0.00302950298809859,-0.2972928387126874
GGT,772712,1.0,3079383,1.0,0.0
GTG,560,0.0007247202062346644,2235,0.0007257947452460444,-0.002137492460807522
GTT,1082,0.0014002629699034052,5001,0.0016240266313089344,-0.21387749921585275
TAG,8171,0.010574444294899005,3168,0.001028777518093722,3.3615789232726696
TAT,726,0.0009395479816542257,2748,0.0008923865592555391,0.07429805584255611
TCG,257,0.0003325948089326942,705,0.00022894196662123548,0.5387837085726286
TCT,1182,0.0015296772924453094,719,0.00023348833191584158,2.7118049664031414
TGG,1370,0.0017729762188240896,3592,0.0011664674384446495,0.6040271497716478
TGT,3293,0.00426161364130491,4729,0.0015356972484423016,1.4725059768024487
TTG,307,0.0003973019702036464,1685,0.0005471875372436621,-0.461799424034135
TTT,365,0.0004723622772779509,2731,0.0008868659728263746,-0.9088223383330014
