site_2,count_x,proportion_x,count_y,proportion_y,ratio
AAG,9329,0.018278752444285954,3249,0.002107367418763548,3.116653832816347
AAT,7674,0.015036032399769582,2172,0.0014088033344273397,3.4158817951859826
ACG,6141,0.012032352745241724,1846,0.0011973531101992952,3.328998183486344
ACT,6931,0.013580237237790326,2034,0.0013192937303062656,3.3636709726383716
AGA,510374,1.0,1541734,1.0,0.0
AGG,2483,0.004865059740504022,4332,0.002809823225018064,0.7919781519560649
AGT,12680,0.024844525779134517,6032,0.003912477768538542,2.666773545145656
ATG,6806,0.013335318805425041,2181,0.001414640917304801,3.236744514711809
ATT,9844,0.01928781638563093,2284,0.0014814488102357476,3.702609140482867
CAG,8064,0.01580017790874927,2128,0.0013802640403597507,3.516924621386278
CAT,6355,0.012451653101451092,2611,0.00169354765478351,2.8782168009670297
CCG,6079,0.011910873202788544,1119,0.0007258061377643614,4.036551115857799
CCT,5985,0.01172669454164985,2185,0.0014172353985836728,3.048645100830454
CGG,677,0.001326478229690384,2093,0.0013575623291696233,-0.0334174392931601
CGT,568,0.0011129093566678554,1328,0.0008613677845854084,0.3696348215453078
CTG,7036,0.013785968720977166,3199,0.002074936402777652,2.7320616237438378
CTT,6669,0.013066888203552689,2504,0.0016241452805736917,3.008163020203079
GAG,10275,0.020132295140426432,3257,0.0021125563813212916,3.2524499024480544
GAT,8784,0.01721090807917331,4551,0.00295187107503629,2.54362160142456
GCG,7748,0.01518102411172983,3238,0.0021002325952466506,2.85364810168824
GCT,8661,0.016969908341725872,2463,0.0015975518474652566,3.4090441138457273
GGG,16457,0.03224498113148397,7263,0.004710929382111311,2.7749910143780827
GGT,11845,0.023208470650934412,6682,0.004334080976355195,2.4208534441801737
GTG,8845,0.017330428274167572,3504,0.0022727656002916197,2.9307865013641976
GTT,10055,0.01970123869946353,4331,0.0028091746046983463,2.8100681375126975
TAG,7930,0.015537625349253684,2855,0.0018518110127946844,3.068757253728686
TAT,6416,0.012571173296445352,3139,0.0020360191835945758,2.626296246260356
TCG,6066,0.011885401685822554,1983,0.0012862140940006512,3.2079879537828733
TCT,6088,0.011928507329918844,2601,0.0016870614515863307,2.8218290929481036
TGG,11915,0.023345624973058973,2680,0.0017383024568440471,3.7474011791200486
TGT,10879,0.02131574100561549,2596,0.0016838183499877412,3.6621107947848195
TTG,6679,0.013086481678141911,1867,0.0012109741369133716,3.433837320044047
TTT,6921,0.013560643763201104,2042,0.0013244826928640089,3.3559247719138883
