site_2,count_x,proportion_x,count_y,proportion_y,ratio
AAG,12531,0.04749919451130527,2432,0.0024907237949126555,4.253266098454735
AAT,14495,0.05494380531812065,2840,0.0029085754841907657,4.239572181571086
ACG,2388,0.009051797661239884,2630,0.002693504761768209,1.748719720099511
ACT,4800,0.01819456816329625,2258,0.002312522339191109,2.975968602737251
AGG,22261,0.08438110039232037,5081,0.00520368733632862,4.019313716088222
AGT,27462,0.10409567310425867,4035,0.004132430309404838,4.654775802171047
ATG,514,0.0019483350074863068,1413,0.0014471187180146309,0.42905848187430884
ATT,1078,0.004086196766673616,1632,0.00167140675711244,1.2896958037953796
CAG,18573,0.07040160718685443,2335,0.0023913816040793795,4.879692093081665
CAT,8625,0.032693364668422945,2343,0.0023995747744573817,3.7681471855914914
CCG,4590,0.017398555806152037,1943,0.0019899162555572737,3.128187935730197
CCT,6287,0.023831093758884068,1721,0.001762555777567714,3.757104348752626
CGG,21631,0.08199306332088774,4504,0.004612754922815214,4.151801313041574
CGT,16114,0.061080681538199115,3829,0.003921456172171283,3.9612547783540446
CTG,418,0.0015844436442203817,1322,0.0013539214049648565,0.22683235358756093
CTT,1235,0.004681310767014764,1123,0.0011501162918120527,2.02513279708581
GAG,28458,0.10787104599814264,5010,0.005130972949223851,4.3939314487324825
GAT,17044,0.06460587911983777,4262,0.004364911518880649,3.8876411414098864
GCG,14957,0.056695032503837915,4055,0.004152913235349843,3.7710266991695978
GCT,16577,0.0628356992589504,3388,0.0034698076550839134,4.1786568439172935
GGG,39766,0.1507344161628414,8239,0.008437941343044972,4.158973986462023
GGT,28385,0.10759433694065917,6931,0.007098357986241618,3.9219730010682894
GTG,1115,0.004226446562932358,2926,0.002996652065754289,0.49609362368355114
GTT,2841,0.010768910031650968,2168,0.0022203491724385846,2.27801375785004
TAG,11216,0.042514640941568906,3986,0.004082247140839575,3.380524322185936
TAT,454,0.0017209029054451035,959,0.0009821562990630086,0.809141165287155
TCG,19379,0.07345677842427459,2949,0.003020207430591045,4.604176081865841
TCT,13660,0.05177870856471391,2376,0.002433371602266641,4.411330425391058
TGG,619,0.0023463411860584122,1910,0.001956119427748015,0.26241835930552426
TGT,4638,0.017580501487785002,4428,0.004534919804224193,1.9548272808788223
TTC,263815,1.0,976423,1.0,0.0
TTG,459,0.001739855580615204,1531,0.0015679679810901629,0.1500714589283909
TTT,538,0.002039307848302788,1237,0.0012668689696985836,0.6868122605946247
