site_2,count_x,proportion_x,count_y,proportion_y,ratio
AAG,264,0.0009948261503619435,504,0.000514642287870882,0.9508744238673223
AAT,341,0.0012849837775508435,570,0.0005820359208063546,1.142570047980854
ACG,99,0.0003730598063857288,614,0.0006269650094300031,-0.7489779972817843
ACT,170,0.0006406077483391302,582,0.0005942893086128042,0.10827582123820356
AGG,910,0.0034291355940506384,2562,0.002616098296676983,0.39042820275319556
AGT,1443,0.005437629299137441,2275,0.002323038104972731,1.226964982526562
ATG,409,0.0015412268768864956,979,0.0009996722218761774,0.62455221134684
ATT,217,0.0008177169493505368,922,0.000941468629795542,-0.20331147997607424
CAG,258,0.0009722164651264447,748,0.0007637945066020233,0.3480930235444024
CAT,588,0.0022157491530788737,1445,0.0014755121150266358,0.5865787954571076
CCG,281,0.0010588869251958563,912,0.0009312574732901674,0.18529653406496926
CCT,263,0.0009910578694893603,497,0.0005074944783171197,0.965577175738801
CGG,529,0.00199342058159647,1232,0.001258014481462156,0.6640975994279099
CGT,265373,1.0,979321,1.0,0.0
CTG,326,0.0012284595644620967,837,0.0008546737994998575,0.523404569689518
CTT,847,0.0031917338990779015,1874,0.001913570729107208,0.7380731496817958
GAG,343,0.0012925203392960098,1179,0.0012038953519836703,0.10247699120183462
GAT,288,0.0010852648913039383,1113,0.0011365017190481978,-0.06655264789086246
GCG,316,0.0011907767557362656,1122,0.001145691759903035,0.05568401557709457
GCT,296,0.0011154111382846031,1356,0.0013846328221288015,-0.31192786949860896
GGG,788,0.0029694053275954977,2099,0.002143321750478137,0.47032559617300684
GGT,548,0.002065017918175549,1721,0.001757340034574976,0.2327609289291086
GTG,421,0.001586446247357493,903,0.0009220674324353302,0.7828544735943215
GTT,384,0.0014470198550719177,1243,0.001269246753618068,0.18911214767745577
TAG,6787,0.02557532228222163,1703,0.0017389599528653016,3.878455806116958
TAT,347,0.0013075934627863421,956,0.0009761865619138158,0.42168527260629673
TCG,214,0.0008064121067327875,825,0.000842420411693408,-0.0630230947232473
TCT,298,0.0011229477000297694,786,0.0008025969013224468,0.4845432462123398
TGG,367,0.0013829590802380046,1092,0.0011150582903869108,0.31063933993214654
TGT,653,0.0024606874097967764,1860,0.0018992751099996834,0.373612503559821
TTG,553,0.0020838593225384647,864,0.0008822439220643691,1.2400083960800234
TTT,413,0.0015563000003768282,967,0.0009874188340697279,0.6563861199513905
