site_2,count_x,proportion_x,count_y,proportion_y,ratio
AAG,21463,0.06337231790386824,739,0.00101743405609242,5.960845588576655
AAT,30501,0.09005819635586289,1081,0.0014882898709552177,5.919130134860111
ACG,2110,0.006230051287199459,1243,0.0017113268358902273,1.8641287222105172
ACT,5424,0.01601507022832695,1271,0.0017498764347678832,3.19410516779984
AGG,50286,0.14847599953938959,1463,0.002014216541357524,6.203867143879376
AGT,50691,0.14967181507081886,1490,0.0020513893688466926,6.189057408652163
ATG,264,0.0007794945686353825,929,0.0012790206199050855,-0.714428647355744
ATT,1118,0.003301041392933173,723,0.0009954057138766164,1.7295646555605266
CAG,30477,0.08998733321325968,786,0.0010821423113513424,6.377759795258612
CAT,13003,0.03839306013623439,731,0.0010064198849845181,5.25354131773497
CCG,4335,0.012799655132705997,625,0.0008604821178048207,3.8948159182282023
CCT,8864,0.02617212066812133,776,0.0010683745974664654,4.614541343530515
CGG,46727,0.1379675860175209,1338,0.00184212011779656,6.226818413822018
CGT,35343,0.10435483537606184,1361,0.0018737858597317773,5.799397552273168
CTG,339,0.0010009418892704344,534,0.0007351959214524388,0.4451575511172443
CTT,823,0.0024300152651019692,580,0.0007985274053228735,1.6055515500751465
GAG,56200,0.16593785892919885,1560,0.002147763366040832,6.2716642159144955
GAT,34490,0.10183624118270584,1291,0.0017774118625376375,5.840329242709481
GCG,14482,0.042760001299157614,1426,0.001963275999983479,4.44492698870569
GCT,17804,0.05256864128781951,1179,0.0016232134670270137,5.0172778021409625
GGG,87253,0.25762590756493575,2690,0.003703515035031948,6.120238677803555
GGT,67671,0.1998074884625946,1998,0.0027507892341984506,6.182621239381584
GTG,1134,0.0033482834880019844,2205,0.0030357809116154074,0.14135400416580168
GTT,1634,0.00482459895890233,1732,0.002384568044860719,1.0166810730874145
TAG,20498,0.060523029045030576,2248,0.003094982081320379,4.289481231125667
TAT,466,0.0013759260188791222,516,0.0007104140364596599,0.9536709088994826
TCG,31049,0.09167623811196968,849,0.0011688789088260684,6.293350459753999
TCT,24192,0.07143004774404232,800,0.0011014171107901704,6.019098254114803
TGG,762,0.0022499047776521268,832,0.0011454737952217773,0.9739194890206839
TGT,3483,0.010284013570291808,2113,0.0029091179438745377,1.8217497253202373
TTC,338681,1.0,726337,1.0,0.0
TTG,777,0.0022941942417791373,1087,0.001496550499286144,0.6163465830488555
TTT,567,0.0016741417440009922,580,0.0007985274053228735,1.0680078545957503
