site_2,count_x,proportion_x,count_y,proportion_y,ratio
AAG,263,0.0009901176470588236,392,0.00039976381301251606,1.3084520743543315
AAT,136,0.000512,231,0.00023557510409666127,1.1199567290115198
ACG,168,0.0006324705882352941,529,0.0005394771864378087,0.22943643984197237
ACT,181,0.0006814117647058823,310,0.0003161397500864285,1.107964410986206
AGG,299,0.0011256470588235294,871,0.0008882507171783201,0.3417156947764788
AGT,184,0.0006927058823529412,511,0.000521120684819887,0.4106254042966295
ATG,775,0.0029176470588235296,2035,0.0020753044884705874,0.4914823501852279
ATT,181,0.0006814117647058823,281,0.00028656538636866587,1.2496624960395177
CAG,136,0.000512,519,0.0005292791299834077,-0.047884957930303784
CAT,241,0.0009072941176470589,308,0.00031410013879554834,1.5303457247122978
CCG,1748,0.006580705882352941,856,0.0008729536324967187,2.9142654122766887
CCT,1568,0.005903058823529411,814,0.000830121795388235,2.8300677890261987
CGG,300,0.0011294117647058823,459,0.00046809079125700225,1.2707112762593091
CGT,278,0.0010465882352941177,323,0.0003293972234771497,1.6677936472068193
CTG,566,0.002130823529411765,1273,0.0012982125866452371,0.714884468107762
CTT,274,0.0010315294117647059,1244,0.0012686382229274745,-0.2984957579928391
GAG,441,0.001660235294117647,648,0.0006608340582451796,1.3290277718501322
GAT,222,0.0008357647058823529,614,0.0006261606663002165,0.41656395015716363
GCG,387,0.0014569411764705882,540,0.0005506950485376497,1.403617088270817
GCT,177,0.0006663529411764706,425,0.0004334173993120391,0.6205294482351711
GGG,601,0.002262588235294118,1844,0.0018805216101915297,0.2668411694590844
GGT,423,0.0015924705882352942,882,0.0008994685792781612,0.824121936739667
GTG,393,0.001479529411764706,766,0.0007811711244071105,0.9214278495108879
GTT,131,0.0004931764705882353,412,0.0004201599259213179,0.2311654035314703
TAG,8181,0.030799058823529412,3748,0.003822231559109465,3.0103991771544694
TAT,191,0.0007190588235294117,373,0.00038038750574915435,0.9186399369577476
TCG,589,0.0022174117647058822,1055,0.001075894955939297,1.0433394694131497
TCT,102,0.000384,238,0.0002427137436147419,0.6618505078407892
TGG,297,0.0011181176470588235,319,0.00032531800089538934,1.7811494362131324
TGT,267,0.0010051764705882352,352,0.0003589715871949124,1.4855072422274933
TTG,265625,1.0,980579,1.0,0.0
TTT,758,0.0028536470588235293,1472,0.0015011539100878155,0.9267350112913153
