site_2,count_x,proportion_x,count_y,proportion_y,ratio
AAG,739,0.0024578523226538155,1750,0.0007901151626711672,1.6372633828605334
AAT,1010,0.0033591757048448624,2449,0.0011057097333609647,1.6031345545092535
ACG,1592,0.005294859130804972,2883,0.0013016582937034143,2.024241534482816
ACT,1785,0.005936761022918891,3068,0.0013851847537572233,2.0995976268476015
AGG,667,0.0022183863318133894,1068,0.0004821959964187466,2.2018190549311054
AGT,981,0.0032627241252008022,2324,0.00104927293602731,1.636687008248785
ATG,702,0.0023347934106941522,861,0.00038873666003421423,2.5864298283417906
ATT,747,0.002484459654969418,1653,0.000746320207940251,1.7350654589309968
CAA,300669,1.0,2214867,1.0,0.0
CAG,1672,0.005560932453961,4155,0.0018759591433706855,1.5676984058572492
CAT,2222,0.0073901865506586974,6994,0.003157751684412653,1.2267130561254493
CCG,2111,0.007021009814779708,9938,0.004486951135214891,0.6459430722311197
CCT,4425,0.014717180687067838,13152,0.005938054068257823,1.3094391916101138
CGG,920,0.00305984321629433,2288,0.0010330191383952174,1.5665907496000582
CGT,2215,0.007366905134882545,4032,0.0018204253347943692,2.016783095376538
CTG,1295,0.004307061918588215,3262,0.0014727746632190557,1.5481673512961054
CTT,1163,0.0038680409353807677,3285,0.0014831590339284481,1.3829297616976
GAG,791,0.002630799982705234,704,0.0003178520425831438,3.0490743012695685
GAT,613,0.00203878683868307,1274,0.0005752038384246097,1.8255657368685547
GCG,415,0.001380255363871899,1473,0.0006650512197797882,1.053397846632512
GCT,847,0.002817051308914454,2182,0.000985160734256278,1.515754808442665
GGG,645,0.0021452161679454814,881,0.000397766547607599,2.4311291768242764
GGT,363,0.0012073077038204803,1410,0.0006366070739236261,0.9233183261436686
GTG,343,0.0011407893730314732,880,0.00039731505322892975,1.5216770880822263
GTT,294,0.0009778194625984055,1278,0.0005770098159392867,0.7609722593234434
TAG,19407,0.06454606228111312,6504,0.0029365194388647265,4.458149991494308
TAT,2744,0.009126314984251786,3879,0.0017513466948579756,2.381567741075476
TCG,1020,0.0033924348702393664,2339,0.0010560453517073486,1.6836493259405039
TCT,1034,0.0034389977017916713,3172,0.0014321401691388242,1.2638154500450298
TGG,563,0.0018724910117105522,788,0.00035577757039135984,2.3959113280579274
TGT,875,0.002910176972019064,2322,0.0010483699472699716,1.472958985288198
TTG,521,0.001732802517053637,687,0.00031017663814576676,2.481945308894481
TTT,448,0.0014900106096737609,1362,0.0006149353437475026,1.2768159694796068
