site_2,count_x,proportion_x,count_y,proportion_y,ratio
AAG,1695,0.0045586206340113445,1206,0.0009253568493670974,2.3005156231061594
AAT,1722,0.004631235829951348,1857,0.0014248653974085405,1.7005715844439617
ACG,2371,0.006376689984212918,1343,0.001030476159784421,2.6294966150371035
ACT,2289,0.006156154944691425,1866,0.0014317710455381456,2.1042287336864662
AGG,689,0.0018530322223208355,672,0.000515621727010522,1.8455030069080678
AGT,2233,0.006005545649408455,3188,0.002446134026353488,1.2957918788145388
ATG,1176,0.0031627952009423838,1601,0.0012284380728331036,1.3643750093026448
ATT,1880,0.005056169198785444,1369,0.0010504258099366139,2.267070472289639
CAG,3246,0.008729960223009335,1727,0.0013251171466475765,2.7198551740015837
CAT,3807,0.010238742627540523,3290,0.0025243980384890134,2.020027242922196
CCG,1901,0.005112647684516558,3578,0.00274537877863638,0.897065401579181
CCT,4143,0.011142398399238347,2979,0.0022857695308993228,2.2853079537122145
CGG,895,0.002407059272826049,882,0.00067675351670131,1.8305692835766365
CGT,2480,0.006669840219674415,2271,0.0017425252113703797,1.936472671549888
CTG,3176,0.008541698603905622,2245,0.001722575561218187,2.3099557244969873
CTT,15987,0.04299626435158664,3217,0.002468385559215549,4.12257165481099
GAG,9849,0.026488409807892466,2041,0.0015660475369471357,4.080161325243955
GAT,6376,0.017147944048646804,1054,0.0008087281254004317,4.406237019335795
GCG,1083,0.0029126761927045935,873,0.0006698478685717048,2.1204399409614254
GCT,928,0.002495811178974942,1058,0.0008117973023469228,1.6203173399960829
GGG,371,0.0009977865812496806,238,0.0001826160283162265,2.4499178702953976
GGT,1276,0.003431740371090546,1392,0.0010680735773789382,1.68392937489868
GTG,30178,0.08116227344731229,7934,0.006087712473365299,3.736837151050109
GTT,2090,0.005620954056096583,1784,0.001368852918135076,2.0378475840304775
TAG,7750,0.020843250686482545,2128,0.0016328021355333194,3.67415841653031
TAT,5042,0.013560215478870322,2854,0.0021898577513214724,2.6304710403653138
TCG,1441,0.003875499901835013,1017,0.0007803382386453881,2.3122109132997846
TCT,2056,0.0055295126982462086,1504,0.0011540105318806919,2.2604959544987775
TGG,14977,0.04027991813309021,4837,0.003711402222544486,3.440024484707428
TGN,12,3.227342041777943e-05,25,1.918235591557001e-05,0.7505665679289706
TGT,371823,1.0,1303281,1.0,0.0
TTG,5581,0.015009829945968915,1998,0.0015330538847723554,3.291427320240466
TTT,3631,0.009765399128079758,2683,0.0020586504368589735,2.2459801325222246
