site_2,count_x,proportion_x,count_y,proportion_y,ratio
AAG,8842,0.016376136254194974,1112,0.0007571146306955514,4.434939453415061
AAT,20496,0.03796033574598283,1354,0.0009218823830591516,5.363766243951152
ACG,11659,0.021593459917174755,2733,0.0018607862281393363,3.5366101951651423
ACT,11656,0.021587903661942614,2771,0.0018866588504113065,3.5163176737675954
AGG,7729,0.014314765563070906,543,0.0003697061550968385,5.274981170279431
AGT,11732,0.021728662127823505,834,0.0005678359730216636,5.257981289496793
ATG,581,0.0010760614299578466,622,0.00042349397508330305,1.3453470904584268
ATT,669,0.0012390449167672965,764,0.000520175879362771,1.2521570797902122
CAG,42019,0.07782276286643504,2087,0.0014209516495158414,5.775262829643905
CAT,24463,0.04530755724794974,2072,0.0014107387723032217,5.005228937488584
CCG,25422,0.04708370683715727,3744,0.002549134152269914,4.207148701686143
CCT,27554,0.05103235222213168,5144,0.0035023360254477667,3.8650227287023524
CGG,14133,0.026175518398613158,1823,0.0012412050105737322,4.398404778534445
CGT,21377,0.03959202269915471,3368,0.0022931313634735767,4.1098188663608815
CTG,1347,0.0024947585992310143,1790,0.0012187366807059686,1.0335137704951851
CTT,539932,1.0,1468734,1.0,0.0
GAG,5011,0.009280798322751754,589,0.00040102564521553937,4.532482505783619
GAT,4283,0.007932480386419031,978,0.0006658795942628141,3.5744388141233108
GCG,1188,0.002200277071927576,1008,0.0006863053486880538,1.6807627044853515
GCT,1952,0.0036152700710459836,845,0.0005753254163109182,2.6516533135778406
GGG,5115,0.009473415170799285,451,0.0003070671748594368,4.94725840856181
GGT,3864,0.0071564567389967625,497,0.00033838666497813764,4.402500844457988
GTG,70,0.000129645955416608,351,0.00023898132677530444,-0.8823206961750927
GTT,434,0.0008038049235829697,459,0.00031251404270616733,1.362924396215174
TAG,15265,0.02827207870620745,2381,0.0016211240428831905,4.12431157100831
TAT,10057,0.01862641962321181,1379,0.0009389038450801847,4.310229159052105
TCG,18055,0.03343939607209797,1741,0.0011853746151447436,4.818133819369403
TCT,17581,0.03256150774541979,1741,0.0011853746151447436,4.779752531794552
TGG,6331,0.011725550624893505,618,0.00042077054115993777,4.800478159503561
TGT,810,0.0015001889126778929,385,0.0002621305151239094,2.516786969374225
TTG,334,0.0006185964158449583,133,9.055417795189599e-05,2.772145364157362
TTT,466,0.0008630716460591334,481,0.0003274929292846765,1.3980165680687406
