site_2,count_x,proportion_x,count_y,proportion_y,ratio
AAG,700,0.0012963010974114718,539,0.00036684035434464207,1.8211766013819677
AAT,1044,0.001933340493853681,751,0.0005111263564245384,1.9193438513577572
ACG,757,0.0014018570439149774,915,0.0006227438297316281,1.1706285091164705
ACT,1958,0.0036259393553309456,2281,0.0015524357110577526,1.2238212705937013
AGG,465,0.0008611143004233349,492,0.00033485241992126883,1.3626793529582972
AGT,1610,0.0029814925240463854,799,0.0005437948851973451,2.4549002323761453
ATG,1374,0.0025444538683476606,776,0.0005281412151603753,2.268360398933117
ATT,988,0.0018296364060607633,485,0.0003300882594752345,2.4706332468123318
CAG,368,0.0006814840054963166,759,0.0005165711112200063,0.3997128329436901
CAT,1495,0.0027685287723287866,1379,0.0009385396078687596,1.5606299798736316
CCG,1314,0.0024333423457123917,1375,0.0009358172304710258,1.378640609325089
CCT,539998,1.0,1469304,1.0,0.0
CGG,892,0.0016518579698443327,551,0.00037500748653784377,2.139098343651291
CGT,1339,0.002479638813477087,1214,0.0008262415402122365,1.5854944913707723
CTG,611,0.0011314856721691563,812,0.0005526426117399803,1.0337996049356981
CTT,529,0.000979633257900955,743,0.0005056816016290707,0.9540124638775733
GAG,307,0.0005685206241504598,410,0.00027904368326772406,1.0267216981668774
GAT,419,0.0007759287997362954,681,0.0004634847519641953,0.7434023979894242
GCG,350,0.0006481505487057359,632,0.0004301356288419551,0.5915373159573694
GCT,1346,0.002492601824451202,598,0.000406995420961217,2.6145679727143545
GGG,96,0.00017777843621643043,133,9.051904847465195e-05,0.9737870175221097
GGT,519,0.000961114670795077,428,0.00029129438155752656,1.7222306942588776
GTG,418,0.0007740769410257075,300,0.00020417830483004197,1.9226473938871464
GTT,490,0.0009074107681880303,380,0.00025862585278471986,1.8108892829737666
TAG,18405,0.03408345956836877,2183,0.001485737464813272,4.519820666582777
TAT,680,0.0012592639231997155,860,0.000585311140512787,1.1053050388503856
TCG,594,0.0011000040740891633,559,0.00038045224133331155,1.5317216002597203
TCT,1396,0.0025851947599805926,1120,0.00076226567136549,1.76190716156683
TGG,631,0.0011685228463809126,106,7.214300103994816e-05,4.017682692721493
TGT,400,0.0007407434842351268,338,0.00023004089010851395,1.6870837057946844
TTG,405,0.0007500027777880659,441,0.00030014210810016173,1.3212502045166108
TTT,597,0.0011055596502209267,381,0.0002593064471341533,2.0920468860736268
