site_2,count_x,proportion_x,count_y,proportion_y,ratio
AAG,124,0.0004628540927126609,414,0.0001410334893218231,1.7145196981596538
AAT,34,0.00012691160606637477,459,0.00015636321642202125,-0.30107715689136505
ACA,267903,1.0,2935473,1.0,0.0
ACG,675,0.002519568649847146,2196,0.0007480906824896703,1.7518916982050978
ACT,672,0.0025083705669589366,2347,0.0007995304334258908,1.6495256415276938
AGG,37,0.0001381096889545843,76,2.5890205769223564e-05,2.415336197457469
AGT,53,0.00019783279769170184,285,9.708827163458836e-05,1.026912690783199
ATG,11,4.105963725676831e-05,222,7.562665369431093e-05,-0.8811739024407057
ATT,86,0.0003210117094620068,247,8.414316874997658e-05,1.931707868389525
CAG,174,0.0006494888075161533,655,0.0002231326944584399,1.5414027446960183
CAT,59,0.00022022896346812092,244,8.31211869432967e-05,1.405716057071059
CCG,45,0.00016797124332314307,697,0.0002374404397519582,-0.49935140426664404
CCT,199,0.0007428061649178994,1146,0.0003903970501517132,0.9280436370588472
CGG,217,0.0008099946622471566,344,0.00011718724716595929,2.7890968230144857
CGT,160,0.0005972310873711754,117,3.985729046051522e-05,3.905373720576062
CTG,146,0.0005449733672261975,286,9.742893223681498e-05,2.4837635673737317
CTT,125,0.00046658678700873076,378,0.00012876970764166457,1.8573522057131182
GAT,133,0.0004964483413772895,485,0.00016522039207991353,1.5872518436988035
GCG,140,0.0005225772014497785,387,0.0001318356530617042,1.9869036060726604
GCT,71,0.0002650212950209591,410,0.00013967084691291658,0.9240773652713408
GGG,41,0.00015304046613886369,83,2.8274829984809942e-05,2.4363229185432633
GGT,122,0.00045538870412052126,267,9.09563807945091e-05,2.3238517511474353
GTT,125,0.00046658678700873076,183,6.234089020747253e-05,2.903894791650149
TAG,5090,0.018999413966995518,1356,0.00046193577661930463,5.362118823098818
TAT,260,0.00097050051697816,474,0.00016147312545542063,2.5874349094022993
TCG,108,0.0004031309839755434,265,9.027505959005584e-05,2.158849297985011
TCT,20,7.465388592139693e-05,281,9.572562922568186e-05,-0.3586878800614599
TGG,76,0.0002836847665013083,125,4.258257527832823e-05,2.735953574053603
TGT,51,0.00019036740909956216,280,9.538496862345523e-05,0.9969526702986329
TTG,62,0.00023142704635633045,99,3.372539962043596e-05,2.7786500355793695
TTT,9,3.359424866462861e-05,260,8.857175657892271e-05,-1.3986324663140373
