site_2,count_x,proportion_x,count_y,proportion_y,ratio
AAG,172427,1.0,995560,1.0,0.0
AAT,500,0.0028997778770146207,801,0.0008045723010165133,1.849648417714839
ACG,223,0.0012933009331485207,359,0.0003606010687452288,1.842582431558716
ACT,29,0.000168187116866848,315,0.0003164048374784041,-0.911704457798244
AGG,296,0.0017166685031926555,644,0.0006468721121780706,1.408059052975796
AGT,4,2.3198223016116964e-05,407,0.0004088151392181285,-4.139362418804785
ATG,293,0.0016992698359305678,755,0.0007583671501466511,1.163946585671269
ATT,100,0.0005799555754029241,342,0.00034352525211941016,0.7555262403502905
CAG,245,0.0014208911597371641,280,0.0002812487444252481,2.3368774875190663
CAT,100,0.0005799555754029241,277,0.0002782353650206919,1.059636589186999
CCG,1274,0.007388634030633254,227,0.0002280123749447547,5.018123640426849
CCT,1283,0.0074408300324195166,344,0.00034553417172244767,4.428563265849048
CGG,102,0.0005915546869109826,423,0.0004248864960424284,0.4774340543130098
CGT,136,0.0007887395825479769,410,0.0004118285186226847,0.9375053072063579
CTG,82,0.0004755635718303978,367,0.00036863674715737876,0.36743831723633313
CTT,22,0.00012759022658864332,246,0.00024709711117361084,-0.9535603212404791
GAG,194,0.0011251138162816727,551,0.0005534573506368276,1.0235268990774333
GAT,101,0.0005857551311569533,278,0.0002792398248222106,1.0687929754897514
GCG,139,0.0008061382498100645,336,0.0003374984933102977,1.2561462154062113
GCT,258,0.0014962853845395443,187,0.000187833982884005,2.9938553609970793
GGG,111,0.0006437506886972458,683,0.0006860460444373017,-0.09180333647852024
GGT,285,0.0016528733898983337,347,0.0003485475511270039,2.245548821935307
GTG,203,0.001177309818067936,542,0.0005444172124231589,1.1127094412927665
GTT,155,0.0008989311418745324,517,0.0005193057173851903,0.791626500420767
TAG,8236,0.04776514119018483,1968,0.0019767768893888867,4.594736174754478
TAT,77,0.0004465657930602516,461,0.00046305596850014063,-0.05231383427297409
TCG,14,8.119378055640938e-05,249,0.00025011049057816707,-1.6231244445490134
TCT,36,0.0002087840071450527,295,0.00029631564144802925,-0.5051235773454277
TGG,209,0.0012121071525921115,811,0.0008146168990317008,0.5733235933250729
TGT,170,0.000985924478184971,504,0.0005062477399654466,0.9616335780992493
TTG,197,0.0011425124835437606,732,0.0007352645747117201,0.6358745466337972
TTT,166,0.000962726255168854,564,0.0005665153280565711,0.7650106444095943
