site_2,count_x,proportion_x,count_y,proportion_y,ratio
AAG,7570,0.043990911256908086,1128,0.001133513409222458,5.2783321234316976
AAT,11132,0.0646904655365787,1196,0.0012018457778635281,5.7502294100909
ACG,853,0.004956967939516855,1035,0.0010400588462280533,2.252792769889
ACT,871,0.005061569842109239,1023,0.0010280001929384526,2.2997443698109343
AGG,7884,0.045815633335464116,1884,0.0018932085664672969,4.596934702388101
AGT,571,0.0033182047989028423,1338,0.0013445398417904688,1.3032904256787798
ATG,13782,0.08009019008490188,1262,0.0012681683709563317,5.980807338073928
ATT,7210,0.04189887320506041,876,0.0008802816901408451,5.572802375484408
CAG,8879,0.05159779406209866,1017,0.0010219708662936523,5.65788341353108
CAT,10074,0.05854219815087081,1126,0.0011315036336741913,5.693163794535354
CCG,8013,0.04656528030404286,693,0.0006963872274744357,6.063221110176449
CCT,6121,0.03557045809822119,618,0.0006210206444144318,5.839894515859586
CGG,11101,0.06451031781544737,1423,0.0014299553025918065,5.495487967227685
CGT,4755,0.02763233593482139,1188,0.0011938066756704612,4.532716395904559
CTG,7237,0.04205577605894898,1303,0.0013093687696958004,5.005360578659117
CTT,7204,0.04186400590419628,854,0.0008581741591099106,5.608296097243183
GAG,8752,0.05085976952714129,1413,0.0014199064248504728,5.162657163416015
GAT,12092,0.07026923367483917,1623,0.0016309328574184835,5.429123870037133
GCG,1559,0.009059687007862577,1540,0.0015475271721654125,2.5494964680729186
GCT,1092,0.006345848757271285,1202,0.0012078751045083286,2.393341851166065
GGA,172081,1.0,995136,1.0,0.0
GGG,795,0.004619917364496952,2110,0.002120313203421442,1.123589657534568
GGT,493,0.002864929887669179,1627,0.001634952408515017,0.8092511916627814
GTG,11876,0.06901401084373057,1729,0.0017374509614766223,5.311845115301772
GTT,11328,0.06582946403147355,1236,0.0012420412888288635,5.72794841313602
TAG,7025,0.04082379809508313,1208,0.0012139044311531288,5.0716836616279695
TAT,1970,0.01144809711705534,1544,0.0015515467232619462,2.8833287680330564
TCG,466,0.0027080270337806033,1079,0.0010842739082899222,1.3205128861236606
TCT,488,0.002835873803615739,1590,0.0015977715608720819,0.8277321783485672
TGG,19813,0.11513763867016115,1970,0.001979628915042768,5.8619856996634025
TGT,3131,0.018194919834264096,2084,0.002094186121293974,3.11907412181756
TTG,7704,0.044769614309540275,1725,0.0017334314103800888,4.690817232247963
TTT,7973,0.04633283163161534,2189,0.0021996993375779793,4.396656605542167
