site_2,count_x,proportion_x,count_y,proportion_y,ratio
AAG,1804,0.018050469272177863,1457,0.0014500051750356282,3.6379063901642255
AAT,99942,1.0,1004824,1.0,0.0
ACG,112,0.0011206499769866522,442,0.0004398780283910416,1.3491602916395298
ACT,157,0.0015709111284545037,312,0.0003105021376877941,2.338926459002735
AGT,678,0.006783934682115627,738,0.0007344569795307437,3.207372386049305
ATT,822,0.008224770366812751,576,0.0005732347157313122,3.8427775112127263
CAG,11,0.00011006383702547478,557,0.0005543259317054528,-2.3323939697293774
CAT,31,0.00031017990434451984,196,0.00019505903521412706,0.6691943952450234
CCG,1950,0.01951131656360689,978,0.0009733047777521238,4.325275682658095
CCT,10,0.00010005803365952253,6,5.971194955534502e-06,4.066673523139563
CGG,38,0.0003802205279061856,54,5.374075459981051e-05,2.822747940253473
CTG,524,0.005243040963758981,285,0.00028363176038788884,4.208312821458702
GAT,3977,0.03979307998639211,1838,0.001829176054712069,4.443251724489533
GCT,487,0.004872826239218747,502,0.0004995899779463867,3.2859423371049274
GGG,122,0.0012207080106461747,507,0.0005045659737426654,1.2746033295329013
GGT,1801,0.018020451862080008,573,0.0005702491182535449,4.981899066122727
GTG,645,0.006453743171039202,790,0.0007862073358120427,3.0371544362195078
GTT,2575,0.02576494366732705,1592,0.0015843570615351544,4.02344002538765
NAT,3,3.0017410097856757e-05,2,1.9903983185115004e-06,3.914670429694512
TAG,3706,0.03708150727421905,1660,0.0016520306043645455,4.488387568766336
TAT,245,0.002451421824658302,682,0.0006787258266124217,1.8527179389517539
TCG,76,0.0007604410558123712,297,0.00029557415029895785,1.3633163216161766
TCT,539,0.005393128014248264,261,0.0002597469805657508,4.375943395155978
TGG,182,0.0018210562126033099,160,0.00015923186548092005,3.515574474284689
TGT,4,4.0023213463809006e-05,535,0.0005324315502018264,-3.733687152315154
TTT,150,0.001500870504892838,135,0.0001343518864995263,3.4817110224184056
