site_2,count_x,proportion_x,count_y,proportion_y,ratio
AAG,6,6.647389237876824e-05,454,0.0003416377390805731,-2.361607612865292
AAT,30,0.0003323694618938412,716,0.0005387943197834588,-0.6969468079512726
ACG,84,0.0009306344933027554,612,0.00046053369232887826,1.0149079537905745
ACT,12,0.00013294778475753647,565,0.00042516590876767355,-1.6771661828769275
AGT,76,0.000842002636797731,223,0.00016780884540741807,2.3270059872277464
CAG,90,0.0009971083856815236,281,0.0002114541953340111,2.237405149813215
CAT,2,2.215796412625608e-05,229,0.00017232388160672078,-2.9592254143924777
CCG,4117,0.04561216915389814,1638,0.0012326048824096447,5.209636465384726
CCT,2338,0.025902660063593357,404,0.00030401243741971703,6.412826105484328
CTG,36,0.0003988433542726094,4,3.010024132868485e-06,7.04990337514678
GAG,33,0.0003656064080832253,1454,0.0010941437722976944,-1.5814390608566757
GAT,63,0.0006979758699770665,490,0.00036872795627638946,0.9206203582018126
GCG,2,2.215796412625608e-05,808,0.0006080248748394341,-4.778233109047328
GCT,12,0.00013294778475753647,139,0.00010459833861717986,0.3459998017021153
GGG,79,0.0008752395829871152,2187,0.0016457306946458443,-0.9109783831665244
TAG,5975,0.06619691782719003,3343,0.0025156276690448368,4.717773731842536
TAT,101,0.001118977188375932,295,0.00022198927979905078,2.3336187122070573
TCA,90261,1.0,1328893,1.0,0.0
TCG,786,0.00870807990161864,4837,0.003639871682671216,1.2584670535172098
TCT,580,0.006425809596614263,3651,0.00274739952727571,1.2258115102845162
TTG,35,0.0003877643722094814,306,0.00023026684616443913,0.7518735479567802
TTT,80,0.0008863185650502432,2,1.5050120664342426e-06,9.20190646859183
