,Mean0,Mean1,Mean2,Mean3
*,-5.472143770411315,,,
A,-1.5061290264414493,,,
C,-3.8434260525436934,,,
D,-4.466031564380486,,,
E,-4.518744609314002,,,
F,-3.4910257949039014,,-0.6952926796334489,-0.7681673868551382
G,-0.7309321448613302,,,
H,-5.245610137223895,,,-1.2544019098080446
I,-4.598357264337246,,,-0.8262680477059741
K,-5.753730585871542,,,
L,-4.964934666927787,,,-0.4344314822994845
M,-1.603272926271147,,,
N,-4.631087995022042,,,
P,-5.382399419280749,,,-2.351164377954805
Q,-4.919939511063175,,,
R,-4.90901320129034,,,
S,-3.6251467897387912,-2.8236489579483632,,
T,-4.108876539337877,,,
V,-4.232170975086097,,,
W,-4.931600950675322,,,
Y,-4.825115977652056,,,
