Translation,mean,std_err_of_mean,len
G*A,-2.3050873464233375,0.49809910920377704,4
GAA,-0.18245721200662135,0.8395262822063839,8
GCA,-0.37050456613014005,0.8220557776580248,4
GDA,-1.018907397588161,0.24875401101223008,4
GEA,0.5230252945509775,0.8444487662042279,4
GFA,-0.5448026990319871,0.325861779637183,3
GGA,-2.0216471733286436,0.3142896209772893,8
GHA,-0.23506629251695146,0.13683593404976346,3
GIA,0.05265459246599998,0.3534907983142404,7
GKA,-0.31999132900259264,0.5742559719785553,4
GLA,0.1087805168100046,1.1118226451595339,9
GMA,0.2549948861611244,0.5891293683869289,4
GNA,-0.3035360841597061,0.6177559809086891,4
GPA,-1.0678434570520556,0.6219177247206416,8
GQA,-0.0018849725819389818,0.7060753818591534,4
GRA,-0.5911528435348565,0.5083848316898358,12
GSA,-0.6201844442651626,0.39762346597680287,12
GTA,0.24265288820512218,0.8902049251195522,7
GVA,0.08397720687378676,0.546261645767874,7
GWA,-0.02628522098908448,0.486987985192337,4
GYA,0.11659386806051031,0.5855141298066838,4
