Translation,mean,std_err_of_mean,len
G*H,-3.831700213445346,0.6474115170252106,3
GAH,-0.6367625781753989,0.7915605184427669,4
GCH,-0.585546989300146,1.5510354435552043,3
GDH,-0.9358193450435996,0.5208522202890012,4
GEH,0.35279428240069644,0.08880559922700981,4
GFH,-0.12656469090489053,1.0025347978683647,4
GGH,-0.8374727938606844,0.644935528282358,8
GIH,-0.8256590595799427,1.3424534918765467,2
GKH,-0.6335245703276708,0.236826053275844,2
GLH,-0.19545586502254264,0.9650234231794649,8
GMH,-1.0369927037769404,,1
GNH,1.0080450146524669,,1
GQH,0.04491408715870371,,1
GRH,-0.27616685964000015,0.8418936799496674,5
GSH,-0.005559233451070789,1.2042756252810174,6
GTH,-0.16173826405759031,0.21405630973608403,3
GVH,-0.6342329874535726,0.7473512370439855,8
GWH,0.8708591096821235,0.5460254529156628,3
GYH,-0.24754099909689842,1.166564117502089,2
