Translation,mean,std_err_of_mean,len
V*N,-5.65098943928142,0.3053612359756858,4
VAN,-0.9000635705023841,0.8519117214763757,8
VCN,-0.18192060942683752,0.37930980430711286,4
VDN,-1.506158819218548,0.5973220852305561,4
VEN,-0.514411288855138,1.0707041233446286,4
VFN,0.37324571880450685,1.1574603535814998,4
VGN,-1.0276346216681231,0.8156046404259547,8
VHN,-0.7048640174370102,0.6723658903261718,4
VIN,-0.06748177063924583,0.8356609389834736,5
VKN,-0.27960697856455435,0.7470569757958576,3
VLN,-0.33812685472034476,0.7943099360748005,10
VMN,-0.7637757161512218,0.9193001764171049,4
VNN,-0.973156651232786,0.3477177458676377,4
VPN,-3.6010330123512,0.6948982704193172,8
VQN,-0.13449395928554742,1.169880416326518,2
VRN,-0.868866869253957,1.0142071350201618,12
VSN,-0.5301161858825216,0.9329711047902803,11
VTN,-0.8377724800181441,0.5227725543996452,6
VVN,-0.06984652499901031,0.6980432681872428,7
VWN,-0.5507521515294176,0.3296858398313924,4
VYN,-0.7491518641551331,0.17972828756790535,4
