Translation,mean,std_err_of_mean,len
F*I,-3.4280592862201176,0.21038632429512624,6
FAI,-0.7845413708206928,0.8267290835490937,11
FCI,-0.18605971696226575,0.27955373561384733,6
FDI,-0.141766894965676,0.8040476006523456,6
FEI,-0.24065067484549446,0.4888961855436391,5
FFI,-0.23418946988571912,0.544259617018572,6
FGI,0.007575311195910188,0.31478093175864663,12
FHI,-0.47596792043295394,0.3857135723030338,6
FII,-0.43515104885805506,1.2261143349546952,6
FKI,-0.5657019608456164,0.7715987008738299,5
FLI,-0.825656205896062,1.0194049086191945,15
FMI,-0.3590241691505563,0.60776058401285,5
FNI,-0.22281266845200762,0.3719605820244101,6
FPI,-2.174100891835838,0.9935716222783341,12
FQI,-0.2123098723980199,0.7484682442717263,5
FRI,-0.480768811047253,0.5248845301152135,18
FSI,-0.5699676863811418,0.947106219056612,16
FTI,-0.9682754915521208,0.6129333915626051,10
FVI,-0.6526405627755842,0.707801897459744,12
FWI,-0.32391493119455356,0.5937419516393919,5
FYI,0.3751584462158537,0.6804624923496743,4
