Translation,mean,std_err_of_mean,len
A*T,-2.0744306212552637,0.17248143376363456,2
AAT,-0.6996787796221909,1.52241105330363,6
ACT,-0.0698442089830668,0.9356847668840487,3
ADT,0.14036328569475418,1.4874358102777787,3
AFT,-2.1780325864592927,0.32185289436757725,3
AGT,-0.5863234339940675,0.7575687321411951,8
ALT,-0.3334543625404606,0.6364474125952163,10
AMT,-0.3155544605761538,0.9184601579272961,4
ANT,-0.5418498518727665,1.5656577183919294,3
APT,-0.919011756764208,,1
ART,0.3185022959512775,1.1941187888143638,11
AST,-0.3186306364193151,1.4436930288510605,8
ATT,-0.8852684272209084,0.12394659086580202,2
AVT,-0.8439763166970533,0.9942910662994614,8
AWT,-0.21892353965361133,0.9353854382659935,4
AYT,-1.5666153154587843,1.1238824844777822,3
