Translation,mean,std_err_of_mean,len
S*F,-3.922632691385042,0.6205796059153997,4
SAF,-1.2416699072970436,0.9314450248480414,9
SCF,-1.390001133923458,0.805352380642587,5
SDF,-3.310685509121747,1.068359098461385,5
SEF,-3.4530338062336194,0.10095030021292789,4
SFF,-1.9156825494102863,0.7954643941671702,4
SGF,-0.14693228102647696,0.9509843386771112,12
SHF,-1.1923029855452694,0.3176834058702731,3
SIF,-1.5324286129477147,0.44846772083574216,4
SKF,-1.7762359449301208,0.9165032002152826,3
SLF,-1.4733484936009498,0.7459884341003477,12
SMF,-1.2263305189255942,0.7080781189319136,4
SNF,-0.5252851399606127,0.8160700457017595,4
SPF,-1.3191667367142759,1.027843410490099,7
SQF,-0.8515650900183438,0.5926249103506115,4
SRF,-0.5487439747821509,0.8862386115618005,13
SSF,-1.2597306760166727,0.9792271934412808,13
STF,-0.6107154127419568,1.276793992450604,8
SVF,-1.2614897327011838,0.6705546525494998,9
SWF,-0.622092620012141,0.8900793435508443,4
SYF,-1.6592304521626808,0.8613592242337763,4
