Translation,mean,std_err_of_mean,len
M*G,-2.579889371004419,0.7363765176538075,4
MAG,0.9347049550650155,0.8319434734337823,4
MCG,0.18839156398308665,0.8868616853569087,4
MDG,0.6008337025603754,1.3361759822555104,4
MEG,0.25114254656587476,0.8847421491472148,4
MFG,-0.16223724191169028,0.34295942380400257,3
MGG,0.21665190673333998,0.7536878936846637,6
MHG,0.13368641723844732,0.5115241560674085,4
MIG,-0.3124526926503075,0.8073139674430679,4
MKG,0.948193267765753,1.2233715890826231,4
MLG,0.7252265075921812,0.6914913066680433,6
MMG,0.15450848255546212,0.29847447167735874,4
MNG,-0.24782355052411442,0.20028098161991154,4
MPG,1.036865305760811,,1
MQG,-0.2639921611072893,0.25460022904884977,3
MRG,-0.06551110250196807,0.7648526518008555,9
MSG,0.0730402077718942,0.5629133481567147,7
MTG,-0.08865921856340186,1.0197585717416122,4
MVG,-0.41941811260342543,1.0742178957036168,7
MWG,-0.6807193460878738,0.8750969661131058,4
MYG,0.2007993878761883,0.2659854035950191,3
