Translation,mean,std_err_of_mean,len
E*P,-4.091246230721282,1.616822609805994,4
EAP,-2.50726455717918,0.7256549018854398,7
ECP,-1.746975947168619,1.2703737204102359,3
EDP,-2.6813533445932007,0.8199603253475136,4
EEP,-4.547912170906967,0.9107932899617561,4
EFP,-0.6460040481620006,0.6650140858868209,4
EGP,-2.626885842748293,0.7458076687177929,8
EHP,-1.0823413343550357,1.0645736656266596,4
EIP,-0.9554209364723496,,1
EKP,-3.6815091781699203,0.2034696429673649,3
ELP,-0.530439122829001,0.6321328900526253,10
EMP,-0.5229044042147679,0.6950004917111967,2
ENP,-4.494389062738955,0.32809062867667105,2
EPP,-3.0324879609729316,0.413292022853109,3
EQP,-3.243393426004604,1.6106948432505275,3
ERP,-4.590166194814374,0.5173998778891991,10
ESP,-3.304502358836139,0.7782448573920508,10
ETP,-0.7302252144779853,1.3120331667743774,4
EVP,-1.3578126678837652,0.5080926965541653,6
EWP,-1.5515696743692393,1.6996409152952887,4
EYP,-4.9403706389888296,1.3936250972425674,4
