Translation,mean,std_err_of_mean,len
N*E,-4.41430553956128,0.41824274570576453,3
NAE,0.2998255217644233,0.9758057745137578,3
NCE,-0.7911021140632425,0.731996971238442,3
NDE,-3.9033174672680726,0.2306926471099453,4
NEE,-3.268120761319493,0.6644784620678836,4
NFE,-0.786588179047301,0.2971632076680247,2
NGE,-0.09618105289297993,1.0463015234414115,5
NHE,-0.6532782861422461,,1
NIE,1.0237748900188652,,1
NKE,-0.9927965903054948,0.5530548475968635,3
NLE,0.0916866353418957,1.384812186620632,6
NME,-3.013713643788405,,1
NNE,-0.08931902288705047,0.7424107145579829,3
NPE,-3.6047105247693016,0.9493818006378877,7
NQE,-0.9768452574515916,1.146880783496939,2
NRE,-3.309983635599505,0.9070838231368934,11
NSE,0.00725896449670671,0.3717661079335255,4
NTE,0.6999683799725966,1.3601185631818222,4
NVE,-0.221338504016376,1.7645045352988542,4
NWE,-0.4442122273149624,1.9347679615757478,3
NYE,-0.0662590827227425,0.3014805474149886,4
