Translation,mean,std_err_of_mean,len
T*T,-3.486655294946395,0.3789710855602653,4
TAT,-3.7002590194825777,0.4771747589207181,8
TCT,-2.0048516976278643,0.7641063740317717,4
TDT,-3.286049888196291,0.9443541716052755,4
TET,-3.5770433680548996,1.0310019223617604,4
TFT,0.07847170627459277,0.7101793988307881,4
TGT,-3.894067710685667,0.615227938718186,8
THT,-2.981404954328976,1.1871649147893208,4
TIT,-0.9516843024759013,0.5198773811298947,7
TKT,-3.466141709590069,0.42604749638250705,3
TLT,0.09009936087604473,1.0089561427985256,7
TMT,0.07402667186328878,1.3159134678685025,3
TNT,-3.1079095447854046,0.5611504780684127,4
TPT,-3.6583461574222627,0.6547345611606635,7
TQT,-4.105993478974353,1.444614414853385,3
TRT,-3.347588717722044,0.43410155817354673,11
TST,-3.7707683628328565,0.6555387278653803,11
TTT,-3.960179934424744,0.7763335686965085,5
TVT,-0.3751475403015906,0.7328402129723294,8
TWT,-0.19698569708319447,0.39818796689867253,3
TYT,-2.1620003098101965,0.7743902745027694,3
