Translation,mean,std_err_of_mean,len
TDT,-1.0915596010127366,1.5436983918907765,2
