Translation,mean,std_err_of_mean,len
G*F,-3.644986508177368,0.38220318572200457,4
GAF,0.10234143810130471,1.0285290625119952,7
GCF,0.2541353111852083,0.7131358116526462,3
GDF,-0.927175678124029,1.1894812187257136,2
GEF,0.032357808935678335,1.4267612932090983,3
GFF,0.7159746019648013,1.7989047858134284,3
GGF,-0.010957516197134,0.9152460738155935,7
GHF,-0.7011163142390311,,1
GIF,-1.7134682017611198,0.7102578587807314,3
GKF,0.051291036376965415,2.0369335513948137,2
GLF,-0.6985611144115712,0.9591320199344269,5
GMF,0.46073964258125244,0.3045673511603909,2
GNF,-0.5720090327145458,0.1890328990366024,3
GPF,-0.5089492002204019,0.3034964742319471,9
GQF,-0.7051666220180994,,1
GRF,-0.5196631129271657,0.6993843878043321,12
GSF,-0.949683483273672,0.4553155772130271,5
GTF,0.8777205178463112,2.047055052633182,2
GVF,-0.13496334029040433,1.0692942635838707,5
GWF,-0.4770441616389971,0.6783747092219353,4
GYF,-0.01805530699236435,0.21772765986112427,2
