Translation,mean,std_err_of_mean,len
G*A,-3.020020481814594,0.4180242476383615,4
GAA,0.5371810325404368,0.7806289300235456,5
GCA,0.4254080085612262,0.857599151428192,4
GDA,0.4026825139271069,0.432423379457784,3
GEA,-0.08310319011090206,0.3027733221654007,4
GFA,-0.8997734182601725,0.42950541912604684,3
GGA,0.14683949844371103,0.5670794908903413,8
GIA,0.5830136156965238,0.6673742541124249,2
GKA,-0.4963362471870765,0.6729257679021063,2
GLA,0.4006925195126926,1.0457655919436333,7
GMA,-0.5095118211224504,0.6025144567222336,3
GNA,0.24147587495788025,0.6399995420235212,2
GPA,-1.3374677154623456,,1
GQA,1.7627438517719973,,1
GRA,-0.15062172355470999,0.3510156531689461,9
GSA,0.006038301222000071,0.3301885858170682,12
GTA,0.167848256960891,1.1678127981699258,6
GVA,0.0764031130171799,0.6846629048276791,6
GWA,-0.611340559221182,0.32581845060518827,4
GYA,0.008460180205977164,0.3647072529057885,2
