Translation,mean,std_err_of_mean,len
V*A,-3.5946601288496356,0.89805262115431,3
VAA,-0.32128427463302156,1.0398927916518004,5
VCA,-0.7666194832180349,,1
VDA,-3.4253914285371083,1.5327451471694156,4
VEA,-3.5980277857120244,0.36226412310714534,4
VFA,-0.5001580623573266,0.9764691849965492,3
VGA,-3.539117470114006,0.303584067752807,8
VHA,-2.849276947302901,0.4506508153961938,3
VIA,-1.5314641099596766,,1
VKA,-3.6484929202358543,0.18930710441671292,4
VLA,-0.5929096221322754,0.5422761388255755,9
VMA,1.8554736584839997,,1
VNA,-3.3331489335116986,0.7139300963060681,4
VPA,-3.3570488941219234,0.6837161996592507,4
VQA,-2.86837544311415,0.9329218829033181,4
VRA,-3.5502304245856617,0.7830990194864101,11
VSA,-3.3228671604703366,0.6901238752452947,11
VTA,-0.2746397619227998,0.2770508595089492,4
VVA,-0.3306894056321661,0.8698550363349185,4
VWA,-3.8123322438161114,0.7475994061989419,4
VYA,-3.673672550433716,0.5153364357426155,3
