Translation,mean,std_err_of_mean,len
N*F,-5.5636354383507225,0.30416355473126616,4
NAF,-0.8643681993412694,0.650972777758991,7
NCF,-0.8800642737810884,0.6955837976785564,4
NDF,-0.6990129906599648,0.2712245856433917,3
NEF,-1.563302229478474,1.0630850981806699,3
NFF,-0.7572091178716871,0.39277126222200337,3
NGF,-0.8287955593515599,1.4788896413086468,8
NHF,-1.1604391707938086,1.5317109893928473,4
NIF,-0.4042685659996599,0.836157648525626,4
NKF,-0.9776989701712717,0.3877542735526021,4
NLF,-0.7341422492426708,0.9795590652208536,10
NMF,-0.7658727649095104,0.5938603659104216,3
NNF,0.09958742205282078,0.477000876196172,2
NPF,-0.918600221693634,1.7249684756920163,5
NQF,-0.4964603136008587,1.6828065002037342,3
NRF,-0.5744565337387532,0.8042652506688023,12
NSF,-0.2900217394833263,0.8993787081708778,10
NTF,-0.6337300128433355,0.5380609096607977,5
NVF,-1.027088371256981,1.1558848946663265,6
NWF,-0.2224485417959985,0.42673440831168863,4
NYF,-1.3290065448238406,1.4651792291718788,3
