Translation,mean,std_err_of_mean,len
C*M,-3.0074578373250036,0.7400829450503056,2
CAM,-2.1917017735320927,0.4817165761993898,4
CCM,-2.729888625390286,0.08464641418580662,2
CDM,-1.7687214999761642,0.3514339961869145,2
CEM,-2.135330299167543,0.28856129613392817,2
CFM,-2.5678130169829605,0.03453045916566287,2
CGM,-2.0503111048266014,0.28612781645879193,4
CHM,-1.578259378493335,0.7134231848901755,2
CIM,-2.0124548485692544,0.5116984601377872,2
CKM,-2.14052237864412,0.18915923948481686,2
CLM,-1.6037832969872865,0.39615950440768205,6
CMM,-1.5672470276167036,0.6647559178265812,2
CNM,-2.3522022040627246,0.6800628466461689,2
CPM,-2.7109158195188883,0.36106923348630504,4
CQM,-1.9337845177764907,0.036592495587039205,2
CRM,-2.2252340530999213,0.22441855496302213,6
CSM,-2.285246678259565,0.3677487300144215,6
CTM,-2.22646096076436,0.34987681929730763,4
CVM,-1.6729366012437725,0.4805023090051442,4
CWM,-3.176305592633994,0.290832057210602,2
CYM,-0.08871711972259888,0.12123133055193658,3
