Translation,mean,std_err_of_mean,len
L*Q,-2.8570754600678305,0.2668060900271197,4
LAQ,-0.1707911280069354,0.4375265878316201,8
LCQ,-0.2316051781379096,0.2673723841188105,4
LDQ,-0.03068060136824413,0.6480404839435556,4
LEQ,-0.017622244286529476,0.06133108185239831,4
LFQ,-0.2184053198966358,1.0235336869531222,4
LGQ,-0.0996804883677389,0.26904583498700113,8
LHQ,-0.036852461530138436,0.6144129753281216,4
LIQ,0.023670634644832322,0.11690290310589123,4
LKQ,0.12067223287161588,0.6869479493907892,4
LLQ,0.1045272442562859,0.5621654468342117,12
LMQ,0.5146987709658868,0.6659458242247787,4
LNQ,0.23777033632732647,1.049132440775654,4
LPQ,-0.34459421227963594,0.7560415001867251,8
LQQ,0.3048886990615547,0.4085265424071054,4
LRQ,0.138235499256722,0.39991365738032414,12
LSQ,-0.026432416790535946,0.6721650697453092,12
LTQ,-0.060528632655442303,0.4487549575694267,10
LVQ,-0.11927125497460767,0.400460885184198,8
LWQ,0.1260933522132206,0.11858087870173781,4
LYQ,0.021282429879947884,1.215504970535953,4
