Translation,mean,std_err_of_mean,len
I*G,-5.20421786382048,0.29125245545302897,4
IAG,-1.3322086659116363,0.8111684888152847,7
ICG,-0.6343885198750755,0.5699884719305355,3
IDG,-1.2362911054891992,0.7130702977656773,4
IEG,-1.0552011191323893,0.5903123923541245,4
IFG,-1.6499662228980996,0.1861381453354773,4
IGG,-0.6664151166199103,0.6802515776556549,8
IHG,-0.9869912315109395,0.9619335968323206,4
IIG,-0.6714648258348062,0.7550440202175362,4
IKG,-0.5336641749010789,0.8072374049097104,4
ILG,-0.3316768173407829,0.8080672378699308,10
IMG,-0.2761464245581777,0.48576970226273425,4
ING,-0.8563685553193828,0.5185757287181167,5
IPG,-5.724065163305824,0.9386162182598792,8
IQG,0.40810205692711277,0.513252609883108,4
IRG,-0.6270298940636938,0.9449557629438196,12
ISG,-0.34909573844584757,0.8606328090578906,12
ITG,-0.48719042620090064,0.7529118719030199,7
IVG,-0.7500426055504105,0.7520434343932736,7
IWG,-1.2550596313828632,0.36873309255431014,4
IYG,-0.9241976411834603,0.5353530543026833,4
