Translation,mean,std_err_of_mean,len
D*V,-0.8479309414925973,0.7086387586175169,4
DAV,-0.09229093696766388,0.4035717088737845,8
DCV,-0.3992872901284721,0.3778450488673635,4
DDV,-0.6241170161313889,0.38979856646353983,4
DEV,-1.207220284049824,0.29332027492548424,4
DFV,0.07538184483777832,0.5380785751686369,4
DGV,-1.140096926360235,0.20365985833434694,8
DHV,-1.2753909804942787,0.5646048523638263,4
DIV,0.3327731856509549,0.8179775514681416,3
DKV,-1.3766157751400547,0.4054311492355958,4
DLV,-0.18987631130571056,0.39145713414045147,12
DMV,-1.1644591169345977,0.2434027358614955,4
DNV,-0.9874173209467161,0.5376817101204708,4
DPV,-0.6050947659950975,0.6188629816790515,5
DQV,-0.9301586598936633,0.6878017373565378,4
DRV,-0.9412243429962404,0.2978742782098255,12
DSV,-0.40538084653518797,0.4277650388328222,12
DTV,-0.029161824214123538,0.6702160148236673,6
DVV,-0.18031445745750732,0.22166585026846952,9
DWV,-0.7133756346788187,0.49149667992582274,4
DYV,-0.7161053147945552,0.8074393336964538,3
