Translation,mean,std_err_of_mean,len
V*Q,-0.9597120126058329,0.3957403638539865,4
VAQ,-0.39476360046817077,0.45826207843358424,7
VCQ,-0.11009677610217554,0.7377699675143686,3
VDQ,-1.0675125693990675,0.7763949249969645,4
VEQ,-1.1549217550682673,0.378466250734366,4
VFQ,0.06388755874048346,0.5754569672501754,3
VGQ,-1.1255000543614857,0.3689622691025172,8
VHQ,-0.023225833845640587,0.1886723783298848,2
VIQ,-0.445442185805254,0.7024430425489422,3
VKQ,-0.8408717585254126,0.024752554749566457,2
VLQ,-0.4275939594525211,0.8476991560537341,8
VMQ,-0.027959519930869536,1.1087513992083315,4
VNQ,-0.23176047868186167,0.45246256957413633,4
VPQ,0.8121637561698934,0.4987357247213077,3
VQQ,-0.6710113804304969,0.3675884115149397,3
VRQ,0.15436500124205546,0.4517522108807755,9
VSQ,-0.360935479022487,0.7473852498659124,8
VTQ,0.4349846906979571,0.9304490616732609,4
VVQ,-0.38640025901252795,0.6957271376405919,8
VWQ,0.09183742921084836,0.16340497641529936,4
VYQ,0.10663893550662928,0.255066844593379,2
