Translation,mean,std_err_of_mean,len
G*T,-0.3894270241962987,0.766601110295987,4
GAT,-0.2583290582404722,0.423459425354821,7
GCT,0.04022889628371007,0.2512947782275238,4
GDT,-0.06890577478955628,0.23357726335775242,4
GET,0.0013074812739968245,0.19954484750824236,4
GFT,0.35902204727918496,0.5951672795602871,4
GGT,-0.09785656045149183,0.21987915499673621,8
GHT,-0.9545381654767695,,1
GIT,0.9474811756755086,1.1591265931360766,3
GKT,-0.008167844383661249,0.404046580171343,4
GLT,0.041412772864711234,0.4006277329997919,8
GMT,0.576263220520846,0.2567033550333125,2
GNT,0.5303338009177961,1.156693780805193,3
GPT,-0.31766527807768785,0.5341775562239188,3
GQT,0.36960618449782096,0.1716475956917388,3
GRT,-0.1507465450594004,0.8382554651194892,12
GST,0.07435825278644703,0.5821603482123291,7
GTT,-0.030864388996575398,0.18553147830355024,4
GVT,-0.02332749049765037,0.2952995236006886,12
GWT,-0.08719120694144178,0.4163077107085253,4
GYT,0.2739666081282053,0.4809528842100211,3
