Translation,mean,std_err_of_mean,len
T*T,-4.094430160962667,0.5478919993510581,4
TAT,-0.30570665083579956,2.041725831446188,6
TCT,0.10214941933241728,0.6969819481887729,4
TDT,-4.17444593879487,0.48020115055752066,4
TET,-3.953223882038023,0.8915687580889525,4
TFT,-0.4195549682188324,1.6995199461698929,4
TGT,0.3323900007977453,1.3664574333610178,7
THT,-4.4783406637804175,0.2796685161774582,4
TIT,-2.070813023260152,0.8405873027826759,3
TKT,-4.162265317972448,1.009493125490834,4
TLT,0.2524587229137466,1.2444708164213116,7
TMT,-1.2506544502346664,,1
TNT,-1.8103965328844438,1.068462344650909,4
TPT,-2.571291739303543,0.952841818647431,8
TQT,-1.0881251244122792,1.0274333044742265,3
TRT,-4.012535410716661,0.6577892621656237,12
TST,-0.9940318624580081,1.8322039651798083,12
TTT,-1.454733490480992,1.5227106143428604,12
TVT,-0.7543438802147348,1.249116516154798,8
TWT,-0.9259578067258941,2.210860538885749,3
TYT,-0.7030656461710455,0.40811000896641797,3
