Translation,mean,std_err_of_mean,len
F**,0.27059140790014125,0.5269567923162688,2
FA*,-0.060183617208070084,0.3505476402893775,4
FC*,0.08186520114348905,0.11556850712374331,2
FD*,-0.10474939731102273,0.03496996634950236,2
FE*,-0.15828105026451977,0.4454061382440544,2
FF*,-0.10505201917298868,0.28246415424807564,2
FG*,-0.08784489156668096,0.20476599016579594,4
FH*,0.05742911182643162,0.2962278157530281,2
FI*,-0.6298560036894685,0.14168319230887388,2
FK*,-0.48431238454101466,0.1851477156396018,2
FL*,-0.10284641972073223,0.41323860508708,6
FM*,-0.14492626484510662,0.1351993552353927,2
FN*,-0.09753801140475282,0.48285407425321963,2
FP*,-0.223439687119259,0.5426626386188671,4
FQ*,0.08054384810553146,0.4928545508906465,3
FR*,-0.009434675202189288,0.23683495892220607,6
FS*,0.0018224745463923202,0.4013848877007676,6
FT*,-0.30790974757090184,0.4698009551847664,4
FV*,0.07796408022479806,0.3981870597403719,4
FW*,0.15638391518852224,0.02235815987034069,2
FY*,-0.3636127910968123,0.0022691164379190424,2
