Translation,mean,std_err_of_mean,len
L*D,-0.9485985672687056,0.1542320325690489,4
LAD,-1.3054376720666565,0.35118033638860346,8
LCD,-1.1142595627201735,0.22277736913918203,4
LDD,-0.15577129946298598,0.05206239326625095,5
LED,-0.012771323262930215,0.190703811424821,6
LFD,-1.447485977863285,0.1891970259269785,4
LGD,-1.3378680467514643,0.1764630457616106,8
LHD,-1.300275912127905,0.35057559824999784,4
LID,-1.445185351100834,0.20160524861723006,4
LKD,-1.4134237167922548,0.16322322506583675,4
LLD,-1.4225519859531923,0.26406951347125607,12
LMD,-1.5965316890000543,0.35124599969727693,4
LND,-1.3397148012547513,0.2729849672235981,4
LPD,-1.223496448825837,0.3131108599419012,8
LQD,-0.29403318819925106,0.2749397115983091,4
LRD,-1.6078639306247933,0.24487609883959593,12
LSD,-1.5258749950833679,0.2517886127285265,12
LTD,-1.0848978988975868,0.23967997278448228,8
LVD,-1.3396990484442357,0.23120858588522156,8
LWD,-1.3476659220224791,0.1093404048333281,4
LYD,-0.803354679172839,0.3343624853375291,4
