Translation,mean,std_err_of_mean,len
L*D,-3.2334970952886573,0.5044195130132809,4
LAD,-0.41394605176474786,0.6433734722279498,5
LCD,-0.39666487689138874,1.2659817585943858,2
LDD,-1.2867419366697206,0.6717587700082515,6
LED,-0.8017669323159987,0.6556081924460097,3
LFD,-1.3610303712698268,,1
LGD,-0.15436715377112975,0.7192815934162334,7
LHD,-0.7120266474754867,0.7236782731758158,3
LID,-1.7865660550060012,1.3354995157133338,2
LKD,-1.1104744587878415,0.6625311754755736,2
LLD,-0.38052545739544774,1.0901917118464257,4
LMD,-0.3915697300893373,0.47509170305513315,3
LND,-0.3400659183062391,1.3889168828971374,3
LPD,-2.2894415886725246,1.4986663848947197,6
LQD,-0.3269952373481497,0.3521041774435215,2
LRD,-0.7458793776191776,0.7001167237150401,7
LSD,-0.06755915664184542,1.204763462915505,7
LTD,-0.03375164745239641,0.46334026276183776,5
LVD,-0.634522655662438,0.8518963666747458,7
LWD,0.9470069178592402,,1
LYD,-0.6341428248898957,0.6009999666248718,3
