Translation,mean,std_err_of_mean,len
E*L,-6.02508464994194,0.7054852406204716,4
EAL,-0.3765955494130737,0.7478823470188751,4
ECL,-1.816674101948312,,1
EDL,-1.6235273938899404,1.4122256426902902,7
EEL,-1.0765125682879604,1.474536657433666,4
EGL,-1.2452867243901589,1.2808113331505007,6
EHL,-1.632238607263564,,1
EIL,-0.005276792151285292,,1
EKL,0.5998815657918879,,1
ELL,0.0640470707464118,1.2670090894026789,2
EML,-0.9444562470235516,,1
ENL,-1.6331119190324737,,1
EPL,0.09746131343797337,,1
ERL,-1.3553589375660076,1.5236286158160772,5
ESL,-2.7420878919748417,1.4543507378441682,2
ETL,-1.8546016739867692,,1
EVL,-1.507087105482953,0.6159270920754657,6
EWL,-1.1009106669274549,0.4420997082785432,2
EYL,-0.4659967484123528,0.9461611389316255,3
