Translation,mean,std_err_of_mean,len
V*L,-5.560307861920752,0.5947876919595465,3
VAL,-2.051847493803166,0.8614017770542436,7
VCL,-1.0497743894018754,1.4733779533561848,2
VDL,-1.9895229057183794,0.534946868155604,3
VEL,-2.9830416558260113,0.823544524209033,4
VFL,-1.4724060558675554,,1
VGL,-1.9716165414363171,1.0300162662800765,6
VHL,-2.6150050365171245,0.8560273196127992,4
VIL,-1.3184160005644887,0.8793901480712858,3
VKL,-2.5554349404939494,0.5415220870941886,4
VLL,-2.100304940354512,1.8547857227776485,9
VML,-0.6987599026788311,1.6606055147183627,3
VNL,-2.3133620564812376,1.412476194552626,4
VPL,-2.1548880129073185,0.36537373082548386,8
VQL,-1.782617536619442,1.0537132771290652,5
VRL,-2.177983513524564,1.1495681611138056,10
VSL,-2.0584889856646504,1.2755435655466716,10
VTL,-2.462282078268576,1.3602111654575264,7
VVL,-1.6860716192675056,1.461666707010392,5
VWL,-0.6618252669410172,,1
