Translation,mean,std_err_of_mean,len
L*L,-5.923904773986038,1.4157335837045117,4
LAL,-2.5861008327257085,1.4024029640466684,7
LCL,-2.519308242666055,,1
LDL,-2.7672435832524034,,1
LEL,-2.1503311702269685,0.3187346214610642,2
LFL,-1.310921286252098,,1
LGL,-0.9039578921728092,2.3243153457466303,3
LHL,-3.034730549973373,1.0368591158341052,4
LIL,-2.4044516890888183,1.7431364095747826,3
LKL,-1.4195991124734566,0.745499934719839,8
LLL,-3.0977968073989897,1.2485373676929201,9
LML,-1.6763858498396633,0.6288143349388701,3
LNL,-2.1909301965117827,0.5923863989328645,2
LPL,-3.7428167379363426,0.7517055986884011,8
LQL,-2.9267395324050796,0.6300119430004687,4
LRL,-2.108203322861052,0.9912931945381593,8
LSL,-2.0478416163251985,1.0198754212422898,8
LTL,-2.8532512902515137,0.5764892830564236,6
LVL,-1.902704774858436,0.7780577658353365,3
LWL,-2.5465679773210628,,1
LYL,-2.17940266886125,0.8227932824622953,3
