Translation,mean,std_err_of_mean,len
K*K,-5.975765857766855,0.9190580833648656,3
KAK,-1.5065115111082545,1.175280141466864,7
KCK,-1.3177497088419088,,1
KDK,-3.364406032911107,0.5506007891151096,3
KEK,-3.8049891713111177,1.2844505662139327,3
KFK,-1.670153532084293,,1
KGK,-4.103649160545483,0.5968331298283235,6
KHK,-5.564045818682484,1.0631157972396659,4
KIK,-0.8499178370387123,0.7091976538403689,3
KKK,-4.078058180464154,0.8041483008923229,4
KLK,-1.3309843516415905,1.1631153726378918,9
KMK,1.1139937514542497,,1
KNK,-6.296658325086398,1.1024815269467714,3
KPK,-4.637798028055326,0.6757357067471516,8
KQK,-6.143276980119043,1.2331897762385493,4
KRK,-5.322732789726821,0.6470286939082891,11
KSK,-5.5275440968580885,0.5990668754907613,9
KTK,-4.612694803660648,1.3458106118776332,8
KVK,0.16295873884618145,1.0766166782900015,5
KWK,-4.133478105129949,0.9672618955099401,4
KYK,-5.791074519337222,1.705886579151651,4
