Translation,mean,std_err_of_mean,len
T*K,-5.572417525436731,0.3715858711992201,4
TAK,-1.2282153227505717,0.595943410681526,5
TCK,0.20012530171326226,0.37093265872360376,2
TDK,-2.073649449215875,0.31358759842567285,3
TEK,-0.8571626368878954,1.5605456275075418,3
TFK,-2.8807517091000343,1.0615623991301346,3
TGK,-1.2303371367484144,1.4653636394722938,4
THK,-1.2851433601804763,1.2857985700318815,4
TIK,1.5204725014480918,,1
TKK,-2.606465136306202,,1
TLK,-3.117242262934015,1.1272715772908424,9
TMK,-2.42925545312532,,1
TNK,-1.863962064112364,1.0222622663607337,4
TPK,-1.4750801235158455,0.8936663733706047,8
TQK,-2.286138253354049,,1
TRK,-3.081121906384158,0.8676493341982391,9
TSK,-1.7579238764868061,1.1953423691390401,7
TTK,-1.7106071086609524,0.7239802171740113,6
TVK,-1.3162929727656838,0.31435018192757613,3
TWK,-2.278327994942434,,1
TYK,-1.462131805548191,0.07354667768669274,3
