Translation,mean,std_err_of_mean,len
A*P,-5.011041071268329,0.5132805601867287,4
AAP,-2.6620246547211766,1.2414312072413038,5
ACP,-0.4723445903951771,1.9879544408222636,3
ADP,-2.965631541518014,1.2551689993286712,3
AEP,-2.889632650386435,0.6493471027328824,3
AFP,-5.115759481310823,1.3308133543965133,4
AGP,-2.4114503385915165,0.7531083404740072,3
AHP,-2.578100522811224,0.43392537763784467,3
AIP,-4.413976098224731,1.078389461396706,4
AKP,-1.5442366955238223,1.4188459257590829,2
ALP,-3.9479397360086006,0.7856749339371153,8
AMP,-3.1846668003161946,0.4369366883487151,2
ANP,-1.4844969037538915,1.0259216146146188,7
APP,-5.73086199066632,0.8196489854920941,7
AQP,-1.270338711136053,1.361635145270274,2
ARP,-3.0421162629860734,1.2173450675831998,9
ASP,-2.253134304771929,0.7055750611058569,7
ATP,-5.138419368782936,0.32133250563667143,5
AVP,-4.274578163571415,0.36932547637296587,5
AWP,-3.993850074832214,1.0660719947582167,3
AYP,-4.263990846009856,0.8881328427687678,4
