Translation,mean,std_err_of_mean,len
P*Q,-4.3626337218135856,0.7550998220886058,4
PAQ,-3.0946576012791436,0.9291774172475962,8
PCQ,-4.505910918272822,0.7569062571771817,4
PDQ,-6.115821582952823,0.8505780566795389,4
PEQ,-5.005582835684542,0.5475979572949267,4
PFQ,-5.900796664260966,0.6283407012565915,4
PGQ,-0.527869599118769,0.647293369250522,9
PHQ,-5.824512212976927,0.9441304936505247,4
PIQ,-5.054798281226622,0.887834977283615,4
PKQ,-5.323588164850383,0.5594807933272772,4
PLQ,-4.853330716123636,0.44684131504336266,11
PMQ,-5.683306721368476,0.3513649547191623,4
PNQ,-5.807894176564492,0.20194678024634527,4
PPQ,-5.237437728509647,0.4343802530532197,4
PQQ,-5.626466057055573,0.47679605683610354,4
PRQ,-5.0823647389608535,0.6718524861798106,12
PSQ,-2.187035399706308,1.1174006600749506,10
PTQ,-2.9210229357113096,0.8913845613711396,7
PVQ,-5.222942584590399,0.5966116692409711,8
PWQ,-6.125351264284808,0.8087277146425078,4
PYQ,-3.7701061107042158,1.0057083002380547,4
