Translation,mean,std_err_of_mean,len
P*Y,-4.96940371728525,0.3909396605278789,4
PAY,-0.7074027997060212,0.47285463289988544,3
PCY,-1.8665345000254039,0.35485311622348853,2
PDY,-0.6694808318339591,0.37293249149589885,4
PEY,-1.333250322858701,0.9131406761079133,4
PFY,-1.052062850429943,1.2137952876169105,3
PGY,-0.13288900936820328,0.5966210840455374,6
PHY,-1.7291401636465071,,1
PIY,-1.2561918662030735,0.31695035615422906,2
PKY,-1.699065448774191,1.1043601804896712,5
PLY,-0.9928333361526818,0.6287340882346009,10
PMY,-2.1700569131671528,0.170190933260463,3
PNY,-2.7076325516021713,,1
PPY,-1.3673709137682042,0.830086809127742,3
PQY,-1.604387731052387,0.7817834249548383,2
PRY,-0.924175956771816,0.6657681852266146,8
PSY,-1.6916445726224036,0.8669431469498202,9
PTY,-0.35792322265643983,1.2886999963090122,5
PVY,-1.5981548740191753,1.067927252511431,5
PWY,-0.9172840994296758,0.9967314796399345,4
PYY,-1.781085635053751,0.2608927363743702,2
