Translation,mean,std_err_of_mean,len
K*V,-4.87766483111427,0.9379129198863898,3
KAV,-1.2219015375337534,0.8922173951891119,3
KCV,-1.549362798703454,,1
KDV,-3.9493777076662444,0.21596777665892375,4
KEV,0.34648709214723006,0.326731532757515,2
KFV,-1.6654956003421801,1.0265973129360355,5
KGV,-1.3522188015782244,0.5317333370852845,5
KHV,-0.3964747759967011,,1
KIV,-1.8360416689526562,0.47289377614599726,2
KKV,-1.8032556648836193,0.2597151904029057,2
KLV,-0.877878939399684,1.583339890082134,5
KMV,-0.015163687894145165,0.8614352891963009,3
KNV,-0.403278105148392,0.9147448742766037,2
KPV,-1.0849354787690242,,1
KRV,-0.2725614851897218,0.5851813230606668,5
KSV,-0.7244836343227212,1.4528623246522099,4
KTV,-0.9822930550305724,,1
KVV,-1.5895973823543614,0.8749368567163367,4
KWV,-0.6316098896647512,0.784125676438854,3
KYV,-1.7664999593107384,0.6754707272201141,2
