Translation,mean,std_err_of_mean,len
Q*F,-5.324768727844864,0.39977938042278294,3
QAF,-4.952236200158641,0.562473451661707,8
QCF,-5.458494992535026,0.22885535018590591,4
QDF,-4.921711553907921,0.17799725573230182,3
QEF,-3.8677858693543485,0.7430363795502809,3
QFF,-5.25849464522017,1.1128708956801745,4
QGF,-4.484713352810668,0.5106720911438177,7
QHF,-3.74249436462485,1.535240833911838,3
QIF,-4.847127290864201,0.3017193437741929,2
QKF,-4.447800654310505,0.34807844132684945,4
QLF,-4.910923935882593,0.6584118891736614,11
QMF,-4.817784421163391,0.5382289579420526,4
QNF,-5.322797056198532,0.8187948006127576,3
QPF,-4.0476707747279965,1.0679164011087448,6
QQF,-5.149519029714687,0.7445234460643415,3
QRF,-4.807410471767029,0.9113545686459402,11
QSF,-0.8630039577062107,1.0225093612112437,4
QTF,-0.9627235049508196,0.7856984074123954,4
QVF,-5.442901547662137,0.6376830873828221,8
QWF,-4.918941127155081,0.21720370653710624,4
QYF,-5.062783196864016,0.06806105025784809,2
