Translation,mean,std_err_of_mean,len
Y*C,-5.780665951409549,1.3525103618692724,2
YAC,-0.19927870216576338,,1
YCC,-1.173432949246843,,1
YDC,-6.823095499939154,0.43714360822853815,3
YEC,-5.30005834080752,0.3571716510201341,3
YFC,-2.2938324426381413,,1
YGC,-2.1502378535119413,0.9453759123799163,2
YHC,-2.1127794240042608,0.1606348474239037,2
YIC,-4.318975936754706,1.0086456662261163,2
YKC,-3.1201893750401837,0.8458877142961548,2
YLC,-5.569885614013289,1.2727906488993508,8
YPC,-1.967503683291879,1.0948079238961053,3
YQC,-0.5953790419410381,0.8419931158657158,2
YRC,-5.574974857901887,1.0290736512770382,8
YTC,-1.4882498971831843,,1
YWC,-3.1668657576728556,0.7405663880334779,2
YYC,-5.647089657849127,2.334429221367281,4
