Translation,mean,std_err_of_mean,len
G*P,-4.589703071916158,0.4374513510676413,4
GAP,-1.5157582029822017,0.7967436471854573,7
GCP,-1.245974678636688,0.5877375781257077,4
GDP,-0.8772248069192177,0.41271208369299245,4
GEP,-0.5147527997097205,1.3447580544511513,4
GFP,-1.5958616230261187,0.6876260396215885,4
GGP,-0.6109631941735859,1.0201060526672756,8
GHP,-1.3594791365928076,0.33534241063813025,4
GIP,-1.839660959074656,1.156679619612402,4
GKP,-1.7666786585832595,0.21198273450495872,4
GLP,-2.020048841058854,0.7631562161378165,12
GMP,-1.7749943306763656,0.6569466161433122,4
GNP,-1.2257210934118445,0.8597175987407971,4
GPP,-4.715448509530555,0.27464286001104926,8
GQP,-1.6447059041636545,0.7435293056478366,4
GRP,-1.4458145301064247,0.6422494031977719,12
GSP,-1.1985719543825406,0.7264792006255358,12
GTP,-1.635280121727091,0.4386967326065376,8
GVP,-1.6353669236602104,0.3706568081394303,7
GWP,-1.16283967950731,1.217263782275581,2
GYP,-2.1339542120482484,0.3919399294780393,4
