Translation,mean,std_err_of_mean,len
G*Y,-6.3388431469829865,1.822904566801556,4
GAY,-5.524016199253785,1.238252962838902,7
GCY,-3.043015414932833,1.9802118674394251,3
GDY,-5.775084687116133,1.2259359402446584,3
GEY,-5.625991461452513,0.2802861962884865,2
GFY,-6.051987624414564,0.5122688880991159,3
GGY,-6.99538616123241,0.6219674662968935,7
GHY,-7.1211491400215365,,1
GIY,-1.087910768029567,,1
GKY,-5.1995902242094445,1.7588688717888261,3
GLY,-1.3136918072372332,1.7062063887861676,3
GMY,-4.920674966122391,1.0392891738957568,3
GNY,-5.521455272848268,0.3757022827487602,2
GPY,-3.1450179358567745,0.05341602875297686,2
GQY,-4.3284140606052315,0.6997455746232414,3
GRY,-5.829178665270698,0.9444234823196858,7
GSY,-4.704737136883124,1.8889133606274302,6
GTY,-3.5664481019696104,0.532605570603818,4
GVY,-1.3624387764669383,1.1183440556024014,8
GWY,-6.798430868013993,1.4427894900252978,2
GYY,-6.312685317810029,0.34581499364775287,2
