Translation,mean,std_err_of_mean,len
L*C,-6.1552401831195835,0.7703136010031866,2
LAC,-2.1268027289977844,2.0946761712421695,7
LCC,-2.5785608974189618,,1
LDC,-1.684595741297698,1.2981151890936007,5
LFC,-2.55864902404129,0.8566083592096597,3
LGC,-2.488348461181645,0.7153669447136954,7
LHC,-4.586566687748792,1.3725585251288992,2
LKC,-4.501124981407973,0.8349825243637499,3
LNC,-1.4978101763190725,,1
LPC,-3.0607298936030216,0.7900846261965347,2
LRC,-5.481010644770943,1.3381808024954032,12
LSC,-3.81933943898381,,1
LTC,-2.150367437836176,1.6911159222994097,2
LVC,-1.9863891239088698,2.0423285075298487,2
LWC,-3.469624203445159,0.7247144258449262,3
LYC,-2.4270756758255416,0.315554162517278,4
