Translation,mean,std_err_of_mean,len
G*P,-7.405155101351228,,1
GDP,-0.6729719005535753,,1
GEP,-1.764374302457421,,1
GGP,-1.2246216658105906,0.5918139670189115,3
GLP,-1.4805027826658703,0.7097530241861437,2
GMP,-0.42536818318062686,,1
GPP,-6.415039034108412,0.9352844727766224,5
GQP,-1.2776829112435255,,1
GSP,-1.2254416149659313,1.1665234655933856,6
GTP,-0.4263905252861626,,1
GYP,-1.2493818024801424,,1
