Translation,mean,std_err_of_mean,len
L*G,-1.6002769259053031,0.31913791053099777,4
LAG,0.4119374485227888,0.9458065799198202,8
LCG,-0.008449894125170054,0.642406508424344,4
LDG,-0.09921527747534964,0.30387699259602363,4
LEG,-0.2820639793685811,0.23893367640491292,4
LFG,-0.29963945862867347,0.36108953631244334,4
LGG,-0.07974465449549684,0.3589143286574019,8
LHG,0.39203677229242917,0.5940818218267313,4
LIG,0.3483456126031106,0.33519142250580686,4
LKG,-0.2547434726319917,0.6408858187742229,4
LLG,-0.02527771897691496,0.6945676594647557,12
LMG,0.3520238562797564,0.6810417383149869,4
LNG,-0.09702556543959995,0.12750429820289974,8
LPG,-0.12563852284193533,0.8540266510822844,8
LQG,0.14499787787319107,0.5639232863406789,4
LRG,0.052869339140340976,0.5805292353268153,12
LSG,-0.029188766036721308,0.47959834252601097,12
LTG,-0.10259326673219937,0.5576044535306771,8
LVG,-0.07790750449336958,0.3990387364845807,8
LWG,0.13101219341102177,0.5386988299468469,4
LYG,-0.39028255321041505,0.27701096584537704,4
