Translation,mean,std_err_of_mean,len
A*K,-4.416668836954602,0.584868513737425,4
AAK,0.3158320840235901,0.8625877678436793,8
ACK,-0.8367242359012164,1.5155589688058024,4
ADK,1.1644161606145635,0.9528504472780457,4
AEK,-0.12328522005520126,0.5067450541277916,4
AFK,-0.7603684297374398,0.16914942820237472,4
AGK,-0.293517204122382,0.36501867102583024,8
AHK,1.017752842188156,1.3368916866321952,4
AIK,0.3642800318386332,2.24742755520664,4
AKK,-0.3477415282227285,0.6908470645788364,4
ALK,-0.08425100302054973,1.1819932392955135,12
AMK,-0.7548539883477687,0.5508519441434537,5
ANK,-0.23355924750136983,0.2979917214753208,3
APK,-0.34711572091339393,2.171368563409401,8
AQK,0.026110824610059424,0.678098301056357,4
ARK,0.17835519802246513,0.5791873626959059,12
ASK,0.14386257439334593,1.2722113476510943,12
ATK,-0.2529615223771894,1.1355308981836634,7
AVK,-0.43040947022535714,0.7641833035956119,8
AWK,-0.10562392137931909,0.33414633911635244,4
AYK,-0.17951499915157698,0.6875710376630997,4
