Translation,mean,std_err_of_mean,len
D*V,-2.5522627216181553,0.1939671911012152,4
DAV,0.2765151905719203,0.8458098887345998,8
DCV,0.42037987050286074,0.3706195088003461,4
DDV,0.13593475371700858,0.7536173289273629,4
DEV,0.7320627515975493,1.44402374081024,4
DFV,-0.19194991316539722,0.45598202675332605,4
DGV,-0.414973899373999,0.8590056862769306,8
DHV,-0.1406319836600602,0.1507987471553664,5
DIV,0.6057461151555865,1.7451484659765955,4
DKV,-0.4665891320323359,0.7943605909339487,4
DLV,0.2492076189877194,0.6847072268708804,12
DMV,0.2985934478678227,0.6756977312630473,4
DNV,0.18729255662880306,0.7241564393529121,4
DPV,-1.1591249937393682,0.46989710019525804,8
DQV,0.17361516391073706,0.4658949380927527,4
DRV,0.014972556599653982,0.9689212718082547,12
DSV,0.2490053951084055,1.3858682408215521,11
DTV,0.11205389878050442,1.2657726584283728,8
DVV,-0.7391284800804645,0.8735762914691638,8
DWV,-0.01175160077607229,0.6871379707178918,4
DYV,0.5955027238592523,1.1155965083719726,4
