Translation,mean,std_err_of_mean,len
A*L,-2.274098681541984,0.6305478973981216,4
AAL,0.30256131833161504,0.43994920331006404,8
ACL,-0.11385246763986867,0.38708367462652976,4
ADL,-0.09657177953506468,0.47928622291366335,4
AEL,0.04788498555843512,0.18888848404518777,4
AFL,0.4630169906686701,0.4958930578904808,4
AGL,-0.12688521782381612,0.2764699297444968,8
AHL,0.24940656367913538,1.0311185413668165,4
AIL,0.28040314060343086,1.2291255764183817,4
AKL,-0.787197013908729,0.3277617499114815,4
ALL,0.41637976323314724,0.49330184153609946,12
AML,-0.3449216659475003,0.621297043122756,4
ANL,0.6359105059167088,0.6451851368255993,3
APL,-0.4621589188056271,0.8318816825340867,8
AQL,-0.4054495543884433,0.8340518571814275,4
ARL,-0.24936562164295303,0.2766435316963932,12
ASL,-0.07509950848788133,0.6273521772661751,18
ATL,0.01697220028054469,0.41820451780584966,8
AVL,0.4087090878443981,0.9111286889894348,8
AWL,-0.25699876235849684,0.4444937704774452,4
AYL,0.0011216999798409066,0.8810430327868276,4
