Translation,mean,std_err_of_mean,len
L*S,-3.4985666548621395,0.7217196979058094,4
LAS,0.2434847732776199,1.3693906723223206,9
LCS,-0.3970423093836386,0.21877840160095663,5
LDS,0.18687131430280637,0.8232016444622632,5
LES,1.2979716780003385,1.622272698666241,5
LFS,0.4744523617646893,0.5181479497719153,5
LGS,-0.08033528129519901,0.46843264984270094,18
LHS,-1.0793624693377797,0.6557909216769044,3
LIS,-0.537764682779452,0.7389125649700036,4
LKS,-0.46381023086962014,0.2762348299566769,4
LLS,0.34162349654749496,1.2019577616290948,12
LMS,-0.877992060435508,0.6999215814923806,4
LNS,1.557550007182685,2.5876607958305247,4
LPS,-2.6825332112349636,0.8127861641298202,7
LQS,-0.9794479386591202,0.544781160406551,4
LRS,0.08288682895509304,1.2625105368417504,13
LSS,0.34417729935659575,1.0550151726970096,13
LTS,0.04466094902486122,0.37110881609389273,7
LVS,-0.8686671334662137,0.4852461773040782,9
LWS,-0.32010698206925925,0.5554506745585183,4
LYS,0.5083476718921738,1.2482813942978328,4
