Translation,mean,std_err_of_mean,len
N*T,-7.007931836274847,2.4984689703557206,2
NAT,1.2933845447521748,2.1500570279049276,4
NCT,0.54663870505011,0.6440888411086478,2
NDT,0.6762699067759682,1.480398991227984,3
NET,0.15146250037714326,0.5334031899992265,2
NFT,0.45360360570595865,0.7700090001628762,5
NGT,-1.338360598852191,0.893899154130687,4
NHT,0.7496705871025622,,1
NIT,-6.664300477917962,0.42486088432325486,3
NKT,-0.45836470311279687,,1
NLT,0.40563228580762734,0.21731066576656713,4
NMT,0.9689139782041218,,1
NNT,0.5296895176136074,0.2677711254271572,2
NPT,-7.1803332483327535,1.3314891102957649,3
NQT,0.04089318909652917,0.007233088826925291,2
NRT,0.1750886333105679,0.8186252148544503,4
NST,0.5006545439480637,0.31014872236772456,3
NTT,0.4901689026723446,1.32910209873459,2
NVT,-3.4078355120899655,1.320909058574231,6
NWT,-0.12038067753184774,0.5255321470619134,3
NYT,-0.8069378055244094,,1
