Translation,mean,std_err_of_mean,len
T*V,-4.553911861922144,0.623538751946045,4
TAV,0.4275394733463673,1.048560150900462,8
TCV,-0.13878631961398535,1.0303217502077846,4
TDV,-3.3058459974587624,0.3897127870308263,4
TEV,-1.889169475113813,0.3725744719085512,4
TFV,-0.9183029577492912,1.200672026713711,4
TGV,-0.02173855201165202,1.276566808104507,11
THV,0.29556823855670467,1.2400950432781384,4
TIV,-0.1764307479309466,0.9734863183842212,4
TKV,-0.5885532279616121,1.8282883580985758,4
TLV,0.05929401277106283,0.992461165044148,12
TMV,0.5304733249210773,0.6995040991742706,4
TNV,-0.20645653944326114,1.0416560419983627,4
TPV,0.5622116542674583,1.3967838166245423,8
TQV,-1.584276138818262,1.1982353886662136,4
TRV,0.2744716484019367,1.041348104380601,9
TSV,-1.097465942096657,0.8810609824005903,12
TTV,-0.6983661765153962,1.2328787741385006,8
TVV,0.36504552420459535,0.723144153979515,8
TWV,-0.16016160390195044,0.6657434873849709,4
TYV,-0.7130266288021283,0.2461053924134533,4
