Translation,mean,std_err_of_mean,len
Q*G,-2.752750585466904,0.34357547885658296,4
QAG,-0.17201092715260324,0.7364451827643234,8
QCG,0.1608145955133109,0.9056468474635356,4
QDG,0.8439031190509885,0.8893394645957048,4
QEG,-0.2633430128321108,0.9143427821029891,4
QFG,-0.4471806928757145,1.0989878301461522,4
QGG,-0.057488983553225737,0.2953357369607918,8
QHG,0.6259087398622991,0.7744490007287298,4
QIG,0.28640466265160724,0.6125175911281937,4
QKG,-0.5532264799226254,1.1598702262891845,4
QLG,-0.1574545960762317,0.8519734108138641,12
QMG,0.1735767862777613,2.036630027900187,4
QNG,0.0007077024452229353,0.10182397283773167,5
QPG,-0.17156994033555517,0.9370049073343134,8
QQG,-0.6018699040182425,0.8707896521068105,4
QRG,0.030788528099202555,0.6349590080230882,12
QSG,-0.015427181185270927,0.7879221758106552,11
QTG,0.373087256387845,1.275078802382117,7
QVG,-0.12645367931765017,0.7496627714209176,8
QWG,-0.22471254567228072,0.2666941058244288,4
QYG,-0.6332212611046915,0.9308643698900697,4
