Translation,mean,std_err_of_mean,len
G*A,-3.020020481814594,0.4180242476383615,4
GAA,0.05204878154202408,0.7702235280020006,8
GCA,0.6767151955481656,1.0547118229390697,5
GDA,1.1442768338518177,0.8597914380118091,3
GEA,0.20600639528114573,0.5701399240692139,4
GFA,-0.6457080867261555,2.213409103150882,4
GGA,0.14683949844371103,0.5670794908903413,8
GHA,-0.25305543301225386,0.6370119147182702,2
GIA,-1.0397706537885962,1.9401107029161042,4
GKA,-0.6193079107090442,0.5213258430592137,3
GLA,0.17735684383180778,1.6720894064814635,10
GMA,0.41868258821718984,0.7417823337145582,4
GNA,0.04622722120794768,0.5649476234737532,3
GPA,-1.1508412939444137,1.002028709485728,6
GQA,0.04472775252316078,1.5011870011773398,3
GRA,0.2897826014986005,1.2721269985840338,12
GSA,-0.010474944373712816,0.36140703790956075,14
GTA,0.5958847873969437,1.8599219872938029,8
GVA,-0.16672764918720484,0.7157569816396169,8
GWA,-0.8163598578761073,0.5292889330178491,4
GYA,-0.2632666664255192,0.9625344578373947,4
