Translation,mean,std_err_of_mean,len
YGP,-0.046259643929537596,0.20796099246283634,3
