Translation,mean,std_err_of_mean,len
Y*Y,-5.394646922636461,0.9359832430560847,4
YAY,0.844288278452911,1.8541273851633995,7
YCY,0.3127764484735514,0.8721979247505496,3
YDY,-0.37133512099988053,1.1165810103993554,3
YEY,-0.38207635696267817,1.2309022841695234,4
YFY,-1.5201607363011098,2.413451619310319,3
YGY,0.24853502378479864,1.1270511895485633,8
YHY,1.130098134567156,,1
YIY,-0.3527025515320383,0.6138804867623274,3
YKY,-0.984501923325697,1.340732119214352,3
YLY,0.6289415155471936,1.374633163073524,8
YMY,0.9100009378611936,1.206646058405839,3
YNY,-0.6331087188230301,0.6518942160015717,3
YPY,0.970671984343211,0.6921563417946168,7
YQY,0.9259530308587802,2.5495731083754305,3
YRY,0.7116888292531324,0.9665883831214969,8
YSY,0.0017300258636384624,1.054231766791063,8
YTY,0.23322563621641557,1.4779549289832672,5
YVY,-0.1911312710506855,1.5377580399983448,8
YWY,0.49072894088134067,0.7574660815300955,3
YYY,1.0961234335553562,2.255668883117309,3
