Translation,mean,std_err_of_mean,len
I*G,-2.9280163513314132,0.16688831475542049,4
IAG,-2.076016352398371,0.35890236569884265,8
ICG,-0.5760563049038983,1.1235955255676677,4
IDG,-2.3100667964968293,0.2263010139351956,4
IEG,-2.6184584249534555,0.44612466312978605,4
IFG,0.031413533202074184,0.6904483719860873,4
IGG,-2.644703699528489,0.15630414394826875,8
IHG,-2.9175897910930786,0.5693572857635181,4
IIG,-0.06626249779392701,0.7003004404880849,4
IKG,-2.550414602234305,0.34821563959548085,4
ILG,-0.06814035137914339,0.5477766533097325,15
IMG,-0.179282954425652,0.5438175189316573,4
ING,-2.0335982975451516,0.34308028592903816,4
IPG,-2.4683500091588977,0.296751057772826,8
IQG,-2.6674703400127204,0.6380711872336496,4
IRG,-2.6723284946553387,0.38110730196499837,12
ISG,-2.6678122966490627,0.5509050307256176,12
ITG,-1.7055816058808482,0.5896595737830149,8
IVG,0.26760071587019507,0.49732728229531664,8
IWG,-2.595785341067104,0.32300757371952227,4
IYG,-1.5721075436913854,0.301792840541082,4
