Translation,mean,std_err_of_mean,len
P*D,-1.0127368736565256,0.36086940665863315,4
PAD,0.08031105149200579,0.4551659434296248,8
PCD,-0.14032337173250253,0.46963911478170856,4
PDD,0.0008440380058334362,0.2846081644463249,4
PED,-0.028702563195937225,0.17002216303754877,4
PFD,-0.25768917086444265,0.22357730948358637,5
PGD,-0.2172796327212697,0.3096495890620709,8
PHD,-0.3626538790424991,0.14688266640938022,4
PID,-0.12950832206077578,0.23463129538271463,4
PKD,0.10727514819143757,0.13978719799420683,4
PLD,-0.08627331664077816,0.3655315577103166,12
PMD,0.02716103208449483,0.5085561379630931,4
PND,-0.23566089181745586,0.5113039414975211,4
PPD,0.15818781676076077,1.1422554597490806,8
PQD,-0.04944329101498535,0.4319982998527244,4
PRD,0.19691183349171335,0.44576310681690534,12
PSD,-0.2431495790427113,0.45287432228153424,12
PTD,-0.11723691557244897,0.7467957717893364,8
PVD,-0.12860435022929517,0.4621617379811014,8
PWD,0.000711426282973715,0.4340425113899755,4
PYD,-0.33110449856638646,0.20979943312796348,4
