Translation,mean,std_err_of_mean,len
Y*P,-3.76613498026938,0.461375492719328,4
YAP,0.5146837967312929,1.6276011025485453,8
YCP,-0.8345161464687123,0.49346066378396697,5
YDP,-3.431838501012199,0.9836343155759252,4
YEP,-3.4227114600221755,1.0256412173676746,4
YFP,-1.1997979415745392,0.5318704465206102,4
YGP,-1.6223279224050589,0.5694446651333416,8
YHP,-2.3217709770480193,0.6112389249726855,4
YIP,-1.1608179201493785,0.5751576387070361,4
YKP,-3.8071630334214785,0.5458292363341595,4
YLP,0.19860623971839478,1.0264501064426825,11
YMP,0.43602210522879553,1.858852435793774,3
YNP,-1.403514162077475,0.7146548215192129,4
YPP,-2.741370163758833,1.4742105989025307,8
YQP,-1.8454735416446197,1.795972326811945,4
YRP,-3.0290935254702145,0.8219552374745442,12
YSP,-0.8220457319191307,1.0536952874729952,12
YTP,-0.03831781483129715,1.9643587612113473,8
YVP,0.4031034050179714,1.3198471512940328,8
YWP,-2.639269234826193,0.52080061558924,4
YYP,-3.268081056560362,0.7453946487201626,4
