Translation,mean,std_err_of_mean,len
P*Y,-5.710414379301293,0.5806791437044158,4
PAY,-0.5688981844385897,1.5459643894730297,8
PCY,-0.9395760026705366,1.0385931367161692,4
PDY,-1.248238095121634,0.8372036143897449,4
PEY,-1.1544007530490379,1.545370443362758,4
PFY,-1.135089195782216,0.8619646096923466,4
PGY,-0.9027706507980475,0.9349636158082526,8
PHY,0.18340365599263797,0.9199982174449132,4
PIY,-0.7915912849312265,1.919566182077396,4
PKY,-0.9701635292887243,1.361032863575632,4
PLY,-1.0119517439651513,1.5509044860021692,9
PMY,-1.3954999299673365,0.9928436214891778,4
PNY,-0.9059374416921567,0.657231891868924,5
PPY,-1.0328262104348283,1.3753654416431014,5
PQY,0.4311775699287829,1.770470807450207,3
PRY,-0.1277407578795195,1.1910885566676348,11
PSY,-1.1916673112206242,0.8307284699619278,9
PTY,-0.12597116544200407,1.6242151593325675,7
PVY,-1.0436098930167488,1.1491335301590375,7
PWY,-0.6670227906925803,1.1418710915012742,4
PYY,-1.7638080369816318,0.3188881133184181,4
