Translation,mean,std_err_of_mean,len
N*L,-4.513357298049163,0.6126725278953039,4
NAL,-4.0410447806359375,0.4469694470536138,8
NCL,-1.4704751078232263,1.5298107792266176,4
NDL,-4.447395632509121,0.17219779249772377,4
NEL,-5.058096501869786,0.26167376391185176,4
NFL,-0.3883645831288236,0.37110037841637267,6
NGL,-4.642425902883732,0.1840606533606698,8
NHL,-4.150927247491499,0.5578124823156814,4
NIL,-1.282158382203183,1.5294377221838484,4
NKL,-4.570228271276741,0.3061493692187914,4
NLL,-0.31853863988660575,1.104032984698694,13
NML,0.16297454371460596,0.593929727687118,4
NNL,-4.577970151431389,0.19034986335611515,4
NPL,-3.354059527078716,0.8242266041314831,8
NQL,-4.788803575114153,0.24336177248189916,4
NRL,-4.70393546127871,0.26145741515390675,12
NSL,-4.948795060329272,0.40702838247618867,12
NTL,-2.3672846495930124,1.1077811063028677,8
NVL,-0.9161137608099268,1.1421318335315795,8
NWL,-0.256513417825875,0.2762759065433927,4
NYL,-0.6368338876528643,0.9017153603089892,4
