Translation,mean,std_err_of_mean,len
V*A,-4.512289666395393,0.6795838068613503,4
VAA,-0.18129617074662763,0.7982589795021863,8
VCA,0.34605429882513405,0.11044165755116003,4
VDA,-0.7832365337956486,1.3079044934535387,4
VEA,-0.22741591738078681,0.48292935093773875,4
VFA,-0.8434726791388065,0.6843059438626431,4
VGA,-0.43642363070625945,0.7800206612414854,8
VHA,-0.5704882566799638,0.4150843768119439,5
VIA,-2.0599424893187335,2.394980908096811,4
VKA,-0.35655297191659796,0.95413732662042,5
VLA,-0.7586520109587874,1.1661862388769597,12
VMA,-0.7462237964245306,1.3192647198587897,4
VNA,-1.01271294844633,2.351325866339967,4
VPA,-2.4937711816068324,0.8205859393784312,8
VQA,-0.5987225515708164,0.36674621029441173,7
VRA,0.08136053947682827,0.8177460916174374,12
VSA,-0.6061363273880562,0.9940563751463249,12
VTA,-0.9916651117026326,2.0534013073261392,8
VVA,-0.019847027736963674,0.5949427707527516,8
VWA,-0.35614135765118937,0.8965183305126173,4
VYA,-0.7870865023789506,0.40489251228033085,4
