Translation,mean,std_err_of_mean,len
A*N,-6.915398234062107,0.8458620541471578,4
AAN,-0.6801634743762246,2.625568751841612,8
ACN,-0.7419175304499319,1.6406761153480582,4
ADN,-0.7986763734282087,0.8616764777490724,3
AEN,-1.1627547906505173,1.4919905351034712,4
AFN,-1.3074682827683015,0.38593573385029406,3
AGN,-0.8972991633215438,1.6816527552419767,9
AHN,-0.6679928926493781,2.613431973088802,4
AIN,-0.5286520433115698,1.1450983689695309,4
AKN,-0.4855649797517678,0.4029111121990085,4
ALN,-0.8510620234386006,2.093317675842072,11
AMN,-1.52265996381411,0.8761023210539146,4
ANN,-0.2235515400419974,1.3484100441985685,4
APN,0.1554431830819031,3.7582361632870063,6
AQN,-2.1036705501903916,0.9062605553111056,3
ARN,-0.9704162482359724,2.031414803071965,12
ASN,-0.8161385613491433,1.6792001367902545,11
ATN,-0.7427011840487644,2.808786460036766,6
AVN,-1.2148306221607457,1.4818902708726065,8
AWN,-1.0472810671126538,3.2291098510079284,4
AYN,-1.2993375549533415,2.015848374269933,3
