Translation,mean,std_err_of_mean,len
M*N,-6.452622993423041,0.9960477088107395,2
MAN,-2.2855174238326796,0.5391410931969425,2
MCN,-0.8093853710395535,0.6476411700070804,2
MDN,3.2748402301580866,1.0370598929985078,2
MEN,-1.3348373974212642,,1
MFN,-0.7207317519146161,0.7223750150230527,2
MGN,-2.4938764815134444,,1
MHN,-2.034557049393049,,1
MIN,-0.39097434010355414,,1
MKN,3.175752261489997,,1
MLN,2.1710286331705504,3.040754994340116,4
MMN,1.559292750411986,,1
MNN,0.3166887251515691,,1
MPN,-2.1728473475246215,,1
MQN,-1.8763924292368854,2.6536196217610013,2
MRN,0.2097363363658662,,1
MSN,-1.1881472992875368,2.914110285577786,2
MVN,0.03612075948978788,0.8271058747719204,2
MYN,-5.135450322294123,,1
