Translation,mean,std_err_of_mean,len
V*A,-5.966270665183884,1.544344552814893,4
VAA,-6.480314461318246,0.8377401510375776,7
VCA,-3.531330959713567,0.12194609119565358,4
VDA,-4.461448356918043,0.6724084065764101,4
VEA,-5.211589781741254,0.8722963984516614,4
VFA,-5.15992726024383,0.41602205429147354,4
VGA,-4.621081108423331,0.41476454655797085,8
VHA,-4.578733965214978,0.6701685952008972,2
VIA,-4.889933504741941,0.4780051319576884,4
VKA,-4.421702112734062,0.4208076734761872,4
VLA,-0.887958667284617,1.6315005316119624,8
VMA,-3.674599322031061,1.780627393944042,4
VNA,-5.084066123701635,0.6393438041753994,4
VPA,-4.334459262629494,0.7966881733007586,7
VQA,-4.917374696168529,0.574389863717769,4
VRA,-4.5022308258575165,0.7525105957101952,12
VSA,-5.0467502416029095,0.7991823314595075,11
VTA,-5.8364205738904404,0.5026774688851633,7
VVA,-3.317831538560235,0.73194115845881,8
VWA,-4.8996987384057205,0.10309928532165928,3
VYA,-5.045278575562368,0.9775854265061092,4
