Translation,mean,std_err_of_mean,len
R*Q,-4.734670341493262,1.2710683333573383,2
RAQ,-0.7944295289257379,0.6980194474697701,3
RCQ,-0.5525359519217488,0.3895759431450855,2
RDQ,-3.236390944476433,0.7369158498119979,2
REQ,-1.2919448297395837,1.7382668189375838,2
RFQ,-0.5339206750617386,1.386664393081441,3
RGQ,-0.46691949690768286,0.8465042977404327,4
RHQ,-0.031969039753611206,3.0413275289133,2
RIQ,-1.738292635683387,1.2398621876921556,7
RKQ,-2.754826625134222,0.3590682710746222,2
RLQ,-1.132761399369418,1.4375198104266613,7
RMQ,2.6914068663788075,1.470588795495909,2
RNQ,-1.3709279475228526,1.074802980469004,2
RPQ,-2.255756386794361,0.4648182695074294,4
RQQ,-1.481303985213517,0.8625285470642855,2
RRQ,-1.8276562081798542,1.7825815967980856,6
RSQ,-0.28804936813795173,1.1670520028924367,7
RTQ,0.027839210032855277,1.880686566395041,4
RVQ,-0.5006770102348108,1.067642604755209,5
RWQ,-3.451906010301064,1.2074805281308179,2
RYQ,-1.6322213331423425,0.2715552638970594,2
