Translation,mean,std_err_of_mean,len
PAG,-0.05136898924522271,,1
PCG,0.36251367089299347,,1
PFG,-0.44440653035615263,,1
PPG,-0.16471022111819433,,1
PSG,0.11831841902500684,0.4447343367060786,8
PTG,-0.21729929064422482,,1
PYG,-0.09842779812031921,,1
