Translation,mean,std_err_of_mean,len
N*S,-1.6376494717487724,0.7808565501569581,4
NAS,-1.270674615485825,0.6369626603714229,8
NCS,-1.7340586547555104,0.6893081281055496,4
NDS,-1.0794124286562063,0.7636942267797828,4
NES,-1.371143138757481,0.3982546562522876,4
NFS,-1.6480825746025245,0.21737741828507812,4
NGS,-0.2383439798540417,0.47196824456777037,11
NHS,-1.2906415656885135,0.6275788826009526,4
NIS,-1.1291119237056522,0.7954533518709133,4
NKS,-1.4842073941989733,0.7169414178040038,4
NLS,-1.4772844251968344,0.5760490134553944,12
NMS,-0.8016102414548851,0.5048964379803387,4
NNS,-1.4250674591169312,0.5942397999157613,4
NPS,-0.12433378150201846,2.122093262804576,8
NQS,-0.5349196928813866,1.2453275556142354,4
NRS,-0.9702329254414366,0.7360566346620386,12
NSS,-0.9842898889874481,0.6394542789258223,12
NTS,-1.0079548627145778,0.48151145835050496,8
NVS,-1.1510547685545982,0.4157630169359428,8
NWS,-1.1261751153652406,0.4605129682933733,4
NYS,-1.0930501774809096,0.9047157475065679,4
